[05/13 11:53:14] start training!
[05/13 11:53:50] 
[05/13 11:53:50] epoch 1/20, iter 400:
[05/13 11:53:50] train_loss: 2.08640
[05/13 11:53:50] train_acc: 0.933
[05/13 11:53:50] train_auroc: 0.842
[05/13 11:54:00] Summary name val_5-way-5-shot_tpr@tnr95 is illegal; using val_5-way-5-shot_tpr_tnr95 instead.
[05/13 11:54:00] val_5-way-5-shot_acc: 78.380	0.644
[05/13 11:54:00] val_5-way-5-shot_auroc: 73.848	0.764
[05/13 11:54:00] val_5-way-5-shot_fscore: 65.867	0.752
[05/13 11:54:00] val_5-way-5-shot_tpr@tnr95: 17.460	1.207
[05/13 11:54:00] val_5-way-5-shot_osr: 56.094	0.585
[05/13 11:54:00] BEST ACC!
[05/13 11:54:00] BEST Auroc!
[05/13 11:54:00] BEST Fscore!
[05/13 11:54:00] BEST OSR Score!
[05/13 11:54:33] 
[05/13 11:54:33] epoch 2/20, iter 800:
[05/13 11:54:33] train_loss: 1.83869
[05/13 11:54:33] train_acc: 0.946
[05/13 11:54:33] train_auroc: 0.887
[05/13 11:54:39] Summary name val_5-way-5-shot_tpr@tnr95 is illegal; using val_5-way-5-shot_tpr_tnr95 instead.
[05/13 11:54:39] val_5-way-5-shot_acc: 79.573	0.672
[05/13 11:54:39] val_5-way-5-shot_auroc: 74.069	0.766
[05/13 11:54:39] val_5-way-5-shot_fscore: 66.222	0.735
[05/13 11:54:39] val_5-way-5-shot_tpr@tnr95: 18.018	1.270
[05/13 11:54:39] val_5-way-5-shot_osr: 56.372	0.609
[05/13 11:54:39] BEST ACC!
[05/13 11:54:39] BEST Auroc!
[05/13 11:54:40] BEST Fscore!
[05/13 11:54:40] BEST OSR Score!
[05/13 11:55:10] 
[05/13 11:55:10] epoch 3/20, iter 1200:
[05/13 11:55:10] train_loss: 1.76438
[05/13 11:55:10] train_acc: 0.953
[05/13 11:55:10] train_auroc: 0.909
[05/13 11:55:17] Summary name val_5-way-5-shot_tpr@tnr95 is illegal; using val_5-way-5-shot_tpr_tnr95 instead.
[05/13 11:55:17] val_5-way-5-shot_acc: 79.887	0.637
[05/13 11:55:17] val_5-way-5-shot_auroc: 74.311	0.773
[05/13 11:55:17] val_5-way-5-shot_fscore: 66.400	0.748
[05/13 11:55:17] val_5-way-5-shot_tpr@tnr95: 18.165	1.264
[05/13 11:55:17] val_5-way-5-shot_osr: 56.452	0.606
[05/13 11:55:17] BEST ACC!
[05/13 11:55:17] BEST Auroc!
[05/13 11:55:17] BEST Fscore!
[05/13 11:55:18] BEST OSR Score!
[05/13 11:55:48] 
[05/13 11:55:48] epoch 4/20, iter 1600:
[05/13 11:55:48] train_loss: 1.70619
[05/13 11:55:48] train_acc: 0.957
[05/13 11:55:48] train_auroc: 0.922
[05/13 11:55:54] Summary name val_5-way-5-shot_tpr@tnr95 is illegal; using val_5-way-5-shot_tpr_tnr95 instead.
[05/13 11:55:54] val_5-way-5-shot_acc: 80.167	0.640
[05/13 11:55:54] val_5-way-5-shot_auroc: 74.224	0.787
[05/13 11:55:54] val_5-way-5-shot_fscore: 66.296	0.766
[05/13 11:55:54] val_5-way-5-shot_tpr@tnr95: 18.050	1.272
[05/13 11:55:54] val_5-way-5-shot_osr: 56.412	0.609
[05/13 11:55:54] BEST ACC!
[05/13 11:56:24] 
[05/13 11:56:24] epoch 5/20, iter 2000:
[05/13 11:56:24] train_loss: 1.65334
[05/13 11:56:24] train_acc: 0.961
[05/13 11:56:24] train_auroc: 0.931
[05/13 11:56:31] Summary name val_5-way-5-shot_tpr@tnr95 is illegal; using val_5-way-5-shot_tpr_tnr95 instead.
[05/13 11:56:31] val_5-way-5-shot_acc: 80.213	0.628
[05/13 11:56:31] val_5-way-5-shot_auroc: 73.999	0.798
[05/13 11:56:31] val_5-way-5-shot_fscore: 66.163	0.761
[05/13 11:56:31] val_5-way-5-shot_tpr@tnr95: 18.020	1.270
[05/13 11:56:31] val_5-way-5-shot_osr: 56.415	0.607
[05/13 11:56:31] BEST ACC!
[05/13 11:57:02] 
[05/13 11:57:02] epoch 6/20, iter 2400:
[05/13 11:57:02] train_loss: 1.60229
[05/13 11:57:02] train_acc: 0.966
[05/13 11:57:02] train_auroc: 0.938
[05/13 11:57:08] Summary name val_5-way-5-shot_tpr@tnr95 is illegal; using val_5-way-5-shot_tpr_tnr95 instead.
[05/13 11:57:08] val_5-way-5-shot_acc: 80.267	0.621
[05/13 11:57:08] val_5-way-5-shot_auroc: 73.650	0.812
[05/13 11:57:08] val_5-way-5-shot_fscore: 65.719	0.762
[05/13 11:57:08] val_5-way-5-shot_tpr@tnr95: 17.980	1.242
[05/13 11:57:08] val_5-way-5-shot_osr: 56.397	0.593
[05/13 11:57:09] BEST ACC!
[05/13 11:57:41] 
[05/13 11:57:41] epoch 7/20, iter 2800:
[05/13 11:57:41] train_loss: 1.55063
[05/13 11:57:41] train_acc: 0.969
[05/13 11:57:41] train_auroc: 0.944
[05/13 11:57:48] Summary name val_5-way-5-shot_tpr@tnr95 is illegal; using val_5-way-5-shot_tpr_tnr95 instead.
[05/13 11:57:48] val_5-way-5-shot_acc: 80.240	0.606
[05/13 11:57:48] val_5-way-5-shot_auroc: 73.012	0.829
[05/13 11:57:48] val_5-way-5-shot_fscore: 65.030	0.768
[05/13 11:57:48] val_5-way-5-shot_tpr@tnr95: 17.663	1.231
[05/13 11:57:48] val_5-way-5-shot_osr: 56.249	0.590
[05/13 11:58:18] 
[05/13 11:58:18] epoch 8/20, iter 3200:
[05/13 11:58:18] train_loss: 1.49779
[05/13 11:58:18] train_acc: 0.972
[05/13 11:58:18] train_auroc: 0.949
[05/13 11:58:25] Summary name val_5-way-5-shot_tpr@tnr95 is illegal; using val_5-way-5-shot_tpr_tnr95 instead.
[05/13 11:58:25] val_5-way-5-shot_acc: 80.087	0.633
[05/13 11:58:25] val_5-way-5-shot_auroc: 72.460	0.843
[05/13 11:58:25] val_5-way-5-shot_fscore: 64.526	0.766
[05/13 11:58:25] val_5-way-5-shot_tpr@tnr95: 17.505	1.249
[05/13 11:58:25] val_5-way-5-shot_osr: 56.183	0.600
[05/13 11:58:55] 
[05/13 11:58:55] epoch 9/20, iter 3600:
[05/13 11:58:55] train_loss: 1.44317
[05/13 11:58:55] train_acc: 0.975
[05/13 11:58:55] train_auroc: 0.954
[05/13 11:59:01] Summary name val_5-way-5-shot_tpr@tnr95 is illegal; using val_5-way-5-shot_tpr_tnr95 instead.
[05/13 11:59:01] val_5-way-5-shot_acc: 79.960	0.628
[05/13 11:59:01] val_5-way-5-shot_auroc: 71.758	0.857
[05/13 11:59:01] val_5-way-5-shot_fscore: 63.807	0.749
[05/13 11:59:01] val_5-way-5-shot_tpr@tnr95: 17.350	1.239
[05/13 11:59:01] val_5-way-5-shot_osr: 56.057	0.595
[05/13 11:59:32] 
[05/13 11:59:32] epoch 10/20, iter 4000:
[05/13 11:59:32] train_loss: 1.38719
[05/13 11:59:32] train_acc: 0.978
[05/13 11:59:32] train_auroc: 0.958
[05/13 11:59:38] Summary name val_5-way-5-shot_tpr@tnr95 is illegal; using val_5-way-5-shot_tpr_tnr95 instead.
[05/13 11:59:38] val_5-way-5-shot_acc: 79.787	0.637
[05/13 11:59:38] val_5-way-5-shot_auroc: 71.300	0.864
[05/13 11:59:38] val_5-way-5-shot_fscore: 63.296	0.772
[05/13 11:59:38] val_5-way-5-shot_tpr@tnr95: 17.319	1.253
[05/13 11:59:38] val_5-way-5-shot_osr: 56.035	0.605
[05/13 12:00:09] 
[05/13 12:00:09] epoch 11/20, iter 4400:
[05/13 12:00:09] train_loss: 1.34871
[05/13 12:00:09] train_acc: 0.980
[05/13 12:00:09] train_auroc: 0.960
[05/13 12:00:15] Summary name val_5-way-5-shot_tpr@tnr95 is illegal; using val_5-way-5-shot_tpr_tnr95 instead.
[05/13 12:00:15] val_5-way-5-shot_acc: 79.873	0.635
[05/13 12:00:15] val_5-way-5-shot_auroc: 70.927	0.858
[05/13 12:00:15] val_5-way-5-shot_fscore: 62.911	0.762
[05/13 12:00:15] val_5-way-5-shot_tpr@tnr95: 17.360	1.217
[05/13 12:00:15] val_5-way-5-shot_osr: 56.069	0.588
[05/13 12:00:46] 
[05/13 12:00:46] epoch 12/20, iter 4800:
[05/13 12:00:46] train_loss: 1.33850
[05/13 12:00:46] train_acc: 0.981
[05/13 12:00:46] train_auroc: 0.961
[05/13 12:00:52] Summary name val_5-way-5-shot_tpr@tnr95 is illegal; using val_5-way-5-shot_tpr_tnr95 instead.
[05/13 12:00:52] val_5-way-5-shot_acc: 79.933	0.633
[05/13 12:00:52] val_5-way-5-shot_auroc: 70.993	0.859
[05/13 12:00:52] val_5-way-5-shot_fscore: 62.985	0.767
[05/13 12:00:52] val_5-way-5-shot_tpr@tnr95: 17.398	1.220
[05/13 12:00:52] val_5-way-5-shot_osr: 56.091	0.588
[05/13 12:01:23] 
[05/13 12:01:23] epoch 13/20, iter 5200:
[05/13 12:01:23] train_loss: 1.33067
[05/13 12:01:23] train_acc: 0.981
[05/13 12:01:23] train_auroc: 0.962
[05/13 12:01:30] Summary name val_5-way-5-shot_tpr@tnr95 is illegal; using val_5-way-5-shot_tpr_tnr95 instead.
[05/13 12:01:30] val_5-way-5-shot_acc: 79.920	0.642
[05/13 12:01:30] val_5-way-5-shot_auroc: 71.022	0.861
[05/13 12:01:30] val_5-way-5-shot_fscore: 63.030	0.768
[05/13 12:01:30] val_5-way-5-shot_tpr@tnr95: 17.421	1.225
[05/13 12:01:30] val_5-way-5-shot_osr: 56.105	0.591
[05/13 12:01:59] 
[05/13 12:01:59] epoch 14/20, iter 5600:
[05/13 12:01:59] train_loss: 1.32341
[05/13 12:01:59] train_acc: 0.982
[05/13 12:01:59] train_auroc: 0.962
[05/13 12:02:08] Summary name val_5-way-5-shot_tpr@tnr95 is illegal; using val_5-way-5-shot_tpr_tnr95 instead.
[05/13 12:02:08] val_5-way-5-shot_acc: 79.913	0.637
[05/13 12:02:08] val_5-way-5-shot_auroc: 71.020	0.860
[05/13 12:02:08] val_5-way-5-shot_fscore: 62.933	0.764
[05/13 12:02:08] val_5-way-5-shot_tpr@tnr95: 17.460	1.228
[05/13 12:02:08] val_5-way-5-shot_osr: 56.120	0.593
[05/13 12:02:38] 
[05/13 12:02:38] epoch 15/20, iter 6000:
[05/13 12:02:38] train_loss: 1.31634
[05/13 12:02:38] train_acc: 0.982
[05/13 12:02:38] train_auroc: 0.963
[05/13 12:02:44] Summary name val_5-way-5-shot_tpr@tnr95 is illegal; using val_5-way-5-shot_tpr_tnr95 instead.
[05/13 12:02:44] val_5-way-5-shot_acc: 79.927	0.631
[05/13 12:02:44] val_5-way-5-shot_auroc: 70.986	0.860
[05/13 12:02:44] val_5-way-5-shot_fscore: 62.896	0.769
[05/13 12:02:44] val_5-way-5-shot_tpr@tnr95: 17.427	1.228
[05/13 12:02:44] val_5-way-5-shot_osr: 56.101	0.592
[05/13 12:03:14] 
[05/13 12:03:14] epoch 16/20, iter 6400:
[05/13 12:03:14] train_loss: 1.30943
[05/13 12:03:14] train_acc: 0.983
[05/13 12:03:14] train_auroc: 0.963
[05/13 12:03:20] Summary name val_5-way-5-shot_tpr@tnr95 is illegal; using val_5-way-5-shot_tpr_tnr95 instead.
[05/13 12:03:20] val_5-way-5-shot_acc: 79.907	0.630
[05/13 12:03:20] val_5-way-5-shot_auroc: 70.980	0.862
[05/13 12:03:20] val_5-way-5-shot_fscore: 62.941	0.769
[05/13 12:03:20] val_5-way-5-shot_tpr@tnr95: 17.481	1.235
[05/13 12:03:20] val_5-way-5-shot_osr: 56.125	0.595
[05/13 12:03:50] 
[05/13 12:03:50] epoch 17/20, iter 6800:
[05/13 12:03:50] train_loss: 1.30259
[05/13 12:03:50] train_acc: 0.983
[05/13 12:03:50] train_auroc: 0.964
[05/13 12:03:57] Summary name val_5-way-5-shot_tpr@tnr95 is illegal; using val_5-way-5-shot_tpr_tnr95 instead.
[05/13 12:03:57] val_5-way-5-shot_acc: 79.887	0.628
[05/13 12:03:57] val_5-way-5-shot_auroc: 70.964	0.862
[05/13 12:03:57] val_5-way-5-shot_fscore: 62.911	0.771
[05/13 12:03:57] val_5-way-5-shot_tpr@tnr95: 17.486	1.235
[05/13 12:03:57] val_5-way-5-shot_osr: 56.117	0.595
[05/13 12:04:27] 
[05/13 12:04:27] epoch 18/20, iter 7200:
[05/13 12:04:27] train_loss: 1.29581
[05/13 12:04:27] train_acc: 0.983
[05/13 12:04:27] train_auroc: 0.964
[05/13 12:04:33] Summary name val_5-way-5-shot_tpr@tnr95 is illegal; using val_5-way-5-shot_tpr_tnr95 instead.
[05/13 12:04:33] val_5-way-5-shot_acc: 79.880	0.628
[05/13 12:04:33] val_5-way-5-shot_auroc: 70.938	0.863
[05/13 12:04:33] val_5-way-5-shot_fscore: 62.919	0.771
[05/13 12:04:33] val_5-way-5-shot_tpr@tnr95: 17.468	1.235
[05/13 12:04:33] val_5-way-5-shot_osr: 56.096	0.594
[05/13 12:05:04] 
[05/13 12:05:04] epoch 19/20, iter 7600:
[05/13 12:05:04] train_loss: 1.29337
[05/13 12:05:04] train_acc: 0.983
[05/13 12:05:04] train_auroc: 0.964
[05/13 12:05:10] Summary name val_5-way-5-shot_tpr@tnr95 is illegal; using val_5-way-5-shot_tpr_tnr95 instead.
[05/13 12:05:10] val_5-way-5-shot_acc: 79.940	0.645
[05/13 12:05:10] val_5-way-5-shot_auroc: 70.887	0.857
[05/13 12:05:10] val_5-way-5-shot_fscore: 62.763	0.751
[05/13 12:05:10] val_5-way-5-shot_tpr@tnr95: 17.559	1.241
[05/13 12:05:10] val_5-way-5-shot_osr: 56.149	0.600
[05/13 12:05:40] 
[05/13 12:05:40] epoch 20/20, iter 8000:
[05/13 12:05:40] train_loss: 1.29127
[05/13 12:05:40] train_acc: 0.983
[05/13 12:05:40] train_auroc: 0.964
[05/13 12:05:47] Summary name val_5-way-5-shot_tpr@tnr95 is illegal; using val_5-way-5-shot_tpr_tnr95 instead.
[05/13 12:05:47] val_5-way-5-shot_acc: 79.967	0.644
[05/13 12:05:47] val_5-way-5-shot_auroc: 70.847	0.858
[05/13 12:05:47] val_5-way-5-shot_fscore: 62.800	0.753
[05/13 12:05:47] val_5-way-5-shot_tpr@tnr95: 17.610	1.239
[05/13 12:05:47] val_5-way-5-shot_osr: 56.184	0.600
[05/13 12:05:47] training finished!
[05/13 12:05:47] ------------------------
[05/13 12:05:47] the best epoch is 6/20
[05/13 12:05:47] the best 5-way 5-shot val acc is 80.267
[05/13 12:06:55] start training!
[05/13 12:07:25] 
[05/13 12:07:25] epoch 1/20, iter 400:
[05/13 12:07:25] train_loss: 2.08205
[05/13 12:07:25] train_acc: 0.932
[05/13 12:07:25] train_auroc: 0.841
[05/13 12:07:33] Summary name val_5-way-5-shot_tpr@tnr95 is illegal; using val_5-way-5-shot_tpr_tnr95 instead.
[05/13 12:07:33] val_5-way-5-shot_acc: 78.233	0.662
[05/13 12:07:33] val_5-way-5-shot_auroc: 73.550	0.766
[05/13 12:07:33] val_5-way-5-shot_fscore: 65.600	0.737
[05/13 12:07:33] val_5-way-5-shot_tpr@tnr95: 17.331	1.206
[05/13 12:07:33] val_5-way-5-shot_osr: 56.034	0.577
[05/13 12:07:33] BEST ACC!
[05/13 12:07:33] BEST Auroc!
[05/13 12:07:33] BEST Fscore!
[05/13 12:07:33] BEST OSR Score!
[05/13 12:08:01] 
[05/13 12:08:01] epoch 2/20, iter 800:
[05/13 12:08:01] train_loss: 1.84149
[05/13 12:08:01] train_acc: 0.946
[05/13 12:08:01] train_auroc: 0.887
[05/13 12:08:07] Summary name val_5-way-5-shot_tpr@tnr95 is illegal; using val_5-way-5-shot_tpr_tnr95 instead.
[05/13 12:08:07] val_5-way-5-shot_acc: 79.513	0.661
[05/13 12:08:07] val_5-way-5-shot_auroc: 73.904	0.760
[05/13 12:08:07] val_5-way-5-shot_fscore: 65.941	0.732
[05/13 12:08:07] val_5-way-5-shot_tpr@tnr95: 18.038	1.268
[05/13 12:08:07] val_5-way-5-shot_osr: 56.358	0.600
[05/13 12:08:07] BEST ACC!
[05/13 12:08:07] BEST Auroc!
[05/13 12:08:07] BEST Fscore!
[05/13 12:08:08] BEST OSR Score!
[05/13 12:08:35] 
[05/13 12:08:35] epoch 3/20, iter 1200:
[05/13 12:08:35] train_loss: 1.76870
[05/13 12:08:35] train_acc: 0.953
[05/13 12:08:35] train_auroc: 0.909
[05/13 12:08:41] Summary name val_5-way-5-shot_tpr@tnr95 is illegal; using val_5-way-5-shot_tpr_tnr95 instead.
[05/13 12:08:41] val_5-way-5-shot_acc: 79.753	0.656
[05/13 12:08:41] val_5-way-5-shot_auroc: 73.987	0.767
[05/13 12:08:41] val_5-way-5-shot_fscore: 66.067	0.739
[05/13 12:08:41] val_5-way-5-shot_tpr@tnr95: 17.937	1.243
[05/13 12:08:41] val_5-way-5-shot_osr: 56.347	0.594
[05/13 12:08:42] BEST ACC!
[05/13 12:08:42] BEST Auroc!
[05/13 12:08:42] BEST Fscore!
[05/13 12:09:09] 
[05/13 12:09:09] epoch 4/20, iter 1600:
[05/13 12:09:09] train_loss: 1.71146
[05/13 12:09:09] train_acc: 0.957
[05/13 12:09:09] train_auroc: 0.922
[05/13 12:09:15] Summary name val_5-way-5-shot_tpr@tnr95 is illegal; using val_5-way-5-shot_tpr_tnr95 instead.
[05/13 12:09:15] val_5-way-5-shot_acc: 80.107	0.632
[05/13 12:09:15] val_5-way-5-shot_auroc: 73.822	0.778
[05/13 12:09:15] val_5-way-5-shot_fscore: 65.867	0.775
[05/13 12:09:15] val_5-way-5-shot_tpr@tnr95: 17.813	1.219
[05/13 12:09:15] val_5-way-5-shot_osr: 56.296	0.580
[05/13 12:09:15] BEST ACC!
[05/13 12:09:43] 
[05/13 12:09:43] epoch 5/20, iter 2000:
[05/13 12:09:43] train_loss: 1.65965
[05/13 12:09:43] train_acc: 0.962
[05/13 12:09:43] train_auroc: 0.931
[05/13 12:09:49] Summary name val_5-way-5-shot_tpr@tnr95 is illegal; using val_5-way-5-shot_tpr_tnr95 instead.
[05/13 12:09:49] val_5-way-5-shot_acc: 80.220	0.623
[05/13 12:09:49] val_5-way-5-shot_auroc: 73.690	0.795
[05/13 12:09:49] val_5-way-5-shot_fscore: 65.756	0.767
[05/13 12:09:49] val_5-way-5-shot_tpr@tnr95: 17.976	1.211
[05/13 12:09:49] val_5-way-5-shot_osr: 56.393	0.577
[05/13 12:09:49] BEST ACC!
[05/13 12:09:49] BEST OSR Score!
[05/13 12:10:17] 
[05/13 12:10:17] epoch 6/20, iter 2400:
[05/13 12:10:17] train_loss: 1.60956
[05/13 12:10:17] train_acc: 0.966
[05/13 12:10:17] train_auroc: 0.938
[05/13 12:10:23] Summary name val_5-way-5-shot_tpr@tnr95 is illegal; using val_5-way-5-shot_tpr_tnr95 instead.
[05/13 12:10:23] val_5-way-5-shot_acc: 80.180	0.608
[05/13 12:10:23] val_5-way-5-shot_auroc: 73.296	0.808
[05/13 12:10:23] val_5-way-5-shot_fscore: 65.415	0.763
[05/13 12:10:23] val_5-way-5-shot_tpr@tnr95: 18.028	1.195
[05/13 12:10:23] val_5-way-5-shot_osr: 56.417	0.575
[05/13 12:10:23] BEST OSR Score!
[05/13 12:10:50] 
[05/13 12:10:50] epoch 7/20, iter 2800:
[05/13 12:10:50] train_loss: 1.55934
[05/13 12:10:50] train_acc: 0.970
[05/13 12:10:50] train_auroc: 0.944
[05/13 12:10:56] Summary name val_5-way-5-shot_tpr@tnr95 is illegal; using val_5-way-5-shot_tpr_tnr95 instead.
[05/13 12:10:56] val_5-way-5-shot_acc: 80.127	0.609
[05/13 12:10:56] val_5-way-5-shot_auroc: 72.940	0.819
[05/13 12:10:56] val_5-way-5-shot_fscore: 64.933	0.756
[05/13 12:10:56] val_5-way-5-shot_tpr@tnr95: 17.887	1.192
[05/13 12:10:56] val_5-way-5-shot_osr: 56.353	0.570
[05/13 12:11:23] 
[05/13 12:11:23] epoch 8/20, iter 3200:
[05/13 12:11:23] train_loss: 1.50809
[05/13 12:11:23] train_acc: 0.972
[05/13 12:11:23] train_auroc: 0.949
[05/13 12:11:29] Summary name val_5-way-5-shot_tpr@tnr95 is illegal; using val_5-way-5-shot_tpr_tnr95 instead.
[05/13 12:11:29] val_5-way-5-shot_acc: 80.013	0.620
[05/13 12:11:29] val_5-way-5-shot_auroc: 72.323	0.832
[05/13 12:11:29] val_5-way-5-shot_fscore: 64.370	0.739
[05/13 12:11:29] val_5-way-5-shot_tpr@tnr95: 17.786	1.185
[05/13 12:11:29] val_5-way-5-shot_osr: 56.317	0.568
[05/13 12:11:59] 
[05/13 12:11:59] epoch 9/20, iter 3600:
[05/13 12:11:59] train_loss: 1.45539
[05/13 12:11:59] train_acc: 0.975
[05/13 12:11:59] train_auroc: 0.954
[05/13 12:12:05] Summary name val_5-way-5-shot_tpr@tnr95 is illegal; using val_5-way-5-shot_tpr_tnr95 instead.
[05/13 12:12:05] val_5-way-5-shot_acc: 79.993	0.617
[05/13 12:12:05] val_5-way-5-shot_auroc: 71.890	0.839
[05/13 12:12:05] val_5-way-5-shot_fscore: 63.859	0.742
[05/13 12:12:05] val_5-way-5-shot_tpr@tnr95: 17.632	1.204
[05/13 12:12:05] val_5-way-5-shot_osr: 56.257	0.583
[05/13 12:12:33] 
[05/13 12:12:33] epoch 10/20, iter 4000:
[05/13 12:12:33] train_loss: 1.40130
[05/13 12:12:33] train_acc: 0.978
[05/13 12:12:33] train_auroc: 0.958
[05/13 12:12:39] Summary name val_5-way-5-shot_tpr@tnr95 is illegal; using val_5-way-5-shot_tpr_tnr95 instead.
[05/13 12:12:39] val_5-way-5-shot_acc: 79.860	0.613
[05/13 12:12:39] val_5-way-5-shot_auroc: 71.425	0.852
[05/13 12:12:39] val_5-way-5-shot_fscore: 63.400	0.752
[05/13 12:12:39] val_5-way-5-shot_tpr@tnr95: 17.478	1.194
[05/13 12:12:39] val_5-way-5-shot_osr: 56.161	0.577
[05/13 12:13:06] 
[05/13 12:13:06] epoch 11/20, iter 4400:
[05/13 12:13:06] train_loss: 1.36489
[05/13 12:13:06] train_acc: 0.981
[05/13 12:13:06] train_auroc: 0.961
[05/13 12:13:12] Summary name val_5-way-5-shot_tpr@tnr95 is illegal; using val_5-way-5-shot_tpr_tnr95 instead.
[05/13 12:13:12] val_5-way-5-shot_acc: 80.053	0.619
[05/13 12:13:12] val_5-way-5-shot_auroc: 71.206	0.846
[05/13 12:13:12] val_5-way-5-shot_fscore: 63.193	0.757
[05/13 12:13:12] val_5-way-5-shot_tpr@tnr95: 17.722	1.177
[05/13 12:13:12] val_5-way-5-shot_osr: 56.296	0.566
[05/13 12:13:39] 
[05/13 12:13:39] epoch 12/20, iter 4800:
[05/13 12:13:39] train_loss: 1.35373
[05/13 12:13:39] train_acc: 0.981
[05/13 12:13:39] train_auroc: 0.962
[05/13 12:13:45] Summary name val_5-way-5-shot_tpr@tnr95 is illegal; using val_5-way-5-shot_tpr_tnr95 instead.
[05/13 12:13:45] val_5-way-5-shot_acc: 80.093	0.624
[05/13 12:13:45] val_5-way-5-shot_auroc: 71.272	0.848
[05/13 12:13:45] val_5-way-5-shot_fscore: 63.200	0.752
[05/13 12:13:45] val_5-way-5-shot_tpr@tnr95: 17.792	1.171
[05/13 12:13:45] val_5-way-5-shot_osr: 56.345	0.565
[05/13 12:14:13] 
[05/13 12:14:13] epoch 13/20, iter 5200:
[05/13 12:14:13] train_loss: 1.34608
[05/13 12:14:13] train_acc: 0.982
[05/13 12:14:13] train_auroc: 0.962
[05/13 12:14:20] Summary name val_5-way-5-shot_tpr@tnr95 is illegal; using val_5-way-5-shot_tpr_tnr95 instead.
[05/13 12:14:20] val_5-way-5-shot_acc: 80.093	0.621
[05/13 12:14:20] val_5-way-5-shot_auroc: 71.280	0.850
[05/13 12:14:20] val_5-way-5-shot_fscore: 63.178	0.755
[05/13 12:14:20] val_5-way-5-shot_tpr@tnr95: 17.858	1.171
[05/13 12:14:20] val_5-way-5-shot_osr: 56.370	0.564
[05/13 12:14:49] 
[05/13 12:14:49] epoch 14/20, iter 5600:
[05/13 12:14:49] train_loss: 1.33899
[05/13 12:14:49] train_acc: 0.982
[05/13 12:14:49] train_auroc: 0.963
[05/13 12:14:55] Summary name val_5-way-5-shot_tpr@tnr95 is illegal; using val_5-way-5-shot_tpr_tnr95 instead.
[05/13 12:14:55] val_5-way-5-shot_acc: 80.093	0.626
[05/13 12:14:55] val_5-way-5-shot_auroc: 71.267	0.851
[05/13 12:14:55] val_5-way-5-shot_fscore: 63.141	0.752
[05/13 12:14:55] val_5-way-5-shot_tpr@tnr95: 17.893	1.172
[05/13 12:14:55] val_5-way-5-shot_osr: 56.403	0.564
[05/13 12:15:23] 
[05/13 12:15:23] epoch 15/20, iter 6000:
[05/13 12:15:23] train_loss: 1.33213
[05/13 12:15:23] train_acc: 0.982
[05/13 12:15:23] train_auroc: 0.963
[05/13 12:15:29] Summary name val_5-way-5-shot_tpr@tnr95 is illegal; using val_5-way-5-shot_tpr_tnr95 instead.
[05/13 12:15:29] val_5-way-5-shot_acc: 80.053	0.629
[05/13 12:15:29] val_5-way-5-shot_auroc: 71.235	0.851
[05/13 12:15:29] val_5-way-5-shot_fscore: 63.104	0.758
[05/13 12:15:29] val_5-way-5-shot_tpr@tnr95: 17.886	1.176
[05/13 12:15:29] val_5-way-5-shot_osr: 56.394	0.565
[05/13 12:15:57] 
[05/13 12:15:57] epoch 16/20, iter 6400:
[05/13 12:15:57] train_loss: 1.32534
[05/13 12:15:57] train_acc: 0.983
[05/13 12:15:57] train_auroc: 0.964
[05/13 12:16:03] Summary name val_5-way-5-shot_tpr@tnr95 is illegal; using val_5-way-5-shot_tpr_tnr95 instead.
[05/13 12:16:03] val_5-way-5-shot_acc: 80.060	0.624
[05/13 12:16:03] val_5-way-5-shot_auroc: 71.199	0.852
[05/13 12:16:03] val_5-way-5-shot_fscore: 63.081	0.760
[05/13 12:16:03] val_5-way-5-shot_tpr@tnr95: 17.892	1.180
[05/13 12:16:03] val_5-way-5-shot_osr: 56.396	0.568
[05/13 12:16:31] 
[05/13 12:16:31] epoch 17/20, iter 6800:
[05/13 12:16:31] train_loss: 1.31867
[05/13 12:16:31] train_acc: 0.983
[05/13 12:16:31] train_auroc: 0.964
[05/13 12:16:37] Summary name val_5-way-5-shot_tpr@tnr95 is illegal; using val_5-way-5-shot_tpr_tnr95 instead.
[05/13 12:16:37] val_5-way-5-shot_acc: 80.033	0.621
[05/13 12:16:37] val_5-way-5-shot_auroc: 71.159	0.852
[05/13 12:16:37] val_5-way-5-shot_fscore: 63.089	0.763
[05/13 12:16:37] val_5-way-5-shot_tpr@tnr95: 17.868	1.181
[05/13 12:16:37] val_5-way-5-shot_osr: 56.390	0.566
[05/13 12:17:07] 
[05/13 12:17:07] epoch 18/20, iter 7200:
[05/13 12:17:07] train_loss: 1.31205
[05/13 12:17:07] train_acc: 0.983
[05/13 12:17:07] train_auroc: 0.965
[05/13 12:17:13] Summary name val_5-way-5-shot_tpr@tnr95 is illegal; using val_5-way-5-shot_tpr_tnr95 instead.
[05/13 12:17:13] val_5-way-5-shot_acc: 80.040	0.622
[05/13 12:17:13] val_5-way-5-shot_auroc: 71.121	0.853
[05/13 12:17:13] val_5-way-5-shot_fscore: 63.022	0.760
[05/13 12:17:13] val_5-way-5-shot_tpr@tnr95: 17.867	1.182
[05/13 12:17:13] val_5-way-5-shot_osr: 56.395	0.567
[05/13 12:17:41] 
[05/13 12:17:41] epoch 19/20, iter 7600:
[05/13 12:17:41] train_loss: 1.30925
[05/13 12:17:41] train_acc: 0.983
[05/13 12:17:41] train_auroc: 0.965
[05/13 12:17:47] Summary name val_5-way-5-shot_tpr@tnr95 is illegal; using val_5-way-5-shot_tpr_tnr95 instead.
[05/13 12:17:47] val_5-way-5-shot_acc: 80.147	0.619
[05/13 12:17:47] val_5-way-5-shot_auroc: 71.034	0.847
[05/13 12:17:47] val_5-way-5-shot_fscore: 62.926	0.752
[05/13 12:17:47] val_5-way-5-shot_tpr@tnr95: 17.916	1.192
[05/13 12:17:47] val_5-way-5-shot_osr: 56.405	0.572
[05/13 12:18:15] 
[05/13 12:18:15] epoch 20/20, iter 8000:
[05/13 12:18:15] train_loss: 1.30727
[05/13 12:18:15] train_acc: 0.983
[05/13 12:18:15] train_auroc: 0.965
[05/13 12:18:21] Summary name val_5-way-5-shot_tpr@tnr95 is illegal; using val_5-way-5-shot_tpr_tnr95 instead.
[05/13 12:18:21] val_5-way-5-shot_acc: 80.107	0.621
[05/13 12:18:21] val_5-way-5-shot_auroc: 70.974	0.845
[05/13 12:18:21] val_5-way-5-shot_fscore: 62.874	0.757
[05/13 12:18:21] val_5-way-5-shot_tpr@tnr95: 17.985	1.186
[05/13 12:18:21] val_5-way-5-shot_osr: 56.435	0.571
[05/13 12:18:21] BEST OSR Score!
[05/13 12:18:21] training finished!
[05/13 12:18:21] ------------------------
[05/13 12:18:21] the best epoch is 20/20
[05/13 12:18:21] the best 5-way 5-shot val acc is 80.220
[05/13 12:19:28] start training!
[05/13 12:20:00] 
[05/13 12:20:00] epoch 1/20, iter 400:
[05/13 12:20:00] train_loss: 2.08658
[05/13 12:20:00] train_acc: 0.933
[05/13 12:20:00] train_auroc: 0.842
[05/13 12:20:08] Summary name val_5-way-5-shot_tpr@tnr95 is illegal; using val_5-way-5-shot_tpr_tnr95 instead.
[05/13 12:20:08] val_5-way-5-shot_acc: 78.393	0.673
[05/13 12:20:08] val_5-way-5-shot_auroc: 74.078	0.755
[05/13 12:20:08] val_5-way-5-shot_fscore: 66.163	0.741
[05/13 12:20:08] val_5-way-5-shot_tpr@tnr95: 17.785	1.197
[05/13 12:20:08] val_5-way-5-shot_osr: 56.287	0.571
[05/13 12:20:08] BEST ACC!
[05/13 12:20:08] BEST Auroc!
[05/13 12:20:09] BEST Fscore!
[05/13 12:20:09] BEST OSR Score!
[05/13 12:20:39] 
[05/13 12:20:39] epoch 2/20, iter 800:
[05/13 12:20:39] train_loss: 1.84204
[05/13 12:20:39] train_acc: 0.947
[05/13 12:20:39] train_auroc: 0.887
[05/13 12:20:45] Summary name val_5-way-5-shot_tpr@tnr95 is illegal; using val_5-way-5-shot_tpr_tnr95 instead.
[05/13 12:20:45] val_5-way-5-shot_acc: 79.587	0.667
[05/13 12:20:45] val_5-way-5-shot_auroc: 74.242	0.760
[05/13 12:20:45] val_5-way-5-shot_fscore: 66.370	0.738
[05/13 12:20:45] val_5-way-5-shot_tpr@tnr95: 18.301	1.252
[05/13 12:20:45] val_5-way-5-shot_osr: 56.499	0.603
[05/13 12:20:45] BEST ACC!
[05/13 12:20:45] BEST Auroc!
[05/13 12:20:46] BEST Fscore!
[05/13 12:20:46] BEST OSR Score!
[05/13 12:21:16] 
[05/13 12:21:16] epoch 3/20, iter 1200:
[05/13 12:21:16] train_loss: 1.76769
[05/13 12:21:16] train_acc: 0.953
[05/13 12:21:16] train_auroc: 0.909
[05/13 12:21:22] Summary name val_5-way-5-shot_tpr@tnr95 is illegal; using val_5-way-5-shot_tpr_tnr95 instead.
[05/13 12:21:22] val_5-way-5-shot_acc: 79.960	0.657
[05/13 12:21:22] val_5-way-5-shot_auroc: 74.394	0.773
[05/13 12:21:22] val_5-way-5-shot_fscore: 66.519	0.744
[05/13 12:21:22] val_5-way-5-shot_tpr@tnr95: 18.361	1.210
[05/13 12:21:22] val_5-way-5-shot_osr: 56.566	0.582
[05/13 12:21:22] BEST ACC!
[05/13 12:21:22] BEST Auroc!
[05/13 12:21:22] BEST Fscore!
[05/13 12:21:23] BEST OSR Score!
[05/13 12:21:53] 
[05/13 12:21:53] epoch 4/20, iter 1600:
[05/13 12:21:53] train_loss: 1.71010
[05/13 12:21:53] train_acc: 0.958
[05/13 12:21:53] train_auroc: 0.923
[05/13 12:21:59] Summary name val_5-way-5-shot_tpr@tnr95 is illegal; using val_5-way-5-shot_tpr_tnr95 instead.
[05/13 12:21:59] val_5-way-5-shot_acc: 80.187	0.636
[05/13 12:21:59] val_5-way-5-shot_auroc: 74.562	0.790
[05/13 12:21:59] val_5-way-5-shot_fscore: 66.681	0.764
[05/13 12:21:59] val_5-way-5-shot_tpr@tnr95: 18.495	1.227
[05/13 12:21:59] val_5-way-5-shot_osr: 56.655	0.588
[05/13 12:21:59] BEST ACC!
[05/13 12:21:59] BEST Auroc!
[05/13 12:22:00] BEST Fscore!
[05/13 12:22:00] BEST OSR Score!
[05/13 12:22:30] 
[05/13 12:22:30] epoch 5/20, iter 2000:
[05/13 12:22:30] train_loss: 1.65820
[05/13 12:22:30] train_acc: 0.961
[05/13 12:22:30] train_auroc: 0.932
[05/13 12:22:36] Summary name val_5-way-5-shot_tpr@tnr95 is illegal; using val_5-way-5-shot_tpr_tnr95 instead.
[05/13 12:22:36] val_5-way-5-shot_acc: 80.320	0.642
[05/13 12:22:36] val_5-way-5-shot_auroc: 74.221	0.801
[05/13 12:22:36] val_5-way-5-shot_fscore: 66.348	0.763
[05/13 12:22:36] val_5-way-5-shot_tpr@tnr95: 18.316	1.227
[05/13 12:22:36] val_5-way-5-shot_osr: 56.555	0.587
[05/13 12:22:37] BEST ACC!
[05/13 12:23:07] 
[05/13 12:23:07] epoch 6/20, iter 2400:
[05/13 12:23:07] train_loss: 1.60805
[05/13 12:23:07] train_acc: 0.965
[05/13 12:23:07] train_auroc: 0.939
[05/13 12:23:13] Summary name val_5-way-5-shot_tpr@tnr95 is illegal; using val_5-way-5-shot_tpr_tnr95 instead.
[05/13 12:23:13] val_5-way-5-shot_acc: 80.447	0.651
[05/13 12:23:13] val_5-way-5-shot_auroc: 74.020	0.809
[05/13 12:23:13] val_5-way-5-shot_fscore: 66.185	0.775
[05/13 12:23:13] val_5-way-5-shot_tpr@tnr95: 18.212	1.223
[05/13 12:23:13] val_5-way-5-shot_osr: 56.517	0.586
[05/13 12:23:13] BEST ACC!
[05/13 12:23:42] 
[05/13 12:23:42] epoch 7/20, iter 2800:
[05/13 12:23:42] train_loss: 1.55777
[05/13 12:23:42] train_acc: 0.969
[05/13 12:23:42] train_auroc: 0.945
[05/13 12:23:48] Summary name val_5-way-5-shot_tpr@tnr95 is illegal; using val_5-way-5-shot_tpr_tnr95 instead.
[05/13 12:23:48] val_5-way-5-shot_acc: 80.400	0.653
[05/13 12:23:48] val_5-way-5-shot_auroc: 73.501	0.819
[05/13 12:23:48] val_5-way-5-shot_fscore: 65.659	0.766
[05/13 12:23:48] val_5-way-5-shot_tpr@tnr95: 17.978	1.231
[05/13 12:23:48] val_5-way-5-shot_osr: 56.446	0.588
[05/13 12:24:18] 
[05/13 12:24:18] epoch 8/20, iter 3200:
[05/13 12:24:18] train_loss: 1.50636
[05/13 12:24:18] train_acc: 0.972
[05/13 12:24:18] train_auroc: 0.950
[05/13 12:24:24] Summary name val_5-way-5-shot_tpr@tnr95 is illegal; using val_5-way-5-shot_tpr_tnr95 instead.
[05/13 12:24:24] val_5-way-5-shot_acc: 80.313	0.655
[05/13 12:24:24] val_5-way-5-shot_auroc: 73.058	0.826
[05/13 12:24:24] val_5-way-5-shot_fscore: 65.133	0.772
[05/13 12:24:24] val_5-way-5-shot_tpr@tnr95: 17.854	1.217
[05/13 12:24:24] val_5-way-5-shot_osr: 56.374	0.582
[05/13 12:24:54] 
[05/13 12:24:54] epoch 9/20, iter 3600:
[05/13 12:24:54] train_loss: 1.45377
[05/13 12:24:54] train_acc: 0.975
[05/13 12:24:54] train_auroc: 0.954
[05/13 12:25:00] Summary name val_5-way-5-shot_tpr@tnr95 is illegal; using val_5-way-5-shot_tpr_tnr95 instead.
[05/13 12:25:00] val_5-way-5-shot_acc: 80.213	0.650
[05/13 12:25:00] val_5-way-5-shot_auroc: 72.698	0.830
[05/13 12:25:00] val_5-way-5-shot_fscore: 64.667	0.778
[05/13 12:25:00] val_5-way-5-shot_tpr@tnr95: 17.946	1.249
[05/13 12:25:00] val_5-way-5-shot_osr: 56.414	0.603
[05/13 12:25:30] 
[05/13 12:25:30] epoch 10/20, iter 4000:
[05/13 12:25:30] train_loss: 1.39953
[05/13 12:25:30] train_acc: 0.979
[05/13 12:25:30] train_auroc: 0.958
[05/13 12:25:36] Summary name val_5-way-5-shot_tpr@tnr95 is illegal; using val_5-way-5-shot_tpr_tnr95 instead.
[05/13 12:25:36] val_5-way-5-shot_acc: 80.047	0.655
[05/13 12:25:36] val_5-way-5-shot_auroc: 72.309	0.838
[05/13 12:25:36] val_5-way-5-shot_fscore: 64.252	0.777
[05/13 12:25:36] val_5-way-5-shot_tpr@tnr95: 17.884	1.258
[05/13 12:25:36] val_5-way-5-shot_osr: 56.376	0.605
[05/13 12:26:06] 
[05/13 12:26:06] epoch 11/20, iter 4400:
[05/13 12:26:06] train_loss: 1.36015
[05/13 12:26:06] train_acc: 0.981
[05/13 12:26:06] train_auroc: 0.962
[05/13 12:26:12] Summary name val_5-way-5-shot_tpr@tnr95 is illegal; using val_5-way-5-shot_tpr_tnr95 instead.
[05/13 12:26:12] val_5-way-5-shot_acc: 79.927	0.661
[05/13 12:26:12] val_5-way-5-shot_auroc: 71.582	0.845
[05/13 12:26:12] val_5-way-5-shot_fscore: 63.593	0.764
[05/13 12:26:12] val_5-way-5-shot_tpr@tnr95: 18.019	1.214
[05/13 12:26:12] val_5-way-5-shot_osr: 56.439	0.589
[05/13 12:26:43] 
[05/13 12:26:43] epoch 12/20, iter 4800:
[05/13 12:26:43] train_loss: 1.34971
[05/13 12:26:43] train_acc: 0.982
[05/13 12:26:43] train_auroc: 0.962
[05/13 12:26:50] Summary name val_5-way-5-shot_tpr@tnr95 is illegal; using val_5-way-5-shot_tpr_tnr95 instead.
[05/13 12:26:50] val_5-way-5-shot_acc: 79.900	0.657
[05/13 12:26:50] val_5-way-5-shot_auroc: 71.578	0.847
[05/13 12:26:50] val_5-way-5-shot_fscore: 63.600	0.769
[05/13 12:26:50] val_5-way-5-shot_tpr@tnr95: 18.021	1.210
[05/13 12:26:50] val_5-way-5-shot_osr: 56.440	0.587
[05/13 12:27:19] 
[05/13 12:27:19] epoch 13/20, iter 5200:
[05/13 12:27:19] train_loss: 1.34204
[05/13 12:27:19] train_acc: 0.982
[05/13 12:27:19] train_auroc: 0.963
[05/13 12:27:25] Summary name val_5-way-5-shot_tpr@tnr95 is illegal; using val_5-way-5-shot_tpr_tnr95 instead.
[05/13 12:27:25] val_5-way-5-shot_acc: 79.893	0.654
[05/13 12:27:25] val_5-way-5-shot_auroc: 71.553	0.849
[05/13 12:27:25] val_5-way-5-shot_fscore: 63.511	0.773
[05/13 12:27:25] val_5-way-5-shot_tpr@tnr95: 18.082	1.218
[05/13 12:27:25] val_5-way-5-shot_osr: 56.483	0.592
[05/13 12:27:54] 
[05/13 12:27:54] epoch 14/20, iter 5600:
[05/13 12:27:54] train_loss: 1.33500
[05/13 12:27:54] train_acc: 0.982
[05/13 12:27:54] train_auroc: 0.963
[05/13 12:28:00] Summary name val_5-way-5-shot_tpr@tnr95 is illegal; using val_5-way-5-shot_tpr_tnr95 instead.
[05/13 12:28:00] val_5-way-5-shot_acc: 79.880	0.651
[05/13 12:28:00] val_5-way-5-shot_auroc: 71.514	0.849
[05/13 12:28:00] val_5-way-5-shot_fscore: 63.459	0.768
[05/13 12:28:00] val_5-way-5-shot_tpr@tnr95: 18.099	1.214
[05/13 12:28:00] val_5-way-5-shot_osr: 56.482	0.591
[05/13 12:28:29] 
[05/13 12:28:29] epoch 15/20, iter 6000:
[05/13 12:28:29] train_loss: 1.32808
[05/13 12:28:29] train_acc: 0.982
[05/13 12:28:29] train_auroc: 0.964
[05/13 12:28:36] Summary name val_5-way-5-shot_tpr@tnr95 is illegal; using val_5-way-5-shot_tpr_tnr95 instead.
[05/13 12:28:36] val_5-way-5-shot_acc: 79.920	0.648
[05/13 12:28:36] val_5-way-5-shot_auroc: 71.472	0.849
[05/13 12:28:36] val_5-way-5-shot_fscore: 63.378	0.780
[05/13 12:28:36] val_5-way-5-shot_tpr@tnr95: 18.085	1.219
[05/13 12:28:36] val_5-way-5-shot_osr: 56.474	0.593
[05/13 12:29:08] 
[05/13 12:29:08] epoch 16/20, iter 6400:
[05/13 12:29:08] train_loss: 1.32127
[05/13 12:29:08] train_acc: 0.983
[05/13 12:29:08] train_auroc: 0.964
[05/13 12:29:13] Summary name val_5-way-5-shot_tpr@tnr95 is illegal; using val_5-way-5-shot_tpr_tnr95 instead.
[05/13 12:29:13] val_5-way-5-shot_acc: 79.907	0.647
[05/13 12:29:13] val_5-way-5-shot_auroc: 71.426	0.849
[05/13 12:29:13] val_5-way-5-shot_fscore: 63.326	0.777
[05/13 12:29:13] val_5-way-5-shot_tpr@tnr95: 18.054	1.215
[05/13 12:29:13] val_5-way-5-shot_osr: 56.456	0.591
[05/13 12:29:43] 
[05/13 12:29:43] epoch 17/20, iter 6800:
[05/13 12:29:43] train_loss: 1.31454
[05/13 12:29:43] train_acc: 0.983
[05/13 12:29:43] train_auroc: 0.965
[05/13 12:29:50] Summary name val_5-way-5-shot_tpr@tnr95 is illegal; using val_5-way-5-shot_tpr_tnr95 instead.
[05/13 12:29:50] val_5-way-5-shot_acc: 79.887	0.647
[05/13 12:29:50] val_5-way-5-shot_auroc: 71.381	0.848
[05/13 12:29:50] val_5-way-5-shot_fscore: 63.289	0.774
[05/13 12:29:50] val_5-way-5-shot_tpr@tnr95: 18.054	1.215
[05/13 12:29:50] val_5-way-5-shot_osr: 56.463	0.592
[05/13 12:30:20] 
[05/13 12:30:20] epoch 18/20, iter 7200:
[05/13 12:30:20] train_loss: 1.30787
[05/13 12:30:20] train_acc: 0.983
[05/13 12:30:20] train_auroc: 0.965
[05/13 12:30:26] Summary name val_5-way-5-shot_tpr@tnr95 is illegal; using val_5-way-5-shot_tpr_tnr95 instead.
[05/13 12:30:26] val_5-way-5-shot_acc: 79.880	0.641
[05/13 12:30:26] val_5-way-5-shot_auroc: 71.329	0.848
[05/13 12:30:26] val_5-way-5-shot_fscore: 63.207	0.770
[05/13 12:30:26] val_5-way-5-shot_tpr@tnr95: 18.053	1.216
[05/13 12:30:26] val_5-way-5-shot_osr: 56.456	0.591
[05/13 12:30:56] 
[05/13 12:30:56] epoch 19/20, iter 7600:
[05/13 12:30:56] train_loss: 1.30516
[05/13 12:30:56] train_acc: 0.984
[05/13 12:30:56] train_auroc: 0.965
[05/13 12:31:02] Summary name val_5-way-5-shot_tpr@tnr95 is illegal; using val_5-way-5-shot_tpr_tnr95 instead.
[05/13 12:31:02] val_5-way-5-shot_acc: 79.980	0.637
[05/13 12:31:02] val_5-way-5-shot_auroc: 71.230	0.840
[05/13 12:31:02] val_5-way-5-shot_fscore: 63.156	0.764
[05/13 12:31:02] val_5-way-5-shot_tpr@tnr95: 18.059	1.203
[05/13 12:31:02] val_5-way-5-shot_osr: 56.461	0.584
[05/13 12:31:32] 
[05/13 12:31:32] epoch 20/20, iter 8000:
[05/13 12:31:32] train_loss: 1.30291
[05/13 12:31:32] train_acc: 0.984
[05/13 12:31:32] train_auroc: 0.965
[05/13 12:31:38] Summary name val_5-way-5-shot_tpr@tnr95 is illegal; using val_5-way-5-shot_tpr_tnr95 instead.
[05/13 12:31:38] val_5-way-5-shot_acc: 80.000	0.641
[05/13 12:31:38] val_5-way-5-shot_auroc: 71.139	0.839
[05/13 12:31:38] val_5-way-5-shot_fscore: 63.081	0.766
[05/13 12:31:38] val_5-way-5-shot_tpr@tnr95: 18.028	1.202
[05/13 12:31:38] val_5-way-5-shot_osr: 56.450	0.584
[05/13 12:31:38] training finished!
[05/13 12:31:38] ------------------------
[05/13 12:31:38] the best epoch is 6/20
[05/13 12:31:38] the best 5-way 5-shot val acc is 80.447
[05/13 12:32:47] start training!
[05/13 12:33:17] 
[05/13 12:33:17] epoch 1/20, iter 400:
[05/13 12:33:17] train_loss: 1.94881
[05/13 12:33:17] train_acc: 0.933
[05/13 12:33:17] train_auroc: 0.842
[05/13 12:33:25] Summary name val_5-way-5-shot_tpr@tnr95 is illegal; using val_5-way-5-shot_tpr_tnr95 instead.
[05/13 12:33:25] val_5-way-5-shot_acc: 78.287	0.657
[05/13 12:33:25] val_5-way-5-shot_auroc: 73.795	0.763
[05/13 12:33:25] val_5-way-5-shot_fscore: 65.756	0.737
[05/13 12:33:25] val_5-way-5-shot_tpr@tnr95: 17.612	1.234
[05/13 12:33:25] val_5-way-5-shot_osr: 56.178	0.593
[05/13 12:33:25] BEST ACC!
[05/13 12:33:25] BEST Auroc!
[05/13 12:33:25] BEST Fscore!
[05/13 12:33:25] BEST OSR Score!
[05/13 12:33:52] 
[05/13 12:33:52] epoch 2/20, iter 800:
[05/13 12:33:52] train_loss: 1.82538
[05/13 12:33:52] train_acc: 0.946
[05/13 12:33:52] train_auroc: 0.887
[05/13 12:33:58] Summary name val_5-way-5-shot_tpr@tnr95 is illegal; using val_5-way-5-shot_tpr_tnr95 instead.
[05/13 12:33:58] val_5-way-5-shot_acc: 79.453	0.651
[05/13 12:33:58] val_5-way-5-shot_auroc: 74.429	0.756
[05/13 12:33:58] val_5-way-5-shot_fscore: 66.511	0.729
[05/13 12:33:58] val_5-way-5-shot_tpr@tnr95: 18.297	1.257
[05/13 12:33:58] val_5-way-5-shot_osr: 56.492	0.601
[05/13 12:33:58] BEST ACC!
[05/13 12:33:58] BEST Auroc!
[05/13 12:33:58] BEST Fscore!
[05/13 12:33:58] BEST OSR Score!
[05/13 12:34:27] 
[05/13 12:34:27] epoch 3/20, iter 1200:
[05/13 12:34:27] train_loss: 1.75947
[05/13 12:34:27] train_acc: 0.953
[05/13 12:34:27] train_auroc: 0.909
[05/13 12:34:33] Summary name val_5-way-5-shot_tpr@tnr95 is illegal; using val_5-way-5-shot_tpr_tnr95 instead.
[05/13 12:34:33] val_5-way-5-shot_acc: 79.793	0.640
[05/13 12:34:33] val_5-way-5-shot_auroc: 74.230	0.768
[05/13 12:34:33] val_5-way-5-shot_fscore: 66.400	0.746
[05/13 12:34:33] val_5-way-5-shot_tpr@tnr95: 18.155	1.249
[05/13 12:34:33] val_5-way-5-shot_osr: 56.442	0.601
[05/13 12:34:33] BEST ACC!
[05/13 12:35:02] 
[05/13 12:35:02] epoch 4/20, iter 1600:
[05/13 12:35:02] train_loss: 1.70455
[05/13 12:35:02] train_acc: 0.958
[05/13 12:35:02] train_auroc: 0.922
[05/13 12:35:08] Summary name val_5-way-5-shot_tpr@tnr95 is illegal; using val_5-way-5-shot_tpr_tnr95 instead.
[05/13 12:35:08] val_5-way-5-shot_acc: 79.993	0.626
[05/13 12:35:08] val_5-way-5-shot_auroc: 74.346	0.782
[05/13 12:35:08] val_5-way-5-shot_fscore: 66.504	0.781
[05/13 12:35:08] val_5-way-5-shot_tpr@tnr95: 18.151	1.260
[05/13 12:35:08] val_5-way-5-shot_osr: 56.401	0.608
[05/13 12:35:08] BEST ACC!
[05/13 12:35:37] 
[05/13 12:35:37] epoch 5/20, iter 2000:
[05/13 12:35:37] train_loss: 1.65282
[05/13 12:35:37] train_acc: 0.962
[05/13 12:35:37] train_auroc: 0.931
[05/13 12:35:43] Summary name val_5-way-5-shot_tpr@tnr95 is illegal; using val_5-way-5-shot_tpr_tnr95 instead.
[05/13 12:35:43] val_5-way-5-shot_acc: 80.167	0.605
[05/13 12:35:43] val_5-way-5-shot_auroc: 74.135	0.792
[05/13 12:35:43] val_5-way-5-shot_fscore: 66.333	0.778
[05/13 12:35:43] val_5-way-5-shot_tpr@tnr95: 18.161	1.244
[05/13 12:35:43] val_5-way-5-shot_osr: 56.386	0.597
[05/13 12:35:43] BEST ACC!
[05/13 12:36:11] 
[05/13 12:36:11] epoch 6/20, iter 2400:
[05/13 12:36:11] train_loss: 1.60178
[05/13 12:36:11] train_acc: 0.966
[05/13 12:36:11] train_auroc: 0.938
[05/13 12:36:17] Summary name val_5-way-5-shot_tpr@tnr95 is illegal; using val_5-way-5-shot_tpr_tnr95 instead.
[05/13 12:36:17] val_5-way-5-shot_acc: 80.107	0.613
[05/13 12:36:17] val_5-way-5-shot_auroc: 73.656	0.806
[05/13 12:36:17] val_5-way-5-shot_fscore: 65.748	0.784
[05/13 12:36:17] val_5-way-5-shot_tpr@tnr95: 17.957	1.219
[05/13 12:36:17] val_5-way-5-shot_osr: 56.334	0.583
[05/13 12:36:45] 
[05/13 12:36:45] epoch 7/20, iter 2800:
[05/13 12:36:45] train_loss: 1.55029
[05/13 12:36:45] train_acc: 0.970
[05/13 12:36:45] train_auroc: 0.944
[05/13 12:36:51] Summary name val_5-way-5-shot_tpr@tnr95 is illegal; using val_5-way-5-shot_tpr_tnr95 instead.
[05/13 12:36:51] val_5-way-5-shot_acc: 80.127	0.634
[05/13 12:36:51] val_5-way-5-shot_auroc: 73.029	0.820
[05/13 12:36:51] val_5-way-5-shot_fscore: 65.163	0.777
[05/13 12:36:51] val_5-way-5-shot_tpr@tnr95: 17.779	1.203
[05/13 12:36:51] val_5-way-5-shot_osr: 56.274	0.573
[05/13 12:37:19] 
[05/13 12:37:19] epoch 8/20, iter 3200:
[05/13 12:37:19] train_loss: 1.49738
[05/13 12:37:19] train_acc: 0.973
[05/13 12:37:19] train_auroc: 0.949
[05/13 12:37:25] Summary name val_5-way-5-shot_tpr@tnr95 is illegal; using val_5-way-5-shot_tpr_tnr95 instead.
[05/13 12:37:25] val_5-way-5-shot_acc: 80.027	0.635
[05/13 12:37:25] val_5-way-5-shot_auroc: 72.514	0.837
[05/13 12:37:25] val_5-way-5-shot_fscore: 64.615	0.774
[05/13 12:37:25] val_5-way-5-shot_tpr@tnr95: 17.748	1.239
[05/13 12:37:25] val_5-way-5-shot_osr: 56.259	0.597
[05/13 12:37:54] 
[05/13 12:37:54] epoch 9/20, iter 3600:
[05/13 12:37:54] train_loss: 1.44278
[05/13 12:37:54] train_acc: 0.977
[05/13 12:37:54] train_auroc: 0.954
[05/13 12:38:00] Summary name val_5-way-5-shot_tpr@tnr95 is illegal; using val_5-way-5-shot_tpr_tnr95 instead.
[05/13 12:38:00] val_5-way-5-shot_acc: 79.960	0.639
[05/13 12:38:00] val_5-way-5-shot_auroc: 71.933	0.851
[05/13 12:38:00] val_5-way-5-shot_fscore: 63.956	0.768
[05/13 12:38:00] val_5-way-5-shot_tpr@tnr95: 17.711	1.247
[05/13 12:38:00] val_5-way-5-shot_osr: 56.285	0.599
[05/13 12:38:28] 
[05/13 12:38:28] epoch 10/20, iter 4000:
[05/13 12:38:28] train_loss: 1.38657
[05/13 12:38:28] train_acc: 0.979
[05/13 12:38:28] train_auroc: 0.958
[05/13 12:38:34] Summary name val_5-way-5-shot_tpr@tnr95 is illegal; using val_5-way-5-shot_tpr_tnr95 instead.
[05/13 12:38:34] val_5-way-5-shot_acc: 79.833	0.641
[05/13 12:38:34] val_5-way-5-shot_auroc: 71.355	0.861
[05/13 12:38:34] val_5-way-5-shot_fscore: 63.311	0.777
[05/13 12:38:34] val_5-way-5-shot_tpr@tnr95: 17.702	1.234
[05/13 12:38:34] val_5-way-5-shot_osr: 56.264	0.591
[05/13 12:39:02] 
[05/13 12:39:02] epoch 11/20, iter 4400:
[05/13 12:39:02] train_loss: 1.34605
[05/13 12:39:02] train_acc: 0.982
[05/13 12:39:02] train_auroc: 0.961
[05/13 12:39:08] Summary name val_5-way-5-shot_tpr@tnr95 is illegal; using val_5-way-5-shot_tpr_tnr95 instead.
[05/13 12:39:08] val_5-way-5-shot_acc: 80.033	0.629
[05/13 12:39:08] val_5-way-5-shot_auroc: 70.718	0.851
[05/13 12:39:08] val_5-way-5-shot_fscore: 62.652	0.772
[05/13 12:39:08] val_5-way-5-shot_tpr@tnr95: 17.592	1.202
[05/13 12:39:08] val_5-way-5-shot_osr: 56.214	0.579
[05/13 12:39:36] 
[05/13 12:39:36] epoch 12/20, iter 4800:
[05/13 12:39:36] train_loss: 1.33632
[05/13 12:39:36] train_acc: 0.982
[05/13 12:39:36] train_auroc: 0.962
[05/13 12:39:42] Summary name val_5-way-5-shot_tpr@tnr95 is illegal; using val_5-way-5-shot_tpr_tnr95 instead.
[05/13 12:39:42] val_5-way-5-shot_acc: 80.047	0.631
[05/13 12:39:42] val_5-way-5-shot_auroc: 70.713	0.852
[05/13 12:39:42] val_5-way-5-shot_fscore: 62.630	0.784
[05/13 12:39:42] val_5-way-5-shot_tpr@tnr95: 17.652	1.203
[05/13 12:39:42] val_5-way-5-shot_osr: 56.238	0.581
[05/13 12:40:14] 
[05/13 12:40:14] epoch 13/20, iter 5200:
[05/13 12:40:14] train_loss: 1.32865
[05/13 12:40:14] train_acc: 0.982
[05/13 12:40:14] train_auroc: 0.963
[05/13 12:40:20] Summary name val_5-way-5-shot_tpr@tnr95 is illegal; using val_5-way-5-shot_tpr_tnr95 instead.
[05/13 12:40:20] val_5-way-5-shot_acc: 80.033	0.627
[05/13 12:40:20] val_5-way-5-shot_auroc: 70.678	0.851
[05/13 12:40:20] val_5-way-5-shot_fscore: 62.570	0.781
[05/13 12:40:20] val_5-way-5-shot_tpr@tnr95: 17.708	1.196
[05/13 12:40:20] val_5-way-5-shot_osr: 56.270	0.577
[05/13 12:40:49] 
[05/13 12:40:49] epoch 14/20, iter 5600:
[05/13 12:40:49] train_loss: 1.32132
[05/13 12:40:49] train_acc: 0.983
[05/13 12:40:49] train_auroc: 0.963
[05/13 12:40:55] Summary name val_5-way-5-shot_tpr@tnr95 is illegal; using val_5-way-5-shot_tpr_tnr95 instead.
[05/13 12:40:55] val_5-way-5-shot_acc: 80.047	0.629
[05/13 12:40:55] val_5-way-5-shot_auroc: 70.638	0.852
[05/13 12:40:55] val_5-way-5-shot_fscore: 62.519	0.789
[05/13 12:40:55] val_5-way-5-shot_tpr@tnr95: 17.723	1.190
[05/13 12:40:55] val_5-way-5-shot_osr: 56.262	0.575
[05/13 12:41:22] 
[05/13 12:41:22] epoch 15/20, iter 6000:
[05/13 12:41:22] train_loss: 1.31422
[05/13 12:41:22] train_acc: 0.983
[05/13 12:41:22] train_auroc: 0.964
[05/13 12:41:28] Summary name val_5-way-5-shot_tpr@tnr95 is illegal; using val_5-way-5-shot_tpr_tnr95 instead.
[05/13 12:41:28] val_5-way-5-shot_acc: 79.993	0.631
[05/13 12:41:28] val_5-way-5-shot_auroc: 70.587	0.853
[05/13 12:41:28] val_5-way-5-shot_fscore: 62.481	0.788
[05/13 12:41:28] val_5-way-5-shot_tpr@tnr95: 17.707	1.189
[05/13 12:41:28] val_5-way-5-shot_osr: 56.252	0.576
[05/13 12:41:56] 
[05/13 12:41:56] epoch 16/20, iter 6400:
[05/13 12:41:56] train_loss: 1.30723
[05/13 12:41:56] train_acc: 0.983
[05/13 12:41:56] train_auroc: 0.964
[05/13 12:42:02] Summary name val_5-way-5-shot_tpr@tnr95 is illegal; using val_5-way-5-shot_tpr_tnr95 instead.
[05/13 12:42:02] val_5-way-5-shot_acc: 79.993	0.634
[05/13 12:42:02] val_5-way-5-shot_auroc: 70.549	0.856
[05/13 12:42:02] val_5-way-5-shot_fscore: 62.444	0.789
[05/13 12:42:02] val_5-way-5-shot_tpr@tnr95: 17.738	1.184
[05/13 12:42:02] val_5-way-5-shot_osr: 56.265	0.574
[05/13 12:42:32] 
[05/13 12:42:32] epoch 17/20, iter 6800:
[05/13 12:42:32] train_loss: 1.30032
[05/13 12:42:32] train_acc: 0.983
[05/13 12:42:32] train_auroc: 0.965
[05/13 12:42:39] Summary name val_5-way-5-shot_tpr@tnr95 is illegal; using val_5-way-5-shot_tpr_tnr95 instead.
[05/13 12:42:39] val_5-way-5-shot_acc: 79.960	0.634
[05/13 12:42:39] val_5-way-5-shot_auroc: 70.520	0.856
[05/13 12:42:39] val_5-way-5-shot_fscore: 62.459	0.795
[05/13 12:42:39] val_5-way-5-shot_tpr@tnr95: 17.724	1.177
[05/13 12:42:39] val_5-way-5-shot_osr: 56.248	0.571
[05/13 12:43:08] 
[05/13 12:43:08] epoch 18/20, iter 7200:
[05/13 12:43:08] train_loss: 1.29350
[05/13 12:43:08] train_acc: 0.984
[05/13 12:43:08] train_auroc: 0.965
[05/13 12:43:14] Summary name val_5-way-5-shot_tpr@tnr95 is illegal; using val_5-way-5-shot_tpr_tnr95 instead.
[05/13 12:43:14] val_5-way-5-shot_acc: 79.960	0.633
[05/13 12:43:14] val_5-way-5-shot_auroc: 70.473	0.856
[05/13 12:43:14] val_5-way-5-shot_fscore: 62.407	0.786
[05/13 12:43:14] val_5-way-5-shot_tpr@tnr95: 17.738	1.176
[05/13 12:43:14] val_5-way-5-shot_osr: 56.244	0.570
[05/13 12:43:42] 
[05/13 12:43:42] epoch 19/20, iter 7600:
[05/13 12:43:42] train_loss: 1.29112
[05/13 12:43:42] train_acc: 0.984
[05/13 12:43:42] train_auroc: 0.965
[05/13 12:43:48] Summary name val_5-way-5-shot_tpr@tnr95 is illegal; using val_5-way-5-shot_tpr_tnr95 instead.
[05/13 12:43:48] val_5-way-5-shot_acc: 80.087	0.628
[05/13 12:43:48] val_5-way-5-shot_auroc: 70.412	0.850
[05/13 12:43:48] val_5-way-5-shot_fscore: 62.393	0.782
[05/13 12:43:48] val_5-way-5-shot_tpr@tnr95: 17.710	1.195
[05/13 12:43:48] val_5-way-5-shot_osr: 56.236	0.579
[05/13 12:44:17] 
[05/13 12:44:17] epoch 20/20, iter 8000:
[05/13 12:44:17] train_loss: 1.28913
[05/13 12:44:17] train_acc: 0.984
[05/13 12:44:17] train_auroc: 0.965
[05/13 12:44:23] Summary name val_5-way-5-shot_tpr@tnr95 is illegal; using val_5-way-5-shot_tpr_tnr95 instead.
[05/13 12:44:23] val_5-way-5-shot_acc: 80.087	0.629
[05/13 12:44:23] val_5-way-5-shot_auroc: 70.362	0.849
[05/13 12:44:23] val_5-way-5-shot_fscore: 62.348	0.773
[05/13 12:44:23] val_5-way-5-shot_tpr@tnr95: 17.722	1.198
[05/13 12:44:23] val_5-way-5-shot_osr: 56.243	0.579
[05/13 12:44:23] training finished!
[05/13 12:44:23] ------------------------
[05/13 12:44:23] the best epoch is 5/20
[05/13 12:44:23] the best 5-way 5-shot val acc is 80.167
[05/13 12:45:33] start training!
[05/13 12:46:02] 
[05/13 12:46:02] epoch 1/20, iter 400:
[05/13 12:46:02] train_loss: 2.10599
[05/13 12:46:02] train_acc: 0.932
[05/13 12:46:02] train_auroc: 0.842
[05/13 12:46:10] Summary name val_5-way-5-shot_tpr@tnr95 is illegal; using val_5-way-5-shot_tpr_tnr95 instead.
[05/13 12:46:10] val_5-way-5-shot_acc: 78.273	0.655
[05/13 12:46:10] val_5-way-5-shot_auroc: 74.399	0.767
[05/13 12:46:10] val_5-way-5-shot_fscore: 66.519	0.722
[05/13 12:46:10] val_5-way-5-shot_tpr@tnr95: 17.790	1.230
[05/13 12:46:10] val_5-way-5-shot_osr: 56.293	0.592
[05/13 12:46:10] BEST ACC!
[05/13 12:46:10] BEST Auroc!
[05/13 12:46:10] BEST Fscore!
[05/13 12:46:11] BEST OSR Score!
[05/13 12:46:38] 
[05/13 12:46:38] epoch 2/20, iter 800:
[05/13 12:46:38] train_loss: 1.84445
[05/13 12:46:38] train_acc: 0.947
[05/13 12:46:38] train_auroc: 0.888
[05/13 12:46:44] Summary name val_5-way-5-shot_tpr@tnr95 is illegal; using val_5-way-5-shot_tpr_tnr95 instead.
[05/13 12:46:44] val_5-way-5-shot_acc: 79.380	0.669
[05/13 12:46:44] val_5-way-5-shot_auroc: 74.916	0.763
[05/13 12:46:44] val_5-way-5-shot_fscore: 67.015	0.740
[05/13 12:46:44] val_5-way-5-shot_tpr@tnr95: 18.612	1.284
[05/13 12:46:44] val_5-way-5-shot_osr: 56.645	0.619
[05/13 12:46:44] BEST ACC!
[05/13 12:46:44] BEST Auroc!
[05/13 12:46:45] BEST Fscore!
[05/13 12:46:45] BEST OSR Score!
[05/13 12:47:13] 
[05/13 12:47:13] epoch 3/20, iter 1200:
[05/13 12:47:13] train_loss: 1.76961
[05/13 12:47:13] train_acc: 0.953
[05/13 12:47:13] train_auroc: 0.910
[05/13 12:47:19] Summary name val_5-way-5-shot_tpr@tnr95 is illegal; using val_5-way-5-shot_tpr_tnr95 instead.
[05/13 12:47:19] val_5-way-5-shot_acc: 79.860	0.674
[05/13 12:47:19] val_5-way-5-shot_auroc: 74.981	0.772
[05/13 12:47:19] val_5-way-5-shot_fscore: 67.163	0.733
[05/13 12:47:19] val_5-way-5-shot_tpr@tnr95: 18.639	1.277
[05/13 12:47:19] val_5-way-5-shot_osr: 56.722	0.620
[05/13 12:47:19] BEST ACC!
[05/13 12:47:19] BEST Auroc!
[05/13 12:47:19] BEST Fscore!
[05/13 12:47:20] BEST OSR Score!
[05/13 12:47:46] 
[05/13 12:47:46] epoch 4/20, iter 1600:
[05/13 12:47:46] train_loss: 1.71174
[05/13 12:47:46] train_acc: 0.958
[05/13 12:47:46] train_auroc: 0.923
[05/13 12:47:52] Summary name val_5-way-5-shot_tpr@tnr95 is illegal; using val_5-way-5-shot_tpr_tnr95 instead.
[05/13 12:47:52] val_5-way-5-shot_acc: 80.180	0.648
[05/13 12:47:52] val_5-way-5-shot_auroc: 74.941	0.786
[05/13 12:47:52] val_5-way-5-shot_fscore: 66.978	0.752
[05/13 12:47:52] val_5-way-5-shot_tpr@tnr95: 18.862	1.304
[05/13 12:47:52] val_5-way-5-shot_osr: 56.821	0.632
[05/13 12:47:53] BEST ACC!
[05/13 12:47:53] BEST OSR Score!
[05/13 12:48:20] 
[05/13 12:48:20] epoch 5/20, iter 2000:
[05/13 12:48:20] train_loss: 1.66000
[05/13 12:48:20] train_acc: 0.962
[05/13 12:48:20] train_auroc: 0.932
[05/13 12:48:25] Summary name val_5-way-5-shot_tpr@tnr95 is illegal; using val_5-way-5-shot_tpr_tnr95 instead.
[05/13 12:48:25] val_5-way-5-shot_acc: 80.260	0.637
[05/13 12:48:25] val_5-way-5-shot_auroc: 74.736	0.799
[05/13 12:48:25] val_5-way-5-shot_fscore: 66.778	0.780
[05/13 12:48:25] val_5-way-5-shot_tpr@tnr95: 18.724	1.297
[05/13 12:48:25] val_5-way-5-shot_osr: 56.785	0.629
[05/13 12:48:26] BEST ACC!
[05/13 12:48:52] 
[05/13 12:48:52] epoch 6/20, iter 2400:
[05/13 12:48:52] train_loss: 1.61016
[05/13 12:48:52] train_acc: 0.965
[05/13 12:48:52] train_auroc: 0.939
[05/13 12:48:58] Summary name val_5-way-5-shot_tpr@tnr95 is illegal; using val_5-way-5-shot_tpr_tnr95 instead.
[05/13 12:48:58] val_5-way-5-shot_acc: 80.313	0.624
[05/13 12:48:58] val_5-way-5-shot_auroc: 74.252	0.805
[05/13 12:48:58] val_5-way-5-shot_fscore: 66.170	0.777
[05/13 12:48:58] val_5-way-5-shot_tpr@tnr95: 18.596	1.293
[05/13 12:48:58] val_5-way-5-shot_osr: 56.720	0.621
[05/13 12:48:58] BEST ACC!
[05/13 12:49:26] 
[05/13 12:49:26] epoch 7/20, iter 2800:
[05/13 12:49:26] train_loss: 1.56062
[05/13 12:49:26] train_acc: 0.969
[05/13 12:49:26] train_auroc: 0.945
[05/13 12:49:32] Summary name val_5-way-5-shot_tpr@tnr95 is illegal; using val_5-way-5-shot_tpr_tnr95 instead.
[05/13 12:49:32] val_5-way-5-shot_acc: 80.213	0.639
[05/13 12:49:32] val_5-way-5-shot_auroc: 73.761	0.819
[05/13 12:49:32] val_5-way-5-shot_fscore: 65.748	0.778
[05/13 12:49:32] val_5-way-5-shot_tpr@tnr95: 18.454	1.279
[05/13 12:49:32] val_5-way-5-shot_osr: 56.637	0.614
[05/13 12:50:00] 
[05/13 12:50:00] epoch 8/20, iter 3200:
[05/13 12:50:00] train_loss: 1.51018
[05/13 12:50:00] train_acc: 0.972
[05/13 12:50:00] train_auroc: 0.950
[05/13 12:50:05] Summary name val_5-way-5-shot_tpr@tnr95 is illegal; using val_5-way-5-shot_tpr_tnr95 instead.
[05/13 12:50:05] val_5-way-5-shot_acc: 80.187	0.624
[05/13 12:50:05] val_5-way-5-shot_auroc: 73.345	0.826
[05/13 12:50:05] val_5-way-5-shot_fscore: 65.348	0.757
[05/13 12:50:05] val_5-way-5-shot_tpr@tnr95: 18.426	1.260
[05/13 12:50:05] val_5-way-5-shot_osr: 56.598	0.608
[05/13 12:50:32] 
[05/13 12:50:32] epoch 9/20, iter 3600:
[05/13 12:50:32] train_loss: 1.45832
[05/13 12:50:32] train_acc: 0.975
[05/13 12:50:32] train_auroc: 0.954
[05/13 12:50:38] Summary name val_5-way-5-shot_tpr@tnr95 is illegal; using val_5-way-5-shot_tpr_tnr95 instead.
[05/13 12:50:38] val_5-way-5-shot_acc: 79.967	0.627
[05/13 12:50:38] val_5-way-5-shot_auroc: 72.853	0.832
[05/13 12:50:38] val_5-way-5-shot_fscore: 64.704	0.745
[05/13 12:50:38] val_5-way-5-shot_tpr@tnr95: 18.412	1.251
[05/13 12:50:38] val_5-way-5-shot_osr: 56.597	0.606
[05/13 12:51:06] 
[05/13 12:51:06] epoch 10/20, iter 4000:
[05/13 12:51:06] train_loss: 1.40491
[05/13 12:51:06] train_acc: 0.978
[05/13 12:51:06] train_auroc: 0.959
[05/13 12:51:12] Summary name val_5-way-5-shot_tpr@tnr95 is illegal; using val_5-way-5-shot_tpr_tnr95 instead.
[05/13 12:51:12] val_5-way-5-shot_acc: 79.813	0.643
[05/13 12:51:12] val_5-way-5-shot_auroc: 72.596	0.834
[05/13 12:51:12] val_5-way-5-shot_fscore: 64.385	0.731
[05/13 12:51:12] val_5-way-5-shot_tpr@tnr95: 18.371	1.226
[05/13 12:51:12] val_5-way-5-shot_osr: 56.591	0.593
[05/13 12:51:39] 
[05/13 12:51:39] epoch 11/20, iter 4400:
[05/13 12:51:39] train_loss: 1.36696
[05/13 12:51:39] train_acc: 0.980
[05/13 12:51:39] train_auroc: 0.962
[05/13 12:51:45] Summary name val_5-way-5-shot_tpr@tnr95 is illegal; using val_5-way-5-shot_tpr_tnr95 instead.
[05/13 12:51:45] val_5-way-5-shot_acc: 79.900	0.629
[05/13 12:51:45] val_5-way-5-shot_auroc: 71.506	0.834
[05/13 12:51:45] val_5-way-5-shot_fscore: 63.333	0.743
[05/13 12:51:45] val_5-way-5-shot_tpr@tnr95: 17.931	1.183
[05/13 12:51:45] val_5-way-5-shot_osr: 56.319	0.570
[05/13 12:52:13] 
[05/13 12:52:13] epoch 12/20, iter 4800:
[05/13 12:52:13] train_loss: 1.35690
[05/13 12:52:13] train_acc: 0.981
[05/13 12:52:13] train_auroc: 0.962
[05/13 12:52:19] Summary name val_5-way-5-shot_tpr@tnr95 is illegal; using val_5-way-5-shot_tpr_tnr95 instead.
[05/13 12:52:19] val_5-way-5-shot_acc: 79.987	0.623
[05/13 12:52:19] val_5-way-5-shot_auroc: 71.530	0.833
[05/13 12:52:19] val_5-way-5-shot_fscore: 63.393	0.744
[05/13 12:52:19] val_5-way-5-shot_tpr@tnr95: 18.052	1.195
[05/13 12:52:19] val_5-way-5-shot_osr: 56.380	0.573
[05/13 12:52:46] 
[05/13 12:52:46] epoch 13/20, iter 5200:
[05/13 12:52:46] train_loss: 1.34929
[05/13 12:52:46] train_acc: 0.981
[05/13 12:52:46] train_auroc: 0.963
[05/13 12:52:51] Summary name val_5-way-5-shot_tpr@tnr95 is illegal; using val_5-way-5-shot_tpr_tnr95 instead.
[05/13 12:52:51] val_5-way-5-shot_acc: 80.027	0.620
[05/13 12:52:51] val_5-way-5-shot_auroc: 71.500	0.832
[05/13 12:52:51] val_5-way-5-shot_fscore: 63.348	0.736
[05/13 12:52:51] val_5-way-5-shot_tpr@tnr95: 18.102	1.192
[05/13 12:52:51] val_5-way-5-shot_osr: 56.419	0.572
[05/13 12:53:18] 
[05/13 12:53:18] epoch 14/20, iter 5600:
[05/13 12:53:18] train_loss: 1.34225
[05/13 12:53:18] train_acc: 0.982
[05/13 12:53:18] train_auroc: 0.963
[05/13 12:53:24] Summary name val_5-way-5-shot_tpr@tnr95 is illegal; using val_5-way-5-shot_tpr_tnr95 instead.
[05/13 12:53:24] val_5-way-5-shot_acc: 79.973	0.629
[05/13 12:53:24] val_5-way-5-shot_auroc: 71.461	0.832
[05/13 12:53:24] val_5-way-5-shot_fscore: 63.341	0.739
[05/13 12:53:24] val_5-way-5-shot_tpr@tnr95: 18.096	1.182
[05/13 12:53:24] val_5-way-5-shot_osr: 56.412	0.567
[05/13 12:53:51] 
[05/13 12:53:51] epoch 15/20, iter 6000:
[05/13 12:53:51] train_loss: 1.33544
[05/13 12:53:51] train_acc: 0.982
[05/13 12:53:51] train_auroc: 0.964
[05/13 12:53:57] Summary name val_5-way-5-shot_tpr@tnr95 is illegal; using val_5-way-5-shot_tpr_tnr95 instead.
[05/13 12:53:57] val_5-way-5-shot_acc: 79.907	0.636
[05/13 12:53:57] val_5-way-5-shot_auroc: 71.426	0.832
[05/13 12:53:57] val_5-way-5-shot_fscore: 63.281	0.735
[05/13 12:53:57] val_5-way-5-shot_tpr@tnr95: 18.060	1.184
[05/13 12:53:57] val_5-way-5-shot_osr: 56.395	0.568
[05/13 12:54:24] 
[05/13 12:54:24] epoch 16/20, iter 6400:
[05/13 12:54:24] train_loss: 1.32875
[05/13 12:54:24] train_acc: 0.982
[05/13 12:54:24] train_auroc: 0.964
[05/13 12:54:30] Summary name val_5-way-5-shot_tpr@tnr95 is illegal; using val_5-way-5-shot_tpr_tnr95 instead.
[05/13 12:54:30] val_5-way-5-shot_acc: 79.860	0.635
[05/13 12:54:30] val_5-way-5-shot_auroc: 71.361	0.832
[05/13 12:54:30] val_5-way-5-shot_fscore: 63.230	0.733
[05/13 12:54:30] val_5-way-5-shot_tpr@tnr95: 18.052	1.179
[05/13 12:54:30] val_5-way-5-shot_osr: 56.400	0.566
[05/13 12:54:58] 
[05/13 12:54:58] epoch 17/20, iter 6800:
[05/13 12:54:58] train_loss: 1.32211
[05/13 12:54:58] train_acc: 0.983
[05/13 12:54:58] train_auroc: 0.965
[05/13 12:55:04] Summary name val_5-way-5-shot_tpr@tnr95 is illegal; using val_5-way-5-shot_tpr_tnr95 instead.
[05/13 12:55:04] val_5-way-5-shot_acc: 79.827	0.637
[05/13 12:55:04] val_5-way-5-shot_auroc: 71.317	0.832
[05/13 12:55:04] val_5-way-5-shot_fscore: 63.185	0.728
[05/13 12:55:04] val_5-way-5-shot_tpr@tnr95: 18.056	1.177
[05/13 12:55:04] val_5-way-5-shot_osr: 56.388	0.565
[05/13 12:55:31] 
[05/13 12:55:31] epoch 18/20, iter 7200:
[05/13 12:55:31] train_loss: 1.31556
[05/13 12:55:31] train_acc: 0.983
[05/13 12:55:31] train_auroc: 0.965
[05/13 12:55:36] Summary name val_5-way-5-shot_tpr@tnr95 is illegal; using val_5-way-5-shot_tpr_tnr95 instead.
[05/13 12:55:36] val_5-way-5-shot_acc: 79.767	0.637
[05/13 12:55:36] val_5-way-5-shot_auroc: 71.281	0.832
[05/13 12:55:36] val_5-way-5-shot_fscore: 63.133	0.731
[05/13 12:55:36] val_5-way-5-shot_tpr@tnr95: 18.019	1.178
[05/13 12:55:36] val_5-way-5-shot_osr: 56.356	0.565
[05/13 12:56:03] 
[05/13 12:56:03] epoch 19/20, iter 7600:
[05/13 12:56:03] train_loss: 1.31422
[05/13 12:56:03] train_acc: 0.983
[05/13 12:56:03] train_auroc: 0.965
[05/13 12:56:09] Summary name val_5-way-5-shot_tpr@tnr95 is illegal; using val_5-way-5-shot_tpr_tnr95 instead.
[05/13 12:56:09] val_5-way-5-shot_acc: 79.800	0.641
[05/13 12:56:09] val_5-way-5-shot_auroc: 71.256	0.822
[05/13 12:56:09] val_5-way-5-shot_fscore: 63.111	0.739
[05/13 12:56:09] val_5-way-5-shot_tpr@tnr95: 18.037	1.175
[05/13 12:56:09] val_5-way-5-shot_osr: 56.358	0.564
[05/13 12:56:37] 
[05/13 12:56:37] epoch 20/20, iter 8000:
[05/13 12:56:37] train_loss: 1.31127
[05/13 12:56:37] train_acc: 0.983
[05/13 12:56:37] train_auroc: 0.965
[05/13 12:56:43] Summary name val_5-way-5-shot_tpr@tnr95 is illegal; using val_5-way-5-shot_tpr_tnr95 instead.
[05/13 12:56:43] val_5-way-5-shot_acc: 79.840	0.638
[05/13 12:56:43] val_5-way-5-shot_auroc: 71.208	0.818
[05/13 12:56:43] val_5-way-5-shot_fscore: 63.067	0.743
[05/13 12:56:43] val_5-way-5-shot_tpr@tnr95: 18.019	1.167
[05/13 12:56:43] val_5-way-5-shot_osr: 56.336	0.558
[05/13 12:56:43] training finished!
[05/13 12:56:43] ------------------------
[05/13 12:56:43] the best epoch is 6/20
[05/13 12:56:43] the best 5-way 5-shot val acc is 80.313
[05/13 12:57:50] start training!
[05/13 12:58:17] 
[05/13 12:58:17] epoch 1/20, iter 400:
[05/13 12:58:17] train_loss: 1.95139
[05/13 12:58:17] train_acc: 0.933
[05/13 12:58:17] train_auroc: 0.842
[05/13 12:58:25] Summary name val_5-way-5-shot_tpr@tnr95 is illegal; using val_5-way-5-shot_tpr_tnr95 instead.
[05/13 12:58:25] val_5-way-5-shot_acc: 78.420	0.670
[05/13 12:58:25] val_5-way-5-shot_auroc: 73.931	0.762
[05/13 12:58:25] val_5-way-5-shot_fscore: 65.807	0.725
[05/13 12:58:25] val_5-way-5-shot_tpr@tnr95: 17.996	1.228
[05/13 12:58:25] val_5-way-5-shot_osr: 56.389	0.590
[05/13 12:58:25] BEST ACC!
[05/13 12:58:25] BEST Auroc!
[05/13 12:58:25] BEST Fscore!
[05/13 12:58:26] BEST OSR Score!
[05/13 12:58:52] 
[05/13 12:58:52] epoch 2/20, iter 800:
[05/13 12:58:52] train_loss: 1.82920
[05/13 12:58:52] train_acc: 0.946
[05/13 12:58:52] train_auroc: 0.887
[05/13 12:58:58] Summary name val_5-way-5-shot_tpr@tnr95 is illegal; using val_5-way-5-shot_tpr_tnr95 instead.
[05/13 12:58:58] val_5-way-5-shot_acc: 79.720	0.657
[05/13 12:58:58] val_5-way-5-shot_auroc: 73.971	0.755
[05/13 12:58:58] val_5-way-5-shot_fscore: 65.881	0.725
[05/13 12:58:58] val_5-way-5-shot_tpr@tnr95: 18.416	1.265
[05/13 12:58:58] val_5-way-5-shot_osr: 56.569	0.604
[05/13 12:58:58] BEST ACC!
[05/13 12:58:58] BEST Auroc!
[05/13 12:58:58] BEST Fscore!
[05/13 12:58:58] BEST OSR Score!
[05/13 12:59:25] 
[05/13 12:59:25] epoch 3/20, iter 1200:
[05/13 12:59:25] train_loss: 1.76428
[05/13 12:59:25] train_acc: 0.954
[05/13 12:59:25] train_auroc: 0.909
[05/13 12:59:31] Summary name val_5-way-5-shot_tpr@tnr95 is illegal; using val_5-way-5-shot_tpr_tnr95 instead.
[05/13 12:59:31] val_5-way-5-shot_acc: 80.047	0.659
[05/13 12:59:31] val_5-way-5-shot_auroc: 74.445	0.769
[05/13 12:59:31] val_5-way-5-shot_fscore: 66.511	0.753
[05/13 12:59:31] val_5-way-5-shot_tpr@tnr95: 18.394	1.279
[05/13 12:59:31] val_5-way-5-shot_osr: 56.587	0.613
[05/13 12:59:31] BEST ACC!
[05/13 12:59:31] BEST Auroc!
[05/13 12:59:31] BEST Fscore!
[05/13 12:59:32] BEST OSR Score!
[05/13 12:59:58] 
[05/13 12:59:58] epoch 4/20, iter 1600:
[05/13 12:59:58] train_loss: 1.70985
[05/13 12:59:58] train_acc: 0.957
[05/13 12:59:58] train_auroc: 0.922
[05/13 01:00:04] Summary name val_5-way-5-shot_tpr@tnr95 is illegal; using val_5-way-5-shot_tpr_tnr95 instead.
[05/13 01:00:04] val_5-way-5-shot_acc: 80.327	0.636
[05/13 01:00:04] val_5-way-5-shot_auroc: 74.764	0.783
[05/13 01:00:04] val_5-way-5-shot_fscore: 66.963	0.760
[05/13 01:00:04] val_5-way-5-shot_tpr@tnr95: 18.549	1.302
[05/13 01:00:04] val_5-way-5-shot_osr: 56.682	0.621
[05/13 01:00:04] BEST ACC!
[05/13 01:00:04] BEST Auroc!
[05/13 01:00:04] BEST Fscore!
[05/13 01:00:04] BEST OSR Score!
[05/13 01:00:31] 
[05/13 01:00:31] epoch 5/20, iter 2000:
[05/13 01:00:31] train_loss: 1.65913
[05/13 01:00:31] train_acc: 0.961
[05/13 01:00:31] train_auroc: 0.932
[05/13 01:00:37] Summary name val_5-way-5-shot_tpr@tnr95 is illegal; using val_5-way-5-shot_tpr_tnr95 instead.
[05/13 01:00:37] val_5-way-5-shot_acc: 80.407	0.630
[05/13 01:00:37] val_5-way-5-shot_auroc: 74.708	0.791
[05/13 01:00:37] val_5-way-5-shot_fscore: 66.822	0.762
[05/13 01:00:37] val_5-way-5-shot_tpr@tnr95: 18.631	1.283
[05/13 01:00:37] val_5-way-5-shot_osr: 56.703	0.615
[05/13 01:00:37] BEST ACC!
[05/13 01:00:37] BEST OSR Score!
[05/13 01:01:03] 
[05/13 01:01:03] epoch 6/20, iter 2400:
[05/13 01:01:03] train_loss: 1.60953
[05/13 01:01:03] train_acc: 0.965
[05/13 01:01:03] train_auroc: 0.939
[05/13 01:01:09] Summary name val_5-way-5-shot_tpr@tnr95 is illegal; using val_5-way-5-shot_tpr_tnr95 instead.
[05/13 01:01:09] val_5-way-5-shot_acc: 80.387	0.629
[05/13 01:01:09] val_5-way-5-shot_auroc: 74.511	0.806
[05/13 01:01:09] val_5-way-5-shot_fscore: 66.600	0.770
[05/13 01:01:09] val_5-way-5-shot_tpr@tnr95: 18.502	1.267
[05/13 01:01:09] val_5-way-5-shot_osr: 56.634	0.606
[05/13 01:01:35] 
[05/13 01:01:35] epoch 7/20, iter 2800:
[05/13 01:01:35] train_loss: 1.55960
[05/13 01:01:35] train_acc: 0.968
[05/13 01:01:35] train_auroc: 0.944
[05/13 01:01:40] Summary name val_5-way-5-shot_tpr@tnr95 is illegal; using val_5-way-5-shot_tpr_tnr95 instead.
[05/13 01:01:40] val_5-way-5-shot_acc: 80.320	0.627
[05/13 01:01:40] val_5-way-5-shot_auroc: 74.139	0.815
[05/13 01:01:40] val_5-way-5-shot_fscore: 66.289	0.768
[05/13 01:01:40] val_5-way-5-shot_tpr@tnr95: 18.342	1.265
[05/13 01:01:40] val_5-way-5-shot_osr: 56.582	0.600
[05/13 01:02:07] 
[05/13 01:02:07] epoch 8/20, iter 3200:
[05/13 01:02:07] train_loss: 1.50820
[05/13 01:02:07] train_acc: 0.972
[05/13 01:02:07] train_auroc: 0.950
[05/13 01:02:12] Summary name val_5-way-5-shot_tpr@tnr95 is illegal; using val_5-way-5-shot_tpr_tnr95 instead.
[05/13 01:02:12] val_5-way-5-shot_acc: 80.173	0.615
[05/13 01:02:12] val_5-way-5-shot_auroc: 73.787	0.830
[05/13 01:02:12] val_5-way-5-shot_fscore: 65.807	0.771
[05/13 01:02:12] val_5-way-5-shot_tpr@tnr95: 18.208	1.281
[05/13 01:02:12] val_5-way-5-shot_osr: 56.515	0.607
[05/13 01:02:39] 
[05/13 01:02:39] epoch 9/20, iter 3600:
[05/13 01:02:39] train_loss: 1.45540
[05/13 01:02:39] train_acc: 0.975
[05/13 01:02:39] train_auroc: 0.954
[05/13 01:02:45] Summary name val_5-way-5-shot_tpr@tnr95 is illegal; using val_5-way-5-shot_tpr_tnr95 instead.
[05/13 01:02:45] val_5-way-5-shot_acc: 79.987	0.625
[05/13 01:02:45] val_5-way-5-shot_auroc: 73.414	0.839
[05/13 01:02:45] val_5-way-5-shot_fscore: 65.467	0.774
[05/13 01:02:45] val_5-way-5-shot_tpr@tnr95: 18.219	1.285
[05/13 01:02:45] val_5-way-5-shot_osr: 56.523	0.614
[05/13 01:03:11] 
[05/13 01:03:11] epoch 10/20, iter 4000:
[05/13 01:03:11] train_loss: 1.40095
[05/13 01:03:11] train_acc: 0.979
[05/13 01:03:11] train_auroc: 0.958
[05/13 01:03:16] Summary name val_5-way-5-shot_tpr@tnr95 is illegal; using val_5-way-5-shot_tpr_tnr95 instead.
[05/13 01:03:16] val_5-way-5-shot_acc: 79.860	0.632
[05/13 01:03:16] val_5-way-5-shot_auroc: 72.992	0.846
[05/13 01:03:16] val_5-way-5-shot_fscore: 64.881	0.758
[05/13 01:03:16] val_5-way-5-shot_tpr@tnr95: 18.230	1.286
[05/13 01:03:16] val_5-way-5-shot_osr: 56.532	0.619
[05/13 01:03:43] 
[05/13 01:03:43] epoch 11/20, iter 4400:
[05/13 01:03:43] train_loss: 1.36019
[05/13 01:03:43] train_acc: 0.981
[05/13 01:03:43] train_auroc: 0.962
[05/13 01:03:48] Summary name val_5-way-5-shot_tpr@tnr95 is illegal; using val_5-way-5-shot_tpr_tnr95 instead.
[05/13 01:03:48] val_5-way-5-shot_acc: 80.027	0.624
[05/13 01:03:48] val_5-way-5-shot_auroc: 72.481	0.848
[05/13 01:03:48] val_5-way-5-shot_fscore: 64.274	0.776
[05/13 01:03:48] val_5-way-5-shot_tpr@tnr95: 18.165	1.221
[05/13 01:03:48] val_5-way-5-shot_osr: 56.494	0.586
[05/13 01:04:14] 
[05/13 01:04:14] epoch 12/20, iter 4800:
[05/13 01:04:14] train_loss: 1.34983
[05/13 01:04:14] train_acc: 0.982
[05/13 01:04:14] train_auroc: 0.963
[05/13 01:04:20] Summary name val_5-way-5-shot_tpr@tnr95 is illegal; using val_5-way-5-shot_tpr_tnr95 instead.
[05/13 01:04:20] val_5-way-5-shot_acc: 79.987	0.618
[05/13 01:04:20] val_5-way-5-shot_auroc: 72.548	0.850
[05/13 01:04:20] val_5-way-5-shot_fscore: 64.444	0.777
[05/13 01:04:20] val_5-way-5-shot_tpr@tnr95: 18.231	1.224
[05/13 01:04:20] val_5-way-5-shot_osr: 56.516	0.586
[05/13 01:04:45] 
[05/13 01:04:45] epoch 13/20, iter 5200:
[05/13 01:04:45] train_loss: 1.34231
[05/13 01:04:45] train_acc: 0.982
[05/13 01:04:45] train_auroc: 0.963
[05/13 01:04:51] Summary name val_5-way-5-shot_tpr@tnr95 is illegal; using val_5-way-5-shot_tpr_tnr95 instead.
[05/13 01:04:51] val_5-way-5-shot_acc: 79.973	0.621
[05/13 01:04:51] val_5-way-5-shot_auroc: 72.551	0.850
[05/13 01:04:51] val_5-way-5-shot_fscore: 64.452	0.781
[05/13 01:04:51] val_5-way-5-shot_tpr@tnr95: 18.266	1.215
[05/13 01:04:51] val_5-way-5-shot_osr: 56.530	0.581
[05/13 01:05:16] 
[05/13 01:05:16] epoch 14/20, iter 5600:
[05/13 01:05:16] train_loss: 1.33523
[05/13 01:05:16] train_acc: 0.983
[05/13 01:05:16] train_auroc: 0.964
[05/13 01:05:21] Summary name val_5-way-5-shot_tpr@tnr95 is illegal; using val_5-way-5-shot_tpr_tnr95 instead.
[05/13 01:05:21] val_5-way-5-shot_acc: 80.000	0.626
[05/13 01:05:21] val_5-way-5-shot_auroc: 72.535	0.851
[05/13 01:05:21] val_5-way-5-shot_fscore: 64.452	0.784
[05/13 01:05:21] val_5-way-5-shot_tpr@tnr95: 18.272	1.216
[05/13 01:05:21] val_5-way-5-shot_osr: 56.536	0.581
[05/13 01:05:46] 
[05/13 01:05:46] epoch 15/20, iter 6000:
[05/13 01:05:46] train_loss: 1.32838
[05/13 01:05:46] train_acc: 0.983
[05/13 01:05:46] train_auroc: 0.964
[05/13 01:05:52] Summary name val_5-way-5-shot_tpr@tnr95 is illegal; using val_5-way-5-shot_tpr_tnr95 instead.
[05/13 01:05:52] val_5-way-5-shot_acc: 79.993	0.626
[05/13 01:05:52] val_5-way-5-shot_auroc: 72.529	0.851
[05/13 01:05:52] val_5-way-5-shot_fscore: 64.437	0.793
[05/13 01:05:52] val_5-way-5-shot_tpr@tnr95: 18.319	1.217
[05/13 01:05:52] val_5-way-5-shot_osr: 56.554	0.582
[05/13 01:06:18] 
[05/13 01:06:18] epoch 16/20, iter 6400:
[05/13 01:06:18] train_loss: 1.32167
[05/13 01:06:18] train_acc: 0.983
[05/13 01:06:18] train_auroc: 0.965
[05/13 01:06:24] Summary name val_5-way-5-shot_tpr@tnr95 is illegal; using val_5-way-5-shot_tpr_tnr95 instead.
[05/13 01:06:24] val_5-way-5-shot_acc: 79.960	0.628
[05/13 01:06:24] val_5-way-5-shot_auroc: 72.521	0.851
[05/13 01:06:24] val_5-way-5-shot_fscore: 64.422	0.790
[05/13 01:06:24] val_5-way-5-shot_tpr@tnr95: 18.367	1.218
[05/13 01:06:24] val_5-way-5-shot_osr: 56.573	0.581
[05/13 01:06:50] 
[05/13 01:06:50] epoch 17/20, iter 6800:
[05/13 01:06:50] train_loss: 1.31500
[05/13 01:06:50] train_acc: 0.983
[05/13 01:06:50] train_auroc: 0.965
[05/13 01:06:55] Summary name val_5-way-5-shot_tpr@tnr95 is illegal; using val_5-way-5-shot_tpr_tnr95 instead.
[05/13 01:06:55] val_5-way-5-shot_acc: 79.960	0.627
[05/13 01:06:55] val_5-way-5-shot_auroc: 72.512	0.851
[05/13 01:06:55] val_5-way-5-shot_fscore: 64.363	0.786
[05/13 01:06:55] val_5-way-5-shot_tpr@tnr95: 18.358	1.214
[05/13 01:06:55] val_5-way-5-shot_osr: 56.571	0.579
[05/13 01:07:21] 
[05/13 01:07:21] epoch 18/20, iter 7200:
[05/13 01:07:21] train_loss: 1.30840
[05/13 01:07:21] train_acc: 0.984
[05/13 01:07:21] train_auroc: 0.966
[05/13 01:07:26] Summary name val_5-way-5-shot_tpr@tnr95 is illegal; using val_5-way-5-shot_tpr_tnr95 instead.
[05/13 01:07:26] val_5-way-5-shot_acc: 79.947	0.630
[05/13 01:07:26] val_5-way-5-shot_auroc: 72.488	0.851
[05/13 01:07:26] val_5-way-5-shot_fscore: 64.348	0.781
[05/13 01:07:26] val_5-way-5-shot_tpr@tnr95: 18.385	1.219
[05/13 01:07:26] val_5-way-5-shot_osr: 56.584	0.582
[05/13 01:07:53] 
[05/13 01:07:53] epoch 19/20, iter 7600:
[05/13 01:07:53] train_loss: 1.30678
[05/13 01:07:53] train_acc: 0.984
[05/13 01:07:53] train_auroc: 0.965
[05/13 01:07:59] Summary name val_5-way-5-shot_tpr@tnr95 is illegal; using val_5-way-5-shot_tpr_tnr95 instead.
[05/13 01:07:59] val_5-way-5-shot_acc: 79.927	0.626
[05/13 01:07:59] val_5-way-5-shot_auroc: 72.386	0.853
[05/13 01:07:59] val_5-way-5-shot_fscore: 64.304	0.791
[05/13 01:07:59] val_5-way-5-shot_tpr@tnr95: 18.287	1.210
[05/13 01:07:59] val_5-way-5-shot_osr: 56.533	0.577
[05/13 01:08:26] 
[05/13 01:08:26] epoch 20/20, iter 8000:
[05/13 01:08:26] train_loss: 1.30538
[05/13 01:08:26] train_acc: 0.984
[05/13 01:08:26] train_auroc: 0.965
[05/13 01:08:32] Summary name val_5-way-5-shot_tpr@tnr95 is illegal; using val_5-way-5-shot_tpr_tnr95 instead.
[05/13 01:08:32] val_5-way-5-shot_acc: 79.920	0.625
[05/13 01:08:32] val_5-way-5-shot_auroc: 72.329	0.853
[05/13 01:08:32] val_5-way-5-shot_fscore: 64.207	0.797
[05/13 01:08:32] val_5-way-5-shot_tpr@tnr95: 18.254	1.199
[05/13 01:08:32] val_5-way-5-shot_osr: 56.520	0.572
[05/13 01:08:32] training finished!
[05/13 01:08:32] ------------------------
[05/13 01:08:32] the best epoch is 5/20
[05/13 01:08:32] the best 5-way 5-shot val acc is 80.407
[05/13 01:09:50] start training!
[05/13 01:10:21] 
[05/13 01:10:21] epoch 1/20, iter 400:
[05/13 01:10:21] train_loss: 2.10789
[05/13 01:10:21] train_acc: 0.911
[05/13 01:10:21] train_auroc: 0.818
[05/13 01:10:31] Summary name val_5-way-5-shot_tpr@tnr95 is illegal; using val_5-way-5-shot_tpr_tnr95 instead.
[05/13 01:10:31] val_5-way-5-shot_acc: 77.580	0.691
[05/13 01:10:31] val_5-way-5-shot_auroc: 77.117	0.799
[05/13 01:10:31] val_5-way-5-shot_fscore: 67.556	0.827
[05/13 01:10:31] val_5-way-5-shot_tpr@tnr95: 23.990	1.486
[05/13 01:10:31] val_5-way-5-shot_osr: 59.429	0.723
[05/13 01:10:31] BEST ACC!
[05/13 01:10:31] BEST Auroc!
[05/13 01:10:31] BEST Fscore!
[05/13 01:10:31] BEST OSR Score!
[05/13 01:11:01] 
[05/13 01:11:01] epoch 2/20, iter 800:
[05/13 01:11:01] train_loss: 1.86400
[05/13 01:11:01] train_acc: 0.928
[05/13 01:11:01] train_auroc: 0.862
[05/13 01:11:10] Summary name val_5-way-5-shot_tpr@tnr95 is illegal; using val_5-way-5-shot_tpr_tnr95 instead.
[05/13 01:11:10] val_5-way-5-shot_acc: 77.773	0.733
[05/13 01:11:10] val_5-way-5-shot_auroc: 77.752	0.758
[05/13 01:11:10] val_5-way-5-shot_fscore: 68.111	0.750
[05/13 01:11:10] val_5-way-5-shot_tpr@tnr95: 24.030	1.609
[05/13 01:11:10] val_5-way-5-shot_osr: 59.356	0.784
[05/13 01:11:10] BEST ACC!
[05/13 01:11:10] BEST Auroc!
[05/13 01:11:10] BEST Fscore!
[05/13 01:11:40] 
[05/13 01:11:40] epoch 3/20, iter 1200:
[05/13 01:11:40] train_loss: 1.79069
[05/13 01:11:40] train_acc: 0.940
[05/13 01:11:40] train_auroc: 0.887
[05/13 01:11:46] Summary name val_5-way-5-shot_tpr@tnr95 is illegal; using val_5-way-5-shot_tpr_tnr95 instead.
[05/13 01:11:46] val_5-way-5-shot_acc: 77.773	0.725
[05/13 01:11:46] val_5-way-5-shot_auroc: 78.328	0.741
[05/13 01:11:46] val_5-way-5-shot_fscore: 68.985	0.723
[05/13 01:11:46] val_5-way-5-shot_tpr@tnr95: 23.647	1.654
[05/13 01:11:46] val_5-way-5-shot_osr: 59.236	0.805
[05/13 01:11:47] BEST Auroc!
[05/13 01:11:47] BEST Fscore!
[05/13 01:12:17] 
[05/13 01:12:17] epoch 4/20, iter 1600:
[05/13 01:12:17] train_loss: 1.73143
[05/13 01:12:17] train_acc: 0.947
[05/13 01:12:17] train_auroc: 0.903
[05/13 01:12:23] Summary name val_5-way-5-shot_tpr@tnr95 is illegal; using val_5-way-5-shot_tpr_tnr95 instead.
[05/13 01:12:23] val_5-way-5-shot_acc: 77.800	0.740
[05/13 01:12:23] val_5-way-5-shot_auroc: 78.690	0.720
[05/13 01:12:23] val_5-way-5-shot_fscore: 69.304	0.699
[05/13 01:12:23] val_5-way-5-shot_tpr@tnr95: 23.752	1.647
[05/13 01:12:23] val_5-way-5-shot_osr: 59.268	0.806
[05/13 01:12:23] BEST ACC!
[05/13 01:12:23] BEST Auroc!
[05/13 01:12:24] BEST Fscore!
[05/13 01:12:53] 
[05/13 01:12:53] epoch 5/20, iter 2000:
[05/13 01:12:53] train_loss: 1.67701
[05/13 01:12:53] train_acc: 0.953
[05/13 01:12:53] train_auroc: 0.915
[05/13 01:13:00] Summary name val_5-way-5-shot_tpr@tnr95 is illegal; using val_5-way-5-shot_tpr_tnr95 instead.
[05/13 01:13:00] val_5-way-5-shot_acc: 77.847	0.727
[05/13 01:13:00] val_5-way-5-shot_auroc: 78.812	0.708
[05/13 01:13:00] val_5-way-5-shot_fscore: 69.363	0.685
[05/13 01:13:00] val_5-way-5-shot_tpr@tnr95: 24.027	1.638
[05/13 01:13:00] val_5-way-5-shot_osr: 59.421	0.801
[05/13 01:13:00] BEST ACC!
[05/13 01:13:00] BEST Auroc!
[05/13 01:13:00] BEST Fscore!
[05/13 01:13:30] 
[05/13 01:13:30] epoch 6/20, iter 2400:
[05/13 01:13:30] train_loss: 1.62422
[05/13 01:13:30] train_acc: 0.958
[05/13 01:13:30] train_auroc: 0.924
[05/13 01:13:36] Summary name val_5-way-5-shot_tpr@tnr95 is illegal; using val_5-way-5-shot_tpr_tnr95 instead.
[05/13 01:13:36] val_5-way-5-shot_acc: 77.827	0.732
[05/13 01:13:36] val_5-way-5-shot_auroc: 78.933	0.694
[05/13 01:13:36] val_5-way-5-shot_fscore: 69.533	0.676
[05/13 01:13:36] val_5-way-5-shot_tpr@tnr95: 24.278	1.636
[05/13 01:13:36] val_5-way-5-shot_osr: 59.566	0.801
[05/13 01:13:37] BEST Auroc!
[05/13 01:13:37] BEST Fscore!
[05/13 01:13:37] BEST OSR Score!
[05/13 01:14:07] 
[05/13 01:14:07] epoch 7/20, iter 2800:
[05/13 01:14:07] train_loss: 1.57097
[05/13 01:14:07] train_acc: 0.963
[05/13 01:14:07] train_auroc: 0.932
[05/13 01:14:13] Summary name val_5-way-5-shot_tpr@tnr95 is illegal; using val_5-way-5-shot_tpr_tnr95 instead.
[05/13 01:14:13] val_5-way-5-shot_acc: 77.953	0.729
[05/13 01:14:13] val_5-way-5-shot_auroc: 78.771	0.680
[05/13 01:14:13] val_5-way-5-shot_fscore: 69.400	0.671
[05/13 01:14:13] val_5-way-5-shot_tpr@tnr95: 24.218	1.608
[05/13 01:14:13] val_5-way-5-shot_osr: 59.562	0.785
[05/13 01:14:13] BEST ACC!
[05/13 01:14:44] 
[05/13 01:14:44] epoch 8/20, iter 3200:
[05/13 01:14:44] train_loss: 1.51644
[05/13 01:14:44] train_acc: 0.967
[05/13 01:14:44] train_auroc: 0.939
[05/13 01:14:50] Summary name val_5-way-5-shot_tpr@tnr95 is illegal; using val_5-way-5-shot_tpr_tnr95 instead.
[05/13 01:14:50] val_5-way-5-shot_acc: 77.780	0.739
[05/13 01:14:50] val_5-way-5-shot_auroc: 78.547	0.666
[05/13 01:14:50] val_5-way-5-shot_fscore: 69.207	0.659
[05/13 01:14:50] val_5-way-5-shot_tpr@tnr95: 24.203	1.567
[05/13 01:14:50] val_5-way-5-shot_osr: 59.560	0.764
[05/13 01:15:21] 
[05/13 01:15:21] epoch 9/20, iter 3600:
[05/13 01:15:21] train_loss: 1.46016
[05/13 01:15:21] train_acc: 0.971
[05/13 01:15:21] train_auroc: 0.945
[05/13 01:15:27] Summary name val_5-way-5-shot_tpr@tnr95 is illegal; using val_5-way-5-shot_tpr_tnr95 instead.
[05/13 01:15:27] val_5-way-5-shot_acc: 77.640	0.745
[05/13 01:15:27] val_5-way-5-shot_auroc: 78.365	0.654
[05/13 01:15:27] val_5-way-5-shot_fscore: 68.867	0.637
[05/13 01:15:27] val_5-way-5-shot_tpr@tnr95: 24.151	1.533
[05/13 01:15:27] val_5-way-5-shot_osr: 59.560	0.750
[05/13 01:15:56] 
[05/13 01:15:56] epoch 10/20, iter 4000:
[05/13 01:15:56] train_loss: 1.40228
[05/13 01:15:57] train_acc: 0.974
[05/13 01:15:57] train_auroc: 0.951
[05/13 01:16:03] Summary name val_5-way-5-shot_tpr@tnr95 is illegal; using val_5-way-5-shot_tpr_tnr95 instead.
[05/13 01:16:03] val_5-way-5-shot_acc: 77.573	0.746
[05/13 01:16:03] val_5-way-5-shot_auroc: 77.979	0.643
[05/13 01:16:03] val_5-way-5-shot_fscore: 68.363	0.630
[05/13 01:16:03] val_5-way-5-shot_tpr@tnr95: 23.977	1.489
[05/13 01:16:03] val_5-way-5-shot_osr: 59.480	0.733
[05/13 01:16:33] 
[05/13 01:16:33] epoch 11/20, iter 4400:
[05/13 01:16:33] train_loss: 1.35830
[05/13 01:16:33] train_acc: 0.978
[05/13 01:16:33] train_auroc: 0.955
[05/13 01:16:39] Summary name val_5-way-5-shot_tpr@tnr95 is illegal; using val_5-way-5-shot_tpr_tnr95 instead.
[05/13 01:16:39] val_5-way-5-shot_acc: 77.773	0.750
[05/13 01:16:39] val_5-way-5-shot_auroc: 77.449	0.639
[05/13 01:16:39] val_5-way-5-shot_fscore: 67.926	0.646
[05/13 01:16:39] val_5-way-5-shot_tpr@tnr95: 23.506	1.451
[05/13 01:16:39] val_5-way-5-shot_osr: 59.191	0.714
[05/13 01:17:08] 
[05/13 01:17:08] epoch 12/20, iter 4800:
[05/13 01:17:08] train_loss: 1.34706
[05/13 01:17:08] train_acc: 0.978
[05/13 01:17:08] train_auroc: 0.956
[05/13 01:17:14] Summary name val_5-way-5-shot_tpr@tnr95 is illegal; using val_5-way-5-shot_tpr_tnr95 instead.
[05/13 01:17:14] val_5-way-5-shot_acc: 77.733	0.762
[05/13 01:17:14] val_5-way-5-shot_auroc: 77.309	0.637
[05/13 01:17:14] val_5-way-5-shot_fscore: 67.830	0.649
[05/13 01:17:14] val_5-way-5-shot_tpr@tnr95: 23.322	1.441
[05/13 01:17:14] val_5-way-5-shot_osr: 59.104	0.710
[05/13 01:17:43] 
[05/13 01:17:43] epoch 13/20, iter 5200:
[05/13 01:17:43] train_loss: 1.33886
[05/13 01:17:43] train_acc: 0.978
[05/13 01:17:43] train_auroc: 0.957
[05/13 01:17:49] Summary name val_5-way-5-shot_tpr@tnr95 is illegal; using val_5-way-5-shot_tpr_tnr95 instead.
[05/13 01:17:49] val_5-way-5-shot_acc: 77.653	0.760
[05/13 01:17:49] val_5-way-5-shot_auroc: 77.214	0.637
[05/13 01:17:49] val_5-way-5-shot_fscore: 67.793	0.644
[05/13 01:17:49] val_5-way-5-shot_tpr@tnr95: 23.192	1.429
[05/13 01:17:49] val_5-way-5-shot_osr: 59.038	0.704
[05/13 01:18:20] 
[05/13 01:18:20] epoch 14/20, iter 5600:
[05/13 01:18:20] train_loss: 1.33128
[05/13 01:18:20] train_acc: 0.979
[05/13 01:18:20] train_auroc: 0.958
[05/13 01:18:28] Summary name val_5-way-5-shot_tpr@tnr95 is illegal; using val_5-way-5-shot_tpr_tnr95 instead.
[05/13 01:18:28] val_5-way-5-shot_acc: 77.607	0.769
[05/13 01:18:28] val_5-way-5-shot_auroc: 77.158	0.636
[05/13 01:18:28] val_5-way-5-shot_fscore: 67.785	0.637
[05/13 01:18:28] val_5-way-5-shot_tpr@tnr95: 23.148	1.418
[05/13 01:18:28] val_5-way-5-shot_osr: 59.017	0.699
[05/13 01:18:58] 
[05/13 01:18:58] epoch 15/20, iter 6000:
[05/13 01:18:58] train_loss: 1.32393
[05/13 01:18:58] train_acc: 0.980
[05/13 01:18:58] train_auroc: 0.958
[05/13 01:19:04] Summary name val_5-way-5-shot_tpr@tnr95 is illegal; using val_5-way-5-shot_tpr_tnr95 instead.
[05/13 01:19:04] val_5-way-5-shot_acc: 77.613	0.759
[05/13 01:19:04] val_5-way-5-shot_auroc: 77.095	0.636
[05/13 01:19:04] val_5-way-5-shot_fscore: 67.748	0.638
[05/13 01:19:04] val_5-way-5-shot_tpr@tnr95: 23.095	1.415
[05/13 01:19:04] val_5-way-5-shot_osr: 59.004	0.698
[05/13 01:19:33] 
[05/13 01:19:33] epoch 16/20, iter 6400:
[05/13 01:19:33] train_loss: 1.31673
[05/13 01:19:33] train_acc: 0.980
[05/13 01:19:33] train_auroc: 0.959
[05/13 01:19:40] Summary name val_5-way-5-shot_tpr@tnr95 is illegal; using val_5-way-5-shot_tpr_tnr95 instead.
[05/13 01:19:40] val_5-way-5-shot_acc: 77.627	0.754
[05/13 01:19:40] val_5-way-5-shot_auroc: 77.023	0.635
[05/13 01:19:40] val_5-way-5-shot_fscore: 67.748	0.638
[05/13 01:19:40] val_5-way-5-shot_tpr@tnr95: 23.041	1.409
[05/13 01:19:40] val_5-way-5-shot_osr: 58.984	0.694
[05/13 01:20:10] 
[05/13 01:20:10] epoch 17/20, iter 6800:
[05/13 01:20:10] train_loss: 1.30961
[05/13 01:20:10] train_acc: 0.980
[05/13 01:20:10] train_auroc: 0.960
[05/13 01:20:16] Summary name val_5-way-5-shot_tpr@tnr95 is illegal; using val_5-way-5-shot_tpr_tnr95 instead.
[05/13 01:20:16] val_5-way-5-shot_acc: 77.653	0.763
[05/13 01:20:16] val_5-way-5-shot_auroc: 76.955	0.635
[05/13 01:20:16] val_5-way-5-shot_fscore: 67.733	0.631
[05/13 01:20:16] val_5-way-5-shot_tpr@tnr95: 22.966	1.405
[05/13 01:20:16] val_5-way-5-shot_osr: 58.938	0.693
[05/13 01:20:45] 
[05/13 01:20:45] epoch 18/20, iter 7200:
[05/13 01:20:45] train_loss: 1.30256
[05/13 01:20:45] train_acc: 0.981
[05/13 01:20:45] train_auroc: 0.960
[05/13 01:20:51] Summary name val_5-way-5-shot_tpr@tnr95 is illegal; using val_5-way-5-shot_tpr_tnr95 instead.
[05/13 01:20:51] val_5-way-5-shot_acc: 77.613	0.762
[05/13 01:20:51] val_5-way-5-shot_auroc: 76.878	0.635
[05/13 01:20:51] val_5-way-5-shot_fscore: 67.667	0.634
[05/13 01:20:51] val_5-way-5-shot_tpr@tnr95: 22.837	1.403
[05/13 01:20:51] val_5-way-5-shot_osr: 58.878	0.691
[05/13 01:21:20] 
[05/13 01:21:20] epoch 19/20, iter 7600:
[05/13 01:21:20] train_loss: 1.30356
[05/13 01:21:20] train_acc: 0.981
[05/13 01:21:20] train_auroc: 0.960
[05/13 01:21:27] Summary name val_5-way-5-shot_tpr@tnr95 is illegal; using val_5-way-5-shot_tpr_tnr95 instead.
[05/13 01:21:27] val_5-way-5-shot_acc: 77.453	0.762
[05/13 01:21:27] val_5-way-5-shot_auroc: 76.713	0.628
[05/13 01:21:27] val_5-way-5-shot_fscore: 67.474	0.637
[05/13 01:21:27] val_5-way-5-shot_tpr@tnr95: 22.572	1.401
[05/13 01:21:27] val_5-way-5-shot_osr: 58.733	0.692
[05/13 01:21:57] 
[05/13 01:21:57] epoch 20/20, iter 8000:
[05/13 01:21:57] train_loss: 1.29877
[05/13 01:21:57] train_acc: 0.981
[05/13 01:21:57] train_auroc: 0.961
[05/13 01:22:03] Summary name val_5-way-5-shot_tpr@tnr95 is illegal; using val_5-way-5-shot_tpr_tnr95 instead.
[05/13 01:22:03] val_5-way-5-shot_acc: 77.493	0.754
[05/13 01:22:03] val_5-way-5-shot_auroc: 76.602	0.630
[05/13 01:22:03] val_5-way-5-shot_fscore: 67.385	0.639
[05/13 01:22:03] val_5-way-5-shot_tpr@tnr95: 22.508	1.407
[05/13 01:22:03] val_5-way-5-shot_osr: 58.707	0.694
[05/13 01:22:03] training finished!
[05/13 01:22:03] ------------------------
[05/13 01:22:03] the best epoch is 7/20
[05/13 01:22:03] the best 5-way 5-shot val acc is 77.953
[05/13 01:23:12] start training!
[05/13 01:23:42] 
[05/13 01:23:42] epoch 1/20, iter 400:
[05/13 01:23:42] train_loss: 2.10359
[05/13 01:23:42] train_acc: 0.913
[05/13 01:23:42] train_auroc: 0.817
[05/13 01:23:49] Summary name val_5-way-5-shot_tpr@tnr95 is illegal; using val_5-way-5-shot_tpr_tnr95 instead.
[05/13 01:23:49] val_5-way-5-shot_acc: 77.687	0.700
[05/13 01:23:49] val_5-way-5-shot_auroc: 76.848	0.799
[05/13 01:23:49] val_5-way-5-shot_fscore: 67.200	0.828
[05/13 01:23:49] val_5-way-5-shot_tpr@tnr95: 23.620	1.512
[05/13 01:23:49] val_5-way-5-shot_osr: 59.176	0.737
[05/13 01:23:49] BEST ACC!
[05/13 01:23:49] BEST Auroc!
[05/13 01:23:49] BEST Fscore!
[05/13 01:23:49] BEST OSR Score!
[05/13 01:24:16] 
[05/13 01:24:16] epoch 2/20, iter 800:
[05/13 01:24:16] train_loss: 1.86694
[05/13 01:24:16] train_acc: 0.930
[05/13 01:24:16] train_auroc: 0.863
[05/13 01:24:22] Summary name val_5-way-5-shot_tpr@tnr95 is illegal; using val_5-way-5-shot_tpr_tnr95 instead.
[05/13 01:24:22] val_5-way-5-shot_acc: 77.780	0.713
[05/13 01:24:22] val_5-way-5-shot_auroc: 77.301	0.752
[05/13 01:24:22] val_5-way-5-shot_fscore: 67.770	0.746
[05/13 01:24:22] val_5-way-5-shot_tpr@tnr95: 23.532	1.618
[05/13 01:24:22] val_5-way-5-shot_osr: 59.136	0.794
[05/13 01:24:23] BEST ACC!
[05/13 01:24:23] BEST Auroc!
[05/13 01:24:23] BEST Fscore!
[05/13 01:24:50] 
[05/13 01:24:50] epoch 3/20, iter 1200:
[05/13 01:24:50] train_loss: 1.79538
[05/13 01:24:50] train_acc: 0.940
[05/13 01:24:50] train_auroc: 0.887
[05/13 01:24:56] Summary name val_5-way-5-shot_tpr@tnr95 is illegal; using val_5-way-5-shot_tpr_tnr95 instead.
[05/13 01:24:56] val_5-way-5-shot_acc: 77.860	0.751
[05/13 01:24:56] val_5-way-5-shot_auroc: 77.635	0.740
[05/13 01:24:56] val_5-way-5-shot_fscore: 68.267	0.746
[05/13 01:24:56] val_5-way-5-shot_tpr@tnr95: 22.936	1.638
[05/13 01:24:56] val_5-way-5-shot_osr: 58.855	0.799
[05/13 01:24:56] BEST ACC!
[05/13 01:24:56] BEST Auroc!
[05/13 01:24:56] BEST Fscore!
[05/13 01:25:24] 
[05/13 01:25:24] epoch 4/20, iter 1600:
[05/13 01:25:24] train_loss: 1.73745
[05/13 01:25:24] train_acc: 0.948
[05/13 01:25:24] train_auroc: 0.903
[05/13 01:25:30] Summary name val_5-way-5-shot_tpr@tnr95 is illegal; using val_5-way-5-shot_tpr_tnr95 instead.
[05/13 01:25:30] val_5-way-5-shot_acc: 77.940	0.753
[05/13 01:25:30] val_5-way-5-shot_auroc: 78.136	0.725
[05/13 01:25:30] val_5-way-5-shot_fscore: 68.956	0.697
[05/13 01:25:30] val_5-way-5-shot_tpr@tnr95: 23.198	1.654
[05/13 01:25:30] val_5-way-5-shot_osr: 58.991	0.807
[05/13 01:25:30] BEST ACC!
[05/13 01:25:30] BEST Auroc!
[05/13 01:25:31] BEST Fscore!
[05/13 01:25:57] 
[05/13 01:25:57] epoch 5/20, iter 2000:
[05/13 01:25:57] train_loss: 1.68488
[05/13 01:25:57] train_acc: 0.954
[05/13 01:25:57] train_auroc: 0.915
[05/13 01:26:03] Summary name val_5-way-5-shot_tpr@tnr95 is illegal; using val_5-way-5-shot_tpr_tnr95 instead.
[05/13 01:26:03] val_5-way-5-shot_acc: 77.887	0.760
[05/13 01:26:03] val_5-way-5-shot_auroc: 78.354	0.710
[05/13 01:26:03] val_5-way-5-shot_fscore: 69.096	0.693
[05/13 01:26:03] val_5-way-5-shot_tpr@tnr95: 23.230	1.632
[05/13 01:26:03] val_5-way-5-shot_osr: 59.056	0.804
[05/13 01:26:03] BEST Auroc!
[05/13 01:26:03] BEST Fscore!
[05/13 01:26:31] 
[05/13 01:26:31] epoch 6/20, iter 2400:
[05/13 01:26:31] train_loss: 1.63377
[05/13 01:26:31] train_acc: 0.959
[05/13 01:26:31] train_auroc: 0.925
[05/13 01:26:37] Summary name val_5-way-5-shot_tpr@tnr95 is illegal; using val_5-way-5-shot_tpr_tnr95 instead.
[05/13 01:26:37] val_5-way-5-shot_acc: 77.973	0.755
[05/13 01:26:37] val_5-way-5-shot_auroc: 78.577	0.695
[05/13 01:26:37] val_5-way-5-shot_fscore: 69.400	0.685
[05/13 01:26:37] val_5-way-5-shot_tpr@tnr95: 23.541	1.631
[05/13 01:26:37] val_5-way-5-shot_osr: 59.222	0.802
[05/13 01:26:37] BEST ACC!
[05/13 01:26:37] BEST Auroc!
[05/13 01:26:37] BEST Fscore!
[05/13 01:26:38] BEST OSR Score!
[05/13 01:27:05] 
[05/13 01:27:05] epoch 7/20, iter 2800:
[05/13 01:27:05] train_loss: 1.58250
[05/13 01:27:05] train_acc: 0.963
[05/13 01:27:05] train_auroc: 0.933
[05/13 01:27:11] Summary name val_5-way-5-shot_tpr@tnr95 is illegal; using val_5-way-5-shot_tpr_tnr95 instead.
[05/13 01:27:11] val_5-way-5-shot_acc: 77.900	0.747
[05/13 01:27:11] val_5-way-5-shot_auroc: 78.754	0.676
[05/13 01:27:11] val_5-way-5-shot_fscore: 69.563	0.652
[05/13 01:27:11] val_5-way-5-shot_tpr@tnr95: 23.839	1.623
[05/13 01:27:11] val_5-way-5-shot_osr: 59.376	0.797
[05/13 01:27:11] BEST Auroc!
[05/13 01:27:11] BEST Fscore!
[05/13 01:27:11] BEST OSR Score!
[05/13 01:27:38] 
[05/13 01:27:38] epoch 8/20, iter 3200:
[05/13 01:27:38] train_loss: 1.53017
[05/13 01:27:38] train_acc: 0.968
[05/13 01:27:38] train_auroc: 0.940
[05/13 01:27:44] Summary name val_5-way-5-shot_tpr@tnr95 is illegal; using val_5-way-5-shot_tpr_tnr95 instead.
[05/13 01:27:44] val_5-way-5-shot_acc: 77.807	0.734
[05/13 01:27:44] val_5-way-5-shot_auroc: 78.581	0.665
[05/13 01:27:44] val_5-way-5-shot_fscore: 69.526	0.652
[05/13 01:27:44] val_5-way-5-shot_tpr@tnr95: 23.846	1.576
[05/13 01:27:44] val_5-way-5-shot_osr: 59.376	0.777
[05/13 01:28:10] 
[05/13 01:28:10] epoch 9/20, iter 3600:
[05/13 01:28:10] train_loss: 1.47633
[05/13 01:28:10] train_acc: 0.972
[05/13 01:28:10] train_auroc: 0.946
[05/13 01:28:16] Summary name val_5-way-5-shot_tpr@tnr95 is illegal; using val_5-way-5-shot_tpr_tnr95 instead.
[05/13 01:28:16] val_5-way-5-shot_acc: 77.687	0.746
[05/13 01:28:16] val_5-way-5-shot_auroc: 78.380	0.655
[05/13 01:28:16] val_5-way-5-shot_fscore: 69.267	0.635
[05/13 01:28:16] val_5-way-5-shot_tpr@tnr95: 23.617	1.538
[05/13 01:28:16] val_5-way-5-shot_osr: 59.260	0.756
[05/13 01:28:43] 
[05/13 01:28:43] epoch 10/20, iter 4000:
[05/13 01:28:43] train_loss: 1.42064
[05/13 01:28:43] train_acc: 0.975
[05/13 01:28:43] train_auroc: 0.952
[05/13 01:28:49] Summary name val_5-way-5-shot_tpr@tnr95 is illegal; using val_5-way-5-shot_tpr_tnr95 instead.
[05/13 01:28:49] val_5-way-5-shot_acc: 77.660	0.725
[05/13 01:28:49] val_5-way-5-shot_auroc: 78.276	0.643
[05/13 01:28:49] val_5-way-5-shot_fscore: 69.185	0.636
[05/13 01:28:49] val_5-way-5-shot_tpr@tnr95: 23.586	1.500
[05/13 01:28:49] val_5-way-5-shot_osr: 59.223	0.742
[05/13 01:29:17] 
[05/13 01:29:17] epoch 11/20, iter 4400:
[05/13 01:29:17] train_loss: 1.38088
[05/13 01:29:17] train_acc: 0.978
[05/13 01:29:17] train_auroc: 0.956
[05/13 01:29:23] Summary name val_5-way-5-shot_tpr@tnr95 is illegal; using val_5-way-5-shot_tpr_tnr95 instead.
[05/13 01:29:23] val_5-way-5-shot_acc: 77.887	0.741
[05/13 01:29:23] val_5-way-5-shot_auroc: 77.898	0.630
[05/13 01:29:23] val_5-way-5-shot_fscore: 68.696	0.635
[05/13 01:29:23] val_5-way-5-shot_tpr@tnr95: 23.063	1.440
[05/13 01:29:23] val_5-way-5-shot_osr: 58.957	0.713
[05/13 01:29:50] 
[05/13 01:29:50] epoch 12/20, iter 4800:
[05/13 01:29:50] train_loss: 1.37006
[05/13 01:29:50] train_acc: 0.978
[05/13 01:29:50] train_auroc: 0.957
[05/13 01:29:56] Summary name val_5-way-5-shot_tpr@tnr95 is illegal; using val_5-way-5-shot_tpr_tnr95 instead.
[05/13 01:29:57] val_5-way-5-shot_acc: 77.907	0.741
[05/13 01:29:57] val_5-way-5-shot_auroc: 77.751	0.629
[05/13 01:29:57] val_5-way-5-shot_fscore: 68.504	0.620
[05/13 01:29:57] val_5-way-5-shot_tpr@tnr95: 22.927	1.433
[05/13 01:29:57] val_5-way-5-shot_osr: 58.891	0.707
[05/13 01:30:24] 
[05/13 01:30:24] epoch 13/20, iter 5200:
[05/13 01:30:24] train_loss: 1.36207
[05/13 01:30:24] train_acc: 0.979
[05/13 01:30:24] train_auroc: 0.958
[05/13 01:30:30] Summary name val_5-way-5-shot_tpr@tnr95 is illegal; using val_5-way-5-shot_tpr_tnr95 instead.
[05/13 01:30:30] val_5-way-5-shot_acc: 77.913	0.736
[05/13 01:30:30] val_5-way-5-shot_auroc: 77.674	0.629
[05/13 01:30:30] val_5-way-5-shot_fscore: 68.452	0.620
[05/13 01:30:30] val_5-way-5-shot_tpr@tnr95: 22.808	1.426
[05/13 01:30:30] val_5-way-5-shot_osr: 58.830	0.703
[05/13 01:30:57] 
[05/13 01:30:57] epoch 14/20, iter 5600:
[05/13 01:30:57] train_loss: 1.35469
[05/13 01:30:57] train_acc: 0.979
[05/13 01:30:57] train_auroc: 0.959
[05/13 01:31:03] Summary name val_5-way-5-shot_tpr@tnr95 is illegal; using val_5-way-5-shot_tpr_tnr95 instead.
[05/13 01:31:03] val_5-way-5-shot_acc: 77.900	0.740
[05/13 01:31:03] val_5-way-5-shot_auroc: 77.642	0.627
[05/13 01:31:03] val_5-way-5-shot_fscore: 68.489	0.620
[05/13 01:31:03] val_5-way-5-shot_tpr@tnr95: 22.721	1.421
[05/13 01:31:03] val_5-way-5-shot_osr: 58.785	0.699
[05/13 01:31:30] 
[05/13 01:31:31] epoch 15/20, iter 6000:
[05/13 01:31:31] train_loss: 1.34749
[05/13 01:31:31] train_acc: 0.980
[05/13 01:31:31] train_auroc: 0.959
[05/13 01:31:36] Summary name val_5-way-5-shot_tpr@tnr95 is illegal; using val_5-way-5-shot_tpr_tnr95 instead.
[05/13 01:31:36] val_5-way-5-shot_acc: 77.860	0.742
[05/13 01:31:36] val_5-way-5-shot_auroc: 77.594	0.627
[05/13 01:31:36] val_5-way-5-shot_fscore: 68.400	0.610
[05/13 01:31:36] val_5-way-5-shot_tpr@tnr95: 22.662	1.417
[05/13 01:31:36] val_5-way-5-shot_osr: 58.754	0.697
[05/13 01:32:03] 
[05/13 01:32:03] epoch 16/20, iter 6400:
[05/13 01:32:03] train_loss: 1.34042
[05/13 01:32:03] train_acc: 0.980
[05/13 01:32:03] train_auroc: 0.960
[05/13 01:32:09] Summary name val_5-way-5-shot_tpr@tnr95 is illegal; using val_5-way-5-shot_tpr_tnr95 instead.
[05/13 01:32:09] val_5-way-5-shot_acc: 77.927	0.738
[05/13 01:32:09] val_5-way-5-shot_auroc: 77.544	0.626
[05/13 01:32:09] val_5-way-5-shot_fscore: 68.370	0.610
[05/13 01:32:09] val_5-way-5-shot_tpr@tnr95: 22.629	1.416
[05/13 01:32:09] val_5-way-5-shot_osr: 58.733	0.697
[05/13 01:32:36] 
[05/13 01:32:36] epoch 17/20, iter 6800:
[05/13 01:32:36] train_loss: 1.33342
[05/13 01:32:36] train_acc: 0.980
[05/13 01:32:36] train_auroc: 0.961
[05/13 01:32:41] Summary name val_5-way-5-shot_tpr@tnr95 is illegal; using val_5-way-5-shot_tpr_tnr95 instead.
[05/13 01:32:42] val_5-way-5-shot_acc: 77.840	0.743
[05/13 01:32:42] val_5-way-5-shot_auroc: 77.502	0.626
[05/13 01:32:42] val_5-way-5-shot_fscore: 68.348	0.606
[05/13 01:32:42] val_5-way-5-shot_tpr@tnr95: 22.578	1.411
[05/13 01:32:42] val_5-way-5-shot_osr: 58.719	0.695
[05/13 01:33:08] 
[05/13 01:33:08] epoch 18/20, iter 7200:
[05/13 01:33:08] train_loss: 1.32645
[05/13 01:33:08] train_acc: 0.980
[05/13 01:33:08] train_auroc: 0.961
[05/13 01:33:14] Summary name val_5-way-5-shot_tpr@tnr95 is illegal; using val_5-way-5-shot_tpr_tnr95 instead.
[05/13 01:33:14] val_5-way-5-shot_acc: 77.827	0.739
[05/13 01:33:14] val_5-way-5-shot_auroc: 77.475	0.625
[05/13 01:33:14] val_5-way-5-shot_fscore: 68.296	0.609
[05/13 01:33:14] val_5-way-5-shot_tpr@tnr95: 22.500	1.412
[05/13 01:33:14] val_5-way-5-shot_osr: 58.693	0.697
[05/13 01:33:42] 
[05/13 01:33:42] epoch 19/20, iter 7600:
[05/13 01:33:42] train_loss: 1.32730
[05/13 01:33:42] train_acc: 0.981
[05/13 01:33:42] train_auroc: 0.961
[05/13 01:33:48] Summary name val_5-way-5-shot_tpr@tnr95 is illegal; using val_5-way-5-shot_tpr_tnr95 instead.
[05/13 01:33:48] val_5-way-5-shot_acc: 77.707	0.752
[05/13 01:33:48] val_5-way-5-shot_auroc: 77.348	0.624
[05/13 01:33:48] val_5-way-5-shot_fscore: 68.200	0.604
[05/13 01:33:48] val_5-way-5-shot_tpr@tnr95: 22.237	1.386
[05/13 01:33:48] val_5-way-5-shot_osr: 58.566	0.685
[05/13 01:34:14] 
[05/13 01:34:14] epoch 20/20, iter 8000:
[05/13 01:34:14] train_loss: 1.32211
[05/13 01:34:14] train_acc: 0.981
[05/13 01:34:14] train_auroc: 0.961
[05/13 01:34:20] Summary name val_5-way-5-shot_tpr@tnr95 is illegal; using val_5-way-5-shot_tpr_tnr95 instead.
[05/13 01:34:20] val_5-way-5-shot_acc: 77.713	0.751
[05/13 01:34:20] val_5-way-5-shot_auroc: 77.248	0.623
[05/13 01:34:20] val_5-way-5-shot_fscore: 68.089	0.610
[05/13 01:34:20] val_5-way-5-shot_tpr@tnr95: 22.244	1.386
[05/13 01:34:20] val_5-way-5-shot_osr: 58.554	0.684
[05/13 01:34:20] training finished!
[05/13 01:34:20] ------------------------
[05/13 01:34:20] the best epoch is 7/20
[05/13 01:34:20] the best 5-way 5-shot val acc is 77.973
[05/13 01:35:27] start training!
[05/13 01:35:58] 
[05/13 01:35:58] epoch 1/20, iter 400:
[05/13 01:35:58] train_loss: 2.10809
[05/13 01:35:58] train_acc: 0.911
[05/13 01:35:58] train_auroc: 0.818
[05/13 01:36:06] Summary name val_5-way-5-shot_tpr@tnr95 is illegal; using val_5-way-5-shot_tpr_tnr95 instead.
[05/13 01:36:06] val_5-way-5-shot_acc: 77.473	0.694
[05/13 01:36:06] val_5-way-5-shot_auroc: 76.621	0.782
[05/13 01:36:06] val_5-way-5-shot_fscore: 67.170	0.812
[05/13 01:36:06] val_5-way-5-shot_tpr@tnr95: 23.634	1.451
[05/13 01:36:06] val_5-way-5-shot_osr: 59.234	0.708
[05/13 01:36:06] BEST ACC!
[05/13 01:36:06] BEST Auroc!
[05/13 01:36:06] BEST Fscore!
[05/13 01:36:06] BEST OSR Score!
[05/13 01:36:35] 
[05/13 01:36:35] epoch 2/20, iter 800:
[05/13 01:36:35] train_loss: 1.86810
[05/13 01:36:35] train_acc: 0.929
[05/13 01:36:35] train_auroc: 0.863
[05/13 01:36:41] Summary name val_5-way-5-shot_tpr@tnr95 is illegal; using val_5-way-5-shot_tpr_tnr95 instead.
[05/13 01:36:41] val_5-way-5-shot_acc: 77.947	0.718
[05/13 01:36:41] val_5-way-5-shot_auroc: 77.189	0.727
[05/13 01:36:41] val_5-way-5-shot_fscore: 67.659	0.720
[05/13 01:36:41] val_5-way-5-shot_tpr@tnr95: 23.141	1.563
[05/13 01:36:41] val_5-way-5-shot_osr: 58.987	0.756
[05/13 01:36:41] BEST ACC!
[05/13 01:36:42] BEST Auroc!
[05/13 01:36:42] BEST Fscore!
[05/13 01:37:11] 
[05/13 01:37:11] epoch 3/20, iter 1200:
[05/13 01:37:11] train_loss: 1.79436
[05/13 01:37:11] train_acc: 0.942
[05/13 01:37:11] train_auroc: 0.887
[05/13 01:37:17] Summary name val_5-way-5-shot_tpr@tnr95 is illegal; using val_5-way-5-shot_tpr_tnr95 instead.
[05/13 01:37:17] val_5-way-5-shot_acc: 77.967	0.716
[05/13 01:37:17] val_5-way-5-shot_auroc: 77.952	0.704
[05/13 01:37:17] val_5-way-5-shot_fscore: 68.711	0.668
[05/13 01:37:17] val_5-way-5-shot_tpr@tnr95: 23.075	1.610
[05/13 01:37:17] val_5-way-5-shot_osr: 58.951	0.781
[05/13 01:37:17] BEST ACC!
[05/13 01:37:17] BEST Auroc!
[05/13 01:37:18] BEST Fscore!
[05/13 01:37:46] 
[05/13 01:37:46] epoch 4/20, iter 1600:
[05/13 01:37:46] train_loss: 1.73561
[05/13 01:37:46] train_acc: 0.948
[05/13 01:37:46] train_auroc: 0.904
[05/13 01:37:53] Summary name val_5-way-5-shot_tpr@tnr95 is illegal; using val_5-way-5-shot_tpr_tnr95 instead.
[05/13 01:37:53] val_5-way-5-shot_acc: 77.860	0.724
[05/13 01:37:53] val_5-way-5-shot_auroc: 78.309	0.689
[05/13 01:37:53] val_5-way-5-shot_fscore: 69.170	0.663
[05/13 01:37:53] val_5-way-5-shot_tpr@tnr95: 23.105	1.621
[05/13 01:37:53] val_5-way-5-shot_osr: 58.980	0.792
[05/13 01:37:53] BEST Auroc!
[05/13 01:37:53] BEST Fscore!
[05/13 01:38:22] 
[05/13 01:38:22] epoch 5/20, iter 2000:
[05/13 01:38:22] train_loss: 1.68233
[05/13 01:38:22] train_acc: 0.954
[05/13 01:38:22] train_auroc: 0.915
[05/13 01:38:28] Summary name val_5-way-5-shot_tpr@tnr95 is illegal; using val_5-way-5-shot_tpr_tnr95 instead.
[05/13 01:38:28] val_5-way-5-shot_acc: 77.787	0.712
[05/13 01:38:28] val_5-way-5-shot_auroc: 78.714	0.675
[05/13 01:38:28] val_5-way-5-shot_fscore: 69.474	0.650
[05/13 01:38:28] val_5-way-5-shot_tpr@tnr95: 23.624	1.628
[05/13 01:38:28] val_5-way-5-shot_osr: 59.254	0.795
[05/13 01:38:29] BEST Auroc!
[05/13 01:38:29] BEST Fscore!
[05/13 01:38:29] BEST OSR Score!
[05/13 01:38:59] 
[05/13 01:38:59] epoch 6/20, iter 2400:
[05/13 01:38:59] train_loss: 1.63019
[05/13 01:38:59] train_acc: 0.958
[05/13 01:38:59] train_auroc: 0.925
[05/13 01:39:04] Summary name val_5-way-5-shot_tpr@tnr95 is illegal; using val_5-way-5-shot_tpr_tnr95 instead.
[05/13 01:39:04] val_5-way-5-shot_acc: 77.707	0.735
[05/13 01:39:04] val_5-way-5-shot_auroc: 78.793	0.665
[05/13 01:39:04] val_5-way-5-shot_fscore: 69.607	0.654
[05/13 01:39:04] val_5-way-5-shot_tpr@tnr95: 23.836	1.615
[05/13 01:39:04] val_5-way-5-shot_osr: 59.334	0.789
[05/13 01:39:05] BEST Auroc!
[05/13 01:39:05] BEST Fscore!
[05/13 01:39:05] BEST OSR Score!
[05/13 01:39:34] 
[05/13 01:39:34] epoch 7/20, iter 2800:
[05/13 01:39:34] train_loss: 1.57793
[05/13 01:39:34] train_acc: 0.964
[05/13 01:39:34] train_auroc: 0.933
[05/13 01:39:40] Summary name val_5-way-5-shot_tpr@tnr95 is illegal; using val_5-way-5-shot_tpr_tnr95 instead.
[05/13 01:39:40] val_5-way-5-shot_acc: 77.700	0.731
[05/13 01:39:40] val_5-way-5-shot_auroc: 78.661	0.656
[05/13 01:39:40] val_5-way-5-shot_fscore: 69.489	0.662
[05/13 01:39:40] val_5-way-5-shot_tpr@tnr95: 23.742	1.587
[05/13 01:39:40] val_5-way-5-shot_osr: 59.306	0.776
[05/13 01:40:09] 
[05/13 01:40:09] epoch 8/20, iter 3200:
[05/13 01:40:09] train_loss: 1.52469
[05/13 01:40:09] train_acc: 0.968
[05/13 01:40:09] train_auroc: 0.939
[05/13 01:40:15] Summary name val_5-way-5-shot_tpr@tnr95 is illegal; using val_5-way-5-shot_tpr_tnr95 instead.
[05/13 01:40:15] val_5-way-5-shot_acc: 77.653	0.753
[05/13 01:40:15] val_5-way-5-shot_auroc: 78.505	0.643
[05/13 01:40:15] val_5-way-5-shot_fscore: 69.178	0.654
[05/13 01:40:15] val_5-way-5-shot_tpr@tnr95: 23.729	1.543
[05/13 01:40:15] val_5-way-5-shot_osr: 59.290	0.758
[05/13 01:40:44] 
[05/13 01:40:44] epoch 9/20, iter 3600:
[05/13 01:40:44] train_loss: 1.46963
[05/13 01:40:44] train_acc: 0.972
[05/13 01:40:44] train_auroc: 0.946
[05/13 01:40:50] Summary name val_5-way-5-shot_tpr@tnr95 is illegal; using val_5-way-5-shot_tpr_tnr95 instead.
[05/13 01:40:50] val_5-way-5-shot_acc: 77.560	0.758
[05/13 01:40:50] val_5-way-5-shot_auroc: 78.081	0.633
[05/13 01:40:50] val_5-way-5-shot_fscore: 68.807	0.653
[05/13 01:40:50] val_5-way-5-shot_tpr@tnr95: 23.359	1.480
[05/13 01:40:50] val_5-way-5-shot_osr: 59.123	0.730
[05/13 01:41:20] 
[05/13 01:41:20] epoch 10/20, iter 4000:
[05/13 01:41:20] train_loss: 1.41273
[05/13 01:41:20] train_acc: 0.976
[05/13 01:41:20] train_auroc: 0.952
[05/13 01:41:26] Summary name val_5-way-5-shot_tpr@tnr95 is illegal; using val_5-way-5-shot_tpr_tnr95 instead.
[05/13 01:41:26] val_5-way-5-shot_acc: 77.520	0.746
[05/13 01:41:26] val_5-way-5-shot_auroc: 77.794	0.624
[05/13 01:41:26] val_5-way-5-shot_fscore: 68.385	0.628
[05/13 01:41:26] val_5-way-5-shot_tpr@tnr95: 23.253	1.426
[05/13 01:41:26] val_5-way-5-shot_osr: 59.035	0.706
[05/13 01:41:55] 
[05/13 01:41:55] epoch 11/20, iter 4400:
[05/13 01:41:55] train_loss: 1.37140
[05/13 01:41:55] train_acc: 0.978
[05/13 01:41:55] train_auroc: 0.956
[05/13 01:42:01] Summary name val_5-way-5-shot_tpr@tnr95 is illegal; using val_5-way-5-shot_tpr_tnr95 instead.
[05/13 01:42:01] val_5-way-5-shot_acc: 77.613	0.747
[05/13 01:42:01] val_5-way-5-shot_auroc: 77.415	0.628
[05/13 01:42:01] val_5-way-5-shot_fscore: 68.030	0.645
[05/13 01:42:01] val_5-way-5-shot_tpr@tnr95: 22.925	1.424
[05/13 01:42:01] val_5-way-5-shot_osr: 58.884	0.705
[05/13 01:42:30] 
[05/13 01:42:30] epoch 12/20, iter 4800:
[05/13 01:42:30] train_loss: 1.36003
[05/13 01:42:30] train_acc: 0.979
[05/13 01:42:30] train_auroc: 0.957
[05/13 01:42:36] Summary name val_5-way-5-shot_tpr@tnr95 is illegal; using val_5-way-5-shot_tpr_tnr95 instead.
[05/13 01:42:36] val_5-way-5-shot_acc: 77.580	0.735
[05/13 01:42:36] val_5-way-5-shot_auroc: 77.201	0.629
[05/13 01:42:36] val_5-way-5-shot_fscore: 67.904	0.638
[05/13 01:42:36] val_5-way-5-shot_tpr@tnr95: 22.729	1.419
[05/13 01:42:36] val_5-way-5-shot_osr: 58.786	0.701
[05/13 01:43:06] 
[05/13 01:43:06] epoch 13/20, iter 5200:
[05/13 01:43:06] train_loss: 1.35197
[05/13 01:43:06] train_acc: 0.979
[05/13 01:43:06] train_auroc: 0.958
[05/13 01:43:12] Summary name val_5-way-5-shot_tpr@tnr95 is illegal; using val_5-way-5-shot_tpr_tnr95 instead.
[05/13 01:43:12] val_5-way-5-shot_acc: 77.513	0.743
[05/13 01:43:12] val_5-way-5-shot_auroc: 77.072	0.629
[05/13 01:43:12] val_5-way-5-shot_fscore: 67.778	0.631
[05/13 01:43:12] val_5-way-5-shot_tpr@tnr95: 22.612	1.408
[05/13 01:43:12] val_5-way-5-shot_osr: 58.723	0.697
[05/13 01:43:42] 
[05/13 01:43:42] epoch 14/20, iter 5600:
[05/13 01:43:42] train_loss: 1.34448
[05/13 01:43:42] train_acc: 0.979
[05/13 01:43:42] train_auroc: 0.958
[05/13 01:43:48] Summary name val_5-way-5-shot_tpr@tnr95 is illegal; using val_5-way-5-shot_tpr_tnr95 instead.
[05/13 01:43:48] val_5-way-5-shot_acc: 77.487	0.739
[05/13 01:43:48] val_5-way-5-shot_auroc: 76.992	0.630
[05/13 01:43:48] val_5-way-5-shot_fscore: 67.748	0.630
[05/13 01:43:48] val_5-way-5-shot_tpr@tnr95: 22.501	1.405
[05/13 01:43:48] val_5-way-5-shot_osr: 58.668	0.696
[05/13 01:44:18] 
[05/13 01:44:18] epoch 15/20, iter 6000:
[05/13 01:44:18] train_loss: 1.33727
[05/13 01:44:18] train_acc: 0.980
[05/13 01:44:18] train_auroc: 0.959
[05/13 01:44:23] Summary name val_5-way-5-shot_tpr@tnr95 is illegal; using val_5-way-5-shot_tpr_tnr95 instead.
[05/13 01:44:23] val_5-way-5-shot_acc: 77.473	0.735
[05/13 01:44:23] val_5-way-5-shot_auroc: 76.881	0.629
[05/13 01:44:23] val_5-way-5-shot_fscore: 67.644	0.624
[05/13 01:44:23] val_5-way-5-shot_tpr@tnr95: 22.413	1.395
[05/13 01:44:23] val_5-way-5-shot_osr: 58.624	0.693
[05/13 01:44:53] 
[05/13 01:44:53] epoch 16/20, iter 6400:
[05/13 01:44:53] train_loss: 1.33015
[05/13 01:44:53] train_acc: 0.980
[05/13 01:44:53] train_auroc: 0.960
[05/13 01:44:59] Summary name val_5-way-5-shot_tpr@tnr95 is illegal; using val_5-way-5-shot_tpr_tnr95 instead.
[05/13 01:44:59] val_5-way-5-shot_acc: 77.493	0.743
[05/13 01:44:59] val_5-way-5-shot_auroc: 76.812	0.629
[05/13 01:44:59] val_5-way-5-shot_fscore: 67.563	0.630
[05/13 01:44:59] val_5-way-5-shot_tpr@tnr95: 22.382	1.392
[05/13 01:44:59] val_5-way-5-shot_osr: 58.603	0.688
[05/13 01:45:28] 
[05/13 01:45:28] epoch 17/20, iter 6800:
[05/13 01:45:28] train_loss: 1.32307
[05/13 01:45:28] train_acc: 0.980
[05/13 01:45:28] train_auroc: 0.960
[05/13 01:45:35] Summary name val_5-way-5-shot_tpr@tnr95 is illegal; using val_5-way-5-shot_tpr_tnr95 instead.
[05/13 01:45:35] val_5-way-5-shot_acc: 77.527	0.735
[05/13 01:45:35] val_5-way-5-shot_auroc: 76.733	0.629
[05/13 01:45:35] val_5-way-5-shot_fscore: 67.459	0.630
[05/13 01:45:35] val_5-way-5-shot_tpr@tnr95: 22.339	1.379
[05/13 01:45:35] val_5-way-5-shot_osr: 58.580	0.682
[05/13 01:46:06] 
[05/13 01:46:06] epoch 18/20, iter 7200:
[05/13 01:46:06] train_loss: 1.31607
[05/13 01:46:06] train_acc: 0.981
[05/13 01:46:06] train_auroc: 0.961
[05/13 01:46:12] Summary name val_5-way-5-shot_tpr@tnr95 is illegal; using val_5-way-5-shot_tpr_tnr95 instead.
[05/13 01:46:12] val_5-way-5-shot_acc: 77.500	0.737
[05/13 01:46:12] val_5-way-5-shot_auroc: 76.669	0.629
[05/13 01:46:12] val_5-way-5-shot_fscore: 67.422	0.633
[05/13 01:46:12] val_5-way-5-shot_tpr@tnr95: 22.296	1.384
[05/13 01:46:12] val_5-way-5-shot_osr: 58.561	0.684
[05/13 01:46:43] 
[05/13 01:46:43] epoch 19/20, iter 7600:
[05/13 01:46:43] train_loss: 1.31425
[05/13 01:46:43] train_acc: 0.981
[05/13 01:46:43] train_auroc: 0.961
[05/13 01:46:49] Summary name val_5-way-5-shot_tpr@tnr95 is illegal; using val_5-way-5-shot_tpr_tnr95 instead.
[05/13 01:46:49] val_5-way-5-shot_acc: 77.413	0.760
[05/13 01:46:49] val_5-way-5-shot_auroc: 76.713	0.627
[05/13 01:46:49] val_5-way-5-shot_fscore: 67.541	0.638
[05/13 01:46:49] val_5-way-5-shot_tpr@tnr95: 22.322	1.399
[05/13 01:46:49] val_5-way-5-shot_osr: 58.573	0.689
[05/13 01:47:19] 
[05/13 01:47:19] epoch 20/20, iter 8000:
[05/13 01:47:19] train_loss: 1.31076
[05/13 01:47:19] train_acc: 0.981
[05/13 01:47:19] train_auroc: 0.961
[05/13 01:47:25] Summary name val_5-way-5-shot_tpr@tnr95 is illegal; using val_5-way-5-shot_tpr_tnr95 instead.
[05/13 01:47:25] val_5-way-5-shot_acc: 77.473	0.757
[05/13 01:47:25] val_5-way-5-shot_auroc: 76.697	0.626
[05/13 01:47:25] val_5-way-5-shot_fscore: 67.452	0.631
[05/13 01:47:25] val_5-way-5-shot_tpr@tnr95: 22.290	1.398
[05/13 01:47:25] val_5-way-5-shot_osr: 58.556	0.689
[05/13 01:47:25] training finished!
[05/13 01:47:25] ------------------------
[05/13 01:47:25] the best epoch is 6/20
[05/13 01:47:25] the best 5-way 5-shot val acc is 77.967
[05/13 01:48:31] start training!
[05/13 01:49:01] 
[05/13 01:49:01] epoch 1/20, iter 400:
[05/13 01:49:01] train_loss: 1.96795
[05/13 01:49:01] train_acc: 0.912
[05/13 01:49:01] train_auroc: 0.819
[05/13 01:49:08] Summary name val_5-way-5-shot_tpr@tnr95 is illegal; using val_5-way-5-shot_tpr_tnr95 instead.
[05/13 01:49:08] val_5-way-5-shot_acc: 77.527	0.681
[05/13 01:49:08] val_5-way-5-shot_auroc: 76.970	0.811
[05/13 01:49:08] val_5-way-5-shot_fscore: 67.370	0.835
[05/13 01:49:08] val_5-way-5-shot_tpr@tnr95: 23.895	1.496
[05/13 01:49:08] val_5-way-5-shot_osr: 59.326	0.727
[05/13 01:49:09] BEST ACC!
[05/13 01:49:09] BEST Auroc!
[05/13 01:49:09] BEST Fscore!
[05/13 01:49:09] BEST OSR Score!
[05/13 01:49:36] 
[05/13 01:49:36] epoch 2/20, iter 800:
[05/13 01:49:36] train_loss: 1.84970
[05/13 01:49:36] train_acc: 0.931
[05/13 01:49:36] train_auroc: 0.863
[05/13 01:49:42] Summary name val_5-way-5-shot_tpr@tnr95 is illegal; using val_5-way-5-shot_tpr_tnr95 instead.
[05/13 01:49:42] val_5-way-5-shot_acc: 77.820	0.713
[05/13 01:49:42] val_5-way-5-shot_auroc: 77.582	0.752
[05/13 01:49:42] val_5-way-5-shot_fscore: 68.119	0.771
[05/13 01:49:42] val_5-way-5-shot_tpr@tnr95: 23.501	1.585
[05/13 01:49:42] val_5-way-5-shot_osr: 59.125	0.762
[05/13 01:49:42] BEST ACC!
[05/13 01:49:42] BEST Auroc!
[05/13 01:49:42] BEST Fscore!
[05/13 01:50:10] 
[05/13 01:50:10] epoch 3/20, iter 1200:
[05/13 01:50:10] train_loss: 1.78595
[05/13 01:50:10] train_acc: 0.942
[05/13 01:50:10] train_auroc: 0.887
[05/13 01:50:16] Summary name val_5-way-5-shot_tpr@tnr95 is illegal; using val_5-way-5-shot_tpr_tnr95 instead.
[05/13 01:50:16] val_5-way-5-shot_acc: 78.020	0.726
[05/13 01:50:16] val_5-way-5-shot_auroc: 78.242	0.738
[05/13 01:50:16] val_5-way-5-shot_fscore: 69.037	0.743
[05/13 01:50:16] val_5-way-5-shot_tpr@tnr95: 23.558	1.629
[05/13 01:50:16] val_5-way-5-shot_osr: 59.184	0.789
[05/13 01:50:17] BEST ACC!
[05/13 01:50:17] BEST Auroc!
[05/13 01:50:17] BEST Fscore!
[05/13 01:50:45] 
[05/13 01:50:45] epoch 4/20, iter 1600:
[05/13 01:50:45] train_loss: 1.73021
[05/13 01:50:45] train_acc: 0.948
[05/13 01:50:45] train_auroc: 0.903
[05/13 01:50:51] Summary name val_5-way-5-shot_tpr@tnr95 is illegal; using val_5-way-5-shot_tpr_tnr95 instead.
[05/13 01:50:51] val_5-way-5-shot_acc: 77.980	0.726
[05/13 01:50:51] val_5-way-5-shot_auroc: 78.510	0.725
[05/13 01:50:51] val_5-way-5-shot_fscore: 69.311	0.722
[05/13 01:50:51] val_5-way-5-shot_tpr@tnr95: 23.579	1.653
[05/13 01:50:51] val_5-way-5-shot_osr: 59.167	0.809
[05/13 01:50:51] BEST Auroc!
[05/13 01:50:52] BEST Fscore!
[05/13 01:51:20] 
[05/13 01:51:20] epoch 5/20, iter 2000:
[05/13 01:51:20] train_loss: 1.67778
[05/13 01:51:20] train_acc: 0.954
[05/13 01:51:20] train_auroc: 0.915
[05/13 01:51:26] Summary name val_5-way-5-shot_tpr@tnr95 is illegal; using val_5-way-5-shot_tpr_tnr95 instead.
[05/13 01:51:26] val_5-way-5-shot_acc: 77.960	0.727
[05/13 01:51:26] val_5-way-5-shot_auroc: 78.733	0.711
[05/13 01:51:26] val_5-way-5-shot_fscore: 69.585	0.701
[05/13 01:51:26] val_5-way-5-shot_tpr@tnr95: 23.750	1.613
[05/13 01:51:26] val_5-way-5-shot_osr: 59.270	0.791
[05/13 01:51:27] BEST Auroc!
[05/13 01:51:27] BEST Fscore!
[05/13 01:51:55] 
[05/13 01:51:55] epoch 6/20, iter 2400:
[05/13 01:51:55] train_loss: 1.62588
[05/13 01:51:55] train_acc: 0.959
[05/13 01:51:55] train_auroc: 0.924
[05/13 01:52:02] Summary name val_5-way-5-shot_tpr@tnr95 is illegal; using val_5-way-5-shot_tpr_tnr95 instead.
[05/13 01:52:02] val_5-way-5-shot_acc: 77.953	0.723
[05/13 01:52:02] val_5-way-5-shot_auroc: 78.909	0.690
[05/13 01:52:02] val_5-way-5-shot_fscore: 69.830	0.700
[05/13 01:52:02] val_5-way-5-shot_tpr@tnr95: 24.091	1.602
[05/13 01:52:02] val_5-way-5-shot_osr: 59.439	0.786
[05/13 01:52:02] BEST Auroc!
[05/13 01:52:02] BEST Fscore!
[05/13 01:52:02] BEST OSR Score!
[05/13 01:52:30] 
[05/13 01:52:30] epoch 7/20, iter 2800:
[05/13 01:52:30] train_loss: 1.57313
[05/13 01:52:30] train_acc: 0.964
[05/13 01:52:30] train_auroc: 0.932
[05/13 01:52:36] Summary name val_5-way-5-shot_tpr@tnr95 is illegal; using val_5-way-5-shot_tpr_tnr95 instead.
[05/13 01:52:36] val_5-way-5-shot_acc: 77.867	0.737
[05/13 01:52:36] val_5-way-5-shot_auroc: 78.881	0.673
[05/13 01:52:36] val_5-way-5-shot_fscore: 69.674	0.703
[05/13 01:52:36] val_5-way-5-shot_tpr@tnr95: 24.449	1.584
[05/13 01:52:36] val_5-way-5-shot_osr: 59.636	0.777
[05/13 01:52:36] BEST OSR Score!
[05/13 01:53:05] 
[05/13 01:53:05] epoch 8/20, iter 3200:
[05/13 01:53:05] train_loss: 1.51919
[05/13 01:53:05] train_acc: 0.968
[05/13 01:53:05] train_auroc: 0.939
[05/13 01:53:11] Summary name val_5-way-5-shot_tpr@tnr95 is illegal; using val_5-way-5-shot_tpr_tnr95 instead.
[05/13 01:53:11] val_5-way-5-shot_acc: 77.880	0.736
[05/13 01:53:11] val_5-way-5-shot_auroc: 78.794	0.660
[05/13 01:53:11] val_5-way-5-shot_fscore: 69.437	0.702
[05/13 01:53:11] val_5-way-5-shot_tpr@tnr95: 24.598	1.562
[05/13 01:53:11] val_5-way-5-shot_osr: 59.702	0.767
[05/13 01:53:12] BEST OSR Score!
[05/13 01:53:40] 
[05/13 01:53:40] epoch 9/20, iter 3600:
[05/13 01:53:40] train_loss: 1.46336
[05/13 01:53:40] train_acc: 0.972
[05/13 01:53:40] train_auroc: 0.946
[05/13 01:53:47] Summary name val_5-way-5-shot_tpr@tnr95 is illegal; using val_5-way-5-shot_tpr_tnr95 instead.
[05/13 01:53:47] val_5-way-5-shot_acc: 77.653	0.725
[05/13 01:53:47] val_5-way-5-shot_auroc: 78.580	0.649
[05/13 01:53:47] val_5-way-5-shot_fscore: 69.259	0.673
[05/13 01:53:47] val_5-way-5-shot_tpr@tnr95: 24.547	1.518
[05/13 01:53:47] val_5-way-5-shot_osr: 59.646	0.744
[05/13 01:54:15] 
[05/13 01:54:15] epoch 10/20, iter 4000:
[05/13 01:54:15] train_loss: 1.40553
[05/13 01:54:15] train_acc: 0.975
[05/13 01:54:15] train_auroc: 0.951
[05/13 01:54:21] Summary name val_5-way-5-shot_tpr@tnr95 is illegal; using val_5-way-5-shot_tpr_tnr95 instead.
[05/13 01:54:21] val_5-way-5-shot_acc: 77.527	0.713
[05/13 01:54:21] val_5-way-5-shot_auroc: 78.124	0.640
[05/13 01:54:21] val_5-way-5-shot_fscore: 68.748	0.667
[05/13 01:54:21] val_5-way-5-shot_tpr@tnr95: 24.183	1.496
[05/13 01:54:21] val_5-way-5-shot_osr: 59.475	0.733
[05/13 01:54:49] 
[05/13 01:54:49] epoch 11/20, iter 4400:
[05/13 01:54:49] train_loss: 1.36326
[05/13 01:54:49] train_acc: 0.979
[05/13 01:54:49] train_auroc: 0.956
[05/13 01:54:55] Summary name val_5-way-5-shot_tpr@tnr95 is illegal; using val_5-way-5-shot_tpr_tnr95 instead.
[05/13 01:54:55] val_5-way-5-shot_acc: 77.620	0.719
[05/13 01:54:55] val_5-way-5-shot_auroc: 77.512	0.631
[05/13 01:54:55] val_5-way-5-shot_fscore: 68.311	0.653
[05/13 01:54:55] val_5-way-5-shot_tpr@tnr95: 23.468	1.400
[05/13 01:54:55] val_5-way-5-shot_osr: 59.182	0.699
[05/13 01:55:24] 
[05/13 01:55:24] epoch 12/20, iter 4800:
[05/13 01:55:24] train_loss: 1.35207
[05/13 01:55:24] train_acc: 0.979
[05/13 01:55:24] train_auroc: 0.957
[05/13 01:55:30] Summary name val_5-way-5-shot_tpr@tnr95 is illegal; using val_5-way-5-shot_tpr_tnr95 instead.
[05/13 01:55:30] val_5-way-5-shot_acc: 77.600	0.709
[05/13 01:55:30] val_5-way-5-shot_auroc: 77.367	0.632
[05/13 01:55:30] val_5-way-5-shot_fscore: 68.148	0.659
[05/13 01:55:30] val_5-way-5-shot_tpr@tnr95: 23.362	1.378
[05/13 01:55:30] val_5-way-5-shot_osr: 59.124	0.688
[05/13 01:55:58] 
[05/13 01:55:58] epoch 13/20, iter 5200:
[05/13 01:55:58] train_loss: 1.34382
[05/13 01:55:58] train_acc: 0.979
[05/13 01:55:58] train_auroc: 0.958
[05/13 01:56:04] Summary name val_5-way-5-shot_tpr@tnr95 is illegal; using val_5-way-5-shot_tpr_tnr95 instead.
[05/13 01:56:04] val_5-way-5-shot_acc: 77.587	0.714
[05/13 01:56:04] val_5-way-5-shot_auroc: 77.283	0.632
[05/13 01:56:04] val_5-way-5-shot_fscore: 68.096	0.660
[05/13 01:56:04] val_5-way-5-shot_tpr@tnr95: 23.193	1.368
[05/13 01:56:04] val_5-way-5-shot_osr: 59.051	0.682
[05/13 01:56:32] 
[05/13 01:56:32] epoch 14/20, iter 5600:
[05/13 01:56:32] train_loss: 1.33622
[05/13 01:56:32] train_acc: 0.979
[05/13 01:56:32] train_auroc: 0.959
[05/13 01:56:39] Summary name val_5-way-5-shot_tpr@tnr95 is illegal; using val_5-way-5-shot_tpr_tnr95 instead.
[05/13 01:56:39] val_5-way-5-shot_acc: 77.573	0.716
[05/13 01:56:39] val_5-way-5-shot_auroc: 77.217	0.632
[05/13 01:56:39] val_5-way-5-shot_fscore: 68.044	0.653
[05/13 01:56:39] val_5-way-5-shot_tpr@tnr95: 23.085	1.366
[05/13 01:56:39] val_5-way-5-shot_osr: 58.992	0.680
[05/13 01:57:07] 
[05/13 01:57:07] epoch 15/20, iter 6000:
[05/13 01:57:07] train_loss: 1.32882
[05/13 01:57:07] train_acc: 0.980
[05/13 01:57:07] train_auroc: 0.959
[05/13 01:57:13] Summary name val_5-way-5-shot_tpr@tnr95 is illegal; using val_5-way-5-shot_tpr_tnr95 instead.
[05/13 01:57:13] val_5-way-5-shot_acc: 77.567	0.709
[05/13 01:57:13] val_5-way-5-shot_auroc: 77.171	0.630
[05/13 01:57:13] val_5-way-5-shot_fscore: 67.926	0.653
[05/13 01:57:13] val_5-way-5-shot_tpr@tnr95: 23.038	1.364
[05/13 01:57:13] val_5-way-5-shot_osr: 58.963	0.678
[05/13 01:57:41] 
[05/13 01:57:41] epoch 16/20, iter 6400:
[05/13 01:57:41] train_loss: 1.32149
[05/13 01:57:41] train_acc: 0.980
[05/13 01:57:41] train_auroc: 0.960
[05/13 01:57:47] Summary name val_5-way-5-shot_tpr@tnr95 is illegal; using val_5-way-5-shot_tpr_tnr95 instead.
[05/13 01:57:47] val_5-way-5-shot_acc: 77.593	0.704
[05/13 01:57:47] val_5-way-5-shot_auroc: 77.110	0.630
[05/13 01:57:47] val_5-way-5-shot_fscore: 67.859	0.657
[05/13 01:57:47] val_5-way-5-shot_tpr@tnr95: 22.958	1.368
[05/13 01:57:47] val_5-way-5-shot_osr: 58.918	0.680
[05/13 01:58:15] 
[05/13 01:58:15] epoch 17/20, iter 6800:
[05/13 01:58:15] train_loss: 1.31425
[05/13 01:58:15] train_acc: 0.981
[05/13 01:58:15] train_auroc: 0.961
[05/13 01:58:21] Summary name val_5-way-5-shot_tpr@tnr95 is illegal; using val_5-way-5-shot_tpr_tnr95 instead.
[05/13 01:58:21] val_5-way-5-shot_acc: 77.553	0.699
[05/13 01:58:21] val_5-way-5-shot_auroc: 77.058	0.629
[05/13 01:58:21] val_5-way-5-shot_fscore: 67.785	0.647
[05/13 01:58:21] val_5-way-5-shot_tpr@tnr95: 22.938	1.366
[05/13 01:58:21] val_5-way-5-shot_osr: 58.913	0.678
[05/13 01:58:50] 
[05/13 01:58:50] epoch 18/20, iter 7200:
[05/13 01:58:50] train_loss: 1.30710
[05/13 01:58:50] train_acc: 0.981
[05/13 01:58:50] train_auroc: 0.961
[05/13 01:58:57] Summary name val_5-way-5-shot_tpr@tnr95 is illegal; using val_5-way-5-shot_tpr_tnr95 instead.
[05/13 01:58:57] val_5-way-5-shot_acc: 77.540	0.703
[05/13 01:58:57] val_5-way-5-shot_auroc: 77.000	0.629
[05/13 01:58:57] val_5-way-5-shot_fscore: 67.756	0.644
[05/13 01:58:57] val_5-way-5-shot_tpr@tnr95: 22.912	1.364
[05/13 01:58:57] val_5-way-5-shot_osr: 58.906	0.679
[05/13 01:59:26] 
[05/13 01:59:26] epoch 19/20, iter 7600:
[05/13 01:59:26] train_loss: 1.30963
[05/13 01:59:26] train_acc: 0.981
[05/13 01:59:26] train_auroc: 0.960
[05/13 01:59:32] Summary name val_5-way-5-shot_tpr@tnr95 is illegal; using val_5-way-5-shot_tpr_tnr95 instead.
[05/13 01:59:32] val_5-way-5-shot_acc: 77.493	0.707
[05/13 01:59:32] val_5-way-5-shot_auroc: 76.906	0.626
[05/13 01:59:32] val_5-way-5-shot_fscore: 67.807	0.644
[05/13 01:59:32] val_5-way-5-shot_tpr@tnr95: 22.519	1.358
[05/13 01:59:32] val_5-way-5-shot_osr: 58.718	0.675
[05/13 02:00:00] 
[05/13 02:00:00] epoch 20/20, iter 8000:
[05/13 02:00:00] train_loss: 1.30426
[05/13 02:00:00] train_acc: 0.981
[05/13 02:00:00] train_auroc: 0.961
[05/13 02:00:06] Summary name val_5-way-5-shot_tpr@tnr95 is illegal; using val_5-way-5-shot_tpr_tnr95 instead.
[05/13 02:00:06] val_5-way-5-shot_acc: 77.513	0.717
[05/13 02:00:06] val_5-way-5-shot_auroc: 76.812	0.625
[05/13 02:00:06] val_5-way-5-shot_fscore: 67.681	0.635
[05/13 02:00:06] val_5-way-5-shot_tpr@tnr95: 22.362	1.352
[05/13 02:00:06] val_5-way-5-shot_osr: 58.633	0.670
[05/13 02:00:06] training finished!
[05/13 02:00:06] ------------------------
[05/13 02:00:06] the best epoch is 8/20
[05/13 02:00:06] the best 5-way 5-shot val acc is 78.020
[05/13 02:01:12] start training!
[05/13 02:01:41] 
[05/13 02:01:41] epoch 1/20, iter 400:
[05/13 02:01:41] train_loss: 2.12679
[05/13 02:01:41] train_acc: 0.913
[05/13 02:01:41] train_auroc: 0.818
[05/13 02:01:49] Summary name val_5-way-5-shot_tpr@tnr95 is illegal; using val_5-way-5-shot_tpr_tnr95 instead.
[05/13 02:01:49] val_5-way-5-shot_acc: 77.593	0.691
[05/13 02:01:49] val_5-way-5-shot_auroc: 76.980	0.795
[05/13 02:01:49] val_5-way-5-shot_fscore: 67.230	0.798
[05/13 02:01:49] val_5-way-5-shot_tpr@tnr95: 24.011	1.520
[05/13 02:01:49] val_5-way-5-shot_osr: 59.400	0.744
[05/13 02:01:49] BEST ACC!
[05/13 02:01:49] BEST Auroc!
[05/13 02:01:49] BEST Fscore!
[05/13 02:01:49] BEST OSR Score!
[05/13 02:02:17] 
[05/13 02:02:17] epoch 2/20, iter 800:
[05/13 02:02:17] train_loss: 1.86973
[05/13 02:02:17] train_acc: 0.929
[05/13 02:02:17] train_auroc: 0.862
[05/13 02:02:23] Summary name val_5-way-5-shot_tpr@tnr95 is illegal; using val_5-way-5-shot_tpr_tnr95 instead.
[05/13 02:02:23] val_5-way-5-shot_acc: 77.940	0.705
[05/13 02:02:23] val_5-way-5-shot_auroc: 77.170	0.750
[05/13 02:02:23] val_5-way-5-shot_fscore: 67.615	0.752
[05/13 02:02:23] val_5-way-5-shot_tpr@tnr95: 23.139	1.595
[05/13 02:02:23] val_5-way-5-shot_osr: 58.981	0.772
[05/13 02:02:23] BEST ACC!
[05/13 02:02:23] BEST Auroc!
[05/13 02:02:23] BEST Fscore!
[05/13 02:02:51] 
[05/13 02:02:51] epoch 3/20, iter 1200:
[05/13 02:02:51] train_loss: 1.79637
[05/13 02:02:51] train_acc: 0.941
[05/13 02:02:51] train_auroc: 0.887
[05/13 02:02:57] Summary name val_5-way-5-shot_tpr@tnr95 is illegal; using val_5-way-5-shot_tpr_tnr95 instead.
[05/13 02:02:57] val_5-way-5-shot_acc: 78.053	0.722
[05/13 02:02:57] val_5-way-5-shot_auroc: 77.760	0.732
[05/13 02:02:57] val_5-way-5-shot_fscore: 68.481	0.726
[05/13 02:02:57] val_5-way-5-shot_tpr@tnr95: 22.937	1.633
[05/13 02:02:57] val_5-way-5-shot_osr: 58.866	0.791
[05/13 02:02:57] BEST ACC!
[05/13 02:02:57] BEST Auroc!
[05/13 02:02:57] BEST Fscore!
[05/13 02:03:24] 
[05/13 02:03:24] epoch 4/20, iter 1600:
[05/13 02:03:24] train_loss: 1.73772
[05/13 02:03:24] train_acc: 0.948
[05/13 02:03:24] train_auroc: 0.903
[05/13 02:03:30] Summary name val_5-way-5-shot_tpr@tnr95 is illegal; using val_5-way-5-shot_tpr_tnr95 instead.
[05/13 02:03:30] val_5-way-5-shot_acc: 77.920	0.717
[05/13 02:03:30] val_5-way-5-shot_auroc: 78.273	0.711
[05/13 02:03:30] val_5-way-5-shot_fscore: 68.926	0.675
[05/13 02:03:30] val_5-way-5-shot_tpr@tnr95: 23.230	1.664
[05/13 02:03:30] val_5-way-5-shot_osr: 59.014	0.809
[05/13 02:03:30] BEST Auroc!
[05/13 02:03:30] BEST Fscore!
[05/13 02:03:58] 
[05/13 02:03:58] epoch 5/20, iter 2000:
[05/13 02:03:58] train_loss: 1.68472
[05/13 02:03:58] train_acc: 0.953
[05/13 02:03:58] train_auroc: 0.915
[05/13 02:04:04] Summary name val_5-way-5-shot_tpr@tnr95 is illegal; using val_5-way-5-shot_tpr_tnr95 instead.
[05/13 02:04:04] val_5-way-5-shot_acc: 77.907	0.705
[05/13 02:04:04] val_5-way-5-shot_auroc: 78.624	0.697
[05/13 02:04:04] val_5-way-5-shot_fscore: 69.341	0.661
[05/13 02:04:04] val_5-way-5-shot_tpr@tnr95: 23.605	1.660
[05/13 02:04:04] val_5-way-5-shot_osr: 59.220	0.808
[05/13 02:04:04] BEST Auroc!
[05/13 02:04:05] BEST Fscore!
[05/13 02:04:32] 
[05/13 02:04:32] epoch 6/20, iter 2400:
[05/13 02:04:32] train_loss: 1.63351
[05/13 02:04:32] train_acc: 0.958
[05/13 02:04:32] train_auroc: 0.925
[05/13 02:04:37] Summary name val_5-way-5-shot_tpr@tnr95 is illegal; using val_5-way-5-shot_tpr_tnr95 instead.
[05/13 02:04:37] val_5-way-5-shot_acc: 78.013	0.721
[05/13 02:04:37] val_5-way-5-shot_auroc: 78.747	0.683
[05/13 02:04:37] val_5-way-5-shot_fscore: 69.511	0.664
[05/13 02:04:37] val_5-way-5-shot_tpr@tnr95: 23.849	1.631
[05/13 02:04:37] val_5-way-5-shot_osr: 59.346	0.796
[05/13 02:04:38] BEST Auroc!
[05/13 02:04:38] BEST Fscore!
[05/13 02:05:04] 
[05/13 02:05:04] epoch 7/20, iter 2800:
[05/13 02:05:04] train_loss: 1.58207
[05/13 02:05:04] train_acc: 0.963
[05/13 02:05:04] train_auroc: 0.933
[05/13 02:05:10] Summary name val_5-way-5-shot_tpr@tnr95 is illegal; using val_5-way-5-shot_tpr_tnr95 instead.
[05/13 02:05:10] val_5-way-5-shot_acc: 77.880	0.712
[05/13 02:05:10] val_5-way-5-shot_auroc: 78.658	0.673
[05/13 02:05:10] val_5-way-5-shot_fscore: 69.341	0.660
[05/13 02:05:10] val_5-way-5-shot_tpr@tnr95: 23.689	1.608
[05/13 02:05:10] val_5-way-5-shot_osr: 59.266	0.783
[05/13 02:05:37] 
[05/13 02:05:37] epoch 8/20, iter 3200:
[05/13 02:05:37] train_loss: 1.52956
[05/13 02:05:37] train_acc: 0.968
[05/13 02:05:37] train_auroc: 0.940
[05/13 02:05:43] Summary name val_5-way-5-shot_tpr@tnr95 is illegal; using val_5-way-5-shot_tpr_tnr95 instead.
[05/13 02:05:43] val_5-way-5-shot_acc: 77.827	0.725
[05/13 02:05:43] val_5-way-5-shot_auroc: 78.618	0.660
[05/13 02:05:43] val_5-way-5-shot_fscore: 69.422	0.664
[05/13 02:05:43] val_5-way-5-shot_tpr@tnr95: 23.888	1.549
[05/13 02:05:43] val_5-way-5-shot_osr: 59.378	0.756
[05/13 02:06:10] 
[05/13 02:06:10] epoch 9/20, iter 3600:
[05/13 02:06:10] train_loss: 1.47568
[05/13 02:06:10] train_acc: 0.972
[05/13 02:06:10] train_auroc: 0.946
[05/13 02:06:16] Summary name val_5-way-5-shot_tpr@tnr95 is illegal; using val_5-way-5-shot_tpr_tnr95 instead.
[05/13 02:06:16] val_5-way-5-shot_acc: 77.727	0.734
[05/13 02:06:16] val_5-way-5-shot_auroc: 78.410	0.653
[05/13 02:06:16] val_5-way-5-shot_fscore: 69.133	0.666
[05/13 02:06:16] val_5-way-5-shot_tpr@tnr95: 23.982	1.488
[05/13 02:06:16] val_5-way-5-shot_osr: 59.419	0.731
[05/13 02:06:16] BEST OSR Score!
[05/13 02:06:45] 
[05/13 02:06:45] epoch 10/20, iter 4000:
[05/13 02:06:45] train_loss: 1.41995
[05/13 02:06:45] train_acc: 0.976
[05/13 02:06:45] train_auroc: 0.952
[05/13 02:06:51] Summary name val_5-way-5-shot_tpr@tnr95 is illegal; using val_5-way-5-shot_tpr_tnr95 instead.
[05/13 02:06:51] val_5-way-5-shot_acc: 77.613	0.725
[05/13 02:06:51] val_5-way-5-shot_auroc: 78.042	0.646
[05/13 02:06:51] val_5-way-5-shot_fscore: 68.600	0.669
[05/13 02:06:51] val_5-way-5-shot_tpr@tnr95: 23.694	1.444
[05/13 02:06:51] val_5-way-5-shot_osr: 59.269	0.714
[05/13 02:07:19] 
[05/13 02:07:19] epoch 11/20, iter 4400:
[05/13 02:07:19] train_loss: 1.37812
[05/13 02:07:19] train_acc: 0.978
[05/13 02:07:19] train_auroc: 0.956
[05/13 02:07:24] Summary name val_5-way-5-shot_tpr@tnr95 is illegal; using val_5-way-5-shot_tpr_tnr95 instead.
[05/13 02:07:24] val_5-way-5-shot_acc: 77.833	0.720
[05/13 02:07:24] val_5-way-5-shot_auroc: 77.502	0.643
[05/13 02:07:24] val_5-way-5-shot_fscore: 68.074	0.669
[05/13 02:07:24] val_5-way-5-shot_tpr@tnr95: 22.892	1.383
[05/13 02:07:24] val_5-way-5-shot_osr: 58.909	0.687
[05/13 02:07:52] 
[05/13 02:07:52] epoch 12/20, iter 4800:
[05/13 02:07:52] train_loss: 1.36677
[05/13 02:07:52] train_acc: 0.978
[05/13 02:07:52] train_auroc: 0.957
[05/13 02:07:58] Summary name val_5-way-5-shot_tpr@tnr95 is illegal; using val_5-way-5-shot_tpr_tnr95 instead.
[05/13 02:07:58] val_5-way-5-shot_acc: 77.813	0.731
[05/13 02:07:58] val_5-way-5-shot_auroc: 77.330	0.644
[05/13 02:07:58] val_5-way-5-shot_fscore: 68.015	0.667
[05/13 02:07:58] val_5-way-5-shot_tpr@tnr95: 22.762	1.371
[05/13 02:07:58] val_5-way-5-shot_osr: 58.852	0.681
[05/13 02:08:25] 
[05/13 02:08:25] epoch 13/20, iter 5200:
[05/13 02:08:25] train_loss: 1.35880
[05/13 02:08:25] train_acc: 0.979
[05/13 02:08:25] train_auroc: 0.958
[05/13 02:08:30] Summary name val_5-way-5-shot_tpr@tnr95 is illegal; using val_5-way-5-shot_tpr_tnr95 instead.
[05/13 02:08:30] val_5-way-5-shot_acc: 77.813	0.729
[05/13 02:08:30] val_5-way-5-shot_auroc: 77.205	0.644
[05/13 02:08:30] val_5-way-5-shot_fscore: 67.896	0.664
[05/13 02:08:30] val_5-way-5-shot_tpr@tnr95: 22.628	1.362
[05/13 02:08:30] val_5-way-5-shot_osr: 58.781	0.678
[05/13 02:08:57] 
[05/13 02:08:57] epoch 14/20, iter 5600:
[05/13 02:08:57] train_loss: 1.35142
[05/13 02:08:57] train_acc: 0.979
[05/13 02:08:57] train_auroc: 0.958
[05/13 02:09:02] Summary name val_5-way-5-shot_tpr@tnr95 is illegal; using val_5-way-5-shot_tpr_tnr95 instead.
[05/13 02:09:02] val_5-way-5-shot_acc: 77.773	0.731
[05/13 02:09:02] val_5-way-5-shot_auroc: 77.113	0.642
[05/13 02:09:02] val_5-way-5-shot_fscore: 67.800	0.663
[05/13 02:09:02] val_5-way-5-shot_tpr@tnr95: 22.505	1.354
[05/13 02:09:02] val_5-way-5-shot_osr: 58.712	0.675
[05/13 02:09:28] 
[05/13 02:09:28] epoch 15/20, iter 6000:
[05/13 02:09:28] train_loss: 1.34425
[05/13 02:09:28] train_acc: 0.980
[05/13 02:09:28] train_auroc: 0.959
[05/13 02:09:34] Summary name val_5-way-5-shot_tpr@tnr95 is illegal; using val_5-way-5-shot_tpr_tnr95 instead.
[05/13 02:09:34] val_5-way-5-shot_acc: 77.767	0.730
[05/13 02:09:34] val_5-way-5-shot_auroc: 77.034	0.642
[05/13 02:09:34] val_5-way-5-shot_fscore: 67.741	0.668
[05/13 02:09:34] val_5-way-5-shot_tpr@tnr95: 22.449	1.353
[05/13 02:09:34] val_5-way-5-shot_osr: 58.686	0.674
[05/13 02:10:00] 
[05/13 02:10:00] epoch 16/20, iter 6400:
[05/13 02:10:00] train_loss: 1.33722
[05/13 02:10:00] train_acc: 0.981
[05/13 02:10:00] train_auroc: 0.960
[05/13 02:10:06] Summary name val_5-way-5-shot_tpr@tnr95 is illegal; using val_5-way-5-shot_tpr_tnr95 instead.
[05/13 02:10:06] val_5-way-5-shot_acc: 77.767	0.732
[05/13 02:10:06] val_5-way-5-shot_auroc: 76.959	0.642
[05/13 02:10:06] val_5-way-5-shot_fscore: 67.681	0.662
[05/13 02:10:06] val_5-way-5-shot_tpr@tnr95: 22.412	1.352
[05/13 02:10:06] val_5-way-5-shot_osr: 58.674	0.674
[05/13 02:10:34] 
[05/13 02:10:34] epoch 17/20, iter 6800:
[05/13 02:10:34] train_loss: 1.33027
[05/13 02:10:34] train_acc: 0.981
[05/13 02:10:34] train_auroc: 0.960
[05/13 02:10:40] Summary name val_5-way-5-shot_tpr@tnr95 is illegal; using val_5-way-5-shot_tpr_tnr95 instead.
[05/13 02:10:40] val_5-way-5-shot_acc: 77.740	0.735
[05/13 02:10:40] val_5-way-5-shot_auroc: 76.881	0.642
[05/13 02:10:40] val_5-way-5-shot_fscore: 67.644	0.662
[05/13 02:10:40] val_5-way-5-shot_tpr@tnr95: 22.348	1.354
[05/13 02:10:40] val_5-way-5-shot_osr: 58.638	0.675
[05/13 02:11:07] 
[05/13 02:11:07] epoch 18/20, iter 7200:
[05/13 02:11:07] train_loss: 1.32335
[05/13 02:11:07] train_acc: 0.981
[05/13 02:11:07] train_auroc: 0.961
[05/13 02:11:13] Summary name val_5-way-5-shot_tpr@tnr95 is illegal; using val_5-way-5-shot_tpr_tnr95 instead.
[05/13 02:11:13] val_5-way-5-shot_acc: 77.727	0.737
[05/13 02:11:13] val_5-way-5-shot_auroc: 76.837	0.641
[05/13 02:11:13] val_5-way-5-shot_fscore: 67.578	0.664
[05/13 02:11:13] val_5-way-5-shot_tpr@tnr95: 22.317	1.345
[05/13 02:11:13] val_5-way-5-shot_osr: 58.625	0.671
[05/13 02:11:41] 
[05/13 02:11:41] epoch 19/20, iter 7600:
[05/13 02:11:41] train_loss: 1.32417
[05/13 02:11:41] train_acc: 0.981
[05/13 02:11:41] train_auroc: 0.960
[05/13 02:11:47] Summary name val_5-way-5-shot_tpr@tnr95 is illegal; using val_5-way-5-shot_tpr_tnr95 instead.
[05/13 02:11:47] val_5-way-5-shot_acc: 77.680	0.733
[05/13 02:11:47] val_5-way-5-shot_auroc: 76.626	0.636
[05/13 02:11:47] val_5-way-5-shot_fscore: 67.467	0.653
[05/13 02:11:47] val_5-way-5-shot_tpr@tnr95: 22.028	1.324
[05/13 02:11:47] val_5-way-5-shot_osr: 58.485	0.656
[05/13 02:12:15] 
[05/13 02:12:15] epoch 20/20, iter 8000:
[05/13 02:12:15] train_loss: 1.31906
[05/13 02:12:15] train_acc: 0.982
[05/13 02:12:15] train_auroc: 0.961
[05/13 02:12:21] Summary name val_5-way-5-shot_tpr@tnr95 is illegal; using val_5-way-5-shot_tpr_tnr95 instead.
[05/13 02:12:21] val_5-way-5-shot_acc: 77.660	0.740
[05/13 02:12:21] val_5-way-5-shot_auroc: 76.493	0.635
[05/13 02:12:21] val_5-way-5-shot_fscore: 67.422	0.653
[05/13 02:12:21] val_5-way-5-shot_tpr@tnr95: 21.874	1.320
[05/13 02:12:21] val_5-way-5-shot_osr: 58.394	0.654
[05/13 02:12:21] training finished!
[05/13 02:12:21] ------------------------
[05/13 02:12:21] the best epoch is 9/20
[05/13 02:12:21] the best 5-way 5-shot val acc is 78.053
[05/13 02:13:25] start training!
[05/13 02:13:52] 
[05/13 02:13:52] epoch 1/20, iter 400:
[05/13 02:13:52] train_loss: 1.97111
[05/13 02:13:52] train_acc: 0.913
[05/13 02:13:52] train_auroc: 0.819
[05/13 02:13:59] Summary name val_5-way-5-shot_tpr@tnr95 is illegal; using val_5-way-5-shot_tpr_tnr95 instead.
[05/13 02:13:59] val_5-way-5-shot_acc: 77.653	0.719
[05/13 02:13:59] val_5-way-5-shot_auroc: 76.784	0.792
[05/13 02:13:59] val_5-way-5-shot_fscore: 67.126	0.809
[05/13 02:13:59] val_5-way-5-shot_tpr@tnr95: 23.742	1.505
[05/13 02:13:59] val_5-way-5-shot_osr: 59.271	0.736
[05/13 02:13:59] BEST ACC!
[05/13 02:13:59] BEST Auroc!
[05/13 02:14:00] BEST Fscore!
[05/13 02:14:00] BEST OSR Score!
[05/13 02:14:26] 
[05/13 02:14:26] epoch 2/20, iter 800:
[05/13 02:14:26] train_loss: 1.85364
[05/13 02:14:26] train_acc: 0.929
[05/13 02:14:26] train_auroc: 0.863
[05/13 02:14:32] Summary name val_5-way-5-shot_tpr@tnr95 is illegal; using val_5-way-5-shot_tpr_tnr95 instead.
[05/13 02:14:32] val_5-way-5-shot_acc: 77.873	0.717
[05/13 02:14:32] val_5-way-5-shot_auroc: 77.608	0.744
[05/13 02:14:32] val_5-way-5-shot_fscore: 67.970	0.738
[05/13 02:14:32] val_5-way-5-shot_tpr@tnr95: 23.755	1.626
[05/13 02:14:32] val_5-way-5-shot_osr: 59.275	0.787
[05/13 02:14:32] BEST ACC!
[05/13 02:14:33] BEST Auroc!
[05/13 02:14:33] BEST Fscore!
[05/13 02:14:33] BEST OSR Score!
[05/13 02:15:02] 
[05/13 02:15:02] epoch 3/20, iter 1200:
[05/13 02:15:02] train_loss: 1.79058
[05/13 02:15:02] train_acc: 0.941
[05/13 02:15:02] train_auroc: 0.888
[05/13 02:15:08] Summary name val_5-way-5-shot_tpr@tnr95 is illegal; using val_5-way-5-shot_tpr_tnr95 instead.
[05/13 02:15:08] val_5-way-5-shot_acc: 78.060	0.717
[05/13 02:15:08] val_5-way-5-shot_auroc: 78.107	0.720
[05/13 02:15:08] val_5-way-5-shot_fscore: 68.785	0.715
[05/13 02:15:08] val_5-way-5-shot_tpr@tnr95: 23.288	1.635
[05/13 02:15:08] val_5-way-5-shot_osr: 59.092	0.795
[05/13 02:15:08] BEST ACC!
[05/13 02:15:08] BEST Auroc!
[05/13 02:15:08] BEST Fscore!
[05/13 02:15:36] 
[05/13 02:15:36] epoch 4/20, iter 1600:
[05/13 02:15:36] train_loss: 1.73624
[05/13 02:15:36] train_acc: 0.947
[05/13 02:15:36] train_auroc: 0.904
[05/13 02:15:42] Summary name val_5-way-5-shot_tpr@tnr95 is illegal; using val_5-way-5-shot_tpr_tnr95 instead.
[05/13 02:15:42] val_5-way-5-shot_acc: 78.073	0.731
[05/13 02:15:42] val_5-way-5-shot_auroc: 78.436	0.706
[05/13 02:15:42] val_5-way-5-shot_fscore: 69.074	0.692
[05/13 02:15:42] val_5-way-5-shot_tpr@tnr95: 23.411	1.643
[05/13 02:15:42] val_5-way-5-shot_osr: 59.140	0.801
[05/13 02:15:42] BEST ACC!
[05/13 02:15:42] BEST Auroc!
[05/13 02:15:42] BEST Fscore!
[05/13 02:16:09] 
[05/13 02:16:09] epoch 5/20, iter 2000:
[05/13 02:16:09] train_loss: 1.68501
[05/13 02:16:09] train_acc: 0.953
[05/13 02:16:09] train_auroc: 0.916
[05/13 02:16:15] Summary name val_5-way-5-shot_tpr@tnr95 is illegal; using val_5-way-5-shot_tpr_tnr95 instead.
[05/13 02:16:15] val_5-way-5-shot_acc: 78.073	0.743
[05/13 02:16:15] val_5-way-5-shot_auroc: 78.767	0.687
[05/13 02:16:15] val_5-way-5-shot_fscore: 69.467	0.655
[05/13 02:16:15] val_5-way-5-shot_tpr@tnr95: 23.774	1.635
[05/13 02:16:15] val_5-way-5-shot_osr: 59.322	0.801
[05/13 02:16:15] BEST Auroc!
[05/13 02:16:15] BEST Fscore!
[05/13 02:16:16] BEST OSR Score!
[05/13 02:16:43] 
[05/13 02:16:43] epoch 6/20, iter 2400:
[05/13 02:16:43] train_loss: 1.63456
[05/13 02:16:43] train_acc: 0.958
[05/13 02:16:43] train_auroc: 0.925
[05/13 02:16:49] Summary name val_5-way-5-shot_tpr@tnr95 is illegal; using val_5-way-5-shot_tpr_tnr95 instead.
[05/13 02:16:49] val_5-way-5-shot_acc: 78.020	0.746
[05/13 02:16:49] val_5-way-5-shot_auroc: 78.924	0.672
[05/13 02:16:49] val_5-way-5-shot_fscore: 69.674	0.650
[05/13 02:16:49] val_5-way-5-shot_tpr@tnr95: 24.081	1.631
[05/13 02:16:49] val_5-way-5-shot_osr: 59.475	0.797
[05/13 02:16:49] BEST Auroc!
[05/13 02:16:49] BEST Fscore!
[05/13 02:16:49] BEST OSR Score!
[05/13 02:17:16] 
[05/13 02:17:16] epoch 7/20, iter 2800:
[05/13 02:17:16] train_loss: 1.58342
[05/13 02:17:16] train_acc: 0.963
[05/13 02:17:16] train_auroc: 0.933
[05/13 02:17:21] Summary name val_5-way-5-shot_tpr@tnr95 is illegal; using val_5-way-5-shot_tpr_tnr95 instead.
[05/13 02:17:21] val_5-way-5-shot_acc: 77.853	0.741
[05/13 02:17:21] val_5-way-5-shot_auroc: 79.099	0.655
[05/13 02:17:21] val_5-way-5-shot_fscore: 69.859	0.647
[05/13 02:17:21] val_5-way-5-shot_tpr@tnr95: 24.480	1.624
[05/13 02:17:21] val_5-way-5-shot_osr: 59.666	0.797
[05/13 02:17:22] BEST Auroc!
[05/13 02:17:22] BEST Fscore!
[05/13 02:17:22] BEST OSR Score!
[05/13 02:17:48] 
[05/13 02:17:48] epoch 8/20, iter 3200:
[05/13 02:17:48] train_loss: 1.53091
[05/13 02:17:48] train_acc: 0.968
[05/13 02:17:48] train_auroc: 0.940
[05/13 02:17:54] Summary name val_5-way-5-shot_tpr@tnr95 is illegal; using val_5-way-5-shot_tpr_tnr95 instead.
[05/13 02:17:54] val_5-way-5-shot_acc: 77.840	0.744
[05/13 02:17:54] val_5-way-5-shot_auroc: 79.250	0.640
[05/13 02:17:54] val_5-way-5-shot_fscore: 69.889	0.646
[05/13 02:17:54] val_5-way-5-shot_tpr@tnr95: 24.587	1.587
[05/13 02:17:54] val_5-way-5-shot_osr: 59.722	0.782
[05/13 02:17:55] BEST Auroc!
[05/13 02:17:55] BEST Fscore!
[05/13 02:17:55] BEST OSR Score!
[05/13 02:18:21] 
[05/13 02:18:21] epoch 9/20, iter 3600:
[05/13 02:18:21] train_loss: 1.47685
[05/13 02:18:21] train_acc: 0.972
[05/13 02:18:21] train_auroc: 0.947
[05/13 02:18:27] Summary name val_5-way-5-shot_tpr@tnr95 is illegal; using val_5-way-5-shot_tpr_tnr95 instead.
[05/13 02:18:27] val_5-way-5-shot_acc: 77.567	0.779
[05/13 02:18:27] val_5-way-5-shot_auroc: 78.962	0.632
[05/13 02:18:27] val_5-way-5-shot_fscore: 69.585	0.639
[05/13 02:18:27] val_5-way-5-shot_tpr@tnr95: 24.332	1.553
[05/13 02:18:27] val_5-way-5-shot_osr: 59.609	0.770
[05/13 02:18:53] 
[05/13 02:18:53] epoch 10/20, iter 4000:
[05/13 02:18:53] train_loss: 1.42105
[05/13 02:18:53] train_acc: 0.976
[05/13 02:18:53] train_auroc: 0.952
[05/13 02:18:59] Summary name val_5-way-5-shot_tpr@tnr95 is illegal; using val_5-way-5-shot_tpr_tnr95 instead.
[05/13 02:18:59] val_5-way-5-shot_acc: 77.547	0.787
[05/13 02:18:59] val_5-way-5-shot_auroc: 78.565	0.623
[05/13 02:18:59] val_5-way-5-shot_fscore: 69.074	0.643
[05/13 02:18:59] val_5-way-5-shot_tpr@tnr95: 23.972	1.509
[05/13 02:18:59] val_5-way-5-shot_osr: 59.443	0.750
[05/13 02:19:26] 
[05/13 02:19:26] epoch 11/20, iter 4400:
[05/13 02:19:26] train_loss: 1.37768
[05/13 02:19:26] train_acc: 0.979
[05/13 02:19:26] train_auroc: 0.957
[05/13 02:19:32] Summary name val_5-way-5-shot_tpr@tnr95 is illegal; using val_5-way-5-shot_tpr_tnr95 instead.
[05/13 02:19:32] val_5-way-5-shot_acc: 77.807	0.744
[05/13 02:19:32] val_5-way-5-shot_auroc: 78.020	0.625
[05/13 02:19:32] val_5-way-5-shot_fscore: 68.622	0.638
[05/13 02:19:32] val_5-way-5-shot_tpr@tnr95: 23.407	1.433
[05/13 02:19:32] val_5-way-5-shot_osr: 59.140	0.714
[05/13 02:19:59] 
[05/13 02:19:59] epoch 12/20, iter 4800:
[05/13 02:19:59] train_loss: 1.36708
[05/13 02:19:59] train_acc: 0.979
[05/13 02:19:59] train_auroc: 0.958
[05/13 02:20:05] Summary name val_5-way-5-shot_tpr@tnr95 is illegal; using val_5-way-5-shot_tpr_tnr95 instead.
[05/13 02:20:05] val_5-way-5-shot_acc: 77.807	0.736
[05/13 02:20:05] val_5-way-5-shot_auroc: 77.867	0.625
[05/13 02:20:05] val_5-way-5-shot_fscore: 68.415	0.644
[05/13 02:20:05] val_5-way-5-shot_tpr@tnr95: 23.224	1.416
[05/13 02:20:05] val_5-way-5-shot_osr: 59.059	0.705
[05/13 02:20:32] 
[05/13 02:20:32] epoch 13/20, iter 5200:
[05/13 02:20:32] train_loss: 1.35920
[05/13 02:20:32] train_acc: 0.979
[05/13 02:20:32] train_auroc: 0.959
[05/13 02:20:39] Summary name val_5-way-5-shot_tpr@tnr95 is illegal; using val_5-way-5-shot_tpr_tnr95 instead.
[05/13 02:20:39] val_5-way-5-shot_acc: 77.787	0.738
[05/13 02:20:39] val_5-way-5-shot_auroc: 77.787	0.625
[05/13 02:20:39] val_5-way-5-shot_fscore: 68.319	0.644
[05/13 02:20:39] val_5-way-5-shot_tpr@tnr95: 23.191	1.411
[05/13 02:20:39] val_5-way-5-shot_osr: 59.051	0.702
[05/13 02:21:05] 
[05/13 02:21:05] epoch 14/20, iter 5600:
[05/13 02:21:05] train_loss: 1.35189
[05/13 02:21:05] train_acc: 0.980
[05/13 02:21:05] train_auroc: 0.960
[05/13 02:21:11] Summary name val_5-way-5-shot_tpr@tnr95 is illegal; using val_5-way-5-shot_tpr_tnr95 instead.
[05/13 02:21:11] val_5-way-5-shot_acc: 77.747	0.738
[05/13 02:21:11] val_5-way-5-shot_auroc: 77.728	0.624
[05/13 02:21:11] val_5-way-5-shot_fscore: 68.252	0.631
[05/13 02:21:11] val_5-way-5-shot_tpr@tnr95: 23.138	1.411
[05/13 02:21:11] val_5-way-5-shot_osr: 59.021	0.701
[05/13 02:21:39] 
[05/13 02:21:39] epoch 15/20, iter 6000:
[05/13 02:21:39] train_loss: 1.34481
[05/13 02:21:39] train_acc: 0.980
[05/13 02:21:39] train_auroc: 0.960
[05/13 02:21:45] Summary name val_5-way-5-shot_tpr@tnr95 is illegal; using val_5-way-5-shot_tpr_tnr95 instead.
[05/13 02:21:45] val_5-way-5-shot_acc: 77.700	0.743
[05/13 02:21:45] val_5-way-5-shot_auroc: 77.670	0.624
[05/13 02:21:45] val_5-way-5-shot_fscore: 68.222	0.635
[05/13 02:21:45] val_5-way-5-shot_tpr@tnr95: 23.092	1.407
[05/13 02:21:45] val_5-way-5-shot_osr: 59.001	0.700
[05/13 02:22:12] 
[05/13 02:22:12] epoch 16/20, iter 6400:
[05/13 02:22:12] train_loss: 1.33782
[05/13 02:22:12] train_acc: 0.980
[05/13 02:22:12] train_auroc: 0.961
[05/13 02:22:18] Summary name val_5-way-5-shot_tpr@tnr95 is illegal; using val_5-way-5-shot_tpr_tnr95 instead.
[05/13 02:22:18] val_5-way-5-shot_acc: 77.693	0.743
[05/13 02:22:18] val_5-way-5-shot_auroc: 77.599	0.624
[05/13 02:22:18] val_5-way-5-shot_fscore: 68.215	0.637
[05/13 02:22:18] val_5-way-5-shot_tpr@tnr95: 23.040	1.405
[05/13 02:22:18] val_5-way-5-shot_osr: 58.969	0.698
[05/13 02:22:46] 
[05/13 02:22:46] epoch 17/20, iter 6800:
[05/13 02:22:46] train_loss: 1.33089
[05/13 02:22:46] train_acc: 0.981
[05/13 02:22:46] train_auroc: 0.961
[05/13 02:22:52] Summary name val_5-way-5-shot_tpr@tnr95 is illegal; using val_5-way-5-shot_tpr_tnr95 instead.
[05/13 02:22:52] val_5-way-5-shot_acc: 77.693	0.748
[05/13 02:22:52] val_5-way-5-shot_auroc: 77.546	0.624
[05/13 02:22:52] val_5-way-5-shot_fscore: 68.207	0.632
[05/13 02:22:52] val_5-way-5-shot_tpr@tnr95: 22.988	1.403
[05/13 02:22:52] val_5-way-5-shot_osr: 58.940	0.697
[05/13 02:23:18] 
[05/13 02:23:18] epoch 18/20, iter 7200:
[05/13 02:23:18] train_loss: 1.32402
[05/13 02:23:18] train_acc: 0.981
[05/13 02:23:18] train_auroc: 0.962
[05/13 02:23:24] Summary name val_5-way-5-shot_tpr@tnr95 is illegal; using val_5-way-5-shot_tpr_tnr95 instead.
[05/13 02:23:24] val_5-way-5-shot_acc: 77.653	0.750
[05/13 02:23:24] val_5-way-5-shot_auroc: 77.485	0.624
[05/13 02:23:24] val_5-way-5-shot_fscore: 68.207	0.635
[05/13 02:23:24] val_5-way-5-shot_tpr@tnr95: 22.960	1.400
[05/13 02:23:24] val_5-way-5-shot_osr: 58.921	0.695
[05/13 02:23:51] 
[05/13 02:23:51] epoch 19/20, iter 7600:
[05/13 02:23:51] train_loss: 1.32388
[05/13 02:23:51] train_acc: 0.981
[05/13 02:23:51] train_auroc: 0.962
[05/13 02:23:58] Summary name val_5-way-5-shot_tpr@tnr95 is illegal; using val_5-way-5-shot_tpr_tnr95 instead.
[05/13 02:23:58] val_5-way-5-shot_acc: 77.640	0.763
[05/13 02:23:58] val_5-way-5-shot_auroc: 77.251	0.620
[05/13 02:23:58] val_5-way-5-shot_fscore: 68.126	0.639
[05/13 02:23:58] val_5-way-5-shot_tpr@tnr95: 22.689	1.387
[05/13 02:23:58] val_5-way-5-shot_osr: 58.767	0.686
[05/13 02:24:25] 
[05/13 02:24:25] epoch 20/20, iter 8000:
[05/13 02:24:25] train_loss: 1.31967
[05/13 02:24:25] train_acc: 0.981
[05/13 02:24:25] train_auroc: 0.962
[05/13 02:24:31] Summary name val_5-way-5-shot_tpr@tnr95 is illegal; using val_5-way-5-shot_tpr_tnr95 instead.
[05/13 02:24:31] val_5-way-5-shot_acc: 77.707	0.769
[05/13 02:24:31] val_5-way-5-shot_auroc: 77.132	0.620
[05/13 02:24:31] val_5-way-5-shot_fscore: 68.015	0.636
[05/13 02:24:31] val_5-way-5-shot_tpr@tnr95: 22.636	1.388
[05/13 02:24:31] val_5-way-5-shot_osr: 58.734	0.687
[05/13 02:24:31] training finished!
[05/13 02:24:31] ------------------------
[05/13 02:24:31] the best epoch is 8/20
[05/13 02:24:31] the best 5-way 5-shot val acc is 78.073
[05/13 02:25:50] start training!
[05/13 02:26:24] 
[05/13 02:26:24] epoch 1/20, iter 400:
[05/13 02:26:24] train_loss: 2.11146
[05/13 02:26:24] train_acc: 0.912
[05/13 02:26:24] train_auroc: 0.822
[05/13 02:26:32] Summary name val_5-way-5-shot_tpr@tnr95 is illegal; using val_5-way-5-shot_tpr_tnr95 instead.
[05/13 02:26:32] val_5-way-5-shot_acc: 84.853	0.623
[05/13 02:26:32] val_5-way-5-shot_auroc: 77.111	0.766
[05/13 02:26:32] val_5-way-5-shot_fscore: 67.363	0.788
[05/13 02:26:32] val_5-way-5-shot_tpr@tnr95: 24.465	1.314
[05/13 02:26:32] val_5-way-5-shot_osr: 59.636	0.634
[05/13 02:26:32] BEST ACC!
[05/13 02:26:33] BEST Auroc!
[05/13 02:26:33] BEST Fscore!
[05/13 02:26:33] BEST OSR Score!
[05/13 02:27:07] 
[05/13 02:27:07] epoch 2/20, iter 800:
[05/13 02:27:07] train_loss: 1.86409
[05/13 02:27:07] train_acc: 0.931
[05/13 02:27:07] train_auroc: 0.869
[05/13 02:27:13] Summary name val_5-way-5-shot_tpr@tnr95 is illegal; using val_5-way-5-shot_tpr_tnr95 instead.
[05/13 02:27:13] val_5-way-5-shot_acc: 86.207	0.597
[05/13 02:27:13] val_5-way-5-shot_auroc: 79.865	0.721
[05/13 02:27:13] val_5-way-5-shot_fscore: 70.267	0.801
[05/13 02:27:13] val_5-way-5-shot_tpr@tnr95: 26.903	1.394
[05/13 02:27:13] val_5-way-5-shot_osr: 60.800	0.670
[05/13 02:27:14] BEST ACC!
[05/13 02:27:14] BEST Auroc!
[05/13 02:27:14] BEST Fscore!
[05/13 02:27:14] BEST OSR Score!
[05/13 02:27:46] 
[05/13 02:27:46] epoch 3/20, iter 1200:
[05/13 02:27:46] train_loss: 1.79014
[05/13 02:27:46] train_acc: 0.942
[05/13 02:27:46] train_auroc: 0.893
[05/13 02:27:52] Summary name val_5-way-5-shot_tpr@tnr95 is illegal; using val_5-way-5-shot_tpr_tnr95 instead.
[05/13 02:27:52] val_5-way-5-shot_acc: 86.700	0.582
[05/13 02:27:52] val_5-way-5-shot_auroc: 81.167	0.672
[05/13 02:27:52] val_5-way-5-shot_fscore: 71.593	0.727
[05/13 02:27:52] val_5-way-5-shot_tpr@tnr95: 28.363	1.466
[05/13 02:27:52] val_5-way-5-shot_osr: 61.519	0.708
[05/13 02:27:53] BEST ACC!
[05/13 02:27:53] BEST Auroc!
[05/13 02:27:53] BEST Fscore!
[05/13 02:27:53] BEST OSR Score!
[05/13 02:28:25] 
[05/13 02:28:25] epoch 4/20, iter 1600:
[05/13 02:28:25] train_loss: 1.73156
[05/13 02:28:25] train_acc: 0.948
[05/13 02:28:25] train_auroc: 0.908
[05/13 02:28:31] Summary name val_5-way-5-shot_tpr@tnr95 is illegal; using val_5-way-5-shot_tpr_tnr95 instead.
[05/13 02:28:31] val_5-way-5-shot_acc: 86.827	0.581
[05/13 02:28:31] val_5-way-5-shot_auroc: 81.980	0.631
[05/13 02:28:31] val_5-way-5-shot_fscore: 72.333	0.682
[05/13 02:28:31] val_5-way-5-shot_tpr@tnr95: 29.422	1.515
[05/13 02:28:31] val_5-way-5-shot_osr: 62.055	0.733
[05/13 02:28:31] BEST ACC!
[05/13 02:28:31] BEST Auroc!
[05/13 02:28:31] BEST Fscore!
[05/13 02:28:32] BEST OSR Score!
[05/13 02:29:02] 
[05/13 02:29:02] epoch 5/20, iter 2000:
[05/13 02:29:02] train_loss: 1.67798
[05/13 02:29:02] train_acc: 0.953
[05/13 02:29:02] train_auroc: 0.919
[05/13 02:29:08] Summary name val_5-way-5-shot_tpr@tnr95 is illegal; using val_5-way-5-shot_tpr_tnr95 instead.
[05/13 02:29:08] val_5-way-5-shot_acc: 86.827	0.580
[05/13 02:29:08] val_5-way-5-shot_auroc: 82.559	0.595
[05/13 02:29:08] val_5-way-5-shot_fscore: 72.822	0.648
[05/13 02:29:08] val_5-way-5-shot_tpr@tnr95: 30.472	1.544
[05/13 02:29:08] val_5-way-5-shot_osr: 62.596	0.749
[05/13 02:29:08] BEST Auroc!
[05/13 02:29:09] BEST Fscore!
[05/13 02:29:09] BEST OSR Score!
[05/13 02:29:40] 
[05/13 02:29:40] epoch 6/20, iter 2400:
[05/13 02:29:40] train_loss: 1.62574
[05/13 02:29:40] train_acc: 0.958
[05/13 02:29:40] train_auroc: 0.927
[05/13 02:29:46] Summary name val_5-way-5-shot_tpr@tnr95 is illegal; using val_5-way-5-shot_tpr_tnr95 instead.
[05/13 02:29:46] val_5-way-5-shot_acc: 86.793	0.584
[05/13 02:29:46] val_5-way-5-shot_auroc: 82.839	0.569
[05/13 02:29:46] val_5-way-5-shot_fscore: 72.926	0.608
[05/13 02:29:46] val_5-way-5-shot_tpr@tnr95: 31.228	1.519
[05/13 02:29:46] val_5-way-5-shot_osr: 62.989	0.741
[05/13 02:29:46] BEST Auroc!
[05/13 02:29:46] BEST Fscore!
[05/13 02:29:46] BEST OSR Score!
[05/13 02:30:17] 
[05/13 02:30:17] epoch 7/20, iter 2800:
[05/13 02:30:17] train_loss: 1.57288
[05/13 02:30:17] train_acc: 0.963
[05/13 02:30:17] train_auroc: 0.934
[05/13 02:30:24] Summary name val_5-way-5-shot_tpr@tnr95 is illegal; using val_5-way-5-shot_tpr_tnr95 instead.
[05/13 02:30:24] val_5-way-5-shot_acc: 86.647	0.598
[05/13 02:30:24] val_5-way-5-shot_auroc: 83.003	0.549
[05/13 02:30:24] val_5-way-5-shot_fscore: 72.904	0.583
[05/13 02:30:24] val_5-way-5-shot_tpr@tnr95: 31.760	1.522
[05/13 02:30:24] val_5-way-5-shot_osr: 63.237	0.742
[05/13 02:30:24] BEST Auroc!
[05/13 02:30:24] BEST OSR Score!
[05/13 02:30:57] 
[05/13 02:30:57] epoch 8/20, iter 3200:
[05/13 02:30:57] train_loss: 1.51856
[05/13 02:30:57] train_acc: 0.967
[05/13 02:30:57] train_auroc: 0.940
[05/13 02:31:04] Summary name val_5-way-5-shot_tpr@tnr95 is illegal; using val_5-way-5-shot_tpr_tnr95 instead.
[05/13 02:31:04] val_5-way-5-shot_acc: 86.507	0.589
[05/13 02:31:04] val_5-way-5-shot_auroc: 83.000	0.539
[05/13 02:31:04] val_5-way-5-shot_fscore: 72.900	0.571
[05/13 02:31:04] val_5-way-5-shot_tpr@tnr95: 32.098	1.546
[05/13 02:31:04] val_5-way-5-shot_osr: 63.416	0.753
[05/13 02:31:04] BEST OSR Score!
[05/13 02:31:35] 
[05/13 02:31:35] epoch 9/20, iter 3600:
[05/13 02:31:35] train_loss: 1.46218
[05/13 02:31:35] train_acc: 0.971
[05/13 02:31:35] train_auroc: 0.945
[05/13 02:31:41] Summary name val_5-way-5-shot_tpr@tnr95 is illegal; using val_5-way-5-shot_tpr_tnr95 instead.
[05/13 02:31:41] val_5-way-5-shot_acc: 86.400	0.577
[05/13 02:31:41] val_5-way-5-shot_auroc: 83.040	0.523
[05/13 02:31:41] val_5-way-5-shot_fscore: 72.852	0.548
[05/13 02:31:41] val_5-way-5-shot_tpr@tnr95: 32.502	1.584
[05/13 02:31:41] val_5-way-5-shot_osr: 63.651	0.769
[05/13 02:31:42] BEST Auroc!
[05/13 02:31:42] BEST OSR Score!
[05/13 02:32:12] 
[05/13 02:32:12] epoch 10/20, iter 4000:
[05/13 02:32:12] train_loss: 1.40411
[05/13 02:32:12] train_acc: 0.974
[05/13 02:32:12] train_auroc: 0.950
[05/13 02:32:18] Summary name val_5-way-5-shot_tpr@tnr95 is illegal; using val_5-way-5-shot_tpr_tnr95 instead.
[05/13 02:32:18] val_5-way-5-shot_acc: 86.167	0.578
[05/13 02:32:18] val_5-way-5-shot_auroc: 83.041	0.515
[05/13 02:32:18] val_5-way-5-shot_fscore: 72.674	0.536
[05/13 02:32:18] val_5-way-5-shot_tpr@tnr95: 32.754	1.610
[05/13 02:32:18] val_5-way-5-shot_osr: 63.769	0.783
[05/13 02:32:19] BEST Auroc!
[05/13 02:32:19] BEST OSR Score!
[05/13 02:32:50] 
[05/13 02:32:50] epoch 11/20, iter 4400:
[05/13 02:32:50] train_loss: 1.35741
[05/13 02:32:50] train_acc: 0.977
[05/13 02:32:50] train_auroc: 0.955
[05/13 02:32:57] Summary name val_5-way-5-shot_tpr@tnr95 is illegal; using val_5-way-5-shot_tpr_tnr95 instead.
[05/13 02:32:57] val_5-way-5-shot_acc: 86.447	0.573
[05/13 02:32:57] val_5-way-5-shot_auroc: 82.509	0.522
[05/13 02:32:57] val_5-way-5-shot_fscore: 72.422	0.561
[05/13 02:32:57] val_5-way-5-shot_tpr@tnr95: 31.989	1.558
[05/13 02:32:57] val_5-way-5-shot_osr: 63.414	0.756
[05/13 02:33:27] 
[05/13 02:33:27] epoch 12/20, iter 4800:
[05/13 02:33:27] train_loss: 1.34591
[05/13 02:33:27] train_acc: 0.978
[05/13 02:33:27] train_auroc: 0.956
[05/13 02:33:34] Summary name val_5-way-5-shot_tpr@tnr95 is illegal; using val_5-way-5-shot_tpr_tnr95 instead.
[05/13 02:33:34] val_5-way-5-shot_acc: 86.547	0.561
[05/13 02:33:34] val_5-way-5-shot_auroc: 82.454	0.522
[05/13 02:33:34] val_5-way-5-shot_fscore: 72.356	0.559
[05/13 02:33:34] val_5-way-5-shot_tpr@tnr95: 31.919	1.556
[05/13 02:33:34] val_5-way-5-shot_osr: 63.373	0.756
[05/13 02:34:05] 
[05/13 02:34:05] epoch 13/20, iter 5200:
[05/13 02:34:05] train_loss: 1.33794
[05/13 02:34:05] train_acc: 0.979
[05/13 02:34:05] train_auroc: 0.956
[05/13 02:34:11] Summary name val_5-way-5-shot_tpr@tnr95 is illegal; using val_5-way-5-shot_tpr_tnr95 instead.
[05/13 02:34:11] val_5-way-5-shot_acc: 86.567	0.558
[05/13 02:34:11] val_5-way-5-shot_auroc: 82.453	0.521
[05/13 02:34:11] val_5-way-5-shot_fscore: 72.407	0.551
[05/13 02:34:11] val_5-way-5-shot_tpr@tnr95: 31.907	1.557
[05/13 02:34:11] val_5-way-5-shot_osr: 63.355	0.754
[05/13 02:34:43] 
[05/13 02:34:43] epoch 14/20, iter 5600:
[05/13 02:34:43] train_loss: 1.33053
[05/13 02:34:43] train_acc: 0.979
[05/13 02:34:43] train_auroc: 0.957
[05/13 02:34:49] Summary name val_5-way-5-shot_tpr@tnr95 is illegal; using val_5-way-5-shot_tpr_tnr95 instead.
[05/13 02:34:49] val_5-way-5-shot_acc: 86.513	0.557
[05/13 02:34:49] val_5-way-5-shot_auroc: 82.464	0.521
[05/13 02:34:49] val_5-way-5-shot_fscore: 72.444	0.550
[05/13 02:34:49] val_5-way-5-shot_tpr@tnr95: 31.893	1.559
[05/13 02:34:49] val_5-way-5-shot_osr: 63.351	0.755
[05/13 02:35:19] 
[05/13 02:35:19] epoch 15/20, iter 6000:
[05/13 02:35:19] train_loss: 1.32329
[05/13 02:35:19] train_acc: 0.980
[05/13 02:35:19] train_auroc: 0.958
[05/13 02:35:26] Summary name val_5-way-5-shot_tpr@tnr95 is illegal; using val_5-way-5-shot_tpr_tnr95 instead.
[05/13 02:35:26] val_5-way-5-shot_acc: 86.520	0.561
[05/13 02:35:26] val_5-way-5-shot_auroc: 82.472	0.520
[05/13 02:35:26] val_5-way-5-shot_fscore: 72.400	0.552
[05/13 02:35:26] val_5-way-5-shot_tpr@tnr95: 31.947	1.566
[05/13 02:35:26] val_5-way-5-shot_osr: 63.373	0.757
[05/13 02:35:57] 
[05/13 02:35:57] epoch 16/20, iter 6400:
[05/13 02:35:57] train_loss: 1.31617
[05/13 02:35:57] train_acc: 0.980
[05/13 02:35:57] train_auroc: 0.958
[05/13 02:36:03] Summary name val_5-way-5-shot_tpr@tnr95 is illegal; using val_5-way-5-shot_tpr_tnr95 instead.
[05/13 02:36:03] val_5-way-5-shot_acc: 86.520	0.559
[05/13 02:36:03] val_5-way-5-shot_auroc: 82.491	0.520
[05/13 02:36:03] val_5-way-5-shot_fscore: 72.385	0.554
[05/13 02:36:03] val_5-way-5-shot_tpr@tnr95: 31.991	1.564
[05/13 02:36:03] val_5-way-5-shot_osr: 63.385	0.756
[05/13 02:36:33] 
[05/13 02:36:33] epoch 17/20, iter 6800:
[05/13 02:36:33] train_loss: 1.30909
[05/13 02:36:33] train_acc: 0.981
[05/13 02:36:33] train_auroc: 0.959
[05/13 02:36:40] Summary name val_5-way-5-shot_tpr@tnr95 is illegal; using val_5-way-5-shot_tpr_tnr95 instead.
[05/13 02:36:40] val_5-way-5-shot_acc: 86.500	0.563
[05/13 02:36:40] val_5-way-5-shot_auroc: 82.488	0.519
[05/13 02:36:40] val_5-way-5-shot_fscore: 72.393	0.552
[05/13 02:36:40] val_5-way-5-shot_tpr@tnr95: 31.983	1.573
[05/13 02:36:40] val_5-way-5-shot_osr: 63.382	0.759
[05/13 02:37:10] 
[05/13 02:37:10] epoch 18/20, iter 7200:
[05/13 02:37:10] train_loss: 1.30212
[05/13 02:37:10] train_acc: 0.981
[05/13 02:37:10] train_auroc: 0.959
[05/13 02:37:17] Summary name val_5-way-5-shot_tpr@tnr95 is illegal; using val_5-way-5-shot_tpr_tnr95 instead.
[05/13 02:37:17] val_5-way-5-shot_acc: 86.520	0.563
[05/13 02:37:17] val_5-way-5-shot_auroc: 82.495	0.519
[05/13 02:37:17] val_5-way-5-shot_fscore: 72.341	0.559
[05/13 02:37:17] val_5-way-5-shot_tpr@tnr95: 32.012	1.573
[05/13 02:37:17] val_5-way-5-shot_osr: 63.393	0.758
[05/13 02:37:48] 
[05/13 02:37:48] epoch 19/20, iter 7600:
[05/13 02:37:48] train_loss: 1.30022
[05/13 02:37:48] train_acc: 0.981
[05/13 02:37:48] train_auroc: 0.959
[05/13 02:37:54] Summary name val_5-way-5-shot_tpr@tnr95 is illegal; using val_5-way-5-shot_tpr_tnr95 instead.
[05/13 02:37:54] val_5-way-5-shot_acc: 86.513	0.560
[05/13 02:37:54] val_5-way-5-shot_auroc: 82.479	0.519
[05/13 02:37:54] val_5-way-5-shot_fscore: 72.341	0.548
[05/13 02:37:54] val_5-way-5-shot_tpr@tnr95: 32.025	1.574
[05/13 02:37:54] val_5-way-5-shot_osr: 63.398	0.757
[05/13 02:38:25] 
[05/13 02:38:25] epoch 20/20, iter 8000:
[05/13 02:38:25] train_loss: 1.29823
[05/13 02:38:25] train_acc: 0.982
[05/13 02:38:25] train_auroc: 0.960
[05/13 02:38:31] Summary name val_5-way-5-shot_tpr@tnr95 is illegal; using val_5-way-5-shot_tpr_tnr95 instead.
[05/13 02:38:31] val_5-way-5-shot_acc: 86.540	0.560
[05/13 02:38:31] val_5-way-5-shot_auroc: 82.463	0.520
[05/13 02:38:31] val_5-way-5-shot_fscore: 72.296	0.558
[05/13 02:38:31] val_5-way-5-shot_tpr@tnr95: 32.020	1.576
[05/13 02:38:31] val_5-way-5-shot_osr: 63.401	0.756
[05/13 02:38:31] training finished!
[05/13 02:38:31] ------------------------
[05/13 02:38:31] the best epoch is 10/20
[05/13 02:38:31] the best 5-way 5-shot val acc is 86.827
[05/13 02:39:43] start training!
[05/13 02:40:13] 
[05/13 02:40:13] epoch 1/20, iter 400:
[05/13 02:40:13] train_loss: 2.10573
[05/13 02:40:13] train_acc: 0.912
[05/13 02:40:13] train_auroc: 0.823
[05/13 02:40:20] Summary name val_5-way-5-shot_tpr@tnr95 is illegal; using val_5-way-5-shot_tpr_tnr95 instead.
[05/13 02:40:20] val_5-way-5-shot_acc: 84.853	0.625
[05/13 02:40:20] val_5-way-5-shot_auroc: 77.383	0.772
[05/13 02:40:20] val_5-way-5-shot_fscore: 67.578	0.813
[05/13 02:40:20] val_5-way-5-shot_tpr@tnr95: 24.706	1.339
[05/13 02:40:20] val_5-way-5-shot_osr: 59.777	0.647
[05/13 02:40:21] BEST ACC!
[05/13 02:40:21] BEST Auroc!
[05/13 02:40:21] BEST Fscore!
[05/13 02:40:21] BEST OSR Score!
[05/13 02:40:49] 
[05/13 02:40:49] epoch 2/20, iter 800:
[05/13 02:40:49] train_loss: 1.86635
[05/13 02:40:49] train_acc: 0.932
[05/13 02:40:49] train_auroc: 0.869
[05/13 02:40:55] Summary name val_5-way-5-shot_tpr@tnr95 is illegal; using val_5-way-5-shot_tpr_tnr95 instead.
[05/13 02:40:55] val_5-way-5-shot_acc: 86.187	0.598
[05/13 02:40:55] val_5-way-5-shot_auroc: 79.965	0.715
[05/13 02:40:55] val_5-way-5-shot_fscore: 70.185	0.776
[05/13 02:40:55] val_5-way-5-shot_tpr@tnr95: 27.201	1.432
[05/13 02:40:55] val_5-way-5-shot_osr: 60.969	0.690
[05/13 02:40:56] BEST ACC!
[05/13 02:40:56] BEST Auroc!
[05/13 02:40:56] BEST Fscore!
[05/13 02:40:56] BEST OSR Score!
[05/13 02:41:25] 
[05/13 02:41:25] epoch 3/20, iter 1200:
[05/13 02:41:25] train_loss: 1.79431
[05/13 02:41:25] train_acc: 0.942
[05/13 02:41:25] train_auroc: 0.892
[05/13 02:41:31] Summary name val_5-way-5-shot_tpr@tnr95 is illegal; using val_5-way-5-shot_tpr_tnr95 instead.
[05/13 02:41:31] val_5-way-5-shot_acc: 86.800	0.601
[05/13 02:41:31] val_5-way-5-shot_auroc: 81.502	0.666
[05/13 02:41:31] val_5-way-5-shot_fscore: 71.711	0.725
[05/13 02:41:31] val_5-way-5-shot_tpr@tnr95: 28.794	1.498
[05/13 02:41:31] val_5-way-5-shot_osr: 61.754	0.725
[05/13 02:41:31] BEST ACC!
[05/13 02:41:31] BEST Auroc!
[05/13 02:41:32] BEST Fscore!
[05/13 02:41:32] BEST OSR Score!
[05/13 02:42:00] 
[05/13 02:42:00] epoch 4/20, iter 1600:
[05/13 02:42:00] train_loss: 1.73701
[05/13 02:42:00] train_acc: 0.948
[05/13 02:42:00] train_auroc: 0.908
[05/13 02:42:07] Summary name val_5-way-5-shot_tpr@tnr95 is illegal; using val_5-way-5-shot_tpr_tnr95 instead.
[05/13 02:42:07] val_5-way-5-shot_acc: 86.907	0.592
[05/13 02:42:07] val_5-way-5-shot_auroc: 82.350	0.629
[05/13 02:42:07] val_5-way-5-shot_fscore: 72.526	0.690
[05/13 02:42:07] val_5-way-5-shot_tpr@tnr95: 29.917	1.555
[05/13 02:42:07] val_5-way-5-shot_osr: 62.306	0.752
[05/13 02:42:07] BEST ACC!
[05/13 02:42:07] BEST Auroc!
[05/13 02:42:07] BEST Fscore!
[05/13 02:42:07] BEST OSR Score!
[05/13 02:42:37] 
[05/13 02:42:37] epoch 5/20, iter 2000:
[05/13 02:42:37] train_loss: 1.68458
[05/13 02:42:37] train_acc: 0.953
[05/13 02:42:37] train_auroc: 0.919
[05/13 02:42:43] Summary name val_5-way-5-shot_tpr@tnr95 is illegal; using val_5-way-5-shot_tpr_tnr95 instead.
[05/13 02:42:43] val_5-way-5-shot_acc: 86.967	0.592
[05/13 02:42:43] val_5-way-5-shot_auroc: 82.837	0.595
[05/13 02:42:43] val_5-way-5-shot_fscore: 73.015	0.645
[05/13 02:42:43] val_5-way-5-shot_tpr@tnr95: 30.767	1.574
[05/13 02:42:43] val_5-way-5-shot_osr: 62.752	0.766
[05/13 02:42:43] BEST ACC!
[05/13 02:42:44] BEST Auroc!
[05/13 02:42:44] BEST Fscore!
[05/13 02:42:44] BEST OSR Score!
[05/13 02:43:14] 
[05/13 02:43:14] epoch 6/20, iter 2400:
[05/13 02:43:14] train_loss: 1.63352
[05/13 02:43:14] train_acc: 0.958
[05/13 02:43:14] train_auroc: 0.928
[05/13 02:43:21] Summary name val_5-way-5-shot_tpr@tnr95 is illegal; using val_5-way-5-shot_tpr_tnr95 instead.
[05/13 02:43:21] val_5-way-5-shot_acc: 86.967	0.592
[05/13 02:43:21] val_5-way-5-shot_auroc: 83.282	0.561
[05/13 02:43:21] val_5-way-5-shot_fscore: 73.304	0.602
[05/13 02:43:21] val_5-way-5-shot_tpr@tnr95: 31.894	1.570
[05/13 02:43:21] val_5-way-5-shot_osr: 63.304	0.765
[05/13 02:43:21] BEST Auroc!
[05/13 02:43:21] BEST Fscore!
[05/13 02:43:21] BEST OSR Score!
[05/13 02:43:50] 
[05/13 02:43:50] epoch 7/20, iter 2800:
[05/13 02:43:50] train_loss: 1.58198
[05/13 02:43:50] train_acc: 0.964
[05/13 02:43:50] train_auroc: 0.935
[05/13 02:43:56] Summary name val_5-way-5-shot_tpr@tnr95 is illegal; using val_5-way-5-shot_tpr_tnr95 instead.
[05/13 02:43:56] val_5-way-5-shot_acc: 86.893	0.591
[05/13 02:43:56] val_5-way-5-shot_auroc: 83.503	0.537
[05/13 02:43:56] val_5-way-5-shot_fscore: 73.304	0.602
[05/13 02:43:56] val_5-way-5-shot_tpr@tnr95: 32.726	1.545
[05/13 02:43:56] val_5-way-5-shot_osr: 63.754	0.753
[05/13 02:43:56] BEST Auroc!
[05/13 02:43:57] BEST OSR Score!
[05/13 02:44:25] 
[05/13 02:44:25] epoch 8/20, iter 3200:
[05/13 02:44:25] train_loss: 1.52916
[05/13 02:44:25] train_acc: 0.968
[05/13 02:44:25] train_auroc: 0.941
[05/13 02:44:32] Summary name val_5-way-5-shot_tpr@tnr95 is illegal; using val_5-way-5-shot_tpr_tnr95 instead.
[05/13 02:44:32] val_5-way-5-shot_acc: 86.813	0.589
[05/13 02:44:32] val_5-way-5-shot_auroc: 83.635	0.520
[05/13 02:44:32] val_5-way-5-shot_fscore: 73.311	0.605
[05/13 02:44:32] val_5-way-5-shot_tpr@tnr95: 33.365	1.526
[05/13 02:44:32] val_5-way-5-shot_osr: 64.079	0.745
[05/13 02:44:32] BEST Auroc!
[05/13 02:44:32] BEST Fscore!
[05/13 02:44:32] BEST OSR Score!
[05/13 02:45:10] 
[05/13 02:45:10] epoch 9/20, iter 3600:
[05/13 02:45:10] train_loss: 1.47468
[05/13 02:45:10] train_acc: 0.972
[05/13 02:45:10] train_auroc: 0.946
[05/13 02:45:17] Summary name val_5-way-5-shot_tpr@tnr95 is illegal; using val_5-way-5-shot_tpr_tnr95 instead.
[05/13 02:45:17] val_5-way-5-shot_acc: 86.720	0.581
[05/13 02:45:17] val_5-way-5-shot_auroc: 83.661	0.507
[05/13 02:45:17] val_5-way-5-shot_fscore: 73.230	0.576
[05/13 02:45:17] val_5-way-5-shot_tpr@tnr95: 33.855	1.520
[05/13 02:45:17] val_5-way-5-shot_osr: 64.324	0.740
[05/13 02:45:17] BEST Auroc!
[05/13 02:45:17] BEST OSR Score!
[05/13 02:45:46] 
[05/13 02:45:46] epoch 10/20, iter 4000:
[05/13 02:45:46] train_loss: 1.41855
[05/13 02:45:46] train_acc: 0.975
[05/13 02:45:46] train_auroc: 0.952
[05/13 02:45:53] Summary name val_5-way-5-shot_tpr@tnr95 is illegal; using val_5-way-5-shot_tpr_tnr95 instead.
[05/13 02:45:53] val_5-way-5-shot_acc: 86.547	0.573
[05/13 02:45:53] val_5-way-5-shot_auroc: 83.659	0.494
[05/13 02:45:53] val_5-way-5-shot_fscore: 73.163	0.575
[05/13 02:45:53] val_5-way-5-shot_tpr@tnr95: 34.226	1.524
[05/13 02:45:53] val_5-way-5-shot_osr: 64.506	0.732
[05/13 02:45:53] BEST OSR Score!
[05/13 02:46:23] 
[05/13 02:46:23] epoch 11/20, iter 4400:
[05/13 02:46:23] train_loss: 1.37476
[05/13 02:46:23] train_acc: 0.977
[05/13 02:46:23] train_auroc: 0.956
[05/13 02:46:29] Summary name val_5-way-5-shot_tpr@tnr95 is illegal; using val_5-way-5-shot_tpr_tnr95 instead.
[05/13 02:46:29] val_5-way-5-shot_acc: 86.600	0.574
[05/13 02:46:29] val_5-way-5-shot_auroc: 82.959	0.507
[05/13 02:46:29] val_5-way-5-shot_fscore: 72.704	0.590
[05/13 02:46:29] val_5-way-5-shot_tpr@tnr95: 32.658	1.488
[05/13 02:46:29] val_5-way-5-shot_osr: 63.713	0.713
[05/13 02:47:05] 
[05/13 02:47:05] epoch 12/20, iter 4800:
[05/13 02:47:05] train_loss: 1.36399
[05/13 02:47:05] train_acc: 0.978
[05/13 02:47:05] train_auroc: 0.957
[05/13 02:47:13] Summary name val_5-way-5-shot_tpr@tnr95 is illegal; using val_5-way-5-shot_tpr_tnr95 instead.
[05/13 02:47:13] val_5-way-5-shot_acc: 86.607	0.575
[05/13 02:47:13] val_5-way-5-shot_auroc: 82.907	0.507
[05/13 02:47:13] val_5-way-5-shot_fscore: 72.593	0.584
[05/13 02:47:13] val_5-way-5-shot_tpr@tnr95: 32.473	1.500
[05/13 02:47:13] val_5-way-5-shot_osr: 63.626	0.717
[05/13 02:47:44] 
[05/13 02:47:44] epoch 13/20, iter 5200:
[05/13 02:47:44] train_loss: 1.35611
[05/13 02:47:44] train_acc: 0.978
[05/13 02:47:44] train_auroc: 0.958
[05/13 02:47:50] Summary name val_5-way-5-shot_tpr@tnr95 is illegal; using val_5-way-5-shot_tpr_tnr95 instead.
[05/13 02:47:50] val_5-way-5-shot_acc: 86.593	0.578
[05/13 02:47:50] val_5-way-5-shot_auroc: 82.874	0.507
[05/13 02:47:50] val_5-way-5-shot_fscore: 72.563	0.580
[05/13 02:47:50] val_5-way-5-shot_tpr@tnr95: 32.447	1.507
[05/13 02:47:50] val_5-way-5-shot_osr: 63.625	0.721
[05/13 02:48:19] 
[05/13 02:48:19] epoch 14/20, iter 5600:
[05/13 02:48:19] train_loss: 1.34876
[05/13 02:48:19] train_acc: 0.979
[05/13 02:48:19] train_auroc: 0.958
[05/13 02:48:25] Summary name val_5-way-5-shot_tpr@tnr95 is illegal; using val_5-way-5-shot_tpr_tnr95 instead.
[05/13 02:48:25] val_5-way-5-shot_acc: 86.587	0.581
[05/13 02:48:25] val_5-way-5-shot_auroc: 82.887	0.505
[05/13 02:48:25] val_5-way-5-shot_fscore: 72.585	0.579
[05/13 02:48:25] val_5-way-5-shot_tpr@tnr95: 32.532	1.508
[05/13 02:48:25] val_5-way-5-shot_osr: 63.665	0.723
[05/13 02:48:56] 
[05/13 02:48:56] epoch 15/20, iter 6000:
[05/13 02:48:56] train_loss: 1.34166
[05/13 02:48:56] train_acc: 0.979
[05/13 02:48:56] train_auroc: 0.959
[05/13 02:49:03] Summary name val_5-way-5-shot_tpr@tnr95 is illegal; using val_5-way-5-shot_tpr_tnr95 instead.
[05/13 02:49:03] val_5-way-5-shot_acc: 86.573	0.581
[05/13 02:49:03] val_5-way-5-shot_auroc: 82.895	0.504
[05/13 02:49:03] val_5-way-5-shot_fscore: 72.548	0.577
[05/13 02:49:03] val_5-way-5-shot_tpr@tnr95: 32.597	1.512
[05/13 02:49:03] val_5-way-5-shot_osr: 63.702	0.723
[05/13 02:49:31] 
[05/13 02:49:31] epoch 16/20, iter 6400:
[05/13 02:49:31] train_loss: 1.33466
[05/13 02:49:31] train_acc: 0.980
[05/13 02:49:31] train_auroc: 0.959
[05/13 02:49:37] Summary name val_5-way-5-shot_tpr@tnr95 is illegal; using val_5-way-5-shot_tpr_tnr95 instead.
[05/13 02:49:37] val_5-way-5-shot_acc: 86.573	0.579
[05/13 02:49:37] val_5-way-5-shot_auroc: 82.884	0.503
[05/13 02:49:37] val_5-way-5-shot_fscore: 72.593	0.573
[05/13 02:49:37] val_5-way-5-shot_tpr@tnr95: 32.612	1.511
[05/13 02:49:37] val_5-way-5-shot_osr: 63.710	0.723
[05/13 02:50:05] 
[05/13 02:50:05] epoch 17/20, iter 6800:
[05/13 02:50:05] train_loss: 1.32772
[05/13 02:50:05] train_acc: 0.980
[05/13 02:50:05] train_auroc: 0.960
[05/13 02:50:11] Summary name val_5-way-5-shot_tpr@tnr95 is illegal; using val_5-way-5-shot_tpr_tnr95 instead.
[05/13 02:50:11] val_5-way-5-shot_acc: 86.540	0.581
[05/13 02:50:11] val_5-way-5-shot_auroc: 82.883	0.502
[05/13 02:50:11] val_5-way-5-shot_fscore: 72.607	0.569
[05/13 02:50:11] val_5-way-5-shot_tpr@tnr95: 32.676	1.512
[05/13 02:50:11] val_5-way-5-shot_osr: 63.739	0.723
[05/13 02:50:40] 
[05/13 02:50:40] epoch 18/20, iter 7200:
[05/13 02:50:40] train_loss: 1.32082
[05/13 02:50:40] train_acc: 0.981
[05/13 02:50:40] train_auroc: 0.960
[05/13 02:50:46] Summary name val_5-way-5-shot_tpr@tnr95 is illegal; using val_5-way-5-shot_tpr_tnr95 instead.
[05/13 02:50:46] val_5-way-5-shot_acc: 86.560	0.580
[05/13 02:50:46] val_5-way-5-shot_auroc: 82.876	0.501
[05/13 02:50:46] val_5-way-5-shot_fscore: 72.615	0.562
[05/13 02:50:46] val_5-way-5-shot_tpr@tnr95: 32.654	1.504
[05/13 02:50:46] val_5-way-5-shot_osr: 63.729	0.718
[05/13 02:51:14] 
[05/13 02:51:14] epoch 19/20, iter 7600:
[05/13 02:51:14] train_loss: 1.31935
[05/13 02:51:14] train_acc: 0.981
[05/13 02:51:14] train_auroc: 0.961
[05/13 02:51:21] Summary name val_5-way-5-shot_tpr@tnr95 is illegal; using val_5-way-5-shot_tpr_tnr95 instead.
[05/13 02:51:21] val_5-way-5-shot_acc: 86.613	0.571
[05/13 02:51:21] val_5-way-5-shot_auroc: 82.829	0.502
[05/13 02:51:21] val_5-way-5-shot_fscore: 72.533	0.554
[05/13 02:51:21] val_5-way-5-shot_tpr@tnr95: 32.613	1.507
[05/13 02:51:21] val_5-way-5-shot_osr: 63.710	0.720
[05/13 02:51:52] 
[05/13 02:51:52] epoch 20/20, iter 8000:
[05/13 02:51:52] train_loss: 1.31703
[05/13 02:51:52] train_acc: 0.982
[05/13 02:51:52] train_auroc: 0.961
[05/13 02:51:58] Summary name val_5-way-5-shot_tpr@tnr95 is illegal; using val_5-way-5-shot_tpr_tnr95 instead.
[05/13 02:51:58] val_5-way-5-shot_acc: 86.553	0.564
[05/13 02:51:58] val_5-way-5-shot_auroc: 82.813	0.503
[05/13 02:51:58] val_5-way-5-shot_fscore: 72.481	0.558
[05/13 02:51:58] val_5-way-5-shot_tpr@tnr95: 32.673	1.508
[05/13 02:51:58] val_5-way-5-shot_osr: 63.745	0.722
[05/13 02:51:58] training finished!
[05/13 02:51:58] ------------------------
[05/13 02:51:58] the best epoch is 10/20
[05/13 02:51:58] the best 5-way 5-shot val acc is 86.967
[05/13 02:53:23] start training!
[05/13 02:53:57] 
[05/13 02:53:57] epoch 1/20, iter 400:
[05/13 02:53:57] train_loss: 2.11067
[05/13 02:53:57] train_acc: 0.913
[05/13 02:53:57] train_auroc: 0.822
[05/13 02:54:04] Summary name val_5-way-5-shot_tpr@tnr95 is illegal; using val_5-way-5-shot_tpr_tnr95 instead.
[05/13 02:54:04] val_5-way-5-shot_acc: 84.900	0.618
[05/13 02:54:04] val_5-way-5-shot_auroc: 77.468	0.760
[05/13 02:54:04] val_5-way-5-shot_fscore: 67.859	0.807
[05/13 02:54:04] val_5-way-5-shot_tpr@tnr95: 24.736	1.336
[05/13 02:54:04] val_5-way-5-shot_osr: 59.775	0.641
[05/13 02:54:04] BEST ACC!
[05/13 02:54:05] BEST Auroc!
[05/13 02:54:05] BEST Fscore!
[05/13 02:54:05] BEST OSR Score!
[05/13 02:54:37] 
[05/13 02:54:37] epoch 2/20, iter 800:
[05/13 02:54:37] train_loss: 1.86797
[05/13 02:54:37] train_acc: 0.932
[05/13 02:54:37] train_auroc: 0.868
[05/13 02:54:45] Summary name val_5-way-5-shot_tpr@tnr95 is illegal; using val_5-way-5-shot_tpr_tnr95 instead.
[05/13 02:54:45] val_5-way-5-shot_acc: 86.080	0.596
[05/13 02:54:45] val_5-way-5-shot_auroc: 80.060	0.702
[05/13 02:54:45] val_5-way-5-shot_fscore: 70.244	0.767
[05/13 02:54:45] val_5-way-5-shot_tpr@tnr95: 27.405	1.438
[05/13 02:54:45] val_5-way-5-shot_osr: 61.056	0.691
[05/13 02:54:45] BEST ACC!
[05/13 02:54:45] BEST Auroc!
[05/13 02:54:45] BEST Fscore!
[05/13 02:54:46] BEST OSR Score!
[05/13 02:55:25] 
[05/13 02:55:25] epoch 3/20, iter 1200:
[05/13 02:55:25] train_loss: 1.79423
[05/13 02:55:25] train_acc: 0.942
[05/13 02:55:25] train_auroc: 0.893
[05/13 02:55:32] Summary name val_5-way-5-shot_tpr@tnr95 is illegal; using val_5-way-5-shot_tpr_tnr95 instead.
[05/13 02:55:32] val_5-way-5-shot_acc: 86.720	0.572
[05/13 02:55:32] val_5-way-5-shot_auroc: 81.725	0.654
[05/13 02:55:32] val_5-way-5-shot_fscore: 71.763	0.726
[05/13 02:55:32] val_5-way-5-shot_tpr@tnr95: 29.268	1.500
[05/13 02:55:32] val_5-way-5-shot_osr: 61.960	0.724
[05/13 02:55:33] BEST ACC!
[05/13 02:55:33] BEST Auroc!
[05/13 02:55:33] BEST Fscore!
[05/13 02:55:33] BEST OSR Score!
[05/13 02:56:13] 
[05/13 02:56:13] epoch 4/20, iter 1600:
[05/13 02:56:13] train_loss: 1.73614
[05/13 02:56:13] train_acc: 0.948
[05/13 02:56:13] train_auroc: 0.908
[05/13 02:56:21] Summary name val_5-way-5-shot_tpr@tnr95 is illegal; using val_5-way-5-shot_tpr_tnr95 instead.
[05/13 02:56:21] val_5-way-5-shot_acc: 86.980	0.581
[05/13 02:56:21] val_5-way-5-shot_auroc: 82.688	0.613
[05/13 02:56:21] val_5-way-5-shot_fscore: 72.911	0.654
[05/13 02:56:21] val_5-way-5-shot_tpr@tnr95: 30.744	1.577
[05/13 02:56:21] val_5-way-5-shot_osr: 62.732	0.761
[05/13 02:56:21] BEST ACC!
[05/13 02:56:21] BEST Auroc!
[05/13 02:56:21] BEST Fscore!
[05/13 02:56:22] BEST OSR Score!
[05/13 02:57:01] 
[05/13 02:57:01] epoch 5/20, iter 2000:
[05/13 02:57:01] train_loss: 1.68332
[05/13 02:57:01] train_acc: 0.953
[05/13 02:57:01] train_auroc: 0.919
[05/13 02:57:10] Summary name val_5-way-5-shot_tpr@tnr95 is illegal; using val_5-way-5-shot_tpr_tnr95 instead.
[05/13 02:57:10] val_5-way-5-shot_acc: 87.000	0.585
[05/13 02:57:10] val_5-way-5-shot_auroc: 83.193	0.583
[05/13 02:57:10] val_5-way-5-shot_fscore: 73.356	0.632
[05/13 02:57:10] val_5-way-5-shot_tpr@tnr95: 31.847	1.627
[05/13 02:57:10] val_5-way-5-shot_osr: 63.296	0.783
[05/13 02:57:10] BEST ACC!
[05/13 02:57:10] BEST Auroc!
[05/13 02:57:10] BEST Fscore!
[05/13 02:57:11] BEST OSR Score!
[05/13 02:57:48] 
[05/13 02:57:48] epoch 6/20, iter 2400:
[05/13 02:57:48] train_loss: 1.63182
[05/13 02:57:48] train_acc: 0.958
[05/13 02:57:48] train_auroc: 0.928
[05/13 02:57:56] Summary name val_5-way-5-shot_tpr@tnr95 is illegal; using val_5-way-5-shot_tpr_tnr95 instead.
[05/13 02:57:56] val_5-way-5-shot_acc: 86.920	0.592
[05/13 02:57:56] val_5-way-5-shot_auroc: 83.601	0.554
[05/13 02:57:56] val_5-way-5-shot_fscore: 73.652	0.617
[05/13 02:57:56] val_5-way-5-shot_tpr@tnr95: 32.778	1.629
[05/13 02:57:56] val_5-way-5-shot_osr: 63.758	0.786
[05/13 02:57:57] BEST Auroc!
[05/13 02:57:57] BEST Fscore!
[05/13 02:57:57] BEST OSR Score!
[05/13 02:58:37] 
[05/13 02:58:37] epoch 7/20, iter 2800:
[05/13 02:58:37] train_loss: 1.57956
[05/13 02:58:37] train_acc: 0.963
[05/13 02:58:37] train_auroc: 0.934
[05/13 02:58:43] Summary name val_5-way-5-shot_tpr@tnr95 is illegal; using val_5-way-5-shot_tpr_tnr95 instead.
[05/13 02:58:43] val_5-way-5-shot_acc: 86.813	0.599
[05/13 02:58:43] val_5-way-5-shot_auroc: 83.770	0.528
[05/13 02:58:43] val_5-way-5-shot_fscore: 73.630	0.593
[05/13 02:58:43] val_5-way-5-shot_tpr@tnr95: 33.337	1.598
[05/13 02:58:43] val_5-way-5-shot_osr: 64.028	0.767
[05/13 02:58:43] BEST Auroc!
[05/13 02:58:43] BEST OSR Score!
[05/13 02:59:24] 
[05/13 02:59:24] epoch 8/20, iter 3200:
[05/13 02:59:24] train_loss: 1.52604
[05/13 02:59:24] train_acc: 0.968
[05/13 02:59:24] train_auroc: 0.940
[05/13 02:59:32] Summary name val_5-way-5-shot_tpr@tnr95 is illegal; using val_5-way-5-shot_tpr_tnr95 instead.
[05/13 02:59:32] val_5-way-5-shot_acc: 86.647	0.585
[05/13 02:59:32] val_5-way-5-shot_auroc: 83.715	0.516
[05/13 02:59:32] val_5-way-5-shot_fscore: 73.437	0.582
[05/13 02:59:32] val_5-way-5-shot_tpr@tnr95: 33.680	1.579
[05/13 02:59:32] val_5-way-5-shot_osr: 64.193	0.759
[05/13 02:59:32] BEST OSR Score!
[05/13 03:00:17] 
[05/13 03:00:17] epoch 9/20, iter 3600:
[05/13 03:00:17] train_loss: 1.47060
[05/13 03:00:17] train_acc: 0.971
[05/13 03:00:17] train_auroc: 0.946
[05/13 03:00:26] Summary name val_5-way-5-shot_tpr@tnr95 is illegal; using val_5-way-5-shot_tpr_tnr95 instead.
[05/13 03:00:26] val_5-way-5-shot_acc: 86.520	0.572
[05/13 03:00:26] val_5-way-5-shot_auroc: 83.732	0.504
[05/13 03:00:26] val_5-way-5-shot_fscore: 73.281	0.572
[05/13 03:00:26] val_5-way-5-shot_tpr@tnr95: 34.038	1.587
[05/13 03:00:26] val_5-way-5-shot_osr: 64.379	0.769
[05/13 03:00:26] BEST OSR Score!
[05/13 03:01:10] 
[05/13 03:01:10] epoch 10/20, iter 4000:
[05/13 03:01:10] train_loss: 1.41329
[05/13 03:01:10] train_acc: 0.974
[05/13 03:01:10] train_auroc: 0.951
[05/13 03:01:19] Summary name val_5-way-5-shot_tpr@tnr95 is illegal; using val_5-way-5-shot_tpr_tnr95 instead.
[05/13 03:01:19] val_5-way-5-shot_acc: 86.393	0.553
[05/13 03:01:19] val_5-way-5-shot_auroc: 83.684	0.497
[05/13 03:01:19] val_5-way-5-shot_fscore: 73.289	0.560
[05/13 03:01:19] val_5-way-5-shot_tpr@tnr95: 34.428	1.596
[05/13 03:01:19] val_5-way-5-shot_osr: 64.564	0.773
[05/13 03:01:19] BEST OSR Score!
[05/13 03:02:01] 
[05/13 03:02:01] epoch 11/20, iter 4400:
[05/13 03:02:01] train_loss: 1.36782
[05/13 03:02:01] train_acc: 0.978
[05/13 03:02:01] train_auroc: 0.955
[05/13 03:02:09] Summary name val_5-way-5-shot_tpr@tnr95 is illegal; using val_5-way-5-shot_tpr_tnr95 instead.
[05/13 03:02:09] val_5-way-5-shot_acc: 86.433	0.567
[05/13 03:02:09] val_5-way-5-shot_auroc: 82.830	0.514
[05/13 03:02:09] val_5-way-5-shot_fscore: 72.570	0.570
[05/13 03:02:09] val_5-way-5-shot_tpr@tnr95: 32.598	1.561
[05/13 03:02:09] val_5-way-5-shot_osr: 63.668	0.750
[05/13 03:02:53] 
[05/13 03:02:53] epoch 12/20, iter 4800:
[05/13 03:02:53] train_loss: 1.35640
[05/13 03:02:53] train_acc: 0.978
[05/13 03:02:53] train_auroc: 0.956
[05/13 03:03:01] Summary name val_5-way-5-shot_tpr@tnr95 is illegal; using val_5-way-5-shot_tpr_tnr95 instead.
[05/13 03:03:01] val_5-way-5-shot_acc: 86.453	0.576
[05/13 03:03:01] val_5-way-5-shot_auroc: 82.722	0.515
[05/13 03:03:01] val_5-way-5-shot_fscore: 72.459	0.581
[05/13 03:03:01] val_5-way-5-shot_tpr@tnr95: 32.424	1.558
[05/13 03:03:01] val_5-way-5-shot_osr: 63.579	0.747
[05/13 03:03:34] 
[05/13 03:03:34] epoch 13/20, iter 5200:
[05/13 03:03:34] train_loss: 1.34849
[05/13 03:03:34] train_acc: 0.978
[05/13 03:03:34] train_auroc: 0.957
[05/13 03:03:41] Summary name val_5-way-5-shot_tpr@tnr95 is illegal; using val_5-way-5-shot_tpr_tnr95 instead.
[05/13 03:03:41] val_5-way-5-shot_acc: 86.440	0.575
[05/13 03:03:41] val_5-way-5-shot_auroc: 82.668	0.514
[05/13 03:03:41] val_5-way-5-shot_fscore: 72.378	0.577
[05/13 03:03:41] val_5-way-5-shot_tpr@tnr95: 32.418	1.561
[05/13 03:03:41] val_5-way-5-shot_osr: 63.572	0.749
[05/13 03:04:13] 
[05/13 03:04:13] epoch 14/20, iter 5600:
[05/13 03:04:13] train_loss: 1.34111
[05/13 03:04:13] train_acc: 0.979
[05/13 03:04:13] train_auroc: 0.957
[05/13 03:04:19] Summary name val_5-way-5-shot_tpr@tnr95 is illegal; using val_5-way-5-shot_tpr_tnr95 instead.
[05/13 03:04:19] val_5-way-5-shot_acc: 86.427	0.568
[05/13 03:04:19] val_5-way-5-shot_auroc: 82.625	0.515
[05/13 03:04:19] val_5-way-5-shot_fscore: 72.341	0.579
[05/13 03:04:19] val_5-way-5-shot_tpr@tnr95: 32.372	1.566
[05/13 03:04:19] val_5-way-5-shot_osr: 63.550	0.753
[05/13 03:04:51] 
[05/13 03:04:51] epoch 15/20, iter 6000:
[05/13 03:04:51] train_loss: 1.33392
[05/13 03:04:51] train_acc: 0.979
[05/13 03:04:51] train_auroc: 0.958
[05/13 03:04:57] Summary name val_5-way-5-shot_tpr@tnr95 is illegal; using val_5-way-5-shot_tpr_tnr95 instead.
[05/13 03:04:57] val_5-way-5-shot_acc: 86.380	0.574
[05/13 03:04:57] val_5-way-5-shot_auroc: 82.611	0.514
[05/13 03:04:57] val_5-way-5-shot_fscore: 72.333	0.582
[05/13 03:04:57] val_5-way-5-shot_tpr@tnr95: 32.373	1.563
[05/13 03:04:57] val_5-way-5-shot_osr: 63.556	0.751
[05/13 03:05:30] 
[05/13 03:05:30] epoch 16/20, iter 6400:
[05/13 03:05:30] train_loss: 1.32685
[05/13 03:05:30] train_acc: 0.980
[05/13 03:05:30] train_auroc: 0.959
[05/13 03:05:36] Summary name val_5-way-5-shot_tpr@tnr95 is illegal; using val_5-way-5-shot_tpr_tnr95 instead.
[05/13 03:05:36] val_5-way-5-shot_acc: 86.333	0.577
[05/13 03:05:36] val_5-way-5-shot_auroc: 82.586	0.513
[05/13 03:05:36] val_5-way-5-shot_fscore: 72.326	0.581
[05/13 03:05:36] val_5-way-5-shot_tpr@tnr95: 32.330	1.562
[05/13 03:05:36] val_5-way-5-shot_osr: 63.543	0.751
[05/13 03:06:08] 
[05/13 03:06:08] epoch 17/20, iter 6800:
[05/13 03:06:08] train_loss: 1.31986
[05/13 03:06:08] train_acc: 0.980
[05/13 03:06:08] train_auroc: 0.959
[05/13 03:06:15] Summary name val_5-way-5-shot_tpr@tnr95 is illegal; using val_5-way-5-shot_tpr_tnr95 instead.
[05/13 03:06:15] val_5-way-5-shot_acc: 86.340	0.579
[05/13 03:06:15] val_5-way-5-shot_auroc: 82.568	0.511
[05/13 03:06:15] val_5-way-5-shot_fscore: 72.304	0.576
[05/13 03:06:15] val_5-way-5-shot_tpr@tnr95: 32.360	1.560
[05/13 03:06:15] val_5-way-5-shot_osr: 63.563	0.750
[05/13 03:06:46] 
[05/13 03:06:46] epoch 18/20, iter 7200:
[05/13 03:06:46] train_loss: 1.31294
[05/13 03:06:46] train_acc: 0.980
[05/13 03:06:46] train_auroc: 0.960
[05/13 03:06:52] Summary name val_5-way-5-shot_tpr@tnr95 is illegal; using val_5-way-5-shot_tpr_tnr95 instead.
[05/13 03:06:52] val_5-way-5-shot_acc: 86.360	0.576
[05/13 03:06:52] val_5-way-5-shot_auroc: 82.553	0.511
[05/13 03:06:52] val_5-way-5-shot_fscore: 72.326	0.576
[05/13 03:06:52] val_5-way-5-shot_tpr@tnr95: 32.332	1.562
[05/13 03:06:52] val_5-way-5-shot_osr: 63.541	0.751
[05/13 03:07:24] 
[05/13 03:07:24] epoch 19/20, iter 7600:
[05/13 03:07:24] train_loss: 1.31263
[05/13 03:07:24] train_acc: 0.980
[05/13 03:07:24] train_auroc: 0.960
[05/13 03:07:30] Summary name val_5-way-5-shot_tpr@tnr95 is illegal; using val_5-way-5-shot_tpr_tnr95 instead.
[05/13 03:07:30] val_5-way-5-shot_acc: 86.360	0.569
[05/13 03:07:30] val_5-way-5-shot_auroc: 82.528	0.509
[05/13 03:07:30] val_5-way-5-shot_fscore: 72.304	0.562
[05/13 03:07:30] val_5-way-5-shot_tpr@tnr95: 32.358	1.540
[05/13 03:07:30] val_5-way-5-shot_osr: 63.573	0.744
[05/13 03:08:02] 
[05/13 03:08:02] epoch 20/20, iter 8000:
[05/13 03:08:02] train_loss: 1.31002
[05/13 03:08:02] train_acc: 0.981
[05/13 03:08:02] train_auroc: 0.960
[05/13 03:08:09] Summary name val_5-way-5-shot_tpr@tnr95 is illegal; using val_5-way-5-shot_tpr_tnr95 instead.
[05/13 03:08:09] val_5-way-5-shot_acc: 86.373	0.564
[05/13 03:08:09] val_5-way-5-shot_auroc: 82.517	0.509
[05/13 03:08:09] val_5-way-5-shot_fscore: 72.333	0.570
[05/13 03:08:09] val_5-way-5-shot_tpr@tnr95: 32.262	1.537
[05/13 03:08:09] val_5-way-5-shot_osr: 63.526	0.741
[05/13 03:08:09] training finished!
[05/13 03:08:09] ------------------------
[05/13 03:08:09] the best epoch is 10/20
[05/13 03:08:09] the best 5-way 5-shot val acc is 87.000
[05/13 03:09:17] start training!
[05/13 03:09:50] 
[05/13 03:09:50] epoch 1/20, iter 400:
[05/13 03:09:50] train_loss: 1.97183
[05/13 03:09:50] train_acc: 0.913
[05/13 03:09:50] train_auroc: 0.824
[05/13 03:09:57] Summary name val_5-way-5-shot_tpr@tnr95 is illegal; using val_5-way-5-shot_tpr_tnr95 instead.
[05/13 03:09:57] val_5-way-5-shot_acc: 84.853	0.629
[05/13 03:09:57] val_5-way-5-shot_auroc: 77.313	0.763
[05/13 03:09:57] val_5-way-5-shot_fscore: 67.696	0.806
[05/13 03:09:57] val_5-way-5-shot_tpr@tnr95: 24.788	1.337
[05/13 03:09:57] val_5-way-5-shot_osr: 59.813	0.639
[05/13 03:09:58] BEST ACC!
[05/13 03:09:58] BEST Auroc!
[05/13 03:09:58] BEST Fscore!
[05/13 03:09:58] BEST OSR Score!
[05/13 03:10:29] 
[05/13 03:10:29] epoch 2/20, iter 800:
[05/13 03:10:29] train_loss: 1.85020
[05/13 03:10:29] train_acc: 0.933
[05/13 03:10:29] train_auroc: 0.869
[05/13 03:10:35] Summary name val_5-way-5-shot_tpr@tnr95 is illegal; using val_5-way-5-shot_tpr_tnr95 instead.
[05/13 03:10:35] val_5-way-5-shot_acc: 86.087	0.597
[05/13 03:10:35] val_5-way-5-shot_auroc: 79.874	0.705
[05/13 03:10:35] val_5-way-5-shot_fscore: 69.963	0.772
[05/13 03:10:35] val_5-way-5-shot_tpr@tnr95: 27.018	1.431
[05/13 03:10:35] val_5-way-5-shot_osr: 60.853	0.686
[05/13 03:10:35] BEST ACC!
[05/13 03:10:36] BEST Auroc!
[05/13 03:10:36] BEST Fscore!
[05/13 03:10:36] BEST OSR Score!
[05/13 03:11:07] 
[05/13 03:11:07] epoch 3/20, iter 1200:
[05/13 03:11:07] train_loss: 1.78583
[05/13 03:11:07] train_acc: 0.942
[05/13 03:11:07] train_auroc: 0.893
[05/13 03:11:13] Summary name val_5-way-5-shot_tpr@tnr95 is illegal; using val_5-way-5-shot_tpr_tnr95 instead.
[05/13 03:11:13] val_5-way-5-shot_acc: 86.667	0.596
[05/13 03:11:13] val_5-way-5-shot_auroc: 81.231	0.657
[05/13 03:11:13] val_5-way-5-shot_fscore: 71.489	0.691
[05/13 03:11:13] val_5-way-5-shot_tpr@tnr95: 28.364	1.484
[05/13 03:11:13] val_5-way-5-shot_osr: 61.549	0.716
[05/13 03:11:13] BEST ACC!
[05/13 03:11:13] BEST Auroc!
[05/13 03:11:13] BEST Fscore!
[05/13 03:11:14] BEST OSR Score!
[05/13 03:11:45] 
[05/13 03:11:45] epoch 4/20, iter 1600:
[05/13 03:11:45] train_loss: 1.73113
[05/13 03:11:45] train_acc: 0.949
[05/13 03:11:45] train_auroc: 0.908
[05/13 03:11:51] Summary name val_5-way-5-shot_tpr@tnr95 is illegal; using val_5-way-5-shot_tpr_tnr95 instead.
[05/13 03:11:51] val_5-way-5-shot_acc: 86.793	0.578
[05/13 03:11:51] val_5-way-5-shot_auroc: 82.065	0.617
[05/13 03:11:51] val_5-way-5-shot_fscore: 72.400	0.684
[05/13 03:11:51] val_5-way-5-shot_tpr@tnr95: 29.406	1.504
[05/13 03:11:51] val_5-way-5-shot_osr: 62.050	0.726
[05/13 03:11:51] BEST ACC!
[05/13 03:11:51] BEST Auroc!
[05/13 03:11:52] BEST Fscore!
[05/13 03:11:52] BEST OSR Score!
[05/13 03:12:23] 
[05/13 03:12:23] epoch 5/20, iter 2000:
[05/13 03:12:23] train_loss: 1.67935
[05/13 03:12:23] train_acc: 0.953
[05/13 03:12:23] train_auroc: 0.919
[05/13 03:12:29] Summary name val_5-way-5-shot_tpr@tnr95 is illegal; using val_5-way-5-shot_tpr_tnr95 instead.
[05/13 03:12:29] val_5-way-5-shot_acc: 86.907	0.575
[05/13 03:12:29] val_5-way-5-shot_auroc: 82.609	0.583
[05/13 03:12:29] val_5-way-5-shot_fscore: 72.837	0.639
[05/13 03:12:29] val_5-way-5-shot_tpr@tnr95: 30.288	1.526
[05/13 03:12:29] val_5-way-5-shot_osr: 62.519	0.740
[05/13 03:12:29] BEST ACC!
[05/13 03:12:30] BEST Auroc!
[05/13 03:12:30] BEST Fscore!
[05/13 03:12:30] BEST OSR Score!
[05/13 03:13:02] 
[05/13 03:13:02] epoch 6/20, iter 2400:
[05/13 03:13:02] train_loss: 1.62775
[05/13 03:13:02] train_acc: 0.958
[05/13 03:13:02] train_auroc: 0.928
[05/13 03:13:08] Summary name val_5-way-5-shot_tpr@tnr95 is illegal; using val_5-way-5-shot_tpr_tnr95 instead.
[05/13 03:13:08] val_5-way-5-shot_acc: 86.813	0.587
[05/13 03:13:08] val_5-way-5-shot_auroc: 82.759	0.556
[05/13 03:13:08] val_5-way-5-shot_fscore: 72.948	0.592
[05/13 03:13:08] val_5-way-5-shot_tpr@tnr95: 30.632	1.508
[05/13 03:13:08] val_5-way-5-shot_osr: 62.697	0.732
[05/13 03:13:08] BEST Auroc!
[05/13 03:13:08] BEST Fscore!
[05/13 03:13:08] BEST OSR Score!
[05/13 03:13:40] 
[05/13 03:13:40] epoch 7/20, iter 2800:
[05/13 03:13:40] train_loss: 1.57514
[05/13 03:13:40] train_acc: 0.963
[05/13 03:13:40] train_auroc: 0.935
[05/13 03:13:47] Summary name val_5-way-5-shot_tpr@tnr95 is illegal; using val_5-way-5-shot_tpr_tnr95 instead.
[05/13 03:13:47] val_5-way-5-shot_acc: 86.713	0.597
[05/13 03:13:47] val_5-way-5-shot_auroc: 82.781	0.539
[05/13 03:13:47] val_5-way-5-shot_fscore: 72.770	0.590
[05/13 03:13:47] val_5-way-5-shot_tpr@tnr95: 31.090	1.508
[05/13 03:13:47] val_5-way-5-shot_osr: 62.941	0.733
[05/13 03:13:47] BEST Auroc!
[05/13 03:13:47] BEST OSR Score!
[05/13 03:14:18] 
[05/13 03:14:18] epoch 8/20, iter 3200:
[05/13 03:14:18] train_loss: 1.52093
[05/13 03:14:18] train_acc: 0.967
[05/13 03:14:18] train_auroc: 0.941
[05/13 03:14:24] Summary name val_5-way-5-shot_tpr@tnr95 is illegal; using val_5-way-5-shot_tpr_tnr95 instead.
[05/13 03:14:24] val_5-way-5-shot_acc: 86.667	0.587
[05/13 03:14:24] val_5-way-5-shot_auroc: 82.754	0.525
[05/13 03:14:24] val_5-way-5-shot_fscore: 72.681	0.593
[05/13 03:14:24] val_5-way-5-shot_tpr@tnr95: 31.596	1.494
[05/13 03:14:24] val_5-way-5-shot_osr: 63.191	0.722
[05/13 03:14:24] BEST OSR Score!
[05/13 03:14:56] 
[05/13 03:14:56] epoch 9/20, iter 3600:
[05/13 03:14:56] train_loss: 1.46480
[05/13 03:14:56] train_acc: 0.972
[05/13 03:14:56] train_auroc: 0.947
[05/13 03:15:02] Summary name val_5-way-5-shot_tpr@tnr95 is illegal; using val_5-way-5-shot_tpr_tnr95 instead.
[05/13 03:15:02] val_5-way-5-shot_acc: 86.513	0.592
[05/13 03:15:02] val_5-way-5-shot_auroc: 82.647	0.515
[05/13 03:15:02] val_5-way-5-shot_fscore: 72.400	0.578
[05/13 03:15:02] val_5-way-5-shot_tpr@tnr95: 31.878	1.512
[05/13 03:15:02] val_5-way-5-shot_osr: 63.336	0.727
[05/13 03:15:03] BEST OSR Score!
[05/13 03:15:34] 
[05/13 03:15:34] epoch 10/20, iter 4000:
[05/13 03:15:34] train_loss: 1.40688
[05/13 03:15:34] train_acc: 0.974
[05/13 03:15:34] train_auroc: 0.952
[05/13 03:15:40] Summary name val_5-way-5-shot_tpr@tnr95 is illegal; using val_5-way-5-shot_tpr_tnr95 instead.
[05/13 03:15:40] val_5-way-5-shot_acc: 86.393	0.566
[05/13 03:15:40] val_5-way-5-shot_auroc: 82.570	0.508
[05/13 03:15:40] val_5-way-5-shot_fscore: 72.259	0.567
[05/13 03:15:40] val_5-way-5-shot_tpr@tnr95: 32.124	1.499
[05/13 03:15:40] val_5-way-5-shot_osr: 63.436	0.716
[05/13 03:15:40] BEST OSR Score!
[05/13 03:16:11] 
[05/13 03:16:11] epoch 11/20, iter 4400:
[05/13 03:16:11] train_loss: 1.35963
[05/13 03:16:11] train_acc: 0.978
[05/13 03:16:11] train_auroc: 0.956
[05/13 03:16:17] Summary name val_5-way-5-shot_tpr@tnr95 is illegal; using val_5-way-5-shot_tpr_tnr95 instead.
[05/13 03:16:17] val_5-way-5-shot_acc: 86.567	0.571
[05/13 03:16:17] val_5-way-5-shot_auroc: 82.035	0.515
[05/13 03:16:17] val_5-way-5-shot_fscore: 71.889	0.584
[05/13 03:16:17] val_5-way-5-shot_tpr@tnr95: 31.127	1.469
[05/13 03:16:17] val_5-way-5-shot_osr: 62.954	0.706
[05/13 03:16:49] 
[05/13 03:16:49] epoch 12/20, iter 4800:
[05/13 03:16:49] train_loss: 1.34849
[05/13 03:16:49] train_acc: 0.979
[05/13 03:16:49] train_auroc: 0.957
[05/13 03:16:55] Summary name val_5-way-5-shot_tpr@tnr95 is illegal; using val_5-way-5-shot_tpr_tnr95 instead.
[05/13 03:16:55] val_5-way-5-shot_acc: 86.553	0.583
[05/13 03:16:55] val_5-way-5-shot_auroc: 81.977	0.517
[05/13 03:16:55] val_5-way-5-shot_fscore: 71.770	0.577
[05/13 03:16:55] val_5-way-5-shot_tpr@tnr95: 31.092	1.479
[05/13 03:16:55] val_5-way-5-shot_osr: 62.949	0.712
[05/13 03:17:27] 
[05/13 03:17:27] epoch 13/20, iter 5200:
[05/13 03:17:27] train_loss: 1.34053
[05/13 03:17:27] train_acc: 0.979
[05/13 03:17:27] train_auroc: 0.958
[05/13 03:17:33] Summary name val_5-way-5-shot_tpr@tnr95 is illegal; using val_5-way-5-shot_tpr_tnr95 instead.
[05/13 03:17:33] val_5-way-5-shot_acc: 86.547	0.573
[05/13 03:17:33] val_5-way-5-shot_auroc: 81.959	0.518
[05/13 03:17:33] val_5-way-5-shot_fscore: 71.778	0.584
[05/13 03:17:33] val_5-way-5-shot_tpr@tnr95: 31.088	1.484
[05/13 03:17:33] val_5-way-5-shot_osr: 62.945	0.715
[05/13 03:18:04] 
[05/13 03:18:04] epoch 14/20, iter 5600:
[05/13 03:18:04] train_loss: 1.33311
[05/13 03:18:04] train_acc: 0.980
[05/13 03:18:04] train_auroc: 0.959
[05/13 03:18:10] Summary name val_5-way-5-shot_tpr@tnr95 is illegal; using val_5-way-5-shot_tpr_tnr95 instead.
[05/13 03:18:10] val_5-way-5-shot_acc: 86.540	0.569
[05/13 03:18:10] val_5-way-5-shot_auroc: 81.958	0.517
[05/13 03:18:10] val_5-way-5-shot_fscore: 71.770	0.583
[05/13 03:18:10] val_5-way-5-shot_tpr@tnr95: 31.081	1.484
[05/13 03:18:10] val_5-way-5-shot_osr: 62.933	0.714
[05/13 03:18:41] 
[05/13 03:18:41] epoch 15/20, iter 6000:
[05/13 03:18:41] train_loss: 1.32586
[05/13 03:18:41] train_acc: 0.980
[05/13 03:18:41] train_auroc: 0.959
[05/13 03:18:47] Summary name val_5-way-5-shot_tpr@tnr95 is illegal; using val_5-way-5-shot_tpr_tnr95 instead.
[05/13 03:18:47] val_5-way-5-shot_acc: 86.533	0.571
[05/13 03:18:47] val_5-way-5-shot_auroc: 81.955	0.516
[05/13 03:18:47] val_5-way-5-shot_fscore: 71.741	0.580
[05/13 03:18:47] val_5-way-5-shot_tpr@tnr95: 31.152	1.490
[05/13 03:18:47] val_5-way-5-shot_osr: 62.973	0.715
[05/13 03:19:18] 
[05/13 03:19:18] epoch 16/20, iter 6400:
[05/13 03:19:18] train_loss: 1.31872
[05/13 03:19:18] train_acc: 0.981
[05/13 03:19:18] train_auroc: 0.960
[05/13 03:19:25] Summary name val_5-way-5-shot_tpr@tnr95 is illegal; using val_5-way-5-shot_tpr_tnr95 instead.
[05/13 03:19:25] val_5-way-5-shot_acc: 86.540	0.574
[05/13 03:19:25] val_5-way-5-shot_auroc: 81.942	0.516
[05/13 03:19:25] val_5-way-5-shot_fscore: 71.704	0.577
[05/13 03:19:25] val_5-way-5-shot_tpr@tnr95: 31.209	1.486
[05/13 03:19:25] val_5-way-5-shot_osr: 62.997	0.712
[05/13 03:19:56] 
[05/13 03:19:56] epoch 17/20, iter 6800:
[05/13 03:19:56] train_loss: 1.31166
[05/13 03:19:56] train_acc: 0.981
[05/13 03:19:56] train_auroc: 0.960
[05/13 03:20:02] Summary name val_5-way-5-shot_tpr@tnr95 is illegal; using val_5-way-5-shot_tpr_tnr95 instead.
[05/13 03:20:02] val_5-way-5-shot_acc: 86.507	0.579
[05/13 03:20:02] val_5-way-5-shot_auroc: 81.934	0.516
[05/13 03:20:02] val_5-way-5-shot_fscore: 71.719	0.576
[05/13 03:20:02] val_5-way-5-shot_tpr@tnr95: 31.188	1.490
[05/13 03:20:02] val_5-way-5-shot_osr: 62.981	0.713
[05/13 03:20:34] 
[05/13 03:20:34] epoch 18/20, iter 7200:
[05/13 03:20:34] train_loss: 1.30463
[05/13 03:20:34] train_acc: 0.981
[05/13 03:20:34] train_auroc: 0.961
[05/13 03:20:40] Summary name val_5-way-5-shot_tpr@tnr95 is illegal; using val_5-way-5-shot_tpr_tnr95 instead.
[05/13 03:20:40] val_5-way-5-shot_acc: 86.493	0.576
[05/13 03:20:40] val_5-way-5-shot_auroc: 81.914	0.517
[05/13 03:20:40] val_5-way-5-shot_fscore: 71.674	0.579
[05/13 03:20:40] val_5-way-5-shot_tpr@tnr95: 31.218	1.485
[05/13 03:20:40] val_5-way-5-shot_osr: 62.998	0.711
[05/13 03:21:11] 
[05/13 03:21:11] epoch 19/20, iter 7600:
[05/13 03:21:11] train_loss: 1.30255
[05/13 03:21:11] train_acc: 0.982
[05/13 03:21:11] train_auroc: 0.961
[05/13 03:21:18] Summary name val_5-way-5-shot_tpr@tnr95 is illegal; using val_5-way-5-shot_tpr_tnr95 instead.
[05/13 03:21:18] val_5-way-5-shot_acc: 86.547	0.574
[05/13 03:21:18] val_5-way-5-shot_auroc: 81.899	0.515
[05/13 03:21:18] val_5-way-5-shot_fscore: 71.681	0.572
[05/13 03:21:18] val_5-way-5-shot_tpr@tnr95: 31.218	1.505
[05/13 03:21:18] val_5-way-5-shot_osr: 63.007	0.724
[05/13 03:21:49] 
[05/13 03:21:49] epoch 20/20, iter 8000:
[05/13 03:21:49] train_loss: 1.30046
[05/13 03:21:49] train_acc: 0.982
[05/13 03:21:49] train_auroc: 0.961
[05/13 03:21:56] Summary name val_5-way-5-shot_tpr@tnr95 is illegal; using val_5-way-5-shot_tpr_tnr95 instead.
[05/13 03:21:56] val_5-way-5-shot_acc: 86.540	0.571
[05/13 03:21:56] val_5-way-5-shot_auroc: 81.889	0.515
[05/13 03:21:56] val_5-way-5-shot_fscore: 71.689	0.573
[05/13 03:21:56] val_5-way-5-shot_tpr@tnr95: 31.207	1.507
[05/13 03:21:56] val_5-way-5-shot_osr: 63.000	0.722
[05/13 03:21:56] training finished!
[05/13 03:21:56] ------------------------
[05/13 03:21:56] the best epoch is 10/20
[05/13 03:21:56] the best 5-way 5-shot val acc is 86.907
[05/13 03:23:04] start training!
[05/13 03:23:35] 
[05/13 03:23:35] epoch 1/20, iter 400:
[05/13 03:23:35] train_loss: 2.13076
[05/13 03:23:35] train_acc: 0.912
[05/13 03:23:35] train_auroc: 0.823
[05/13 03:23:42] Summary name val_5-way-5-shot_tpr@tnr95 is illegal; using val_5-way-5-shot_tpr_tnr95 instead.
[05/13 03:23:42] val_5-way-5-shot_acc: 84.807	0.611
[05/13 03:23:42] val_5-way-5-shot_auroc: 77.201	0.756
[05/13 03:23:42] val_5-way-5-shot_fscore: 67.637	0.785
[05/13 03:23:42] val_5-way-5-shot_tpr@tnr95: 24.574	1.350
[05/13 03:23:42] val_5-way-5-shot_osr: 59.718	0.643
[05/13 03:23:42] BEST ACC!
[05/13 03:23:43] BEST Auroc!
[05/13 03:23:43] BEST Fscore!
[05/13 03:23:43] BEST OSR Score!
[05/13 03:24:13] 
[05/13 03:24:13] epoch 2/20, iter 800:
[05/13 03:24:13] train_loss: 1.87044
[05/13 03:24:13] train_acc: 0.932
[05/13 03:24:13] train_auroc: 0.868
[05/13 03:24:19] Summary name val_5-way-5-shot_tpr@tnr95 is illegal; using val_5-way-5-shot_tpr_tnr95 instead.
[05/13 03:24:19] val_5-way-5-shot_acc: 86.060	0.597
[05/13 03:24:19] val_5-way-5-shot_auroc: 79.557	0.699
[05/13 03:24:19] val_5-way-5-shot_fscore: 69.674	0.757
[05/13 03:24:19] val_5-way-5-shot_tpr@tnr95: 26.858	1.373
[05/13 03:24:19] val_5-way-5-shot_osr: 60.783	0.660
[05/13 03:24:19] BEST ACC!
[05/13 03:24:20] BEST Auroc!
[05/13 03:24:20] BEST Fscore!
[05/13 03:24:20] BEST OSR Score!
[05/13 03:24:50] 
[05/13 03:24:50] epoch 3/20, iter 1200:
[05/13 03:24:50] train_loss: 1.79638
[05/13 03:24:50] train_acc: 0.941
[05/13 03:24:50] train_auroc: 0.893
[05/13 03:24:56] Summary name val_5-way-5-shot_tpr@tnr95 is illegal; using val_5-way-5-shot_tpr_tnr95 instead.
[05/13 03:24:56] val_5-way-5-shot_acc: 86.587	0.570
[05/13 03:24:56] val_5-way-5-shot_auroc: 81.080	0.662
[05/13 03:24:56] val_5-way-5-shot_fscore: 71.215	0.726
[05/13 03:24:56] val_5-way-5-shot_tpr@tnr95: 28.563	1.448
[05/13 03:24:56] val_5-way-5-shot_osr: 61.590	0.701
[05/13 03:24:56] BEST ACC!
[05/13 03:24:56] BEST Auroc!
[05/13 03:24:56] BEST Fscore!
[05/13 03:24:56] BEST OSR Score!
[05/13 03:25:27] 
[05/13 03:25:27] epoch 4/20, iter 1600:
[05/13 03:25:27] train_loss: 1.73865
[05/13 03:25:27] train_acc: 0.949
[05/13 03:25:27] train_auroc: 0.908
[05/13 03:25:33] Summary name val_5-way-5-shot_tpr@tnr95 is illegal; using val_5-way-5-shot_tpr_tnr95 instead.
[05/13 03:25:33] val_5-way-5-shot_acc: 86.913	0.573
[05/13 03:25:33] val_5-way-5-shot_auroc: 82.107	0.621
[05/13 03:25:33] val_5-way-5-shot_fscore: 72.281	0.652
[05/13 03:25:33] val_5-way-5-shot_tpr@tnr95: 30.075	1.521
[05/13 03:25:33] val_5-way-5-shot_osr: 62.347	0.732
[05/13 03:25:33] BEST ACC!
[05/13 03:25:34] BEST Auroc!
[05/13 03:25:34] BEST Fscore!
[05/13 03:25:34] BEST OSR Score!
[05/13 03:26:04] 
[05/13 03:26:04] epoch 5/20, iter 2000:
[05/13 03:26:04] train_loss: 1.68636
[05/13 03:26:04] train_acc: 0.953
[05/13 03:26:04] train_auroc: 0.919
[05/13 03:26:10] Summary name val_5-way-5-shot_tpr@tnr95 is illegal; using val_5-way-5-shot_tpr_tnr95 instead.
[05/13 03:26:10] val_5-way-5-shot_acc: 87.040	0.581
[05/13 03:26:10] val_5-way-5-shot_auroc: 82.597	0.588
[05/13 03:26:10] val_5-way-5-shot_fscore: 72.644	0.624
[05/13 03:26:10] val_5-way-5-shot_tpr@tnr95: 30.855	1.542
[05/13 03:26:10] val_5-way-5-shot_osr: 62.736	0.747
[05/13 03:26:11] BEST ACC!
[05/13 03:26:11] BEST Auroc!
[05/13 03:26:11] BEST Fscore!
[05/13 03:26:11] BEST OSR Score!
[05/13 03:26:42] 
[05/13 03:26:42] epoch 6/20, iter 2400:
[05/13 03:26:42] train_loss: 1.63556
[05/13 03:26:42] train_acc: 0.958
[05/13 03:26:42] train_auroc: 0.928
[05/13 03:26:48] Summary name val_5-way-5-shot_tpr@tnr95 is illegal; using val_5-way-5-shot_tpr_tnr95 instead.
[05/13 03:26:48] val_5-way-5-shot_acc: 86.887	0.592
[05/13 03:26:48] val_5-way-5-shot_auroc: 82.990	0.559
[05/13 03:26:48] val_5-way-5-shot_fscore: 72.948	0.575
[05/13 03:26:48] val_5-way-5-shot_tpr@tnr95: 31.719	1.554
[05/13 03:26:48] val_5-way-5-shot_osr: 63.176	0.756
[05/13 03:26:48] BEST Auroc!
[05/13 03:26:48] BEST Fscore!
[05/13 03:26:48] BEST OSR Score!
[05/13 03:27:19] 
[05/13 03:27:19] epoch 7/20, iter 2800:
[05/13 03:27:19] train_loss: 1.58430
[05/13 03:27:19] train_acc: 0.963
[05/13 03:27:19] train_auroc: 0.935
[05/13 03:27:25] Summary name val_5-way-5-shot_tpr@tnr95 is illegal; using val_5-way-5-shot_tpr_tnr95 instead.
[05/13 03:27:25] val_5-way-5-shot_acc: 86.860	0.588
[05/13 03:27:25] val_5-way-5-shot_auroc: 83.468	0.533
[05/13 03:27:25] val_5-way-5-shot_fscore: 73.333	0.581
[05/13 03:27:25] val_5-way-5-shot_tpr@tnr95: 32.831	1.550
[05/13 03:27:25] val_5-way-5-shot_osr: 63.762	0.758
[05/13 03:27:25] BEST Auroc!
[05/13 03:27:25] BEST Fscore!
[05/13 03:27:25] BEST OSR Score!
[05/13 03:27:55] 
[05/13 03:27:55] epoch 8/20, iter 3200:
[05/13 03:27:55] train_loss: 1.53173
[05/13 03:27:55] train_acc: 0.968
[05/13 03:27:55] train_auroc: 0.941
[05/13 03:28:01] Summary name val_5-way-5-shot_tpr@tnr95 is illegal; using val_5-way-5-shot_tpr_tnr95 instead.
[05/13 03:28:01] val_5-way-5-shot_acc: 86.747	0.579
[05/13 03:28:01] val_5-way-5-shot_auroc: 83.628	0.511
[05/13 03:28:01] val_5-way-5-shot_fscore: 73.341	0.572
[05/13 03:28:01] val_5-way-5-shot_tpr@tnr95: 33.443	1.534
[05/13 03:28:01] val_5-way-5-shot_osr: 64.085	0.752
[05/13 03:28:02] BEST Auroc!
[05/13 03:28:02] BEST Fscore!
[05/13 03:28:02] BEST OSR Score!
[05/13 03:28:32] 
[05/13 03:28:32] epoch 9/20, iter 3600:
[05/13 03:28:32] train_loss: 1.47739
[05/13 03:28:32] train_acc: 0.971
[05/13 03:28:32] train_auroc: 0.947
[05/13 03:28:38] Summary name val_5-way-5-shot_tpr@tnr95 is illegal; using val_5-way-5-shot_tpr_tnr95 instead.
[05/13 03:28:38] val_5-way-5-shot_acc: 86.693	0.574
[05/13 03:28:38] val_5-way-5-shot_auroc: 83.670	0.498
[05/13 03:28:38] val_5-way-5-shot_fscore: 73.326	0.558
[05/13 03:28:38] val_5-way-5-shot_tpr@tnr95: 33.835	1.547
[05/13 03:28:38] val_5-way-5-shot_osr: 64.307	0.758
[05/13 03:28:39] BEST Auroc!
[05/13 03:28:39] BEST OSR Score!
[05/13 03:29:09] 
[05/13 03:29:09] epoch 10/20, iter 4000:
[05/13 03:29:09] train_loss: 1.42112
[05/13 03:29:09] train_acc: 0.974
[05/13 03:29:09] train_auroc: 0.952
[05/13 03:29:15] Summary name val_5-way-5-shot_tpr@tnr95 is illegal; using val_5-way-5-shot_tpr_tnr95 instead.
[05/13 03:29:15] val_5-way-5-shot_acc: 86.527	0.570
[05/13 03:29:15] val_5-way-5-shot_auroc: 83.646	0.489
[05/13 03:29:15] val_5-way-5-shot_fscore: 73.348	0.530
[05/13 03:29:15] val_5-way-5-shot_tpr@tnr95: 34.128	1.604
[05/13 03:29:15] val_5-way-5-shot_osr: 64.432	0.780
[05/13 03:29:15] BEST Fscore!
[05/13 03:29:16] BEST OSR Score!
[05/13 03:29:46] 
[05/13 03:29:46] epoch 11/20, iter 4400:
[05/13 03:29:46] train_loss: 1.37591
[05/13 03:29:46] train_acc: 0.978
[05/13 03:29:46] train_auroc: 0.956
[05/13 03:29:53] Summary name val_5-way-5-shot_tpr@tnr95 is illegal; using val_5-way-5-shot_tpr_tnr95 instead.
[05/13 03:29:53] val_5-way-5-shot_acc: 86.720	0.568
[05/13 03:29:53] val_5-way-5-shot_auroc: 82.902	0.501
[05/13 03:29:53] val_5-way-5-shot_fscore: 72.496	0.561
[05/13 03:29:53] val_5-way-5-shot_tpr@tnr95: 32.473	1.515
[05/13 03:29:53] val_5-way-5-shot_osr: 63.636	0.738
[05/13 03:30:23] 
[05/13 03:30:23] epoch 12/20, iter 4800:
[05/13 03:30:23] train_loss: 1.36518
[05/13 03:30:23] train_acc: 0.978
[05/13 03:30:23] train_auroc: 0.957
[05/13 03:30:29] Summary name val_5-way-5-shot_tpr@tnr95 is illegal; using val_5-way-5-shot_tpr_tnr95 instead.
[05/13 03:30:29] val_5-way-5-shot_acc: 86.727	0.571
[05/13 03:30:29] val_5-way-5-shot_auroc: 82.867	0.500
[05/13 03:30:29] val_5-way-5-shot_fscore: 72.541	0.567
[05/13 03:30:29] val_5-way-5-shot_tpr@tnr95: 32.424	1.527
[05/13 03:30:29] val_5-way-5-shot_osr: 63.605	0.744
[05/13 03:30:58] 
[05/13 03:30:58] epoch 13/20, iter 5200:
[05/13 03:30:58] train_loss: 1.35735
[05/13 03:30:58] train_acc: 0.979
[05/13 03:30:58] train_auroc: 0.958
[05/13 03:31:04] Summary name val_5-way-5-shot_tpr@tnr95 is illegal; using val_5-way-5-shot_tpr_tnr95 instead.
[05/13 03:31:04] val_5-way-5-shot_acc: 86.720	0.568
[05/13 03:31:04] val_5-way-5-shot_auroc: 82.864	0.500
[05/13 03:31:04] val_5-way-5-shot_fscore: 72.522	0.568
[05/13 03:31:04] val_5-way-5-shot_tpr@tnr95: 32.481	1.536
[05/13 03:31:04] val_5-way-5-shot_osr: 63.644	0.746
[05/13 03:31:34] 
[05/13 03:31:34] epoch 14/20, iter 5600:
[05/13 03:31:34] train_loss: 1.35005
[05/13 03:31:34] train_acc: 0.979
[05/13 03:31:34] train_auroc: 0.958
[05/13 03:31:40] Summary name val_5-way-5-shot_tpr@tnr95 is illegal; using val_5-way-5-shot_tpr_tnr95 instead.
[05/13 03:31:40] val_5-way-5-shot_acc: 86.733	0.565
[05/13 03:31:40] val_5-way-5-shot_auroc: 82.865	0.499
[05/13 03:31:40] val_5-way-5-shot_fscore: 72.511	0.572
[05/13 03:31:40] val_5-way-5-shot_tpr@tnr95: 32.565	1.536
[05/13 03:31:40] val_5-way-5-shot_osr: 63.671	0.747
[05/13 03:32:10] 
[05/13 03:32:10] epoch 15/20, iter 6000:
[05/13 03:32:10] train_loss: 1.34298
[05/13 03:32:10] train_acc: 0.979
[05/13 03:32:10] train_auroc: 0.959
[05/13 03:32:16] Summary name val_5-way-5-shot_tpr@tnr95 is illegal; using val_5-way-5-shot_tpr_tnr95 instead.
[05/13 03:32:16] val_5-way-5-shot_acc: 86.687	0.559
[05/13 03:32:16] val_5-way-5-shot_auroc: 82.856	0.498
[05/13 03:32:16] val_5-way-5-shot_fscore: 72.474	0.562
[05/13 03:32:16] val_5-way-5-shot_tpr@tnr95: 32.625	1.542
[05/13 03:32:16] val_5-way-5-shot_osr: 63.704	0.749
[05/13 03:32:45] 
[05/13 03:32:45] epoch 16/20, iter 6400:
[05/13 03:32:45] train_loss: 1.33603
[05/13 03:32:45] train_acc: 0.980
[05/13 03:32:45] train_auroc: 0.960
[05/13 03:32:52] Summary name val_5-way-5-shot_tpr@tnr95 is illegal; using val_5-way-5-shot_tpr_tnr95 instead.
[05/13 03:32:52] val_5-way-5-shot_acc: 86.673	0.562
[05/13 03:32:52] val_5-way-5-shot_auroc: 82.849	0.497
[05/13 03:32:52] val_5-way-5-shot_fscore: 72.430	0.563
[05/13 03:32:52] val_5-way-5-shot_tpr@tnr95: 32.696	1.549
[05/13 03:32:52] val_5-way-5-shot_osr: 63.741	0.753
[05/13 03:33:21] 
[05/13 03:33:21] epoch 17/20, iter 6800:
[05/13 03:33:21] train_loss: 1.32912
[05/13 03:33:21] train_acc: 0.981
[05/13 03:33:21] train_auroc: 0.960
[05/13 03:33:27] Summary name val_5-way-5-shot_tpr@tnr95 is illegal; using val_5-way-5-shot_tpr_tnr95 instead.
[05/13 03:33:27] val_5-way-5-shot_acc: 86.667	0.559
[05/13 03:33:27] val_5-way-5-shot_auroc: 82.829	0.496
[05/13 03:33:27] val_5-way-5-shot_fscore: 72.444	0.561
[05/13 03:33:27] val_5-way-5-shot_tpr@tnr95: 32.698	1.552
[05/13 03:33:27] val_5-way-5-shot_osr: 63.734	0.753
[05/13 03:33:57] 
[05/13 03:33:57] epoch 18/20, iter 7200:
[05/13 03:33:57] train_loss: 1.32224
[05/13 03:33:57] train_acc: 0.981
[05/13 03:33:57] train_auroc: 0.961
[05/13 03:34:03] Summary name val_5-way-5-shot_tpr@tnr95 is illegal; using val_5-way-5-shot_tpr_tnr95 instead.
[05/13 03:34:03] val_5-way-5-shot_acc: 86.613	0.559
[05/13 03:34:03] val_5-way-5-shot_auroc: 82.826	0.496
[05/13 03:34:03] val_5-way-5-shot_fscore: 72.474	0.561
[05/13 03:34:03] val_5-way-5-shot_tpr@tnr95: 32.716	1.563
[05/13 03:34:03] val_5-way-5-shot_osr: 63.741	0.758
[05/13 03:34:33] 
[05/13 03:34:33] epoch 19/20, iter 7600:
[05/13 03:34:33] train_loss: 1.32099
[05/13 03:34:33] train_acc: 0.981
[05/13 03:34:33] train_auroc: 0.961
[05/13 03:34:39] Summary name val_5-way-5-shot_tpr@tnr95 is illegal; using val_5-way-5-shot_tpr_tnr95 instead.
[05/13 03:34:39] val_5-way-5-shot_acc: 86.613	0.572
[05/13 03:34:39] val_5-way-5-shot_auroc: 82.817	0.495
[05/13 03:34:39] val_5-way-5-shot_fscore: 72.407	0.548
[05/13 03:34:39] val_5-way-5-shot_tpr@tnr95: 32.811	1.571
[05/13 03:34:39] val_5-way-5-shot_osr: 63.788	0.759
[05/13 03:35:08] 
[05/13 03:35:08] epoch 20/20, iter 8000:
[05/13 03:35:08] train_loss: 1.31871
[05/13 03:35:08] train_acc: 0.981
[05/13 03:35:08] train_auroc: 0.961
[05/13 03:35:14] Summary name val_5-way-5-shot_tpr@tnr95 is illegal; using val_5-way-5-shot_tpr_tnr95 instead.
[05/13 03:35:14] val_5-way-5-shot_acc: 86.573	0.575
[05/13 03:35:14] val_5-way-5-shot_auroc: 82.802	0.496
[05/13 03:35:14] val_5-way-5-shot_fscore: 72.341	0.548
[05/13 03:35:14] val_5-way-5-shot_tpr@tnr95: 32.800	1.571
[05/13 03:35:14] val_5-way-5-shot_osr: 63.775	0.759
[05/13 03:35:14] training finished!
[05/13 03:35:14] ------------------------
[05/13 03:35:14] the best epoch is 10/20
[05/13 03:35:14] the best 5-way 5-shot val acc is 87.040
[05/13 03:36:20] start training!
[05/13 03:36:49] 
[05/13 03:36:49] epoch 1/20, iter 400:
[05/13 03:36:49] train_loss: 1.97398
[05/13 03:36:49] train_acc: 0.913
[05/13 03:36:49] train_auroc: 0.824
[05/13 03:36:57] Summary name val_5-way-5-shot_tpr@tnr95 is illegal; using val_5-way-5-shot_tpr_tnr95 instead.
[05/13 03:36:57] val_5-way-5-shot_acc: 84.787	0.630
[05/13 03:36:57] val_5-way-5-shot_auroc: 77.148	0.767
[05/13 03:36:57] val_5-way-5-shot_fscore: 67.407	0.817
[05/13 03:36:57] val_5-way-5-shot_tpr@tnr95: 24.843	1.347
[05/13 03:36:57] val_5-way-5-shot_osr: 59.847	0.639
[05/13 03:36:57] BEST ACC!
[05/13 03:36:57] BEST Auroc!
[05/13 03:36:57] BEST Fscore!
[05/13 03:36:57] BEST OSR Score!
[05/13 03:37:25] 
[05/13 03:37:25] epoch 2/20, iter 800:
[05/13 03:37:25] train_loss: 1.85338
[05/13 03:37:25] train_acc: 0.933
[05/13 03:37:25] train_auroc: 0.869
[05/13 03:37:31] Summary name val_5-way-5-shot_tpr@tnr95 is illegal; using val_5-way-5-shot_tpr_tnr95 instead.
[05/13 03:37:31] val_5-way-5-shot_acc: 86.047	0.596
[05/13 03:37:31] val_5-way-5-shot_auroc: 79.933	0.704
[05/13 03:37:31] val_5-way-5-shot_fscore: 70.141	0.762
[05/13 03:37:31] val_5-way-5-shot_tpr@tnr95: 27.096	1.394
[05/13 03:37:31] val_5-way-5-shot_osr: 60.928	0.672
[05/13 03:37:32] BEST ACC!
[05/13 03:37:32] BEST Auroc!
[05/13 03:37:32] BEST Fscore!
[05/13 03:37:32] BEST OSR Score!
[05/13 03:38:00] 
[05/13 03:38:00] epoch 3/20, iter 1200:
[05/13 03:38:00] train_loss: 1.79003
[05/13 03:38:00] train_acc: 0.941
[05/13 03:38:00] train_auroc: 0.893
[05/13 03:38:06] Summary name val_5-way-5-shot_tpr@tnr95 is illegal; using val_5-way-5-shot_tpr_tnr95 instead.
[05/13 03:38:06] val_5-way-5-shot_acc: 86.540	0.594
[05/13 03:38:06] val_5-way-5-shot_auroc: 81.292	0.658
[05/13 03:38:06] val_5-way-5-shot_fscore: 71.541	0.687
[05/13 03:38:06] val_5-way-5-shot_tpr@tnr95: 28.408	1.454
[05/13 03:38:06] val_5-way-5-shot_osr: 61.573	0.697
[05/13 03:38:06] BEST ACC!
[05/13 03:38:07] BEST Auroc!
[05/13 03:38:07] BEST Fscore!
[05/13 03:38:07] BEST OSR Score!
[05/13 03:38:34] 
[05/13 03:38:34] epoch 4/20, iter 1600:
[05/13 03:38:34] train_loss: 1.73617
[05/13 03:38:34] train_acc: 0.948
[05/13 03:38:34] train_auroc: 0.908
[05/13 03:38:40] Summary name val_5-way-5-shot_tpr@tnr95 is illegal; using val_5-way-5-shot_tpr_tnr95 instead.
[05/13 03:38:40] val_5-way-5-shot_acc: 86.793	0.579
[05/13 03:38:40] val_5-way-5-shot_auroc: 82.351	0.609
[05/13 03:38:40] val_5-way-5-shot_fscore: 72.778	0.627
[05/13 03:38:40] val_5-way-5-shot_tpr@tnr95: 29.738	1.491
[05/13 03:38:40] val_5-way-5-shot_osr: 62.217	0.717
[05/13 03:38:40] BEST ACC!
[05/13 03:38:40] BEST Auroc!
[05/13 03:38:41] BEST Fscore!
[05/13 03:38:41] BEST OSR Score!
[05/13 03:39:08] 
[05/13 03:39:08] epoch 5/20, iter 2000:
[05/13 03:39:08] train_loss: 1.68557
[05/13 03:39:08] train_acc: 0.953
[05/13 03:39:08] train_auroc: 0.919
[05/13 03:39:14] Summary name val_5-way-5-shot_tpr@tnr95 is illegal; using val_5-way-5-shot_tpr_tnr95 instead.
[05/13 03:39:14] val_5-way-5-shot_acc: 86.913	0.582
[05/13 03:39:14] val_5-way-5-shot_auroc: 82.923	0.572
[05/13 03:39:14] val_5-way-5-shot_fscore: 73.104	0.604
[05/13 03:39:14] val_5-way-5-shot_tpr@tnr95: 30.687	1.529
[05/13 03:39:14] val_5-way-5-shot_osr: 62.704	0.740
[05/13 03:39:14] BEST ACC!
[05/13 03:39:15] BEST Auroc!
[05/13 03:39:15] BEST Fscore!
[05/13 03:39:15] BEST OSR Score!
[05/13 03:39:43] 
[05/13 03:39:43] epoch 6/20, iter 2400:
[05/13 03:39:43] train_loss: 1.63541
[05/13 03:39:43] train_acc: 0.958
[05/13 03:39:43] train_auroc: 0.928
[05/13 03:39:49] Summary name val_5-way-5-shot_tpr@tnr95 is illegal; using val_5-way-5-shot_tpr_tnr95 instead.
[05/13 03:39:49] val_5-way-5-shot_acc: 86.940	0.587
[05/13 03:39:49] val_5-way-5-shot_auroc: 83.232	0.544
[05/13 03:39:49] val_5-way-5-shot_fscore: 73.215	0.586
[05/13 03:39:49] val_5-way-5-shot_tpr@tnr95: 31.565	1.533
[05/13 03:39:49] val_5-way-5-shot_osr: 63.169	0.744
[05/13 03:39:49] BEST ACC!
[05/13 03:39:49] BEST Auroc!
[05/13 03:39:50] BEST Fscore!
[05/13 03:39:50] BEST OSR Score!
[05/13 03:40:18] 
[05/13 03:40:18] epoch 7/20, iter 2800:
[05/13 03:40:18] train_loss: 1.58465
[05/13 03:40:18] train_acc: 0.963
[05/13 03:40:18] train_auroc: 0.935
[05/13 03:40:24] Summary name val_5-way-5-shot_tpr@tnr95 is illegal; using val_5-way-5-shot_tpr_tnr95 instead.
[05/13 03:40:24] val_5-way-5-shot_acc: 86.853	0.589
[05/13 03:40:24] val_5-way-5-shot_auroc: 83.340	0.523
[05/13 03:40:24] val_5-way-5-shot_fscore: 73.341	0.569
[05/13 03:40:24] val_5-way-5-shot_tpr@tnr95: 32.283	1.514
[05/13 03:40:24] val_5-way-5-shot_osr: 63.529	0.735
[05/13 03:40:24] BEST Auroc!
[05/13 03:40:24] BEST Fscore!
[05/13 03:40:24] BEST OSR Score!
[05/13 03:40:53] 
[05/13 03:40:53] epoch 8/20, iter 3200:
[05/13 03:40:53] train_loss: 1.53228
[05/13 03:40:53] train_acc: 0.967
[05/13 03:40:53] train_auroc: 0.941
[05/13 03:40:59] Summary name val_5-way-5-shot_tpr@tnr95 is illegal; using val_5-way-5-shot_tpr_tnr95 instead.
[05/13 03:40:59] val_5-way-5-shot_acc: 86.807	0.587
[05/13 03:40:59] val_5-way-5-shot_auroc: 83.407	0.508
[05/13 03:40:59] val_5-way-5-shot_fscore: 73.185	0.572
[05/13 03:40:59] val_5-way-5-shot_tpr@tnr95: 32.815	1.494
[05/13 03:40:59] val_5-way-5-shot_osr: 63.819	0.723
[05/13 03:40:59] BEST Auroc!
[05/13 03:40:59] BEST OSR Score!
[05/13 03:41:27] 
[05/13 03:41:27] epoch 9/20, iter 3600:
[05/13 03:41:27] train_loss: 1.47808
[05/13 03:41:27] train_acc: 0.971
[05/13 03:41:27] train_auroc: 0.946
[05/13 03:41:33] Summary name val_5-way-5-shot_tpr@tnr95 is illegal; using val_5-way-5-shot_tpr_tnr95 instead.
[05/13 03:41:33] val_5-way-5-shot_acc: 86.620	0.575
[05/13 03:41:33] val_5-way-5-shot_auroc: 83.421	0.499
[05/13 03:41:33] val_5-way-5-shot_fscore: 73.074	0.571
[05/13 03:41:33] val_5-way-5-shot_tpr@tnr95: 33.230	1.482
[05/13 03:41:33] val_5-way-5-shot_osr: 64.003	0.715
[05/13 03:41:33] BEST Auroc!
[05/13 03:41:33] BEST OSR Score!
[05/13 03:42:01] 
[05/13 03:42:01] epoch 10/20, iter 4000:
[05/13 03:42:01] train_loss: 1.42191
[05/13 03:42:01] train_acc: 0.975
[05/13 03:42:01] train_auroc: 0.952
[05/13 03:42:07] Summary name val_5-way-5-shot_tpr@tnr95 is illegal; using val_5-way-5-shot_tpr_tnr95 instead.
[05/13 03:42:07] val_5-way-5-shot_acc: 86.440	0.565
[05/13 03:42:07] val_5-way-5-shot_auroc: 83.248	0.492
[05/13 03:42:07] val_5-way-5-shot_fscore: 72.793	0.557
[05/13 03:42:07] val_5-way-5-shot_tpr@tnr95: 33.212	1.468
[05/13 03:42:07] val_5-way-5-shot_osr: 63.989	0.708
[05/13 03:42:35] 
[05/13 03:42:35] epoch 11/20, iter 4400:
[05/13 03:42:35] train_loss: 1.37839
[05/13 03:42:35] train_acc: 0.978
[05/13 03:42:35] train_auroc: 0.956
[05/13 03:42:42] Summary name val_5-way-5-shot_tpr@tnr95 is illegal; using val_5-way-5-shot_tpr_tnr95 instead.
[05/13 03:42:42] val_5-way-5-shot_acc: 86.680	0.557
[05/13 03:42:42] val_5-way-5-shot_auroc: 82.756	0.500
[05/13 03:42:42] val_5-way-5-shot_fscore: 72.489	0.570
[05/13 03:42:42] val_5-way-5-shot_tpr@tnr95: 32.053	1.473
[05/13 03:42:42] val_5-way-5-shot_osr: 63.410	0.702
[05/13 03:43:10] 
[05/13 03:43:10] epoch 12/20, iter 4800:
[05/13 03:43:10] train_loss: 1.36750
[05/13 03:43:10] train_acc: 0.978
[05/13 03:43:10] train_auroc: 0.957
[05/13 03:43:16] Summary name val_5-way-5-shot_tpr@tnr95 is illegal; using val_5-way-5-shot_tpr_tnr95 instead.
[05/13 03:43:16] val_5-way-5-shot_acc: 86.693	0.561
[05/13 03:43:16] val_5-way-5-shot_auroc: 82.669	0.501
[05/13 03:43:16] val_5-way-5-shot_fscore: 72.415	0.575
[05/13 03:43:16] val_5-way-5-shot_tpr@tnr95: 32.031	1.472
[05/13 03:43:16] val_5-way-5-shot_osr: 63.408	0.701
[05/13 03:43:45] 
[05/13 03:43:45] epoch 13/20, iter 5200:
[05/13 03:43:45] train_loss: 1.35964
[05/13 03:43:45] train_acc: 0.979
[05/13 03:43:45] train_auroc: 0.957
[05/13 03:43:51] Summary name val_5-way-5-shot_tpr@tnr95 is illegal; using val_5-way-5-shot_tpr_tnr95 instead.
[05/13 03:43:51] val_5-way-5-shot_acc: 86.720	0.565
[05/13 03:43:51] val_5-way-5-shot_auroc: 82.647	0.502
[05/13 03:43:51] val_5-way-5-shot_fscore: 72.341	0.569
[05/13 03:43:51] val_5-way-5-shot_tpr@tnr95: 32.005	1.475
[05/13 03:43:51] val_5-way-5-shot_osr: 63.388	0.703
[05/13 03:44:19] 
[05/13 03:44:19] epoch 14/20, iter 5600:
[05/13 03:44:19] train_loss: 1.35230
[05/13 03:44:19] train_acc: 0.979
[05/13 03:44:19] train_auroc: 0.958
[05/13 03:44:25] Summary name val_5-way-5-shot_tpr@tnr95 is illegal; using val_5-way-5-shot_tpr_tnr95 instead.
[05/13 03:44:25] val_5-way-5-shot_acc: 86.740	0.560
[05/13 03:44:25] val_5-way-5-shot_auroc: 82.635	0.501
[05/13 03:44:25] val_5-way-5-shot_fscore: 72.378	0.572
[05/13 03:44:25] val_5-way-5-shot_tpr@tnr95: 32.097	1.481
[05/13 03:44:25] val_5-way-5-shot_osr: 63.421	0.706
[05/13 03:44:53] 
[05/13 03:44:53] epoch 15/20, iter 6000:
[05/13 03:44:53] train_loss: 1.34514
[05/13 03:44:53] train_acc: 0.980
[05/13 03:44:53] train_auroc: 0.959
[05/13 03:44:59] Summary name val_5-way-5-shot_tpr@tnr95 is illegal; using val_5-way-5-shot_tpr_tnr95 instead.
[05/13 03:44:59] val_5-way-5-shot_acc: 86.760	0.558
[05/13 03:44:59] val_5-way-5-shot_auroc: 82.633	0.500
[05/13 03:44:59] val_5-way-5-shot_fscore: 72.348	0.576
[05/13 03:44:59] val_5-way-5-shot_tpr@tnr95: 32.077	1.479
[05/13 03:44:59] val_5-way-5-shot_osr: 63.407	0.705
[05/13 03:45:27] 
[05/13 03:45:27] epoch 16/20, iter 6400:
[05/13 03:45:27] train_loss: 1.33805
[05/13 03:45:27] train_acc: 0.980
[05/13 03:45:27] train_auroc: 0.959
[05/13 03:45:33] Summary name val_5-way-5-shot_tpr@tnr95 is illegal; using val_5-way-5-shot_tpr_tnr95 instead.
[05/13 03:45:33] val_5-way-5-shot_acc: 86.733	0.555
[05/13 03:45:33] val_5-way-5-shot_auroc: 82.643	0.499
[05/13 03:45:33] val_5-way-5-shot_fscore: 72.356	0.567
[05/13 03:45:33] val_5-way-5-shot_tpr@tnr95: 32.164	1.479
[05/13 03:45:33] val_5-way-5-shot_osr: 63.451	0.705
[05/13 03:46:02] 
[05/13 03:46:02] epoch 17/20, iter 6800:
[05/13 03:46:02] train_loss: 1.33103
[05/13 03:46:02] train_acc: 0.980
[05/13 03:46:02] train_auroc: 0.960
[05/13 03:46:08] Summary name val_5-way-5-shot_tpr@tnr95 is illegal; using val_5-way-5-shot_tpr_tnr95 instead.
[05/13 03:46:08] val_5-way-5-shot_acc: 86.707	0.556
[05/13 03:46:08] val_5-way-5-shot_auroc: 82.651	0.498
[05/13 03:46:08] val_5-way-5-shot_fscore: 72.348	0.558
[05/13 03:46:08] val_5-way-5-shot_tpr@tnr95: 32.226	1.479
[05/13 03:46:08] val_5-way-5-shot_osr: 63.479	0.704
[05/13 03:46:36] 
[05/13 03:46:36] epoch 18/20, iter 7200:
[05/13 03:46:36] train_loss: 1.32404
[05/13 03:46:36] train_acc: 0.981
[05/13 03:46:36] train_auroc: 0.960
[05/13 03:46:42] Summary name val_5-way-5-shot_tpr@tnr95 is illegal; using val_5-way-5-shot_tpr_tnr95 instead.
[05/13 03:46:42] val_5-way-5-shot_acc: 86.680	0.553
[05/13 03:46:42] val_5-way-5-shot_auroc: 82.651	0.497
[05/13 03:46:42] val_5-way-5-shot_fscore: 72.385	0.553
[05/13 03:46:42] val_5-way-5-shot_tpr@tnr95: 32.288	1.482
[05/13 03:46:42] val_5-way-5-shot_osr: 63.519	0.706
[05/13 03:47:11] 
[05/13 03:47:11] epoch 19/20, iter 7600:
[05/13 03:47:11] train_loss: 1.32251
[05/13 03:47:11] train_acc: 0.981
[05/13 03:47:11] train_auroc: 0.961
[05/13 03:47:17] Summary name val_5-way-5-shot_tpr@tnr95 is illegal; using val_5-way-5-shot_tpr_tnr95 instead.
[05/13 03:47:17] val_5-way-5-shot_acc: 86.673	0.561
[05/13 03:47:17] val_5-way-5-shot_auroc: 82.654	0.497
[05/13 03:47:17] val_5-way-5-shot_fscore: 72.422	0.557
[05/13 03:47:17] val_5-way-5-shot_tpr@tnr95: 32.333	1.502
[05/13 03:47:17] val_5-way-5-shot_osr: 63.541	0.717
[05/13 03:47:45] 
[05/13 03:47:45] epoch 20/20, iter 8000:
[05/13 03:47:45] train_loss: 1.32025
[05/13 03:47:45] train_acc: 0.981
[05/13 03:47:45] train_auroc: 0.961
[05/13 03:47:51] Summary name val_5-way-5-shot_tpr@tnr95 is illegal; using val_5-way-5-shot_tpr_tnr95 instead.
[05/13 03:47:51] val_5-way-5-shot_acc: 86.627	0.549
[05/13 03:47:51] val_5-way-5-shot_auroc: 82.664	0.497
[05/13 03:47:51] val_5-way-5-shot_fscore: 72.459	0.555
[05/13 03:47:51] val_5-way-5-shot_tpr@tnr95: 32.389	1.507
[05/13 03:47:51] val_5-way-5-shot_osr: 63.556	0.718
[05/13 03:47:51] training finished!
[05/13 03:47:51] ------------------------
[05/13 03:47:51] the best epoch is 9/20
[05/13 03:47:51] the best 5-way 5-shot val acc is 86.940
