[05/14 05:35:44] start training!
[05/14 05:35:46] [GradMonitor step=5] near-input: bn0: mean=-6.03e-07 std=5.99e-04 pos=0.50 | enc_conv1: mean=5.46e-14 std=4.09e-04 pos=0.49
[05/14 05:35:46] [GradMonitor step=5] deep/task: enc_layer4: mean=1.62e-05 std=6.91e-05 | PAM: mean=1.84e-04 std=7.89e-04 | CIAM: mean=1.62e-05 std=6.91e-05
[05/14 05:35:46] [GradMonitor step=5] param-grad: weight_base: mean=3.24e-07 std=1.72e-05 | weight_base_open: mean=3.07e-04 std=6.70e-02 | enc_conv1_weight: mean=-1.26e-02 std=5.27e-02
[05/14 05:35:47] [GradMonitor step=10] near-input: bn0: mean=-3.64e-07 std=5.04e-04 pos=0.50 | enc_conv1: mean=1.30e-13 std=3.45e-04 pos=0.49
[05/14 05:35:47] [GradMonitor step=10] deep/task: enc_layer4: mean=1.59e-05 std=6.27e-05 | PAM: mean=1.80e-04 std=7.12e-04 | CIAM: mean=1.59e-05 std=6.27e-05
[05/14 05:35:47] [GradMonitor step=10] param-grad: weight_base: mean=1.50e-07 std=1.78e-05 | weight_base_open: mean=-2.39e-03 std=3.97e-02 | enc_conv1_weight: mean=5.61e-03 std=6.59e-02
[05/14 05:35:47] [GradMonitor step=15] near-input: bn0: mean=5.07e-07 std=5.21e-04 pos=0.50 | enc_conv1: mean=1.50e-13 std=3.60e-04 pos=0.43
[05/14 05:35:47] [GradMonitor step=15] deep/task: enc_layer4: mean=1.56e-05 std=6.66e-05 | PAM: mean=1.76e-04 std=7.56e-04 | CIAM: mean=1.56e-05 std=6.66e-05
[05/14 05:35:47] [GradMonitor step=15] param-grad: weight_base: mean=2.58e-07 std=1.20e-05 | weight_base_open: mean=4.21e-04 std=2.15e-02 | enc_conv1_weight: mean=-1.58e-03 std=4.13e-02
[05/14 05:35:47] [GradMonitor step=20] near-input: bn0: mean=-2.97e-07 std=5.76e-04 pos=0.50 | enc_conv1: mean=-2.00e-13 std=3.99e-04 pos=0.46
[05/14 05:35:47] [GradMonitor step=20] deep/task: enc_layer4: mean=1.22e-05 std=7.22e-05 | PAM: mean=1.38e-04 std=8.22e-04 | CIAM: mean=1.22e-05 std=7.22e-05
[05/14 05:35:47] [GradMonitor step=20] param-grad: weight_base: mean=3.97e-07 std=1.47e-05 | weight_base_open: mean=9.84e-04 std=2.12e-02 | enc_conv1_weight: mean=-1.92e-02 std=5.43e-02
[05/14 05:35:48] [GradMonitor step=25] near-input: bn0: mean=5.66e-07 std=5.94e-04 pos=0.50 | enc_conv1: mean=-2.77e-13 std=4.05e-04 pos=0.51
[05/14 05:35:48] [GradMonitor step=25] deep/task: enc_layer4: mean=1.12e-05 std=6.51e-05 | PAM: mean=1.26e-04 std=7.38e-04 | CIAM: mean=1.12e-05 std=6.51e-05
[05/14 05:35:48] [GradMonitor step=25] param-grad: weight_base: mean=2.88e-07 std=7.82e-06 | weight_base_open: mean=1.01e-03 std=1.22e-02 | enc_conv1_weight: mean=6.27e-03 std=4.03e-02
[05/14 05:35:48] [GradMonitor step=30] near-input: bn0: mean=-2.51e-07 std=4.58e-04 pos=0.50 | enc_conv1: mean=6.25e-14 std=3.16e-04 pos=0.49
[05/14 05:35:48] [GradMonitor step=30] deep/task: enc_layer4: mean=7.63e-06 std=6.24e-05 | PAM: mean=8.56e-05 std=7.09e-04 | CIAM: mean=7.63e-06 std=6.24e-05
[05/14 05:35:48] [GradMonitor step=30] param-grad: weight_base: mean=-8.74e-08 std=2.73e-06 | weight_base_open: mean=3.53e-04 std=9.96e-03 | enc_conv1_weight: mean=-7.43e-03 std=4.50e-02
[05/14 05:35:49] [GradMonitor step=35] near-input: bn0: mean=-1.38e-07 std=4.20e-04 pos=0.50 | enc_conv1: mean=-4.32e-14 std=2.88e-04 pos=0.53
[05/14 05:35:49] [GradMonitor step=35] deep/task: enc_layer4: mean=9.55e-06 std=5.72e-05 | PAM: mean=1.07e-04 std=6.51e-04 | CIAM: mean=9.55e-06 std=5.72e-05
[05/14 05:35:49] [GradMonitor step=35] param-grad: weight_base: mean=4.75e-09 std=8.85e-06 | weight_base_open: mean=2.53e-04 std=9.71e-03 | enc_conv1_weight: mean=8.79e-03 std=3.55e-02
[05/14 05:35:49] [GradMonitor step=40] near-input: bn0: mean=-1.40e-07 std=5.94e-04 pos=0.50 | enc_conv1: mean=3.18e-14 std=4.06e-04 pos=0.48
[05/14 05:35:49] [GradMonitor step=40] deep/task: enc_layer4: mean=1.00e-05 std=6.79e-05 | PAM: mean=1.12e-04 std=7.69e-04 | CIAM: mean=1.00e-05 std=6.79e-05
[05/14 05:35:49] [GradMonitor step=40] param-grad: weight_base: mean=1.16e-07 std=3.65e-06 | weight_base_open: mean=2.79e-05 std=9.61e-03 | enc_conv1_weight: mean=8.19e-03 std=4.30e-02
[05/14 05:35:49] [GradMonitor step=45] near-input: bn0: mean=-2.44e-07 std=4.06e-04 pos=0.50 | enc_conv1: mean=-7.28e-14 std=2.78e-04 pos=0.45
[05/14 05:35:49] [GradMonitor step=45] deep/task: enc_layer4: mean=9.11e-06 std=5.24e-05 | PAM: mean=1.03e-04 std=5.93e-04 | CIAM: mean=9.11e-06 std=5.24e-05
[05/14 05:35:49] [GradMonitor step=45] param-grad: weight_base: mean=-2.02e-07 std=9.57e-06 | weight_base_open: mean=-4.51e-04 std=8.02e-03 | enc_conv1_weight: mean=-8.02e-03 std=3.88e-02
[05/14 05:35:50] [GradMonitor step=50] near-input: bn0: mean=3.58e-07 std=5.07e-04 pos=0.50 | enc_conv1: mean=-3.18e-14 std=3.48e-04 pos=0.57
[05/14 05:35:50] [GradMonitor step=50] deep/task: enc_layer4: mean=7.27e-06 std=6.20e-05 | PAM: mean=8.15e-05 std=7.00e-04 | CIAM: mean=7.27e-06 std=6.20e-05
[05/14 05:35:50] [GradMonitor step=50] param-grad: weight_base: mean=-2.07e-08 std=4.31e-06 | weight_base_open: mean=6.47e-04 std=7.21e-03 | enc_conv1_weight: mean=9.05e-03 std=4.21e-02
[05/14 05:35:50] [GradMonitor step=55] near-input: bn0: mean=5.87e-07 std=4.43e-04 pos=0.50 | enc_conv1: mean=1.36e-13 std=3.00e-04 pos=0.49
[05/14 05:35:50] [GradMonitor step=55] deep/task: enc_layer4: mean=6.94e-06 std=5.80e-05 | PAM: mean=7.81e-05 std=6.57e-04 | CIAM: mean=6.95e-06 std=5.80e-05
[05/14 05:35:50] [GradMonitor step=55] param-grad: weight_base: mean=3.84e-08 std=7.08e-06 | weight_base_open: mean=-6.50e-04 std=7.63e-03 | enc_conv1_weight: mean=-1.34e-03 std=4.16e-02
[05/14 05:35:50] [GradMonitor step=60] near-input: bn0: mean=3.54e-08 std=3.66e-04 pos=0.50 | enc_conv1: mean=-2.11e-13 std=2.48e-04 pos=0.61
[05/14 05:35:50] [GradMonitor step=60] deep/task: enc_layer4: mean=1.07e-05 std=5.25e-05 | PAM: mean=1.20e-04 std=5.95e-04 | CIAM: mean=1.07e-05 std=5.25e-05
[05/14 05:35:50] [GradMonitor step=60] param-grad: weight_base: mean=2.28e-07 std=3.76e-06 | weight_base_open: mean=8.24e-05 std=7.54e-03 | enc_conv1_weight: mean=-9.62e-05 std=2.86e-02
[05/14 05:35:51] [GradMonitor step=65] near-input: bn0: mean=-2.50e-07 std=4.22e-04 pos=0.50 | enc_conv1: mean=-5.00e-14 std=2.86e-04 pos=0.46
[05/14 05:35:51] [GradMonitor step=65] deep/task: enc_layer4: mean=1.00e-05 std=5.24e-05 | PAM: mean=1.13e-04 std=5.92e-04 | CIAM: mean=1.00e-05 std=5.24e-05
[05/14 05:35:51] [GradMonitor step=65] param-grad: weight_base: mean=2.04e-07 std=9.18e-06 | weight_base_open: mean=2.08e-04 std=1.03e-02 | enc_conv1_weight: mean=-3.90e-03 std=4.52e-02
[05/14 05:35:51] [GradMonitor step=70] near-input: bn0: mean=-7.69e-08 std=4.40e-04 pos=0.50 | enc_conv1: mean=9.09e-14 std=2.99e-04 pos=0.58
[05/14 05:35:51] [GradMonitor step=70] deep/task: enc_layer4: mean=9.53e-06 std=5.25e-05 | PAM: mean=1.07e-04 std=5.91e-04 | CIAM: mean=9.53e-06 std=5.25e-05
[05/14 05:35:51] [GradMonitor step=70] param-grad: weight_base: mean=1.46e-07 std=5.97e-06 | weight_base_open: mean=7.23e-04 std=7.09e-03 | enc_conv1_weight: mean=-1.49e-02 std=4.98e-02
[05/14 05:35:52] [GradMonitor step=75] near-input: bn0: mean=-5.11e-08 std=4.40e-04 pos=0.50 | enc_conv1: mean=2.18e-13 std=3.02e-04 pos=0.40
[05/14 05:35:52] [GradMonitor step=75] deep/task: enc_layer4: mean=9.43e-06 std=5.98e-05 | PAM: mean=1.06e-04 std=6.75e-04 | CIAM: mean=9.44e-06 std=5.98e-05
[05/14 05:35:52] [GradMonitor step=75] param-grad: weight_base: mean=-1.04e-07 std=3.17e-06 | weight_base_open: mean=8.81e-04 std=9.66e-03 | enc_conv1_weight: mean=-6.77e-03 std=4.54e-02
[05/14 05:35:52] [GradMonitor step=80] near-input: bn0: mean=-8.55e-08 std=7.80e-04 pos=0.50 | enc_conv1: mean=-7.28e-14 std=5.31e-04 pos=0.57
[05/14 05:35:52] [GradMonitor step=80] deep/task: enc_layer4: mean=5.88e-06 std=8.99e-05 | PAM: mean=6.57e-05 std=1.02e-03 | CIAM: mean=5.88e-06 std=8.99e-05
[05/14 05:35:52] [GradMonitor step=80] param-grad: weight_base: mean=-6.26e-08 std=2.55e-06 | weight_base_open: mean=-7.71e-05 std=5.34e-03 | enc_conv1_weight: mean=4.37e-03 std=5.97e-02
[05/14 05:35:52] [GradMonitor step=85] near-input: bn0: mean=3.20e-08 std=4.65e-04 pos=0.50 | enc_conv1: mean=-3.18e-14 std=3.15e-04 pos=0.45
[05/14 05:35:52] [GradMonitor step=85] deep/task: enc_layer4: mean=8.77e-06 std=5.77e-05 | PAM: mean=9.90e-05 std=6.52e-04 | CIAM: mean=8.77e-06 std=5.77e-05
[05/14 05:35:52] [GradMonitor step=85] param-grad: weight_base: mean=-3.91e-08 std=2.91e-06 | weight_base_open: mean=-7.90e-05 std=7.79e-03 | enc_conv1_weight: mean=7.95e-03 std=4.24e-02
[05/14 05:35:53] [GradMonitor step=90] near-input: bn0: mean=3.24e-08 std=3.55e-04 pos=0.50 | enc_conv1: mean=9.09e-15 std=2.42e-04 pos=0.47
[05/14 05:35:53] [GradMonitor step=90] deep/task: enc_layer4: mean=8.48e-06 std=5.30e-05 | PAM: mean=9.46e-05 std=5.98e-04 | CIAM: mean=8.48e-06 std=5.30e-05
[05/14 05:35:53] [GradMonitor step=90] param-grad: weight_base: mean=5.06e-08 std=3.79e-06 | weight_base_open: mean=-2.44e-04 std=6.38e-03 | enc_conv1_weight: mean=6.36e-03 std=3.65e-02
[05/14 05:35:53] [GradMonitor step=95] near-input: bn0: mean=3.62e-08 std=4.79e-04 pos=0.50 | enc_conv1: mean=5.46e-14 std=3.30e-04 pos=0.53
[05/14 05:35:53] [GradMonitor step=95] deep/task: enc_layer4: mean=1.02e-05 std=6.48e-05 | PAM: mean=1.15e-04 std=7.33e-04 | CIAM: mean=1.02e-05 std=6.48e-05
[05/14 05:35:53] [GradMonitor step=95] param-grad: weight_base: mean=-3.41e-07 std=8.23e-06 | weight_base_open: mean=-8.94e-05 std=9.21e-03 | enc_conv1_weight: mean=5.24e-03 std=4.27e-02
[05/14 05:35:53] [GradMonitor step=100] near-input: bn0: mean=3.05e-07 std=5.06e-04 pos=0.50 | enc_conv1: mean=2.55e-13 std=3.41e-04 pos=0.52
[05/14 05:35:53] [GradMonitor step=100] deep/task: enc_layer4: mean=8.07e-06 std=5.90e-05 | PAM: mean=9.00e-05 std=6.66e-04 | CIAM: mean=8.07e-06 std=5.90e-05
[05/14 05:35:53] [GradMonitor step=100] param-grad: weight_base: mean=1.93e-07 std=5.83e-06 | weight_base_open: mean=1.80e-04 std=7.39e-03 | enc_conv1_weight: mean=-9.54e-03 std=3.50e-02
[05/14 05:35:54] [GradMonitor step=105] near-input: bn0: mean=-1.08e-07 std=3.73e-04 pos=0.50 | enc_conv1: mean=3.14e-13 std=2.57e-04 pos=0.51
[05/14 05:35:54] [GradMonitor step=105] deep/task: enc_layer4: mean=5.67e-06 std=5.81e-05 | PAM: mean=6.36e-05 std=6.59e-04 | CIAM: mean=5.67e-06 std=5.81e-05
[05/14 05:35:54] [GradMonitor step=105] param-grad: weight_base: mean=-3.22e-09 std=3.89e-06 | weight_base_open: mean=2.04e-04 std=5.22e-03 | enc_conv1_weight: mean=-1.08e-03 std=4.26e-02
[05/14 05:35:54] [GradMonitor step=110] near-input: bn0: mean=4.26e-07 std=5.18e-04 pos=0.50 | enc_conv1: mean=8.19e-14 std=3.52e-04 pos=0.47
[05/14 05:35:54] [GradMonitor step=110] deep/task: enc_layer4: mean=5.23e-06 std=6.21e-05 | PAM: mean=5.80e-05 std=7.00e-04 | CIAM: mean=5.24e-06 std=6.21e-05
[05/14 05:35:54] [GradMonitor step=110] param-grad: weight_base: mean=-8.08e-08 std=3.67e-06 | weight_base_open: mean=-3.22e-04 std=5.40e-03 | enc_conv1_weight: mean=-1.17e-02 std=4.08e-02
[05/14 05:35:54] [GradMonitor step=115] near-input: bn0: mean=5.45e-08 std=5.93e-04 pos=0.50 | enc_conv1: mean=2.36e-13 std=4.06e-04 pos=0.45
[05/14 05:35:54] [GradMonitor step=115] deep/task: enc_layer4: mean=4.10e-06 std=7.45e-05 | PAM: mean=4.67e-05 std=8.37e-04 | CIAM: mean=4.10e-06 std=7.45e-05
[05/14 05:35:54] [GradMonitor step=115] param-grad: weight_base: mean=2.17e-08 std=3.02e-06 | weight_base_open: mean=2.09e-04 std=6.30e-03 | enc_conv1_weight: mean=-4.30e-04 std=5.97e-02
[05/14 05:35:55] [GradMonitor step=120] near-input: bn0: mean=3.21e-07 std=4.84e-04 pos=0.50 | enc_conv1: mean=1.41e-13 std=3.33e-04 pos=0.52
[05/14 05:35:55] [GradMonitor step=120] deep/task: enc_layer4: mean=9.38e-06 std=5.74e-05 | PAM: mean=1.05e-04 std=6.48e-04 | CIAM: mean=9.39e-06 std=5.74e-05
[05/14 05:35:55] [GradMonitor step=120] param-grad: weight_base: mean=-9.85e-10 std=2.85e-06 | weight_base_open: mean=-3.08e-04 std=4.64e-03 | enc_conv1_weight: mean=-6.54e-04 std=4.44e-02
[05/14 05:35:55] [GradMonitor step=125] near-input: bn0: mean=2.36e-07 std=4.78e-04 pos=0.50 | enc_conv1: mean=-9.32e-14 std=3.24e-04 pos=0.49
[05/14 05:35:55] [GradMonitor step=125] deep/task: enc_layer4: mean=9.77e-06 std=5.64e-05 | PAM: mean=1.09e-04 std=6.35e-04 | CIAM: mean=9.77e-06 std=5.64e-05
[05/14 05:35:55] [GradMonitor step=125] param-grad: weight_base: mean=-3.14e-07 std=6.24e-06 | weight_base_open: mean=8.87e-05 std=6.79e-03 | enc_conv1_weight: mean=7.33e-03 std=4.65e-02
[05/14 05:35:56] [GradMonitor step=130] near-input: bn0: mean=1.39e-07 std=5.41e-04 pos=0.50 | enc_conv1: mean=4.55e-14 std=3.65e-04 pos=0.48
[05/14 05:35:56] [GradMonitor step=130] deep/task: enc_layer4: mean=7.14e-06 std=6.51e-05 | PAM: mean=8.01e-05 std=7.32e-04 | CIAM: mean=7.14e-06 std=6.51e-05
[05/14 05:35:56] [GradMonitor step=130] param-grad: weight_base: mean=1.48e-07 std=3.63e-06 | weight_base_open: mean=-3.97e-04 std=5.39e-03 | enc_conv1_weight: mean=8.67e-03 std=4.64e-02
[05/14 05:35:56] [GradMonitor step=135] near-input: bn0: mean=-7.74e-08 std=5.01e-04 pos=0.50 | enc_conv1: mean=-1.82e-13 std=3.35e-04 pos=0.48
[05/14 05:35:56] [GradMonitor step=135] deep/task: enc_layer4: mean=1.05e-05 std=5.39e-05 | PAM: mean=1.17e-04 std=6.06e-04 | CIAM: mean=1.05e-05 std=5.39e-05
[05/14 05:35:56] [GradMonitor step=135] param-grad: weight_base: mean=4.29e-08 std=1.29e-06 | weight_base_open: mean=3.50e-04 std=3.96e-03 | enc_conv1_weight: mean=7.56e-03 std=3.60e-02
[05/14 05:35:56] [GradMonitor step=140] near-input: bn0: mean=2.97e-07 std=4.97e-04 pos=0.50 | enc_conv1: mean=-2.18e-13 std=3.34e-04 pos=0.49
[05/14 05:35:56] [GradMonitor step=140] deep/task: enc_layer4: mean=6.91e-06 std=6.08e-05 | PAM: mean=7.79e-05 std=6.82e-04 | CIAM: mean=6.91e-06 std=6.08e-05
[05/14 05:35:56] [GradMonitor step=140] param-grad: weight_base: mean=-1.16e-07 std=1.87e-06 | weight_base_open: mean=2.80e-04 std=4.58e-03 | enc_conv1_weight: mean=1.67e-02 std=3.92e-02
[05/14 05:35:57] [GradMonitor step=145] near-input: bn0: mean=-5.08e-07 std=5.37e-04 pos=0.50 | enc_conv1: mean=-2.64e-13 std=3.64e-04 pos=0.53
[05/14 05:35:57] [GradMonitor step=145] deep/task: enc_layer4: mean=1.03e-05 std=6.55e-05 | PAM: mean=1.13e-04 std=7.39e-04 | CIAM: mean=1.03e-05 std=6.55e-05
[05/14 05:35:57] [GradMonitor step=145] param-grad: weight_base: mean=2.00e-08 std=4.85e-06 | weight_base_open: mean=2.74e-04 std=5.96e-03 | enc_conv1_weight: mean=1.60e-02 std=4.48e-02
[05/14 05:35:57] [GradMonitor step=150] near-input: bn0: mean=-1.23e-07 std=3.33e-04 pos=0.50 | enc_conv1: mean=1.81e-13 std=2.25e-04 pos=0.51
[05/14 05:35:57] [GradMonitor step=150] deep/task: enc_layer4: mean=5.90e-06 std=5.02e-05 | PAM: mean=6.64e-05 std=5.62e-04 | CIAM: mean=5.90e-06 std=5.02e-05
[05/14 05:35:57] [GradMonitor step=150] param-grad: weight_base: mean=1.17e-07 std=4.36e-06 | weight_base_open: mean=8.47e-06 std=4.86e-03 | enc_conv1_weight: mean=2.41e-03 std=3.15e-02
[05/14 05:35:57] [GradMonitor step=155] near-input: bn0: mean=1.38e-07 std=3.85e-04 pos=0.50 | enc_conv1: mean=-1.05e-13 std=2.60e-04 pos=0.48
[05/14 05:35:57] [GradMonitor step=155] deep/task: enc_layer4: mean=8.86e-06 std=4.57e-05 | PAM: mean=9.89e-05 std=5.14e-04 | CIAM: mean=8.86e-06 std=4.57e-05
[05/14 05:35:57] [GradMonitor step=155] param-grad: weight_base: mean=-1.72e-07 std=3.43e-06 | weight_base_open: mean=-3.95e-04 std=5.25e-03 | enc_conv1_weight: mean=9.17e-03 std=4.23e-02
[05/14 05:35:58] [GradMonitor step=160] near-input: bn0: mean=3.41e-07 std=6.81e-04 pos=0.50 | enc_conv1: mean=-1.36e-13 std=4.57e-04 pos=0.55
[05/14 05:35:58] [GradMonitor step=160] deep/task: enc_layer4: mean=1.37e-05 std=6.14e-05 | PAM: mean=1.52e-04 std=6.89e-04 | CIAM: mean=1.37e-05 std=6.14e-05
[05/14 05:35:58] [GradMonitor step=160] param-grad: weight_base: mean=1.01e-07 std=3.48e-06 | weight_base_open: mean=-3.24e-04 std=5.91e-03 | enc_conv1_weight: mean=6.48e-04 std=3.63e-02
[05/14 05:35:58] [GradMonitor step=165] near-input: bn0: mean=3.49e-07 std=4.39e-04 pos=0.50 | enc_conv1: mean=1.86e-13 std=3.02e-04 pos=0.53
[05/14 05:35:58] [GradMonitor step=165] deep/task: enc_layer4: mean=8.18e-06 std=5.63e-05 | PAM: mean=9.14e-05 std=6.32e-04 | CIAM: mean=8.19e-06 std=5.63e-05
[05/14 05:35:58] [GradMonitor step=165] param-grad: weight_base: mean=6.72e-08 std=1.80e-06 | weight_base_open: mean=2.12e-04 std=3.57e-03 | enc_conv1_weight: mean=7.28e-04 std=4.09e-02
[05/14 05:35:59] [GradMonitor step=170] near-input: bn0: mean=-5.05e-07 std=6.02e-04 pos=0.50 | enc_conv1: mean=1.50e-13 std=4.06e-04 pos=0.59
[05/14 05:35:59] [GradMonitor step=170] deep/task: enc_layer4: mean=1.17e-05 std=6.00e-05 | PAM: mean=1.29e-04 std=6.74e-04 | CIAM: mean=1.17e-05 std=6.00e-05
[05/14 05:35:59] [GradMonitor step=170] param-grad: weight_base: mean=-1.41e-08 std=2.42e-06 | weight_base_open: mean=1.08e-04 std=4.63e-03 | enc_conv1_weight: mean=-1.64e-02 std=5.56e-02
[05/14 05:35:59] [GradMonitor step=175] near-input: bn0: mean=2.68e-07 std=5.67e-04 pos=0.50 | enc_conv1: mean=3.46e-13 std=3.98e-04 pos=0.43
[05/14 05:35:59] [GradMonitor step=175] deep/task: enc_layer4: mean=7.37e-06 std=7.18e-05 | PAM: mean=8.23e-05 std=8.08e-04 | CIAM: mean=7.37e-06 std=7.17e-05
[05/14 05:35:59] [GradMonitor step=175] param-grad: weight_base: mean=-9.26e-08 std=3.39e-06 | weight_base_open: mean=3.75e-05 std=4.25e-03 | enc_conv1_weight: mean=-4.15e-04 std=6.69e-02
[05/14 05:35:59] [GradMonitor step=180] near-input: bn0: mean=6.12e-08 std=3.99e-04 pos=0.50 | enc_conv1: mean=2.14e-13 std=2.68e-04 pos=0.43
[05/14 05:35:59] [GradMonitor step=180] deep/task: enc_layer4: mean=8.73e-06 std=4.97e-05 | PAM: mean=9.68e-05 std=5.58e-04 | CIAM: mean=8.74e-06 std=4.97e-05
[05/14 05:35:59] [GradMonitor step=180] param-grad: weight_base: mean=4.29e-09 std=3.83e-06 | weight_base_open: mean=-7.56e-06 std=4.72e-03 | enc_conv1_weight: mean=-2.13e-03 std=4.47e-02
[05/14 05:36:00] [GradMonitor step=185] near-input: bn0: mean=1.97e-07 std=4.28e-04 pos=0.50 | enc_conv1: mean=3.41e-14 std=2.87e-04 pos=0.49
[05/14 05:36:00] [GradMonitor step=185] deep/task: enc_layer4: mean=1.13e-05 std=5.13e-05 | PAM: mean=1.25e-04 std=5.75e-04 | CIAM: mean=1.13e-05 std=5.13e-05
[05/14 05:36:00] [GradMonitor step=185] param-grad: weight_base: mean=1.30e-07 std=3.47e-06 | weight_base_open: mean=2.83e-04 std=5.16e-03 | enc_conv1_weight: mean=-1.68e-03 std=4.17e-02
[05/14 05:36:00] [GradMonitor step=190] near-input: bn0: mean=4.76e-07 std=4.37e-04 pos=0.50 | enc_conv1: mean=1.63e-13 std=2.92e-04 pos=0.47
[05/14 05:36:00] [GradMonitor step=190] deep/task: enc_layer4: mean=1.35e-05 std=5.32e-05 | PAM: mean=1.48e-04 std=5.97e-04 | CIAM: mean=1.35e-05 std=5.32e-05
[05/14 05:36:00] [GradMonitor step=190] param-grad: weight_base: mean=-1.82e-09 std=1.45e-06 | weight_base_open: mean=6.60e-05 std=3.59e-03 | enc_conv1_weight: mean=8.47e-03 std=3.80e-02
[05/14 05:36:00] [GradMonitor step=195] near-input: bn0: mean=-2.46e-07 std=6.88e-04 pos=0.50 | enc_conv1: mean=2.27e-14 std=4.61e-04 pos=0.44
[05/14 05:36:00] [GradMonitor step=195] deep/task: enc_layer4: mean=7.83e-06 std=6.70e-05 | PAM: mean=8.81e-05 std=7.52e-04 | CIAM: mean=7.84e-06 std=6.70e-05
[05/14 05:36:00] [GradMonitor step=195] param-grad: weight_base: mean=2.29e-08 std=4.20e-06 | weight_base_open: mean=1.36e-04 std=3.99e-03 | enc_conv1_weight: mean=-7.72e-03 std=6.27e-02
[05/14 05:36:01] [GradMonitor step=200] near-input: bn0: mean=-3.90e-07 std=3.63e-04 pos=0.50 | enc_conv1: mean=-1.50e-13 std=2.49e-04 pos=0.50
[05/14 05:36:01] [GradMonitor step=200] deep/task: enc_layer4: mean=8.71e-06 std=5.02e-05 | PAM: mean=9.66e-05 std=5.63e-04 | CIAM: mean=8.72e-06 std=5.02e-05
[05/14 05:36:01] [GradMonitor step=200] param-grad: weight_base: mean=-2.05e-08 std=2.34e-06 | weight_base_open: mean=2.62e-04 std=3.35e-03 | enc_conv1_weight: mean=-3.48e-03 std=3.68e-02
[05/14 05:36:01] [GradMonitor step=205] near-input: bn0: mean=1.76e-08 std=4.61e-04 pos=0.50 | enc_conv1: mean=7.50e-14 std=3.11e-04 pos=0.50
[05/14 05:36:01] [GradMonitor step=205] deep/task: enc_layer4: mean=4.19e-06 std=5.46e-05 | PAM: mean=4.63e-05 std=6.15e-04 | CIAM: mean=4.19e-06 std=5.46e-05
[05/14 05:36:01] [GradMonitor step=205] param-grad: weight_base: mean=1.48e-08 std=3.24e-06 | weight_base_open: mean=-1.21e-04 std=4.58e-03 | enc_conv1_weight: mean=-9.59e-03 std=6.01e-02
[05/14 05:36:02] [GradMonitor step=210] near-input: bn0: mean=-3.71e-07 std=5.37e-04 pos=0.50 | enc_conv1: mean=2.73e-13 std=3.62e-04 pos=0.42
[05/14 05:36:02] [GradMonitor step=210] deep/task: enc_layer4: mean=4.55e-06 std=6.33e-05 | PAM: mean=5.01e-05 std=7.05e-04 | CIAM: mean=4.55e-06 std=6.33e-05
[05/14 05:36:02] [GradMonitor step=210] param-grad: weight_base: mean=4.18e-08 std=2.01e-06 | weight_base_open: mean=-4.01e-04 std=3.65e-03 | enc_conv1_weight: mean=-3.98e-03 std=6.07e-02
[05/14 05:36:02] [GradMonitor step=215] near-input: bn0: mean=2.82e-07 std=3.46e-04 pos=0.50 | enc_conv1: mean=-7.28e-14 std=2.36e-04 pos=0.54
[05/14 05:36:02] [GradMonitor step=215] deep/task: enc_layer4: mean=5.43e-06 std=4.98e-05 | PAM: mean=6.11e-05 std=5.60e-04 | CIAM: mean=5.43e-06 std=4.98e-05
[05/14 05:36:02] [GradMonitor step=215] param-grad: weight_base: mean=-2.80e-09 std=3.43e-06 | weight_base_open: mean=-5.21e-05 std=5.03e-03 | enc_conv1_weight: mean=-8.37e-04 std=4.12e-02
[05/14 05:36:02] [GradMonitor step=220] near-input: bn0: mean=1.83e-07 std=4.34e-04 pos=0.50 | enc_conv1: mean=3.64e-14 std=2.93e-04 pos=0.55
[05/14 05:36:02] [GradMonitor step=220] deep/task: enc_layer4: mean=1.19e-05 std=5.37e-05 | PAM: mean=1.31e-04 std=6.03e-04 | CIAM: mean=1.19e-05 std=5.37e-05
[05/14 05:36:02] [GradMonitor step=220] param-grad: weight_base: mean=3.95e-08 std=1.44e-06 | weight_base_open: mean=-3.03e-05 std=4.35e-03 | enc_conv1_weight: mean=2.29e-03 std=4.57e-02
[05/14 05:36:03] [GradMonitor step=225] near-input: bn0: mean=-1.55e-07 std=4.67e-04 pos=0.50 | enc_conv1: mean=-5.46e-14 std=3.15e-04 pos=0.45
[05/14 05:36:03] [GradMonitor step=225] deep/task: enc_layer4: mean=8.95e-06 std=5.42e-05 | PAM: mean=9.96e-05 std=6.11e-04 | CIAM: mean=8.96e-06 std=5.42e-05
[05/14 05:36:03] [GradMonitor step=225] param-grad: weight_base: mean=-2.51e-08 std=2.87e-06 | weight_base_open: mean=3.35e-04 std=4.96e-03 | enc_conv1_weight: mean=-3.52e-03 std=4.18e-02
[05/14 05:36:03] [GradMonitor step=230] near-input: bn0: mean=-1.78e-07 std=3.84e-04 pos=0.50 | enc_conv1: mean=-1.14e-13 std=2.60e-04 pos=0.51
[05/14 05:36:03] [GradMonitor step=230] deep/task: enc_layer4: mean=9.07e-06 std=4.94e-05 | PAM: mean=1.01e-04 std=5.54e-04 | CIAM: mean=9.08e-06 std=4.94e-05
[05/14 05:36:03] [GradMonitor step=230] param-grad: weight_base: mean=1.30e-08 std=1.55e-06 | weight_base_open: mean=2.75e-04 std=4.30e-03 | enc_conv1_weight: mean=6.64e-03 std=6.16e-02
[05/14 05:36:03] [GradMonitor step=235] near-input: bn0: mean=1.89e-07 std=7.31e-04 pos=0.50 | enc_conv1: mean=0.00e+00 std=4.93e-04 pos=0.51
[05/14 05:36:03] [GradMonitor step=235] deep/task: enc_layer4: mean=7.51e-06 std=6.81e-05 | PAM: mean=8.38e-05 std=7.66e-04 | CIAM: mean=7.52e-06 std=6.81e-05
[05/14 05:36:03] [GradMonitor step=235] param-grad: weight_base: mean=-2.07e-08 std=2.04e-06 | weight_base_open: mean=1.50e-04 std=3.86e-03 | enc_conv1_weight: mean=-1.44e-02 std=5.05e-02
[05/14 05:36:04] [GradMonitor step=240] near-input: bn0: mean=-2.57e-07 std=4.11e-04 pos=0.50 | enc_conv1: mean=1.21e-13 std=2.80e-04 pos=0.52
[05/14 05:36:04] [GradMonitor step=240] deep/task: enc_layer4: mean=6.19e-06 std=5.43e-05 | PAM: mean=6.91e-05 std=6.09e-04 | CIAM: mean=6.20e-06 std=5.43e-05
[05/14 05:36:04] [GradMonitor step=240] param-grad: weight_base: mean=-6.26e-08 std=1.41e-06 | weight_base_open: mean=-6.39e-05 std=3.99e-03 | enc_conv1_weight: mean=2.38e-03 std=3.89e-02
[05/14 05:36:05] [GradMonitor step=245] near-input: bn0: mean=2.79e-07 std=5.67e-04 pos=0.50 | enc_conv1: mean=-2.18e-13 std=3.84e-04 pos=0.47
[05/14 05:36:05] [GradMonitor step=245] deep/task: enc_layer4: mean=7.37e-06 std=6.14e-05 | PAM: mean=8.15e-05 std=6.89e-04 | CIAM: mean=7.38e-06 std=6.13e-05
[05/14 05:36:05] [GradMonitor step=245] param-grad: weight_base: mean=3.11e-08 std=2.36e-06 | weight_base_open: mean=-2.01e-04 std=3.27e-03 | enc_conv1_weight: mean=8.62e-03 std=4.66e-02
[05/14 05:36:05] [GradMonitor step=250] near-input: bn0: mean=5.72e-07 std=5.72e-04 pos=0.50 | enc_conv1: mean=-3.64e-14 std=3.80e-04 pos=0.42
[05/14 05:36:05] [GradMonitor step=250] deep/task: enc_layer4: mean=3.17e-06 std=6.82e-05 | PAM: mean=3.44e-05 std=7.67e-04 | CIAM: mean=3.18e-06 std=6.82e-05
[05/14 05:36:05] [GradMonitor step=250] param-grad: weight_base: mean=-3.07e-08 std=1.76e-06 | weight_base_open: mean=1.68e-04 std=3.38e-03 | enc_conv1_weight: mean=-4.95e-03 std=4.53e-02
[05/14 05:36:05] [GradMonitor step=255] near-input: bn0: mean=-2.37e-07 std=5.05e-04 pos=0.50 | enc_conv1: mean=9.09e-15 std=3.38e-04 pos=0.52
[05/14 05:36:05] [GradMonitor step=255] deep/task: enc_layer4: mean=5.21e-06 std=6.13e-05 | PAM: mean=5.71e-05 std=6.82e-04 | CIAM: mean=5.22e-06 std=6.13e-05
[05/14 05:36:05] [GradMonitor step=255] param-grad: weight_base: mean=4.38e-09 std=1.29e-06 | weight_base_open: mean=-7.18e-05 std=3.75e-03 | enc_conv1_weight: mean=4.83e-03 std=4.34e-02
[05/14 05:36:06] [GradMonitor step=260] near-input: bn0: mean=-2.14e-07 std=4.25e-04 pos=0.50 | enc_conv1: mean=-9.09e-15 std=2.84e-04 pos=0.48
[05/14 05:36:06] [GradMonitor step=260] deep/task: enc_layer4: mean=9.57e-06 std=4.90e-05 | PAM: mean=1.06e-04 std=5.48e-04 | CIAM: mean=9.58e-06 std=4.90e-05
[05/14 05:36:06] [GradMonitor step=260] param-grad: weight_base: mean=5.11e-08 std=2.14e-06 | weight_base_open: mean=-2.39e-04 std=2.68e-03 | enc_conv1_weight: mean=2.18e-03 std=3.36e-02
[05/14 05:36:06] [GradMonitor step=265] near-input: bn0: mean=-1.11e-07 std=3.08e-04 pos=0.50 | enc_conv1: mean=-1.82e-14 std=2.06e-04 pos=0.50
[05/14 05:36:06] [GradMonitor step=265] deep/task: enc_layer4: mean=8.65e-06 std=3.91e-05 | PAM: mean=9.61e-05 std=4.38e-04 | CIAM: mean=8.66e-06 std=3.91e-05
[05/14 05:36:06] [GradMonitor step=265] param-grad: weight_base: mean=2.04e-08 std=1.90e-06 | weight_base_open: mean=2.80e-04 std=2.96e-03 | enc_conv1_weight: mean=1.17e-02 std=3.69e-02
[05/14 05:36:06] [GradMonitor step=270] near-input: bn0: mean=-2.96e-07 std=5.42e-04 pos=0.50 | enc_conv1: mean=1.05e-13 std=3.63e-04 pos=0.59
[05/14 05:36:06] [GradMonitor step=270] deep/task: enc_layer4: mean=5.17e-06 std=5.18e-05 | PAM: mean=5.72e-05 std=5.76e-04 | CIAM: mean=5.17e-06 std=5.18e-05
[05/14 05:36:06] [GradMonitor step=270] param-grad: weight_base: mean=-3.63e-08 std=1.69e-06 | weight_base_open: mean=8.42e-05 std=3.15e-03 | enc_conv1_weight: mean=3.26e-03 std=4.33e-02
[05/14 05:36:07] [GradMonitor step=275] near-input: bn0: mean=-5.54e-07 std=6.37e-04 pos=0.50 | enc_conv1: mean=-1.59e-13 std=4.32e-04 pos=0.47
[05/14 05:36:07] [GradMonitor step=275] deep/task: enc_layer4: mean=7.31e-06 std=7.68e-05 | PAM: mean=8.07e-05 std=8.59e-04 | CIAM: mean=7.32e-06 std=7.68e-05
[05/14 05:36:07] [GradMonitor step=275] param-grad: weight_base: mean=4.54e-08 std=3.61e-06 | weight_base_open: mean=-3.31e-04 std=3.29e-03 | enc_conv1_weight: mean=1.87e-02 std=6.81e-02
[05/14 05:36:07] [GradMonitor step=280] near-input: bn0: mean=-9.77e-09 std=6.47e-04 pos=0.50 | enc_conv1: mean=9.09e-14 std=4.34e-04 pos=0.52
[05/14 05:36:07] [GradMonitor step=280] deep/task: enc_layer4: mean=7.68e-06 std=6.19e-05 | PAM: mean=8.60e-05 std=6.95e-04 | CIAM: mean=7.69e-06 std=6.19e-05
[05/14 05:36:07] [GradMonitor step=280] param-grad: weight_base: mean=1.66e-08 std=1.97e-06 | weight_base_open: mean=-5.62e-05 std=3.16e-03 | enc_conv1_weight: mean=-5.37e-03 std=6.77e-02
[05/14 05:36:07] [GradMonitor step=285] near-input: bn0: mean=-1.18e-07 std=5.38e-04 pos=0.50 | enc_conv1: mean=1.14e-13 std=3.62e-04 pos=0.55
[05/14 05:36:07] [GradMonitor step=285] deep/task: enc_layer4: mean=1.23e-05 std=5.05e-05 | PAM: mean=1.37e-04 std=5.66e-04 | CIAM: mean=1.23e-05 std=5.05e-05
[05/14 05:36:07] [GradMonitor step=285] param-grad: weight_base: mean=2.92e-08 std=1.66e-06 | weight_base_open: mean=2.54e-04 std=3.16e-03 | enc_conv1_weight: mean=-2.60e-03 std=3.25e-02
[05/14 05:36:08] [GradMonitor step=290] near-input: bn0: mean=2.32e-07 std=5.11e-04 pos=0.50 | enc_conv1: mean=1.64e-13 std=3.43e-04 pos=0.52
[05/14 05:36:08] [GradMonitor step=290] deep/task: enc_layer4: mean=1.46e-05 std=5.69e-05 | PAM: mean=1.61e-04 std=6.36e-04 | CIAM: mean=1.46e-05 std=5.69e-05
[05/14 05:36:08] [GradMonitor step=290] param-grad: weight_base: mean=8.36e-08 std=3.98e-06 | weight_base_open: mean=-2.42e-04 std=3.95e-03 | enc_conv1_weight: mean=-1.03e-02 std=4.47e-02
[05/14 05:36:08] [GradMonitor step=295] near-input: bn0: mean=2.31e-07 std=4.20e-04 pos=0.50 | enc_conv1: mean=-1.41e-13 std=2.87e-04 pos=0.43
[05/14 05:36:08] [GradMonitor step=295] deep/task: enc_layer4: mean=3.90e-06 std=5.58e-05 | PAM: mean=4.28e-05 std=6.26e-04 | CIAM: mean=3.91e-06 std=5.58e-05
[05/14 05:36:08] [GradMonitor step=295] param-grad: weight_base: mean=3.01e-08 std=8.16e-07 | weight_base_open: mean=-2.51e-05 std=3.35e-03 | enc_conv1_weight: mean=4.22e-03 std=5.53e-02
[05/14 05:36:08] [GradMonitor step=300] near-input: bn0: mean=-1.87e-07 std=5.03e-04 pos=0.50 | enc_conv1: mean=-2.14e-13 std=3.41e-04 pos=0.45
[05/14 05:36:08] [GradMonitor step=300] deep/task: enc_layer4: mean=8.46e-06 std=5.91e-05 | PAM: mean=9.37e-05 std=6.63e-04 | CIAM: mean=8.47e-06 std=5.91e-05
[05/14 05:36:08] [GradMonitor step=300] param-grad: weight_base: mean=-1.12e-08 std=1.03e-06 | weight_base_open: mean=-3.80e-04 std=2.83e-03 | enc_conv1_weight: mean=-1.93e-02 std=5.49e-02
[05/14 05:36:09] [GradMonitor step=305] near-input: bn0: mean=1.68e-07 std=4.30e-04 pos=0.50 | enc_conv1: mean=9.09e-14 std=2.90e-04 pos=0.56
[05/14 05:36:09] [GradMonitor step=305] deep/task: enc_layer4: mean=7.85e-06 std=5.12e-05 | PAM: mean=8.75e-05 std=5.74e-04 | CIAM: mean=7.86e-06 std=5.12e-05
[05/14 05:36:09] [GradMonitor step=305] param-grad: weight_base: mean=1.13e-09 std=1.69e-06 | weight_base_open: mean=-4.18e-06 std=2.63e-03 | enc_conv1_weight: mean=-1.45e-03 std=4.31e-02
[05/14 05:36:09] [GradMonitor step=310] near-input: bn0: mean=-2.86e-07 std=4.63e-04 pos=0.50 | enc_conv1: mean=-2.73e-14 std=3.14e-04 pos=0.48
[05/14 05:36:09] [GradMonitor step=310] deep/task: enc_layer4: mean=3.99e-06 std=5.83e-05 | PAM: mean=4.38e-05 std=6.54e-04 | CIAM: mean=4.00e-06 std=5.83e-05
[05/14 05:36:09] [GradMonitor step=310] param-grad: weight_base: mean=-7.83e-08 std=1.58e-06 | weight_base_open: mean=-1.65e-04 std=3.10e-03 | enc_conv1_weight: mean=1.31e-02 std=5.65e-02
[05/14 05:36:10] [GradMonitor step=315] near-input: bn0: mean=-5.77e-07 std=5.44e-04 pos=0.50 | enc_conv1: mean=-3.32e-13 std=3.71e-04 pos=0.50
[05/14 05:36:10] [GradMonitor step=315] deep/task: enc_layer4: mean=8.55e-06 std=6.11e-05 | PAM: mean=9.45e-05 std=6.82e-04 | CIAM: mean=8.56e-06 std=6.11e-05
[05/14 05:36:10] [GradMonitor step=315] param-grad: weight_base: mean=7.38e-08 std=3.68e-06 | weight_base_open: mean=-4.08e-05 std=3.16e-03 | enc_conv1_weight: mean=-6.14e-03 std=6.06e-02
[05/14 05:36:10] [GradMonitor step=320] near-input: bn0: mean=-7.58e-08 std=3.71e-04 pos=0.50 | enc_conv1: mean=1.36e-14 std=2.50e-04 pos=0.48
[05/14 05:36:10] [GradMonitor step=320] deep/task: enc_layer4: mean=5.53e-06 std=4.72e-05 | PAM: mean=6.10e-05 std=5.29e-04 | CIAM: mean=5.54e-06 std=4.72e-05
[05/14 05:36:10] [GradMonitor step=320] param-grad: weight_base: mean=2.00e-08 std=1.28e-06 | weight_base_open: mean=7.87e-05 std=3.19e-03 | enc_conv1_weight: mean=1.33e-02 std=4.82e-02
[05/14 05:36:10] [GradMonitor step=325] near-input: bn0: mean=-2.96e-07 std=4.35e-04 pos=0.50 | enc_conv1: mean=-2.27e-14 std=2.92e-04 pos=0.55
[05/14 05:36:10] [GradMonitor step=325] deep/task: enc_layer4: mean=7.44e-06 std=5.42e-05 | PAM: mean=8.28e-05 std=6.10e-04 | CIAM: mean=7.44e-06 std=5.42e-05
[05/14 05:36:10] [GradMonitor step=325] param-grad: weight_base: mean=3.27e-08 std=2.33e-06 | weight_base_open: mean=-2.50e-04 std=2.80e-03 | enc_conv1_weight: mean=-6.08e-03 std=4.46e-02
[05/14 05:36:11] [GradMonitor step=330] near-input: bn0: mean=-2.24e-07 std=4.96e-04 pos=0.50 | enc_conv1: mean=1.55e-13 std=3.32e-04 pos=0.50
[05/14 05:36:11] [GradMonitor step=330] deep/task: enc_layer4: mean=6.57e-06 std=5.66e-05 | PAM: mean=7.26e-05 std=6.31e-04 | CIAM: mean=6.58e-06 std=5.66e-05
[05/14 05:36:11] [GradMonitor step=330] param-grad: weight_base: mean=6.74e-08 std=1.66e-06 | weight_base_open: mean=3.47e-04 std=2.75e-03 | enc_conv1_weight: mean=-1.32e-02 std=3.88e-02
[05/14 05:36:11] [GradMonitor step=335] near-input: bn0: mean=6.35e-07 std=6.43e-04 pos=0.50 | enc_conv1: mean=2.73e-14 std=4.43e-04 pos=0.46
[05/14 05:36:11] [GradMonitor step=335] deep/task: enc_layer4: mean=7.47e-06 std=7.89e-05 | PAM: mean=8.38e-05 std=8.89e-04 | CIAM: mean=7.48e-06 std=7.89e-05
[05/14 05:36:11] [GradMonitor step=335] param-grad: weight_base: mean=-6.87e-08 std=1.16e-06 | weight_base_open: mean=-8.09e-05 std=3.29e-03 | enc_conv1_weight: mean=-5.12e-03 std=6.71e-02
[05/14 05:36:11] [GradMonitor step=340] near-input: bn0: mean=-2.64e-07 std=6.03e-04 pos=0.50 | enc_conv1: mean=-1.86e-13 std=3.98e-04 pos=0.45
[05/14 05:36:11] [GradMonitor step=340] deep/task: enc_layer4: mean=8.13e-06 std=5.44e-05 | PAM: mean=8.94e-05 std=6.04e-04 | CIAM: mean=8.14e-06 std=5.44e-05
[05/14 05:36:11] [GradMonitor step=340] param-grad: weight_base: mean=5.14e-09 std=2.25e-06 | weight_base_open: mean=7.08e-05 std=2.78e-03 | enc_conv1_weight: mean=3.97e-03 std=4.86e-02
[05/14 05:36:12] [GradMonitor step=345] near-input: bn0: mean=1.50e-07 std=3.67e-04 pos=0.50 | enc_conv1: mean=0.00e+00 std=2.46e-04 pos=0.51
[05/14 05:36:12] [GradMonitor step=345] deep/task: enc_layer4: mean=4.65e-06 std=4.91e-05 | PAM: mean=5.23e-05 std=5.51e-04 | CIAM: mean=4.66e-06 std=4.91e-05
[05/14 05:36:12] [GradMonitor step=345] param-grad: weight_base: mean=-6.73e-08 std=1.40e-06 | weight_base_open: mean=9.36e-05 std=3.17e-03 | enc_conv1_weight: mean=9.87e-04 std=4.14e-02
[05/14 05:36:12] [GradMonitor step=350] near-input: bn0: mean=1.34e-07 std=4.42e-04 pos=0.50 | enc_conv1: mean=1.41e-13 std=2.97e-04 pos=0.44
[05/14 05:36:12] [GradMonitor step=350] deep/task: enc_layer4: mean=6.82e-06 std=4.92e-05 | PAM: mean=7.59e-05 std=5.50e-04 | CIAM: mean=6.83e-06 std=4.92e-05
[05/14 05:36:12] [GradMonitor step=350] param-grad: weight_base: mean=-5.08e-08 std=2.35e-06 | weight_base_open: mean=3.18e-04 std=3.14e-03 | enc_conv1_weight: mean=2.27e-03 std=6.80e-02
[05/14 05:36:13] [GradMonitor step=355] near-input: bn0: mean=2.46e-07 std=5.93e-04 pos=0.50 | enc_conv1: mean=9.09e-14 std=3.95e-04 pos=0.56
[05/14 05:36:13] [GradMonitor step=355] deep/task: enc_layer4: mean=5.91e-06 std=5.52e-05 | PAM: mean=6.61e-05 std=6.18e-04 | CIAM: mean=5.92e-06 std=5.52e-05
[05/14 05:36:13] [GradMonitor step=355] param-grad: weight_base: mean=-7.40e-10 std=2.01e-06 | weight_base_open: mean=-2.36e-05 std=2.42e-03 | enc_conv1_weight: mean=1.59e-03 std=7.81e-02
[05/14 05:36:13] [GradMonitor step=360] near-input: bn0: mean=4.31e-07 std=3.59e-04 pos=0.50 | enc_conv1: mean=-1.73e-13 std=2.38e-04 pos=0.48
[05/14 05:36:13] [GradMonitor step=360] deep/task: enc_layer4: mean=3.52e-06 std=4.80e-05 | PAM: mean=3.95e-05 std=5.36e-04 | CIAM: mean=3.53e-06 std=4.80e-05
[05/14 05:36:13] [GradMonitor step=360] param-grad: weight_base: mean=-2.33e-08 std=1.83e-06 | weight_base_open: mean=1.09e-04 std=3.07e-03 | enc_conv1_weight: mean=-1.96e-03 std=4.24e-02
[05/14 05:36:13] [GradMonitor step=365] near-input: bn0: mean=-4.46e-07 std=5.06e-04 pos=0.50 | enc_conv1: mean=1.41e-13 std=3.42e-04 pos=0.49
[05/14 05:36:13] [GradMonitor step=365] deep/task: enc_layer4: mean=9.03e-06 std=6.48e-05 | PAM: mean=1.00e-04 std=7.21e-04 | CIAM: mean=9.04e-06 std=6.48e-05
[05/14 05:36:13] [GradMonitor step=365] param-grad: weight_base: mean=6.69e-09 std=7.42e-07 | weight_base_open: mean=-2.03e-04 std=1.94e-03 | enc_conv1_weight: mean=-1.16e-02 std=6.11e-02
[05/14 05:36:14] [GradMonitor step=370] near-input: bn0: mean=-3.16e-07 std=3.51e-04 pos=0.50 | enc_conv1: mean=-3.18e-14 std=2.34e-04 pos=0.45
[05/14 05:36:14] [GradMonitor step=370] deep/task: enc_layer4: mean=9.23e-06 std=4.50e-05 | PAM: mean=1.02e-04 std=5.05e-04 | CIAM: mean=9.24e-06 std=4.50e-05
[05/14 05:36:14] [GradMonitor step=370] param-grad: weight_base: mean=1.56e-08 std=7.19e-07 | weight_base_open: mean=6.97e-05 std=2.33e-03 | enc_conv1_weight: mean=-1.28e-02 std=4.81e-02
[05/14 05:36:14] [GradMonitor step=375] near-input: bn0: mean=-2.13e-07 std=4.95e-04 pos=0.50 | enc_conv1: mean=-1.00e-13 std=3.30e-04 pos=0.52
[05/14 05:36:14] [GradMonitor step=375] deep/task: enc_layer4: mean=6.13e-06 std=5.52e-05 | PAM: mean=6.76e-05 std=6.16e-04 | CIAM: mean=6.14e-06 std=5.52e-05
[05/14 05:36:14] [GradMonitor step=375] param-grad: weight_base: mean=3.84e-08 std=1.42e-06 | weight_base_open: mean=2.64e-04 std=2.56e-03 | enc_conv1_weight: mean=-5.62e-04 std=6.54e-02
[05/14 05:36:14] [GradMonitor step=380] near-input: bn0: mean=-3.66e-07 std=4.46e-04 pos=0.50 | enc_conv1: mean=-1.91e-13 std=2.97e-04 pos=0.48
[05/14 05:36:14] [GradMonitor step=380] deep/task: enc_layer4: mean=1.17e-06 std=4.63e-05 | PAM: mean=1.32e-05 std=5.15e-04 | CIAM: mean=1.18e-06 std=4.63e-05
[05/14 05:36:14] [GradMonitor step=380] param-grad: weight_base: mean=5.68e-09 std=1.69e-06 | weight_base_open: mean=6.21e-06 std=2.93e-03 | enc_conv1_weight: mean=-4.47e-03 std=6.05e-02
[05/14 05:36:15] [GradMonitor step=385] near-input: bn0: mean=2.14e-07 std=5.21e-04 pos=0.50 | enc_conv1: mean=-2.59e-13 std=3.47e-04 pos=0.46
[05/14 05:36:15] [GradMonitor step=385] deep/task: enc_layer4: mean=5.10e-06 std=6.06e-05 | PAM: mean=5.69e-05 std=6.78e-04 | CIAM: mean=5.10e-06 std=6.06e-05
[05/14 05:36:15] [GradMonitor step=385] param-grad: weight_base: mean=1.13e-08 std=1.17e-06 | weight_base_open: mean=1.54e-06 std=2.78e-03 | enc_conv1_weight: mean=4.86e-03 std=6.08e-02
[05/14 05:36:15] [GradMonitor step=390] near-input: bn0: mean=-8.07e-08 std=4.64e-04 pos=0.50 | enc_conv1: mean=-2.41e-13 std=3.06e-04 pos=0.52
[05/14 05:36:15] [GradMonitor step=390] deep/task: enc_layer4: mean=7.40e-06 std=4.82e-05 | PAM: mean=8.25e-05 std=5.39e-04 | CIAM: mean=7.41e-06 std=4.82e-05
[05/14 05:36:15] [GradMonitor step=390] param-grad: weight_base: mean=-5.36e-08 std=1.48e-06 | weight_base_open: mean=-1.37e-04 std=2.62e-03 | enc_conv1_weight: mean=1.02e-02 std=5.99e-02
[05/14 05:36:15] [GradMonitor step=395] near-input: bn0: mean=-3.46e-07 std=5.00e-04 pos=0.50 | enc_conv1: mean=-1.46e-13 std=3.33e-04 pos=0.44
[05/14 05:36:15] [GradMonitor step=395] deep/task: enc_layer4: mean=1.16e-05 std=4.88e-05 | PAM: mean=1.29e-04 std=5.43e-04 | CIAM: mean=1.16e-05 std=4.88e-05
[05/14 05:36:15] [GradMonitor step=395] param-grad: weight_base: mean=2.79e-08 std=9.15e-07 | weight_base_open: mean=7.60e-05 std=2.47e-03 | enc_conv1_weight: mean=-5.94e-03 std=4.36e-02
[05/14 05:36:16] [GradMonitor step=400] near-input: bn0: mean=-2.09e-07 std=5.90e-04 pos=0.50 | enc_conv1: mean=1.64e-13 std=3.97e-04 pos=0.44
[05/14 05:36:16] [GradMonitor step=400] deep/task: enc_layer4: mean=7.27e-06 std=6.99e-05 | PAM: mean=8.26e-05 std=7.82e-04 | CIAM: mean=7.28e-06 std=6.99e-05
[05/14 05:36:16] [GradMonitor step=400] param-grad: weight_base: mean=-1.22e-08 std=2.70e-06 | weight_base_open: mean=-4.26e-05 std=2.17e-03 | enc_conv1_weight: mean=1.83e-03 std=4.38e-02
[05/14 05:36:16] 
[05/14 05:36:16] epoch 1/20, iter 400:
[05/14 05:36:16] train_loss: 2.18163
[05/14 05:36:16] train_acc: 0.667
[05/14 05:36:16] train_auroc: 0.666
[05/14 05:36:23] Summary name val_6-way-5-shot_tpr@tnr95 is illegal; using val_6-way-5-shot_tpr_tnr95 instead.
[05/14 05:36:23] val_6-way-5-shot_acc: 53.872	0.781
[05/14 05:36:23] val_6-way-5-shot_auroc: 50.153	2.173
[05/14 05:36:23] val_6-way-5-shot_fscore: 20.923	0.237
[05/14 05:36:23] val_6-way-5-shot_tpr@tnr95: 6.812	1.729
[05/14 05:36:23] val_6-way-5-shot_osr: 50.191	0.850
[05/14 05:36:23] BEST ACC!
[05/14 05:36:23] BEST Auroc!
[05/14 05:36:23] BEST Fscore!
[05/14 05:36:23] BEST OSR Score!
[05/14 05:36:24] [GradMonitor step=405] near-input: bn0: mean=-2.73e-07 std=3.43e-04 pos=0.50 | enc_conv1: mean=-1.21e-13 std=2.29e-04 pos=0.49
[05/14 05:36:24] [GradMonitor step=405] deep/task: enc_layer4: mean=6.60e-06 std=4.57e-05 | PAM: mean=7.28e-05 std=5.08e-04 | CIAM: mean=6.61e-06 std=4.57e-05
[05/14 05:36:24] [GradMonitor step=405] param-grad: weight_base: mean=-3.54e-08 std=1.23e-06 | weight_base_open: mean=4.64e-05 std=2.21e-03 | enc_conv1_weight: mean=-7.05e-03 std=3.46e-02
[05/14 05:36:24] [GradMonitor step=410] near-input: bn0: mean=3.07e-07 std=3.72e-04 pos=0.50 | enc_conv1: mean=1.16e-13 std=2.49e-04 pos=0.46
[05/14 05:36:24] [GradMonitor step=410] deep/task: enc_layer4: mean=4.50e-06 std=4.45e-05 | PAM: mean=4.96e-05 std=4.93e-04 | CIAM: mean=4.51e-06 std=4.45e-05
[05/14 05:36:24] [GradMonitor step=410] param-grad: weight_base: mean=4.48e-08 std=1.98e-06 | weight_base_open: mean=-4.66e-05 std=2.39e-03 | enc_conv1_weight: mean=-2.21e-03 std=4.30e-02
[05/14 05:36:24] [GradMonitor step=415] near-input: bn0: mean=6.47e-08 std=3.59e-04 pos=0.50 | enc_conv1: mean=2.25e-13 std=2.40e-04 pos=0.53
[05/14 05:36:24] [GradMonitor step=415] deep/task: enc_layer4: mean=9.72e-06 std=4.78e-05 | PAM: mean=1.08e-04 std=5.32e-04 | CIAM: mean=9.73e-06 std=4.78e-05
[05/14 05:36:24] [GradMonitor step=415] param-grad: weight_base: mean=-2.42e-09 std=1.52e-06 | weight_base_open: mean=-1.33e-04 std=2.45e-03 | enc_conv1_weight: mean=1.21e-02 std=3.90e-02
[05/14 05:36:25] [GradMonitor step=420] near-input: bn0: mean=1.87e-07 std=4.47e-04 pos=0.50 | enc_conv1: mean=1.46e-13 std=3.02e-04 pos=0.50
[05/14 05:36:25] [GradMonitor step=420] deep/task: enc_layer4: mean=9.42e-06 std=5.79e-05 | PAM: mean=1.04e-04 std=6.49e-04 | CIAM: mean=9.44e-06 std=5.78e-05
[05/14 05:36:25] [GradMonitor step=420] param-grad: weight_base: mean=-2.99e-08 std=1.24e-06 | weight_base_open: mean=4.26e-05 std=2.37e-03 | enc_conv1_weight: mean=-5.19e-03 std=4.99e-02
[05/14 05:36:25] [GradMonitor step=425] near-input: bn0: mean=7.05e-07 std=7.13e-04 pos=0.50 | enc_conv1: mean=6.37e-14 std=4.75e-04 pos=0.47
[05/14 05:36:25] [GradMonitor step=425] deep/task: enc_layer4: mean=8.26e-06 std=7.01e-05 | PAM: mean=9.13e-05 std=7.85e-04 | CIAM: mean=8.27e-06 std=7.01e-05
[05/14 05:36:25] [GradMonitor step=425] param-grad: weight_base: mean=-2.71e-08 std=9.24e-07 | weight_base_open: mean=-8.77e-05 std=1.96e-03 | enc_conv1_weight: mean=4.24e-03 std=4.67e-02
[05/14 05:36:25] [GradMonitor step=430] near-input: bn0: mean=-3.38e-07 std=5.32e-04 pos=0.50 | enc_conv1: mean=-7.28e-14 std=3.58e-04 pos=0.56
[05/14 05:36:25] [GradMonitor step=430] deep/task: enc_layer4: mean=7.99e-06 std=5.75e-05 | PAM: mean=8.86e-05 std=6.47e-04 | CIAM: mean=8.00e-06 std=5.75e-05
[05/14 05:36:25] [GradMonitor step=430] param-grad: weight_base: mean=7.39e-08 std=1.52e-06 | weight_base_open: mean=-4.27e-05 std=2.64e-03 | enc_conv1_weight: mean=-5.34e-04 std=8.26e-02
[05/14 05:36:26] [GradMonitor step=435] near-input: bn0: mean=-1.36e-07 std=3.61e-04 pos=0.50 | enc_conv1: mean=-1.07e-13 std=2.40e-04 pos=0.48
[05/14 05:36:26] [GradMonitor step=435] deep/task: enc_layer4: mean=8.97e-06 std=4.78e-05 | PAM: mean=9.93e-05 std=5.37e-04 | CIAM: mean=8.99e-06 std=4.78e-05
[05/14 05:36:26] [GradMonitor step=435] param-grad: weight_base: mean=2.06e-08 std=1.41e-06 | weight_base_open: mean=5.05e-05 std=2.04e-03 | enc_conv1_weight: mean=8.42e-03 std=4.05e-02
[05/14 05:36:26] [GradMonitor step=440] near-input: bn0: mean=-8.14e-07 std=7.31e-04 pos=0.50 | enc_conv1: mean=5.91e-13 std=4.82e-04 pos=0.55
[05/14 05:36:26] [GradMonitor step=440] deep/task: enc_layer4: mean=7.96e-06 std=6.57e-05 | PAM: mean=8.85e-05 std=7.38e-04 | CIAM: mean=7.97e-06 std=6.57e-05
[05/14 05:36:26] [GradMonitor step=440] param-grad: weight_base: mean=-2.42e-08 std=8.67e-07 | weight_base_open: mean=-6.93e-05 std=1.94e-03 | enc_conv1_weight: mean=1.12e-02 std=5.52e-02
[05/14 05:36:27] [GradMonitor step=445] near-input: bn0: mean=1.06e-07 std=3.90e-04 pos=0.50 | enc_conv1: mean=-1.05e-13 std=2.56e-04 pos=0.55
[05/14 05:36:27] [GradMonitor step=445] deep/task: enc_layer4: mean=6.86e-06 std=4.47e-05 | PAM: mean=7.68e-05 std=4.99e-04 | CIAM: mean=6.87e-06 std=4.47e-05
[05/14 05:36:27] [GradMonitor step=445] param-grad: weight_base: mean=1.87e-08 std=7.54e-07 | weight_base_open: mean=-3.56e-06 std=1.75e-03 | enc_conv1_weight: mean=-5.20e-03 std=5.34e-02
[05/14 05:36:27] [GradMonitor step=450] near-input: bn0: mean=1.35e-07 std=5.61e-04 pos=0.50 | enc_conv1: mean=-3.14e-13 std=3.77e-04 pos=0.54
[05/14 05:36:27] [GradMonitor step=450] deep/task: enc_layer4: mean=7.58e-06 std=5.92e-05 | PAM: mean=8.34e-05 std=6.60e-04 | CIAM: mean=7.59e-06 std=5.92e-05
[05/14 05:36:27] [GradMonitor step=450] param-grad: weight_base: mean=-5.30e-08 std=1.10e-06 | weight_base_open: mean=2.19e-04 std=2.07e-03 | enc_conv1_weight: mean=-8.87e-03 std=4.54e-02
[05/14 05:36:27] [GradMonitor step=455] near-input: bn0: mean=5.12e-07 std=5.00e-04 pos=0.50 | enc_conv1: mean=2.18e-13 std=3.27e-04 pos=0.51
[05/14 05:36:27] [GradMonitor step=455] deep/task: enc_layer4: mean=4.81e-06 std=5.64e-05 | PAM: mean=5.43e-05 std=6.30e-04 | CIAM: mean=4.81e-06 std=5.64e-05
[05/14 05:36:27] [GradMonitor step=455] param-grad: weight_base: mean=2.81e-08 std=7.91e-07 | weight_base_open: mean=1.03e-05 std=2.26e-03 | enc_conv1_weight: mean=-6.00e-04 std=7.55e-02
[05/14 05:36:28] [GradMonitor step=460] near-input: bn0: mean=7.06e-08 std=3.07e-04 pos=0.50 | enc_conv1: mean=6.82e-14 std=2.02e-04 pos=0.51
[05/14 05:36:28] [GradMonitor step=460] deep/task: enc_layer4: mean=7.29e-06 std=4.57e-05 | PAM: mean=8.10e-05 std=5.11e-04 | CIAM: mean=7.31e-06 std=4.57e-05
[05/14 05:36:28] [GradMonitor step=460] param-grad: weight_base: mean=3.86e-08 std=9.93e-07 | weight_base_open: mean=5.93e-05 std=1.94e-03 | enc_conv1_weight: mean=-1.38e-02 std=6.09e-02
[05/14 05:36:28] [GradMonitor step=465] near-input: bn0: mean=-1.62e-07 std=4.51e-04 pos=0.50 | enc_conv1: mean=-1.68e-13 std=2.98e-04 pos=0.50
[05/14 05:36:28] [GradMonitor step=465] deep/task: enc_layer4: mean=5.75e-06 std=5.13e-05 | PAM: mean=6.36e-05 std=5.72e-04 | CIAM: mean=5.76e-06 std=5.13e-05
[05/14 05:36:28] [GradMonitor step=465] param-grad: weight_base: mean=4.43e-09 std=1.53e-06 | weight_base_open: mean=-2.87e-05 std=2.13e-03 | enc_conv1_weight: mean=9.70e-03 std=8.43e-02
[05/14 05:36:28] [GradMonitor step=470] near-input: bn0: mean=1.32e-07 std=4.01e-04 pos=0.50 | enc_conv1: mean=1.41e-13 std=2.68e-04 pos=0.51
[05/14 05:36:28] [GradMonitor step=470] deep/task: enc_layer4: mean=7.28e-06 std=4.84e-05 | PAM: mean=8.10e-05 std=5.42e-04 | CIAM: mean=7.29e-06 std=4.84e-05
[05/14 05:36:28] [GradMonitor step=470] param-grad: weight_base: mean=1.96e-08 std=1.45e-06 | weight_base_open: mean=1.00e-04 std=1.95e-03 | enc_conv1_weight: mean=-1.37e-02 std=5.98e-02
[05/14 05:36:29] [GradMonitor step=475] near-input: bn0: mean=-1.94e-07 std=5.87e-04 pos=0.50 | enc_conv1: mean=-1.27e-13 std=3.95e-04 pos=0.46
[05/14 05:36:29] [GradMonitor step=475] deep/task: enc_layer4: mean=1.00e-05 std=6.64e-05 | PAM: mean=1.12e-04 std=7.42e-04 | CIAM: mean=1.00e-05 std=6.64e-05
[05/14 05:36:29] [GradMonitor step=475] param-grad: weight_base: mean=4.72e-08 std=1.74e-06 | weight_base_open: mean=-4.50e-06 std=2.34e-03 | enc_conv1_weight: mean=-7.91e-03 std=4.21e-02
[05/14 05:36:29] [GradMonitor step=480] near-input: bn0: mean=1.50e-07 std=7.84e-04 pos=0.50 | enc_conv1: mean=4.18e-13 std=5.25e-04 pos=0.50
[05/14 05:36:29] [GradMonitor step=480] deep/task: enc_layer4: mean=5.94e-06 std=8.25e-05 | PAM: mean=6.66e-05 std=9.20e-04 | CIAM: mean=5.95e-06 std=8.25e-05
[05/14 05:36:29] [GradMonitor step=480] param-grad: weight_base: mean=-5.22e-09 std=1.19e-06 | weight_base_open: mean=-8.90e-05 std=2.10e-03 | enc_conv1_weight: mean=-1.50e-02 std=5.64e-02
[05/14 05:36:29] [GradMonitor step=485] near-input: bn0: mean=7.32e-11 std=5.15e-04 pos=0.50 | enc_conv1: mean=8.87e-14 std=3.43e-04 pos=0.47
[05/14 05:36:29] [GradMonitor step=485] deep/task: enc_layer4: mean=1.08e-05 std=5.41e-05 | PAM: mean=1.20e-04 std=6.06e-04 | CIAM: mean=1.08e-05 std=5.41e-05
[05/14 05:36:29] [GradMonitor step=485] param-grad: weight_base: mean=5.12e-08 std=1.28e-06 | weight_base_open: mean=1.66e-04 std=2.31e-03 | enc_conv1_weight: mean=8.71e-03 std=4.74e-02
[05/14 05:36:30] [GradMonitor step=490] near-input: bn0: mean=5.21e-08 std=3.33e-04 pos=0.50 | enc_conv1: mean=4.55e-14 std=2.24e-04 pos=0.48
[05/14 05:36:30] [GradMonitor step=490] deep/task: enc_layer4: mean=7.97e-06 std=4.70e-05 | PAM: mean=8.79e-05 std=5.25e-04 | CIAM: mean=7.98e-06 std=4.70e-05
[05/14 05:36:30] [GradMonitor step=490] param-grad: weight_base: mean=-1.39e-08 std=7.32e-07 | weight_base_open: mean=-8.83e-07 std=2.36e-03 | enc_conv1_weight: mean=7.00e-03 std=4.72e-02
[05/14 05:36:30] [GradMonitor step=495] near-input: bn0: mean=2.00e-07 std=4.61e-04 pos=0.50 | enc_conv1: mean=8.19e-14 std=3.09e-04 pos=0.46
[05/14 05:36:30] [GradMonitor step=495] deep/task: enc_layer4: mean=8.73e-06 std=5.50e-05 | PAM: mean=9.75e-05 std=6.15e-04 | CIAM: mean=8.74e-06 std=5.50e-05
[05/14 05:36:30] [GradMonitor step=495] param-grad: weight_base: mean=4.61e-08 std=9.64e-07 | weight_base_open: mean=1.09e-04 std=1.81e-03 | enc_conv1_weight: mean=1.94e-02 std=6.92e-02
[05/14 05:36:31] [GradMonitor step=500] near-input: bn0: mean=3.24e-07 std=4.23e-04 pos=0.50 | enc_conv1: mean=-9.09e-14 std=2.75e-04 pos=0.46
[05/14 05:36:31] [GradMonitor step=500] deep/task: enc_layer4: mean=6.15e-06 std=4.82e-05 | PAM: mean=6.76e-05 std=5.37e-04 | CIAM: mean=6.16e-06 std=4.82e-05
[05/14 05:36:31] [GradMonitor step=500] param-grad: weight_base: mean=1.72e-08 std=1.56e-06 | weight_base_open: mean=-3.58e-05 std=1.96e-03 | enc_conv1_weight: mean=-4.69e-03 std=4.54e-02
[05/14 05:36:31] [GradMonitor step=505] near-input: bn0: mean=2.99e-08 std=3.53e-04 pos=0.50 | enc_conv1: mean=-1.71e-14 std=2.39e-04 pos=0.52
[05/14 05:36:31] [GradMonitor step=505] deep/task: enc_layer4: mean=4.75e-06 std=5.12e-05 | PAM: mean=5.22e-05 std=5.74e-04 | CIAM: mean=4.76e-06 std=5.12e-05
[05/14 05:36:31] [GradMonitor step=505] param-grad: weight_base: mean=-1.45e-08 std=1.16e-06 | weight_base_open: mean=1.44e-04 std=2.06e-03 | enc_conv1_weight: mean=-1.17e-03 std=5.00e-02
[05/14 05:36:31] [GradMonitor step=510] near-input: bn0: mean=4.59e-07 std=3.78e-04 pos=0.50 | enc_conv1: mean=8.19e-14 std=2.52e-04 pos=0.54
[05/14 05:36:31] [GradMonitor step=510] deep/task: enc_layer4: mean=4.41e-06 std=4.80e-05 | PAM: mean=4.85e-05 std=5.37e-04 | CIAM: mean=4.41e-06 std=4.80e-05
[05/14 05:36:31] [GradMonitor step=510] param-grad: weight_base: mean=3.62e-08 std=1.22e-06 | weight_base_open: mean=-1.00e-04 std=1.90e-03 | enc_conv1_weight: mean=-2.01e-02 std=6.03e-02
[05/14 05:36:32] [GradMonitor step=515] near-input: bn0: mean=-9.44e-08 std=6.81e-04 pos=0.50 | enc_conv1: mean=-1.46e-13 std=4.58e-04 pos=0.46
[05/14 05:36:32] [GradMonitor step=515] deep/task: enc_layer4: mean=6.59e-06 std=7.27e-05 | PAM: mean=7.38e-05 std=8.08e-04 | CIAM: mean=6.60e-06 std=7.27e-05
[05/14 05:36:32] [GradMonitor step=515] param-grad: weight_base: mean=-1.44e-08 std=8.33e-07 | weight_base_open: mean=-5.27e-05 std=1.76e-03 | enc_conv1_weight: mean=-8.79e-03 std=5.14e-02
[05/14 05:36:32] [GradMonitor step=520] near-input: bn0: mean=1.55e-07 std=5.74e-04 pos=0.50 | enc_conv1: mean=-3.91e-13 std=3.86e-04 pos=0.51
[05/14 05:36:32] [GradMonitor step=520] deep/task: enc_layer4: mean=1.11e-05 std=5.57e-05 | PAM: mean=1.23e-04 std=6.22e-04 | CIAM: mean=1.11e-05 std=5.57e-05
[05/14 05:36:32] [GradMonitor step=520] param-grad: weight_base: mean=1.38e-08 std=5.07e-07 | weight_base_open: mean=-2.56e-05 std=1.61e-03 | enc_conv1_weight: mean=3.23e-03 std=4.33e-02
[05/14 05:36:32] [GradMonitor step=525] near-input: bn0: mean=1.56e-07 std=5.57e-04 pos=0.50 | enc_conv1: mean=3.50e-13 std=3.67e-04 pos=0.49
[05/14 05:36:32] [GradMonitor step=525] deep/task: enc_layer4: mean=1.09e-05 std=5.31e-05 | PAM: mean=1.20e-04 std=5.91e-04 | CIAM: mean=1.09e-05 std=5.31e-05
[05/14 05:36:32] [GradMonitor step=525] param-grad: weight_base: mean=6.18e-08 std=1.09e-06 | weight_base_open: mean=9.18e-05 std=1.46e-03 | enc_conv1_weight: mean=1.39e-02 std=5.24e-02
[05/14 05:36:33] [GradMonitor step=530] near-input: bn0: mean=-1.79e-07 std=5.58e-04 pos=0.50 | enc_conv1: mean=3.64e-14 std=3.68e-04 pos=0.53
[05/14 05:36:33] [GradMonitor step=530] deep/task: enc_layer4: mean=7.04e-06 std=6.07e-05 | PAM: mean=7.81e-05 std=6.75e-04 | CIAM: mean=7.05e-06 std=6.07e-05
[05/14 05:36:33] [GradMonitor step=530] param-grad: weight_base: mean=-1.27e-08 std=5.04e-07 | weight_base_open: mean=-8.75e-05 std=1.71e-03 | enc_conv1_weight: mean=-1.04e-02 std=5.35e-02
[05/14 05:36:33] [GradMonitor step=535] near-input: bn0: mean=-8.82e-08 std=4.16e-04 pos=0.50 | enc_conv1: mean=3.18e-14 std=2.75e-04 pos=0.52
[05/14 05:36:33] [GradMonitor step=535] deep/task: enc_layer4: mean=1.02e-05 std=4.21e-05 | PAM: mean=1.13e-04 std=4.67e-04 | CIAM: mean=1.02e-05 std=4.21e-05
[05/14 05:36:33] [GradMonitor step=535] param-grad: weight_base: mean=6.54e-08 std=1.62e-06 | weight_base_open: mean=1.25e-05 std=1.59e-03 | enc_conv1_weight: mean=-3.48e-03 std=4.15e-02
[05/14 05:36:34] [GradMonitor step=540] near-input: bn0: mean=-7.13e-07 std=4.91e-04 pos=0.50 | enc_conv1: mean=-4.55e-15 std=3.26e-04 pos=0.44
[05/14 05:36:34] [GradMonitor step=540] deep/task: enc_layer4: mean=8.43e-06 std=5.36e-05 | PAM: mean=9.29e-05 std=5.96e-04 | CIAM: mean=8.44e-06 std=5.36e-05
[05/14 05:36:34] [GradMonitor step=540] param-grad: weight_base: mean=-5.11e-08 std=1.32e-06 | weight_base_open: mean=-2.87e-07 std=2.34e-03 | enc_conv1_weight: mean=1.59e-02 std=4.99e-02
[05/14 05:36:34] [GradMonitor step=545] near-input: bn0: mean=-3.61e-08 std=4.39e-04 pos=0.50 | enc_conv1: mean=-1.59e-13 std=2.91e-04 pos=0.50
[05/14 05:36:34] [GradMonitor step=545] deep/task: enc_layer4: mean=9.72e-06 std=5.16e-05 | PAM: mean=1.06e-04 std=5.76e-04 | CIAM: mean=9.74e-06 std=5.16e-05
[05/14 05:36:34] [GradMonitor step=545] param-grad: weight_base: mean=2.00e-08 std=1.27e-06 | weight_base_open: mean=7.96e-05 std=2.16e-03 | enc_conv1_weight: mean=1.72e-02 std=5.13e-02
[05/14 05:36:34] [GradMonitor step=550] near-input: bn0: mean=-2.77e-07 std=3.34e-04 pos=0.50 | enc_conv1: mean=3.41e-15 std=2.20e-04 pos=0.52
[05/14 05:36:34] [GradMonitor step=550] deep/task: enc_layer4: mean=4.39e-06 std=4.39e-05 | PAM: mean=4.92e-05 std=4.88e-04 | CIAM: mean=4.40e-06 std=4.39e-05
[05/14 05:36:34] [GradMonitor step=550] param-grad: weight_base: mean=-4.34e-08 std=9.05e-07 | weight_base_open: mean=-4.44e-05 std=1.77e-03 | enc_conv1_weight: mean=-7.45e-04 std=4.19e-02
[05/14 05:36:35] [GradMonitor step=555] near-input: bn0: mean=-1.69e-07 std=4.46e-04 pos=0.50 | enc_conv1: mean=-9.09e-15 std=2.92e-04 pos=0.51
[05/14 05:36:35] [GradMonitor step=555] deep/task: enc_layer4: mean=5.76e-06 std=4.43e-05 | PAM: mean=6.38e-05 std=4.94e-04 | CIAM: mean=5.77e-06 std=4.43e-05
[05/14 05:36:35] [GradMonitor step=555] param-grad: weight_base: mean=-2.30e-08 std=7.66e-07 | weight_base_open: mean=2.77e-05 std=1.66e-03 | enc_conv1_weight: mean=1.83e-02 std=7.42e-02
[05/14 05:36:35] [GradMonitor step=560] near-input: bn0: mean=5.52e-07 std=6.30e-04 pos=0.50 | enc_conv1: mean=9.09e-14 std=4.10e-04 pos=0.57
[05/14 05:36:35] [GradMonitor step=560] deep/task: enc_layer4: mean=1.36e-05 std=5.08e-05 | PAM: mean=1.50e-04 std=5.65e-04 | CIAM: mean=1.36e-05 std=5.08e-05
[05/14 05:36:35] [GradMonitor step=560] param-grad: weight_base: mean=7.64e-09 std=9.56e-07 | weight_base_open: mean=1.03e-04 std=1.83e-03 | enc_conv1_weight: mean=-5.92e-04 std=4.08e-02
[05/14 05:36:35] [GradMonitor step=565] near-input: bn0: mean=6.15e-07 std=5.26e-04 pos=0.50 | enc_conv1: mean=1.82e-14 std=3.53e-04 pos=0.44
[05/14 05:36:35] [GradMonitor step=565] deep/task: enc_layer4: mean=8.61e-06 std=5.23e-05 | PAM: mean=9.53e-05 std=5.83e-04 | CIAM: mean=8.62e-06 std=5.23e-05
[05/14 05:36:35] [GradMonitor step=565] param-grad: weight_base: mean=5.28e-08 std=1.20e-06 | weight_base_open: mean=-5.02e-05 std=1.97e-03 | enc_conv1_weight: mean=-4.10e-04 std=4.90e-02
[05/14 05:36:36] [GradMonitor step=570] near-input: bn0: mean=-8.99e-07 std=5.78e-04 pos=0.50 | enc_conv1: mean=-1.55e-13 std=3.77e-04 pos=0.53
[05/14 05:36:36] [GradMonitor step=570] deep/task: enc_layer4: mean=1.12e-05 std=4.86e-05 | PAM: mean=1.23e-04 std=5.40e-04 | CIAM: mean=1.13e-05 std=4.86e-05
[05/14 05:36:36] [GradMonitor step=570] param-grad: weight_base: mean=1.32e-08 std=7.57e-07 | weight_base_open: mean=4.14e-05 std=1.33e-03 | enc_conv1_weight: mean=4.83e-03 std=4.25e-02
[05/14 05:36:36] [GradMonitor step=575] near-input: bn0: mean=1.35e-07 std=4.66e-04 pos=0.50 | enc_conv1: mean=1.23e-13 std=3.17e-04 pos=0.45
[05/14 05:36:36] [GradMonitor step=575] deep/task: enc_layer4: mean=9.66e-06 std=5.53e-05 | PAM: mean=1.07e-04 std=6.18e-04 | CIAM: mean=9.68e-06 std=5.53e-05
[05/14 05:36:36] [GradMonitor step=575] param-grad: weight_base: mean=3.62e-08 std=1.18e-06 | weight_base_open: mean=-1.23e-04 std=1.47e-03 | enc_conv1_weight: mean=3.09e-03 std=6.54e-02
[05/14 05:36:37] [GradMonitor step=580] near-input: bn0: mean=6.23e-08 std=3.54e-04 pos=0.50 | enc_conv1: mean=-1.59e-14 std=2.33e-04 pos=0.48
[05/14 05:36:37] [GradMonitor step=580] deep/task: enc_layer4: mean=8.93e-06 std=4.29e-05 | PAM: mean=9.87e-05 std=4.79e-04 | CIAM: mean=8.94e-06 std=4.29e-05
[05/14 05:36:37] [GradMonitor step=580] param-grad: weight_base: mean=4.26e-09 std=9.14e-07 | weight_base_open: mean=1.22e-05 std=1.76e-03 | enc_conv1_weight: mean=-5.99e-03 std=4.33e-02
[05/14 05:36:37] [GradMonitor step=585] near-input: bn0: mean=-1.03e-07 std=3.69e-04 pos=0.50 | enc_conv1: mean=-6.37e-14 std=2.45e-04 pos=0.48
[05/14 05:36:37] [GradMonitor step=585] deep/task: enc_layer4: mean=1.08e-05 std=4.25e-05 | PAM: mean=1.19e-04 std=4.72e-04 | CIAM: mean=1.09e-05 std=4.24e-05
[05/14 05:36:37] [GradMonitor step=585] param-grad: weight_base: mean=-2.06e-08 std=1.17e-06 | weight_base_open: mean=-1.78e-04 std=1.37e-03 | enc_conv1_weight: mean=-2.18e-02 std=5.76e-02
[05/14 05:36:37] [GradMonitor step=590] near-input: bn0: mean=2.71e-07 std=3.86e-04 pos=0.50 | enc_conv1: mean=-1.77e-13 std=2.52e-04 pos=0.48
[05/14 05:36:37] [GradMonitor step=590] deep/task: enc_layer4: mean=1.32e-05 std=4.47e-05 | PAM: mean=1.44e-04 std=4.99e-04 | CIAM: mean=1.32e-05 std=4.47e-05
[05/14 05:36:37] [GradMonitor step=590] param-grad: weight_base: mean=-2.49e-09 std=1.51e-06 | weight_base_open: mean=-7.03e-05 std=1.60e-03 | enc_conv1_weight: mean=1.10e-02 std=4.23e-02
[05/14 05:36:38] [GradMonitor step=595] near-input: bn0: mean=-1.12e-06 std=6.99e-04 pos=0.50 | enc_conv1: mean=-9.09e-14 std=4.63e-04 pos=0.45
[05/14 05:36:38] [GradMonitor step=595] deep/task: enc_layer4: mean=1.08e-05 std=5.86e-05 | PAM: mean=1.20e-04 std=6.52e-04 | CIAM: mean=1.08e-05 std=5.86e-05
[05/14 05:36:38] [GradMonitor step=595] param-grad: weight_base: mean=-1.85e-08 std=3.07e-07 | weight_base_open: mean=2.30e-05 std=1.06e-03 | enc_conv1_weight: mean=-2.29e-02 std=5.95e-02
[05/14 05:36:38] [GradMonitor step=600] near-input: bn0: mean=-2.27e-07 std=3.77e-04 pos=0.50 | enc_conv1: mean=1.43e-13 std=2.51e-04 pos=0.54
[05/14 05:36:38] [GradMonitor step=600] deep/task: enc_layer4: mean=9.47e-06 std=4.46e-05 | PAM: mean=1.05e-04 std=4.97e-04 | CIAM: mean=9.48e-06 std=4.46e-05
[05/14 05:36:38] [GradMonitor step=600] param-grad: weight_base: mean=-2.20e-08 std=1.09e-06 | weight_base_open: mean=1.32e-04 std=1.55e-03 | enc_conv1_weight: mean=9.22e-04 std=4.14e-02
[05/14 05:36:38] [GradMonitor step=605] near-input: bn0: mean=-2.34e-07 std=4.99e-04 pos=0.50 | enc_conv1: mean=6.37e-14 std=3.24e-04 pos=0.52
[05/14 05:36:38] [GradMonitor step=605] deep/task: enc_layer4: mean=4.97e-06 std=4.87e-05 | PAM: mean=5.51e-05 std=5.47e-04 | CIAM: mean=4.99e-06 std=4.87e-05
[05/14 05:36:38] [GradMonitor step=605] param-grad: weight_base: mean=-2.23e-08 std=8.33e-07 | weight_base_open: mean=-9.18e-05 std=1.42e-03 | enc_conv1_weight: mean=2.58e-03 std=6.24e-02
[05/14 05:36:39] [GradMonitor step=610] near-input: bn0: mean=-5.13e-08 std=5.84e-04 pos=0.50 | enc_conv1: mean=1.82e-14 std=3.86e-04 pos=0.44
[05/14 05:36:39] [GradMonitor step=610] deep/task: enc_layer4: mean=6.48e-06 std=5.91e-05 | PAM: mean=7.07e-05 std=6.55e-04 | CIAM: mean=6.49e-06 std=5.91e-05
[05/14 05:36:39] [GradMonitor step=610] param-grad: weight_base: mean=3.13e-08 std=6.96e-07 | weight_base_open: mean=-8.13e-05 std=1.44e-03 | enc_conv1_weight: mean=-6.42e-03 std=5.77e-02
[05/14 05:36:39] [GradMonitor step=615] near-input: bn0: mean=1.68e-07 std=3.92e-04 pos=0.50 | enc_conv1: mean=1.36e-14 std=2.62e-04 pos=0.51
[05/14 05:36:39] [GradMonitor step=615] deep/task: enc_layer4: mean=3.09e-06 std=4.99e-05 | PAM: mean=3.53e-05 std=5.56e-04 | CIAM: mean=3.09e-06 std=4.98e-05
[05/14 05:36:39] [GradMonitor step=615] param-grad: weight_base: mean=-2.10e-08 std=1.19e-06 | weight_base_open: mean=-5.18e-05 std=1.49e-03 | enc_conv1_weight: mean=-2.17e-04 std=6.59e-02
[05/14 05:36:39] [GradMonitor step=620] near-input: bn0: mean=1.27e-07 std=3.80e-04 pos=0.50 | enc_conv1: mean=-1.16e-13 std=2.51e-04 pos=0.51
[05/14 05:36:39] [GradMonitor step=620] deep/task: enc_layer4: mean=1.10e-05 std=4.48e-05 | PAM: mean=1.21e-04 std=5.00e-04 | CIAM: mean=1.10e-05 std=4.48e-05
[05/14 05:36:39] [GradMonitor step=620] param-grad: weight_base: mean=-3.31e-09 std=1.13e-06 | weight_base_open: mean=6.92e-05 std=1.37e-03 | enc_conv1_weight: mean=4.42e-03 std=4.28e-02
[05/14 05:36:40] [GradMonitor step=625] near-input: bn0: mean=-7.59e-07 std=4.10e-04 pos=0.50 | enc_conv1: mean=-1.85e-13 std=2.69e-04 pos=0.47
[05/14 05:36:40] [GradMonitor step=625] deep/task: enc_layer4: mean=9.26e-06 std=4.46e-05 | PAM: mean=1.03e-04 std=4.98e-04 | CIAM: mean=9.27e-06 std=4.46e-05
[05/14 05:36:40] [GradMonitor step=625] param-grad: weight_base: mean=2.03e-09 std=9.31e-07 | weight_base_open: mean=-8.18e-06 std=1.56e-03 | enc_conv1_weight: mean=3.62e-03 std=5.05e-02
[05/14 05:36:40] [GradMonitor step=630] near-input: bn0: mean=-3.62e-07 std=4.23e-04 pos=0.50 | enc_conv1: mean=-2.73e-14 std=2.78e-04 pos=0.52
[05/14 05:36:40] [GradMonitor step=630] deep/task: enc_layer4: mean=8.40e-06 std=4.66e-05 | PAM: mean=9.34e-05 std=5.19e-04 | CIAM: mean=8.41e-06 std=4.66e-05
[05/14 05:36:40] [GradMonitor step=630] param-grad: weight_base: mean=-8.76e-09 std=1.10e-06 | weight_base_open: mean=7.31e-06 std=1.45e-03 | enc_conv1_weight: mean=4.46e-03 std=7.19e-02
[05/14 05:36:41] [GradMonitor step=635] near-input: bn0: mean=-4.24e-07 std=6.93e-04 pos=0.50 | enc_conv1: mean=-4.55e-13 std=4.56e-04 pos=0.57
[05/14 05:36:41] [GradMonitor step=635] deep/task: enc_layer4: mean=8.01e-06 std=5.96e-05 | PAM: mean=8.90e-05 std=6.66e-04 | CIAM: mean=8.03e-06 std=5.96e-05
[05/14 05:36:41] [GradMonitor step=635] param-grad: weight_base: mean=8.32e-09 std=1.55e-06 | weight_base_open: mean=-4.20e-05 std=1.45e-03 | enc_conv1_weight: mean=-1.49e-02 std=6.93e-02
[05/14 05:36:41] [GradMonitor step=640] near-input: bn0: mean=-2.89e-07 std=4.19e-04 pos=0.50 | enc_conv1: mean=-1.36e-14 std=2.77e-04 pos=0.40
[05/14 05:36:41] [GradMonitor step=640] deep/task: enc_layer4: mean=6.85e-06 std=5.01e-05 | PAM: mean=7.57e-05 std=5.60e-04 | CIAM: mean=6.87e-06 std=5.01e-05
[05/14 05:36:41] [GradMonitor step=640] param-grad: weight_base: mean=6.44e-09 std=1.04e-06 | weight_base_open: mean=-1.05e-04 std=1.44e-03 | enc_conv1_weight: mean=1.08e-02 std=4.51e-02
[05/14 05:36:41] [GradMonitor step=645] near-input: bn0: mean=3.71e-07 std=5.37e-04 pos=0.50 | enc_conv1: mean=-8.19e-14 std=3.55e-04 pos=0.51
[05/14 05:36:41] [GradMonitor step=645] deep/task: enc_layer4: mean=8.58e-06 std=5.37e-05 | PAM: mean=9.47e-05 std=6.00e-04 | CIAM: mean=8.60e-06 std=5.37e-05
[05/14 05:36:41] [GradMonitor step=645] param-grad: weight_base: mean=-5.08e-08 std=8.22e-07 | weight_base_open: mean=8.29e-05 std=1.51e-03 | enc_conv1_weight: mean=1.38e-02 std=5.19e-02
[05/14 05:36:42] [GradMonitor step=650] near-input: bn0: mean=3.36e-07 std=5.80e-04 pos=0.50 | enc_conv1: mean=-4.55e-14 std=3.78e-04 pos=0.44
[05/14 05:36:42] [GradMonitor step=650] deep/task: enc_layer4: mean=2.60e-06 std=6.37e-05 | PAM: mean=2.77e-05 std=7.14e-04 | CIAM: mean=2.61e-06 std=6.37e-05
[05/14 05:36:42] [GradMonitor step=650] param-grad: weight_base: mean=-4.21e-08 std=1.12e-06 | weight_base_open: mean=-2.62e-05 std=1.29e-03 | enc_conv1_weight: mean=-2.34e-03 std=6.35e-02
[05/14 05:36:42] [GradMonitor step=655] near-input: bn0: mean=-3.11e-07 std=4.98e-04 pos=0.50 | enc_conv1: mean=-1.71e-14 std=3.26e-04 pos=0.55
[05/14 05:36:42] [GradMonitor step=655] deep/task: enc_layer4: mean=5.56e-06 std=5.79e-05 | PAM: mean=6.00e-05 std=6.40e-04 | CIAM: mean=5.57e-06 std=5.79e-05
[05/14 05:36:42] [GradMonitor step=655] param-grad: weight_base: mean=3.20e-08 std=1.08e-06 | weight_base_open: mean=-1.49e-04 std=1.71e-03 | enc_conv1_weight: mean=5.74e-03 std=6.15e-02
[05/14 05:36:42] [GradMonitor step=660] near-input: bn0: mean=-6.09e-07 std=4.50e-04 pos=0.50 | enc_conv1: mean=1.00e-13 std=2.95e-04 pos=0.49
[05/14 05:36:42] [GradMonitor step=660] deep/task: enc_layer4: mean=9.08e-06 std=4.60e-05 | PAM: mean=1.00e-04 std=5.09e-04 | CIAM: mean=9.10e-06 std=4.60e-05
[05/14 05:36:42] [GradMonitor step=660] param-grad: weight_base: mean=2.22e-08 std=1.01e-06 | weight_base_open: mean=1.85e-04 std=1.54e-03 | enc_conv1_weight: mean=6.37e-03 std=5.23e-02
[05/14 05:36:43] [GradMonitor step=665] near-input: bn0: mean=1.30e-07 std=2.71e-04 pos=0.50 | enc_conv1: mean=-1.09e-13 std=1.77e-04 pos=0.49
[05/14 05:36:43] [GradMonitor step=665] deep/task: enc_layer4: mean=7.52e-06 std=3.58e-05 | PAM: mean=8.33e-05 std=3.98e-04 | CIAM: mean=7.53e-06 std=3.58e-05
[05/14 05:36:43] [GradMonitor step=665] param-grad: weight_base: mean=-4.08e-08 std=9.11e-07 | weight_base_open: mean=-9.13e-05 std=1.68e-03 | enc_conv1_weight: mean=1.34e-02 std=4.99e-02
[05/14 05:36:43] [GradMonitor step=670] near-input: bn0: mean=1.87e-07 std=6.53e-04 pos=0.50 | enc_conv1: mean=-5.91e-14 std=4.24e-04 pos=0.60
[05/14 05:36:43] [GradMonitor step=670] deep/task: enc_layer4: mean=6.32e-06 std=5.00e-05 | PAM: mean=6.93e-05 std=5.52e-04 | CIAM: mean=6.34e-06 std=5.00e-05
[05/14 05:36:43] [GradMonitor step=670] param-grad: weight_base: mean=1.52e-09 std=7.12e-07 | weight_base_open: mean=3.71e-06 std=1.33e-03 | enc_conv1_weight: mean=-9.95e-04 std=4.95e-02
[05/14 05:36:43] [GradMonitor step=675] near-input: bn0: mean=2.39e-07 std=6.34e-04 pos=0.50 | enc_conv1: mean=1.96e-13 std=4.18e-04 pos=0.53
[05/14 05:36:43] [GradMonitor step=675] deep/task: enc_layer4: mean=9.42e-06 std=6.63e-05 | PAM: mean=1.04e-04 std=7.38e-04 | CIAM: mean=9.44e-06 std=6.63e-05
[05/14 05:36:43] [GradMonitor step=675] param-grad: weight_base: mean=1.19e-09 std=1.65e-06 | weight_base_open: mean=1.06e-04 std=1.60e-03 | enc_conv1_weight: mean=2.57e-02 std=6.95e-02
[05/14 05:36:44] [GradMonitor step=680] near-input: bn0: mean=-3.71e-08 std=6.67e-04 pos=0.50 | enc_conv1: mean=-8.64e-14 std=4.39e-04 pos=0.51
[05/14 05:36:44] [GradMonitor step=680] deep/task: enc_layer4: mean=6.93e-06 std=6.03e-05 | PAM: mean=7.68e-05 std=6.72e-04 | CIAM: mean=6.94e-06 std=6.03e-05
[05/14 05:36:44] [GradMonitor step=680] param-grad: weight_base: mean=-4.45e-08 std=7.27e-07 | weight_base_open: mean=-4.79e-05 std=1.05e-03 | enc_conv1_weight: mean=-3.59e-03 std=6.39e-02
[05/14 05:36:44] [GradMonitor step=685] near-input: bn0: mean=-1.23e-07 std=5.12e-04 pos=0.50 | enc_conv1: mean=-9.55e-14 std=3.40e-04 pos=0.56
[05/14 05:36:44] [GradMonitor step=685] deep/task: enc_layer4: mean=1.32e-05 std=4.45e-05 | PAM: mean=1.46e-04 std=4.96e-04 | CIAM: mean=1.32e-05 std=4.45e-05
[05/14 05:36:44] [GradMonitor step=685] param-grad: weight_base: mean=3.91e-08 std=1.30e-06 | weight_base_open: mean=7.85e-06 std=1.85e-03 | enc_conv1_weight: mean=-8.01e-03 std=4.17e-02
[05/14 05:36:45] [GradMonitor step=690] near-input: bn0: mean=1.65e-07 std=4.49e-04 pos=0.50 | enc_conv1: mean=-2.73e-14 std=2.96e-04 pos=0.50
[05/14 05:36:45] [GradMonitor step=690] deep/task: enc_layer4: mean=1.50e-05 std=4.61e-05 | PAM: mean=1.65e-04 std=5.13e-04 | CIAM: mean=1.50e-05 std=4.61e-05
[05/14 05:36:45] [GradMonitor step=690] param-grad: weight_base: mean=-3.04e-09 std=4.47e-07 | weight_base_open: mean=4.25e-05 std=1.36e-03 | enc_conv1_weight: mean=-7.19e-03 std=5.04e-02
[05/14 05:36:45] [GradMonitor step=695] near-input: bn0: mean=-3.29e-07 std=4.72e-04 pos=0.50 | enc_conv1: mean=-1.82e-14 std=3.13e-04 pos=0.53
[05/14 05:36:45] [GradMonitor step=695] deep/task: enc_layer4: mean=4.38e-06 std=5.29e-05 | PAM: mean=4.78e-05 std=5.91e-04 | CIAM: mean=4.40e-06 std=5.29e-05
[05/14 05:36:45] [GradMonitor step=695] param-grad: weight_base: mean=-1.87e-09 std=1.24e-06 | weight_base_open: mean=2.40e-05 std=1.82e-03 | enc_conv1_weight: mean=9.72e-04 std=4.46e-02
[05/14 05:36:45] [GradMonitor step=700] near-input: bn0: mean=-1.22e-07 std=5.60e-04 pos=0.50 | enc_conv1: mean=1.23e-13 std=3.68e-04 pos=0.54
[05/14 05:36:45] [GradMonitor step=700] deep/task: enc_layer4: mean=9.96e-06 std=5.64e-05 | PAM: mean=1.10e-04 std=6.29e-04 | CIAM: mean=9.98e-06 std=5.64e-05
[05/14 05:36:45] [GradMonitor step=700] param-grad: weight_base: mean=-1.47e-08 std=1.40e-06 | weight_base_open: mean=1.07e-05 std=1.30e-03 | enc_conv1_weight: mean=-2.16e-02 std=6.61e-02
[05/14 05:36:46] [GradMonitor step=705] near-input: bn0: mean=2.77e-07 std=4.67e-04 pos=0.50 | enc_conv1: mean=9.09e-14 std=3.06e-04 pos=0.59
[05/14 05:36:46] [GradMonitor step=705] deep/task: enc_layer4: mean=8.76e-06 std=4.91e-05 | PAM: mean=9.71e-05 std=5.48e-04 | CIAM: mean=8.78e-06 std=4.91e-05
[05/14 05:36:46] [GradMonitor step=705] param-grad: weight_base: mean=6.13e-08 std=1.10e-06 | weight_base_open: mean=-7.29e-05 std=1.31e-03 | enc_conv1_weight: mean=1.05e-02 std=5.81e-02
[05/14 05:36:46] [GradMonitor step=710] near-input: bn0: mean=8.16e-09 std=5.46e-04 pos=0.50 | enc_conv1: mean=2.75e-13 std=3.63e-04 pos=0.45
[05/14 05:36:46] [GradMonitor step=710] deep/task: enc_layer4: mean=4.77e-06 std=5.83e-05 | PAM: mean=5.21e-05 std=6.48e-04 | CIAM: mean=4.79e-06 std=5.82e-05
[05/14 05:36:46] [GradMonitor step=710] param-grad: weight_base: mean=-1.55e-08 std=6.48e-07 | weight_base_open: mean=-7.82e-05 std=1.18e-03 | enc_conv1_weight: mean=1.19e-02 std=6.07e-02
[05/14 05:36:46] [GradMonitor step=715] near-input: bn0: mean=-4.42e-07 std=5.89e-04 pos=0.50 | enc_conv1: mean=-2.64e-13 std=3.92e-04 pos=0.53
[05/14 05:36:46] [GradMonitor step=715] deep/task: enc_layer4: mean=9.76e-06 std=5.65e-05 | PAM: mean=1.07e-04 std=6.29e-04 | CIAM: mean=9.78e-06 std=5.65e-05
[05/14 05:36:46] [GradMonitor step=715] param-grad: weight_base: mean=-6.62e-09 std=7.51e-07 | weight_base_open: mean=6.00e-05 std=1.11e-03 | enc_conv1_weight: mean=-7.08e-03 std=7.13e-02
[05/14 05:36:47] [GradMonitor step=720] near-input: bn0: mean=-1.87e-07 std=4.73e-04 pos=0.50 | enc_conv1: mean=-1.82e-14 std=3.12e-04 pos=0.50
[05/14 05:36:47] [GradMonitor step=720] deep/task: enc_layer4: mean=6.86e-06 std=4.89e-05 | PAM: mean=7.53e-05 std=5.44e-04 | CIAM: mean=6.88e-06 std=4.89e-05
[05/14 05:36:47] [GradMonitor step=720] param-grad: weight_base: mean=7.76e-09 std=8.38e-07 | weight_base_open: mean=-6.53e-05 std=1.54e-03 | enc_conv1_weight: mean=1.22e-02 std=6.69e-02
[05/14 05:36:47] [GradMonitor step=725] near-input: bn0: mean=-4.66e-07 std=5.13e-04 pos=0.50 | enc_conv1: mean=-1.36e-13 std=3.36e-04 pos=0.43
[05/14 05:36:47] [GradMonitor step=725] deep/task: enc_layer4: mean=7.53e-06 std=5.31e-05 | PAM: mean=8.37e-05 std=5.95e-04 | CIAM: mean=7.55e-06 std=5.31e-05
[05/14 05:36:47] [GradMonitor step=725] param-grad: weight_base: mean=4.00e-10 std=9.66e-07 | weight_base_open: mean=-1.49e-04 std=1.76e-03 | enc_conv1_weight: mean=-1.05e-02 std=5.46e-02
[05/14 05:36:47] [GradMonitor step=730] near-input: bn0: mean=-5.00e-07 std=4.86e-04 pos=0.50 | enc_conv1: mean=1.09e-13 std=3.20e-04 pos=0.53
[05/14 05:36:47] [GradMonitor step=730] deep/task: enc_layer4: mean=7.18e-06 std=5.00e-05 | PAM: mean=7.85e-05 std=5.54e-04 | CIAM: mean=7.20e-06 std=5.00e-05
[05/14 05:36:47] [GradMonitor step=730] param-grad: weight_base: mean=1.96e-08 std=6.03e-07 | weight_base_open: mean=-2.55e-05 std=1.33e-03 | enc_conv1_weight: mean=9.14e-04 std=4.09e-02
[05/14 05:36:48] [GradMonitor step=735] near-input: bn0: mean=2.95e-07 std=6.29e-04 pos=0.50 | enc_conv1: mean=-7.28e-14 std=4.24e-04 pos=0.43
[05/14 05:36:48] [GradMonitor step=735] deep/task: enc_layer4: mean=1.01e-05 std=6.91e-05 | PAM: mean=1.12e-04 std=7.74e-04 | CIAM: mean=1.01e-05 std=6.91e-05
[05/14 05:36:48] [GradMonitor step=735] param-grad: weight_base: mean=-1.45e-08 std=2.93e-07 | weight_base_open: mean=2.07e-04 std=1.33e-03 | enc_conv1_weight: mean=-9.72e-04 std=6.22e-02
[05/14 05:36:48] [GradMonitor step=740] near-input: bn0: mean=-2.91e-07 std=5.48e-04 pos=0.50 | enc_conv1: mean=9.55e-14 std=3.52e-04 pos=0.48
[05/14 05:36:48] [GradMonitor step=740] deep/task: enc_layer4: mean=8.99e-06 std=4.72e-05 | PAM: mean=9.85e-05 std=5.21e-04 | CIAM: mean=9.02e-06 std=4.72e-05
[05/14 05:36:48] [GradMonitor step=740] param-grad: weight_base: mean=3.37e-08 std=6.02e-07 | weight_base_open: mean=1.12e-04 std=1.30e-03 | enc_conv1_weight: mean=4.35e-03 std=6.15e-02
[05/14 05:36:49] [GradMonitor step=745] near-input: bn0: mean=2.78e-07 std=3.52e-04 pos=0.50 | enc_conv1: mean=2.50e-14 std=2.31e-04 pos=0.51
[05/14 05:36:49] [GradMonitor step=745] deep/task: enc_layer4: mean=5.27e-06 std=4.33e-05 | PAM: mean=5.88e-05 std=4.83e-04 | CIAM: mean=5.29e-06 std=4.33e-05
[05/14 05:36:49] [GradMonitor step=745] param-grad: weight_base: mean=-4.72e-09 std=7.89e-07 | weight_base_open: mean=-8.63e-06 std=1.25e-03 | enc_conv1_weight: mean=-2.25e-03 std=5.87e-02
[05/14 05:36:49] [GradMonitor step=750] near-input: bn0: mean=2.12e-07 std=4.82e-04 pos=0.50 | enc_conv1: mean=2.91e-13 std=3.17e-04 pos=0.51
[05/14 05:36:49] [GradMonitor step=750] deep/task: enc_layer4: mean=6.06e-06 std=4.66e-05 | PAM: mean=6.69e-05 std=5.17e-04 | CIAM: mean=6.07e-06 std=4.66e-05
[05/14 05:36:49] [GradMonitor step=750] param-grad: weight_base: mean=7.90e-09 std=1.34e-06 | weight_base_open: mean=9.58e-05 std=1.23e-03 | enc_conv1_weight: mean=2.44e-02 std=8.09e-02
[05/14 05:36:49] [GradMonitor step=755] near-input: bn0: mean=3.95e-07 std=7.63e-04 pos=0.50 | enc_conv1: mean=2.91e-13 std=5.04e-04 pos=0.54
[05/14 05:36:49] [GradMonitor step=755] deep/task: enc_layer4: mean=6.49e-06 std=5.64e-05 | PAM: mean=7.16e-05 std=6.28e-04 | CIAM: mean=6.50e-06 std=5.64e-05
[05/14 05:36:49] [GradMonitor step=755] param-grad: weight_base: mean=-1.98e-08 std=1.30e-06 | weight_base_open: mean=-1.20e-04 std=1.26e-03 | enc_conv1_weight: mean=-5.44e-03 std=7.47e-02
[05/14 05:36:50] [GradMonitor step=760] near-input: bn0: mean=1.33e-07 std=3.94e-04 pos=0.50 | enc_conv1: mean=-1.96e-13 std=2.56e-04 pos=0.49
[05/14 05:36:50] [GradMonitor step=760] deep/task: enc_layer4: mean=3.59e-06 std=4.58e-05 | PAM: mean=3.99e-05 std=5.09e-04 | CIAM: mean=3.60e-06 std=4.58e-05
[05/14 05:36:50] [GradMonitor step=760] param-grad: weight_base: mean=1.32e-08 std=1.27e-06 | weight_base_open: mean=-2.34e-05 std=1.28e-03 | enc_conv1_weight: mean=2.87e-04 std=4.60e-02
[05/14 05:36:50] [GradMonitor step=765] near-input: bn0: mean=-2.01e-07 std=4.68e-04 pos=0.50 | enc_conv1: mean=2.36e-13 std=3.11e-04 pos=0.51
[05/14 05:36:50] [GradMonitor step=765] deep/task: enc_layer4: mean=7.50e-06 std=5.64e-05 | PAM: mean=8.23e-05 std=6.23e-04 | CIAM: mean=7.51e-06 std=5.64e-05
[05/14 05:36:50] [GradMonitor step=765] param-grad: weight_base: mean=4.11e-09 std=5.24e-07 | weight_base_open: mean=-2.10e-05 std=1.02e-03 | enc_conv1_weight: mean=-4.58e-03 std=7.28e-02
[05/14 05:36:50] [GradMonitor step=770] near-input: bn0: mean=-8.89e-08 std=3.41e-04 pos=0.50 | enc_conv1: mean=2.73e-14 std=2.23e-04 pos=0.53
[05/14 05:36:50] [GradMonitor step=770] deep/task: enc_layer4: mean=7.12e-06 std=3.99e-05 | PAM: mean=7.87e-05 std=4.45e-04 | CIAM: mean=7.13e-06 std=3.99e-05
[05/14 05:36:50] [GradMonitor step=770] param-grad: weight_base: mean=-6.09e-09 std=8.26e-07 | weight_base_open: mean=7.52e-05 std=1.02e-03 | enc_conv1_weight: mean=-1.40e-02 std=5.80e-02
[05/14 05:36:51] [GradMonitor step=775] near-input: bn0: mean=5.42e-07 std=5.72e-04 pos=0.50 | enc_conv1: mean=4.55e-15 std=3.70e-04 pos=0.45
[05/14 05:36:51] [GradMonitor step=775] deep/task: enc_layer4: mean=8.12e-06 std=5.20e-05 | PAM: mean=8.89e-05 std=5.76e-04 | CIAM: mean=8.14e-06 std=5.20e-05
[05/14 05:36:51] [GradMonitor step=775] param-grad: weight_base: mean=-2.66e-08 std=9.23e-07 | weight_base_open: mean=2.04e-04 std=1.60e-03 | enc_conv1_weight: mean=1.61e-03 std=7.69e-02
[05/14 05:36:51] [GradMonitor step=780] near-input: bn0: mean=-4.71e-07 std=5.58e-04 pos=0.50 | enc_conv1: mean=9.09e-14 std=3.69e-04 pos=0.57
[05/14 05:36:51] [GradMonitor step=780] deep/task: enc_layer4: mean=1.47e-06 std=4.83e-05 | PAM: mean=1.67e-05 std=5.33e-04 | CIAM: mean=1.48e-06 std=4.83e-05
[05/14 05:36:51] [GradMonitor step=780] param-grad: weight_base: mean=-2.60e-08 std=9.12e-07 | weight_base_open: mean=1.26e-04 std=1.09e-03 | enc_conv1_weight: mean=-5.84e-03 std=6.35e-02
[05/14 05:36:51] [GradMonitor step=785] near-input: bn0: mean=4.24e-07 std=5.82e-04 pos=0.50 | enc_conv1: mean=-1.82e-14 std=3.84e-04 pos=0.57
[05/14 05:36:51] [GradMonitor step=785] deep/task: enc_layer4: mean=6.36e-06 std=5.88e-05 | PAM: mean=7.07e-05 std=6.55e-04 | CIAM: mean=6.37e-06 std=5.88e-05
[05/14 05:36:51] [GradMonitor step=785] param-grad: weight_base: mean=-6.24e-09 std=6.84e-07 | weight_base_open: mean=-7.97e-05 std=9.68e-04 | enc_conv1_weight: mean=1.70e-03 std=5.71e-02
[05/14 05:36:52] [GradMonitor step=790] near-input: bn0: mean=-8.74e-09 std=5.05e-04 pos=0.50 | enc_conv1: mean=1.09e-13 std=3.27e-04 pos=0.42
[05/14 05:36:52] [GradMonitor step=790] deep/task: enc_layer4: mean=7.06e-06 std=4.54e-05 | PAM: mean=7.84e-05 std=5.05e-04 | CIAM: mean=7.08e-06 std=4.54e-05
[05/14 05:36:52] [GradMonitor step=790] param-grad: weight_base: mean=-3.04e-08 std=1.22e-06 | weight_base_open: mean=5.45e-05 std=1.12e-03 | enc_conv1_weight: mean=1.09e-02 std=6.24e-02
[05/14 05:36:52] [GradMonitor step=795] near-input: bn0: mean=6.40e-08 std=4.15e-04 pos=0.50 | enc_conv1: mean=-8.19e-14 std=2.71e-04 pos=0.44
[05/14 05:36:52] [GradMonitor step=795] deep/task: enc_layer4: mean=1.06e-05 std=3.86e-05 | PAM: mean=1.17e-04 std=4.26e-04 | CIAM: mean=1.06e-05 std=3.86e-05
[05/14 05:36:52] [GradMonitor step=795] param-grad: weight_base: mean=1.08e-08 std=2.82e-07 | weight_base_open: mean=6.72e-06 std=1.10e-03 | enc_conv1_weight: mean=-1.49e-02 std=5.88e-02
[05/14 05:36:52] [GradMonitor step=800] near-input: bn0: mean=-5.42e-07 std=6.48e-04 pos=0.50 | enc_conv1: mean=4.77e-14 std=4.27e-04 pos=0.45
[05/14 05:36:52] [GradMonitor step=800] deep/task: enc_layer4: mean=9.33e-06 std=6.50e-05 | PAM: mean=1.06e-04 std=7.24e-04 | CIAM: mean=9.35e-06 std=6.50e-05
[05/14 05:36:52] [GradMonitor step=800] param-grad: weight_base: mean=-1.77e-09 std=4.57e-07 | weight_base_open: mean=-1.13e-04 std=9.35e-04 | enc_conv1_weight: mean=1.12e-02 std=5.17e-02
[05/14 05:36:52] 
[05/14 05:36:52] epoch 2/20, iter 800:
[05/14 05:36:52] train_loss: 1.76613
[05/14 05:36:52] train_acc: 0.716
[05/14 05:36:52] train_auroc: 0.688
[05/14 05:36:59] Summary name val_6-way-5-shot_tpr@tnr95 is illegal; using val_6-way-5-shot_tpr_tnr95 instead.
[05/14 05:36:59] val_6-way-5-shot_acc: 56.050	0.762
[05/14 05:36:59] val_6-way-5-shot_auroc: 48.039	2.041
[05/14 05:36:59] val_6-way-5-shot_fscore: 20.715	0.252
[05/14 05:36:59] val_6-way-5-shot_tpr@tnr95: 4.275	1.257
[05/14 05:36:59] val_6-way-5-shot_osr: 48.938	0.639
[05/14 05:36:59] BEST ACC!
[05/14 05:36:59] [GradMonitor step=805] near-input: bn0: mean=-2.69e-07 std=3.13e-04 pos=0.50 | enc_conv1: mean=5.00e-14 std=2.04e-04 pos=0.54
[05/14 05:36:59] [GradMonitor step=805] deep/task: enc_layer4: mean=7.07e-06 std=4.04e-05 | PAM: mean=7.79e-05 std=4.48e-04 | CIAM: mean=7.09e-06 std=4.04e-05
[05/14 05:36:59] [GradMonitor step=805] param-grad: weight_base: mean=-3.12e-09 std=7.42e-07 | weight_base_open: mean=-1.62e-05 std=1.31e-03 | enc_conv1_weight: mean=-1.05e-02 std=4.11e-02
[05/14 05:37:00] [GradMonitor step=810] near-input: bn0: mean=-2.05e-08 std=3.41e-04 pos=0.50 | enc_conv1: mean=-1.09e-13 std=2.24e-04 pos=0.50
[05/14 05:37:00] [GradMonitor step=810] deep/task: enc_layer4: mean=4.94e-06 std=3.86e-05 | PAM: mean=5.39e-05 std=4.25e-04 | CIAM: mean=4.95e-06 std=3.86e-05
[05/14 05:37:00] [GradMonitor step=810] param-grad: weight_base: mean=4.67e-08 std=1.14e-06 | weight_base_open: mean=1.44e-04 std=1.75e-03 | enc_conv1_weight: mean=-5.28e-04 std=4.65e-02
[05/14 05:37:00] [GradMonitor step=815] near-input: bn0: mean=1.24e-07 std=4.05e-04 pos=0.50 | enc_conv1: mean=-7.50e-14 std=2.64e-04 pos=0.51
[05/14 05:37:00] [GradMonitor step=815] deep/task: enc_layer4: mean=1.07e-05 std=4.55e-05 | PAM: mean=1.18e-04 std=5.04e-04 | CIAM: mean=1.07e-05 std=4.55e-05
[05/14 05:37:00] [GradMonitor step=815] param-grad: weight_base: mean=2.52e-08 std=5.63e-07 | weight_base_open: mean=7.71e-05 std=1.14e-03 | enc_conv1_weight: mean=4.07e-03 std=4.42e-02
[05/14 05:37:00] [GradMonitor step=820] near-input: bn0: mean=1.16e-07 std=4.58e-04 pos=0.50 | enc_conv1: mean=7.50e-14 std=3.03e-04 pos=0.49
[05/14 05:37:00] [GradMonitor step=820] deep/task: enc_layer4: mean=1.07e-05 std=5.41e-05 | PAM: mean=1.17e-04 std=6.05e-04 | CIAM: mean=1.07e-05 std=5.41e-05
[05/14 05:37:00] [GradMonitor step=820] param-grad: weight_base: mean=1.13e-08 std=4.69e-07 | weight_base_open: mean=7.12e-05 std=9.67e-04 | enc_conv1_weight: mean=-5.69e-03 std=4.85e-02
[05/14 05:37:01] [GradMonitor step=825] near-input: bn0: mean=7.00e-07 std=9.17e-04 pos=0.50 | enc_conv1: mean=-4.55e-14 std=5.94e-04 pos=0.56
[05/14 05:37:01] [GradMonitor step=825] deep/task: enc_layer4: mean=1.03e-05 std=7.53e-05 | PAM: mean=1.14e-04 std=8.36e-04 | CIAM: mean=1.04e-05 std=7.53e-05
[05/14 05:37:01] [GradMonitor step=825] param-grad: weight_base: mean=2.04e-09 std=3.93e-07 | weight_base_open: mean=-6.95e-05 std=1.63e-03 | enc_conv1_weight: mean=1.72e-02 std=7.39e-02
[05/14 05:37:01] [GradMonitor step=830] near-input: bn0: mean=-6.19e-07 std=5.14e-04 pos=0.50 | enc_conv1: mean=1.27e-13 std=3.36e-04 pos=0.52
[05/14 05:37:01] [GradMonitor step=830] deep/task: enc_layer4: mean=8.10e-06 std=5.00e-05 | PAM: mean=8.99e-05 std=5.60e-04 | CIAM: mean=8.12e-06 std=5.00e-05
[05/14 05:37:01] [GradMonitor step=830] param-grad: weight_base: mean=-2.84e-09 std=6.71e-07 | weight_base_open: mean=-3.67e-05 std=9.28e-04 | enc_conv1_weight: mean=8.90e-03 std=9.34e-02
[05/14 05:37:01] [GradMonitor step=835] near-input: bn0: mean=-8.12e-08 std=3.64e-04 pos=0.50 | enc_conv1: mean=-8.19e-14 std=2.35e-04 pos=0.48
[05/14 05:37:01] [GradMonitor step=835] deep/task: enc_layer4: mean=9.97e-06 std=4.43e-05 | PAM: mean=1.10e-04 std=4.96e-04 | CIAM: mean=9.99e-06 std=4.43e-05
[05/14 05:37:01] [GradMonitor step=835] param-grad: weight_base: mean=-1.69e-08 std=7.14e-07 | weight_base_open: mean=3.80e-05 std=1.30e-03 | enc_conv1_weight: mean=6.10e-03 std=4.73e-02
[05/14 05:37:02] [GradMonitor step=840] near-input: bn0: mean=-7.05e-07 std=7.71e-04 pos=0.50 | enc_conv1: mean=1.55e-13 std=4.89e-04 pos=0.54
[05/14 05:37:02] [GradMonitor step=840] deep/task: enc_layer4: mean=8.89e-06 std=5.97e-05 | PAM: mean=9.88e-05 std=6.66e-04 | CIAM: mean=8.91e-06 std=5.97e-05
[05/14 05:37:02] [GradMonitor step=840] param-grad: weight_base: mean=8.82e-09 std=6.90e-07 | weight_base_open: mean=-1.10e-04 std=1.30e-03 | enc_conv1_weight: mean=1.47e-02 std=8.00e-02
[05/14 05:37:02] [GradMonitor step=845] near-input: bn0: mean=-3.65e-08 std=3.71e-04 pos=0.50 | enc_conv1: mean=-1.14e-14 std=2.38e-04 pos=0.51
[05/14 05:37:02] [GradMonitor step=845] deep/task: enc_layer4: mean=7.94e-06 std=3.90e-05 | PAM: mean=8.82e-05 std=4.33e-04 | CIAM: mean=7.96e-06 std=3.90e-05
[05/14 05:37:02] [GradMonitor step=845] param-grad: weight_base: mean=1.09e-08 std=7.55e-07 | weight_base_open: mean=-9.74e-05 std=1.25e-03 | enc_conv1_weight: mean=-9.88e-03 std=5.77e-02
[05/14 05:37:02] [GradMonitor step=850] near-input: bn0: mean=5.34e-08 std=6.06e-04 pos=0.50 | enc_conv1: mean=9.55e-14 std=4.00e-04 pos=0.52
[05/14 05:37:02] [GradMonitor step=850] deep/task: enc_layer4: mean=9.77e-06 std=5.61e-05 | PAM: mean=1.07e-04 std=6.23e-04 | CIAM: mean=9.80e-06 std=5.61e-05
[05/14 05:37:02] [GradMonitor step=850] param-grad: weight_base: mean=-2.47e-08 std=1.19e-06 | weight_base_open: mean=-3.59e-05 std=1.15e-03 | enc_conv1_weight: mean=-1.51e-02 std=5.64e-02
[05/14 05:37:03] [GradMonitor step=855] near-input: bn0: mean=2.71e-07 std=4.87e-04 pos=0.50 | enc_conv1: mean=1.14e-13 std=3.14e-04 pos=0.53
[05/14 05:37:03] [GradMonitor step=855] deep/task: enc_layer4: mean=5.61e-06 std=5.10e-05 | PAM: mean=6.25e-05 std=5.67e-04 | CIAM: mean=5.62e-06 std=5.10e-05
[05/14 05:37:03] [GradMonitor step=855] param-grad: weight_base: mean=2.84e-09 std=7.12e-07 | weight_base_open: mean=-1.53e-05 std=1.10e-03 | enc_conv1_weight: mean=-9.30e-03 std=7.01e-02
[05/14 05:37:03] [GradMonitor step=860] near-input: bn0: mean=-2.97e-08 std=2.76e-04 pos=0.50 | enc_conv1: mean=5.00e-14 std=1.79e-04 pos=0.54
[05/14 05:37:03] [GradMonitor step=860] deep/task: enc_layer4: mean=8.54e-06 std=4.14e-05 | PAM: mean=9.47e-05 std=4.62e-04 | CIAM: mean=8.56e-06 std=4.15e-05
[05/14 05:37:03] [GradMonitor step=860] param-grad: weight_base: mean=-1.18e-09 std=6.82e-07 | weight_base_open: mean=5.98e-05 std=1.19e-03 | enc_conv1_weight: mean=-1.04e-02 std=6.93e-02
[05/14 05:37:03] [GradMonitor step=865] near-input: bn0: mean=-1.26e-07 std=5.51e-04 pos=0.50 | enc_conv1: mean=-8.19e-14 std=3.56e-04 pos=0.55
[05/14 05:37:03] [GradMonitor step=865] deep/task: enc_layer4: mean=6.63e-06 std=5.14e-05 | PAM: mean=7.30e-05 std=5.70e-04 | CIAM: mean=6.65e-06 std=5.14e-05
[05/14 05:37:03] [GradMonitor step=865] param-grad: weight_base: mean=1.04e-08 std=5.39e-07 | weight_base_open: mean=-8.02e-06 std=1.21e-03 | enc_conv1_weight: mean=1.18e-02 std=9.47e-02
[05/14 05:37:04] [GradMonitor step=870] near-input: bn0: mean=3.21e-07 std=4.64e-04 pos=0.50 | enc_conv1: mean=-1.36e-13 std=2.99e-04 pos=0.48
[05/14 05:37:04] [GradMonitor step=870] deep/task: enc_layer4: mean=8.65e-06 std=4.68e-05 | PAM: mean=9.57e-05 std=5.21e-04 | CIAM: mean=8.67e-06 std=4.68e-05
[05/14 05:37:04] [GradMonitor step=870] param-grad: weight_base: mean=1.77e-08 std=7.49e-07 | weight_base_open: mean=9.50e-05 std=1.13e-03 | enc_conv1_weight: mean=-1.10e-02 std=5.78e-02
[05/14 05:37:04] [GradMonitor step=875] near-input: bn0: mean=-7.17e-07 std=7.05e-04 pos=0.50 | enc_conv1: mean=-1.82e-14 std=4.63e-04 pos=0.48
[05/14 05:37:04] [GradMonitor step=875] deep/task: enc_layer4: mean=1.08e-05 std=6.48e-05 | PAM: mean=1.21e-04 std=7.21e-04 | CIAM: mean=1.09e-05 std=6.48e-05
[05/14 05:37:04] [GradMonitor step=875] param-grad: weight_base: mean=2.65e-08 std=7.45e-07 | weight_base_open: mean=-9.90e-05 std=1.50e-03 | enc_conv1_weight: mean=3.76e-03 std=5.47e-02
[05/14 05:37:05] [GradMonitor step=880] near-input: bn0: mean=5.91e-07 std=7.42e-04 pos=0.50 | enc_conv1: mean=-2.41e-13 std=4.86e-04 pos=0.49
[05/14 05:37:05] [GradMonitor step=880] deep/task: enc_layer4: mean=7.84e-06 std=7.25e-05 | PAM: mean=8.74e-05 std=8.03e-04 | CIAM: mean=7.86e-06 std=7.25e-05
[05/14 05:37:05] [GradMonitor step=880] param-grad: weight_base: mean=-1.18e-08 std=1.16e-06 | weight_base_open: mean=1.05e-06 std=1.07e-03 | enc_conv1_weight: mean=-9.06e-03 std=6.82e-02
[05/14 05:37:05] [GradMonitor step=885] near-input: bn0: mean=4.15e-08 std=4.46e-04 pos=0.50 | enc_conv1: mean=-9.09e-14 std=2.89e-04 pos=0.43
[05/14 05:37:05] [GradMonitor step=885] deep/task: enc_layer4: mean=1.12e-05 std=4.55e-05 | PAM: mean=1.25e-04 std=5.07e-04 | CIAM: mean=1.12e-05 std=4.55e-05
[05/14 05:37:05] [GradMonitor step=885] param-grad: weight_base: mean=-2.79e-09 std=1.09e-06 | weight_base_open: mean=4.89e-05 std=1.53e-03 | enc_conv1_weight: mean=2.62e-03 std=4.95e-02
[05/14 05:37:05] [GradMonitor step=890] near-input: bn0: mean=8.26e-08 std=3.84e-04 pos=0.50 | enc_conv1: mean=-3.18e-14 std=2.55e-04 pos=0.47
[05/14 05:37:05] [GradMonitor step=890] deep/task: enc_layer4: mean=9.34e-06 std=4.61e-05 | PAM: mean=1.03e-04 std=5.12e-04 | CIAM: mean=9.37e-06 std=4.61e-05
[05/14 05:37:05] [GradMonitor step=890] param-grad: weight_base: mean=1.97e-08 std=5.84e-07 | weight_base_open: mean=1.27e-04 std=1.42e-03 | enc_conv1_weight: mean=6.46e-03 std=5.17e-02
[05/14 05:37:06] [GradMonitor step=895] near-input: bn0: mean=2.14e-08 std=4.25e-04 pos=0.50 | enc_conv1: mean=-1.36e-14 std=2.78e-04 pos=0.41
[05/14 05:37:06] [GradMonitor step=895] deep/task: enc_layer4: mean=8.65e-06 std=4.55e-05 | PAM: mean=9.61e-05 std=5.05e-04 | CIAM: mean=8.68e-06 std=4.56e-05
[05/14 05:37:06] [GradMonitor step=895] param-grad: weight_base: mean=1.76e-08 std=3.71e-07 | weight_base_open: mean=6.54e-05 std=8.93e-04 | enc_conv1_weight: mean=1.33e-02 std=6.39e-02
[05/14 05:37:06] [GradMonitor step=900] near-input: bn0: mean=1.13e-07 std=4.05e-04 pos=0.50 | enc_conv1: mean=-1.46e-13 std=2.57e-04 pos=0.47
[05/14 05:37:06] [GradMonitor step=900] deep/task: enc_layer4: mean=6.24e-06 std=4.45e-05 | PAM: mean=6.85e-05 std=4.94e-04 | CIAM: mean=6.26e-06 std=4.45e-05
[05/14 05:37:06] [GradMonitor step=900] param-grad: weight_base: mean=1.12e-08 std=5.21e-07 | weight_base_open: mean=4.30e-05 std=1.22e-03 | enc_conv1_weight: mean=-1.69e-02 std=5.28e-02
[05/14 05:37:06] [GradMonitor step=905] near-input: bn0: mean=1.74e-07 std=3.62e-04 pos=0.50 | enc_conv1: mean=1.86e-13 std=2.40e-04 pos=0.50
[05/14 05:37:06] [GradMonitor step=905] deep/task: enc_layer4: mean=3.62e-06 std=4.78e-05 | PAM: mean=3.97e-05 std=5.32e-04 | CIAM: mean=3.63e-06 std=4.78e-05
[05/14 05:37:06] [GradMonitor step=905] param-grad: weight_base: mean=1.00e-09 std=7.77e-07 | weight_base_open: mean=5.18e-05 std=9.88e-04 | enc_conv1_weight: mean=7.94e-03 std=6.51e-02
[05/14 05:37:07] [GradMonitor step=910] near-input: bn0: mean=6.16e-07 std=3.68e-04 pos=0.50 | enc_conv1: mean=-4.55e-14 std=2.41e-04 pos=0.52
[05/14 05:37:07] [GradMonitor step=910] deep/task: enc_layer4: mean=4.06e-06 std=4.47e-05 | PAM: mean=4.44e-05 std=4.98e-04 | CIAM: mean=4.07e-06 std=4.47e-05
[05/14 05:37:07] [GradMonitor step=910] param-grad: weight_base: mean=3.88e-09 std=7.98e-07 | weight_base_open: mean=2.23e-05 std=1.10e-03 | enc_conv1_weight: mean=-2.21e-02 std=6.85e-02
[05/14 05:37:07] [GradMonitor step=915] near-input: bn0: mean=-3.11e-07 std=6.89e-04 pos=0.50 | enc_conv1: mean=-2.09e-13 std=4.52e-04 pos=0.45
[05/14 05:37:07] [GradMonitor step=915] deep/task: enc_layer4: mean=8.71e-06 std=6.57e-05 | PAM: mean=9.62e-05 std=7.28e-04 | CIAM: mean=8.74e-06 std=6.57e-05
[05/14 05:37:07] [GradMonitor step=915] param-grad: weight_base: mean=-9.79e-09 std=4.83e-07 | weight_base_open: mean=3.28e-06 std=9.10e-04 | enc_conv1_weight: mean=-3.26e-03 std=5.84e-02
[05/14 05:37:08] [GradMonitor step=920] near-input: bn0: mean=-3.56e-07 std=6.27e-04 pos=0.50 | enc_conv1: mean=4.09e-14 std=4.12e-04 pos=0.55
[05/14 05:37:08] [GradMonitor step=920] deep/task: enc_layer4: mean=1.24e-05 std=5.34e-05 | PAM: mean=1.36e-04 std=5.92e-04 | CIAM: mean=1.24e-05 std=5.34e-05
[05/14 05:37:08] [GradMonitor step=920] param-grad: weight_base: mean=3.36e-09 std=9.40e-07 | weight_base_open: mean=1.19e-05 std=1.10e-03 | enc_conv1_weight: mean=9.87e-03 std=5.20e-02
[05/14 05:37:08] [GradMonitor step=925] near-input: bn0: mean=-2.21e-07 std=5.81e-04 pos=0.50 | enc_conv1: mean=7.28e-14 std=3.77e-04 pos=0.50
[05/14 05:37:08] [GradMonitor step=925] deep/task: enc_layer4: mean=1.18e-05 std=4.82e-05 | PAM: mean=1.30e-04 std=5.33e-04 | CIAM: mean=1.18e-05 std=4.82e-05
[05/14 05:37:08] [GradMonitor step=925] param-grad: weight_base: mean=1.50e-08 std=1.06e-06 | weight_base_open: mean=5.50e-05 std=9.84e-04 | enc_conv1_weight: mean=-2.84e-03 std=4.02e-02
[05/14 05:37:08] [GradMonitor step=930] near-input: bn0: mean=-2.19e-07 std=5.61e-04 pos=0.50 | enc_conv1: mean=1.18e-13 std=3.60e-04 pos=0.46
[05/14 05:37:08] [GradMonitor step=930] deep/task: enc_layer4: mean=8.20e-06 std=5.40e-05 | PAM: mean=9.05e-05 std=5.98e-04 | CIAM: mean=8.23e-06 std=5.40e-05
[05/14 05:37:08] [GradMonitor step=930] param-grad: weight_base: mean=-3.01e-09 std=7.41e-07 | weight_base_open: mean=7.80e-06 std=1.23e-03 | enc_conv1_weight: mean=-1.29e-02 std=6.07e-02
[05/14 05:37:09] [GradMonitor step=935] near-input: bn0: mean=-4.06e-08 std=3.46e-04 pos=0.50 | enc_conv1: mean=-9.09e-15 std=2.22e-04 pos=0.52
[05/14 05:37:09] [GradMonitor step=935] deep/task: enc_layer4: mean=1.03e-05 std=3.42e-05 | PAM: mean=1.13e-04 std=3.77e-04 | CIAM: mean=1.04e-05 std=3.42e-05
[05/14 05:37:09] [GradMonitor step=935] param-grad: weight_base: mean=1.25e-08 std=4.79e-07 | weight_base_open: mean=-6.03e-05 std=1.11e-03 | enc_conv1_weight: mean=4.15e-03 std=4.13e-02
[05/14 05:37:09] [GradMonitor step=940] near-input: bn0: mean=-5.56e-07 std=4.98e-04 pos=0.50 | enc_conv1: mean=-2.36e-13 std=3.22e-04 pos=0.52
[05/14 05:37:09] [GradMonitor step=940] deep/task: enc_layer4: mean=8.29e-06 std=4.91e-05 | PAM: mean=9.10e-05 std=5.45e-04 | CIAM: mean=8.32e-06 std=4.91e-05
[05/14 05:37:09] [GradMonitor step=940] param-grad: weight_base: mean=6.45e-09 std=6.72e-07 | weight_base_open: mean=-1.67e-05 std=1.32e-03 | enc_conv1_weight: mean=-1.10e-02 std=6.87e-02
[05/14 05:37:09] [GradMonitor step=945] near-input: bn0: mean=4.03e-07 std=3.96e-04 pos=0.50 | enc_conv1: mean=1.09e-13 std=2.56e-04 pos=0.47
[05/14 05:37:09] [GradMonitor step=945] deep/task: enc_layer4: mean=9.41e-06 std=4.31e-05 | PAM: mean=1.02e-04 std=4.78e-04 | CIAM: mean=9.43e-06 std=4.31e-05
[05/14 05:37:09] [GradMonitor step=945] param-grad: weight_base: mean=2.09e-08 std=7.92e-07 | weight_base_open: mean=1.30e-05 std=1.17e-03 | enc_conv1_weight: mean=2.95e-02 std=6.38e-02
[05/14 05:37:10] [GradMonitor step=950] near-input: bn0: mean=-3.19e-07 std=3.79e-04 pos=0.50 | enc_conv1: mean=-9.09e-15 std=2.45e-04 pos=0.51
[05/14 05:37:10] [GradMonitor step=950] deep/task: enc_layer4: mean=3.81e-06 std=4.19e-05 | PAM: mean=4.25e-05 std=4.64e-04 | CIAM: mean=3.82e-06 std=4.19e-05
[05/14 05:37:10] [GradMonitor step=950] param-grad: weight_base: mean=-2.67e-09 std=6.27e-07 | weight_base_open: mean=-8.44e-06 std=1.26e-03 | enc_conv1_weight: mean=8.50e-03 std=5.87e-02
[05/14 05:37:10] [GradMonitor step=955] near-input: bn0: mean=2.48e-08 std=5.45e-04 pos=0.50 | enc_conv1: mean=2.18e-13 std=3.47e-04 pos=0.49
[05/14 05:37:10] [GradMonitor step=955] deep/task: enc_layer4: mean=5.91e-06 std=4.44e-05 | PAM: mean=6.52e-05 std=4.92e-04 | CIAM: mean=5.93e-06 std=4.44e-05
[05/14 05:37:10] [GradMonitor step=955] param-grad: weight_base: mean=-2.06e-08 std=1.09e-06 | weight_base_open: mean=2.79e-05 std=1.23e-03 | enc_conv1_weight: mean=1.10e-02 std=6.99e-02
[05/14 05:37:10] [GradMonitor step=960] near-input: bn0: mean=1.18e-07 std=6.71e-04 pos=0.50 | enc_conv1: mean=1.00e-13 std=4.31e-04 pos=0.55
[05/14 05:37:10] [GradMonitor step=960] deep/task: enc_layer4: mean=1.45e-05 std=4.64e-05 | PAM: mean=1.59e-04 std=5.14e-04 | CIAM: mean=1.45e-05 std=4.65e-05
[05/14 05:37:10] [GradMonitor step=960] param-grad: weight_base: mean=6.10e-09 std=8.79e-07 | weight_base_open: mean=8.00e-05 std=1.07e-03 | enc_conv1_weight: mean=-7.93e-03 std=5.96e-02
[05/14 05:37:11] [GradMonitor step=965] near-input: bn0: mean=3.73e-07 std=4.77e-04 pos=0.50 | enc_conv1: mean=-1.05e-13 std=3.15e-04 pos=0.49
[05/14 05:37:11] [GradMonitor step=965] deep/task: enc_layer4: mean=9.88e-06 std=4.59e-05 | PAM: mean=1.09e-04 std=5.09e-04 | CIAM: mean=9.91e-06 std=4.59e-05
[05/14 05:37:11] [GradMonitor step=965] param-grad: weight_base: mean=2.17e-08 std=4.61e-07 | weight_base_open: mean=7.74e-05 std=1.05e-03 | enc_conv1_weight: mean=-3.77e-03 std=4.78e-02
[05/14 05:37:11] [GradMonitor step=970] near-input: bn0: mean=-2.76e-07 std=4.24e-04 pos=0.50 | enc_conv1: mean=9.09e-15 std=2.71e-04 pos=0.50
[05/14 05:37:11] [GradMonitor step=970] deep/task: enc_layer4: mean=9.82e-06 std=3.73e-05 | PAM: mean=1.08e-04 std=4.13e-04 | CIAM: mean=9.85e-06 std=3.73e-05
[05/14 05:37:11] [GradMonitor step=970] param-grad: weight_base: mean=-8.24e-09 std=3.90e-07 | weight_base_open: mean=3.58e-05 std=1.10e-03 | enc_conv1_weight: mean=-3.22e-03 std=4.09e-02
[05/14 05:37:12] [GradMonitor step=975] near-input: bn0: mean=3.65e-07 std=4.67e-04 pos=0.50 | enc_conv1: mean=-5.68e-15 std=3.12e-04 pos=0.42
[05/14 05:37:12] [GradMonitor step=975] deep/task: enc_layer4: mean=1.02e-05 std=5.20e-05 | PAM: mean=1.13e-04 std=5.78e-04 | CIAM: mean=1.03e-05 std=5.20e-05
[05/14 05:37:12] [GradMonitor step=975] param-grad: weight_base: mean=3.40e-10 std=5.71e-07 | weight_base_open: mean=-6.92e-05 std=1.04e-03 | enc_conv1_weight: mean=9.59e-03 std=6.60e-02
[05/14 05:37:12] [GradMonitor step=980] near-input: bn0: mean=2.79e-07 std=3.53e-04 pos=0.50 | enc_conv1: mean=-2.05e-13 std=2.26e-04 pos=0.47
[05/14 05:37:12] [GradMonitor step=980] deep/task: enc_layer4: mean=7.58e-06 std=3.90e-05 | PAM: mean=8.36e-05 std=4.34e-04 | CIAM: mean=7.60e-06 std=3.90e-05
[05/14 05:37:12] [GradMonitor step=980] param-grad: weight_base: mean=-4.65e-09 std=9.78e-07 | weight_base_open: mean=1.09e-05 std=1.29e-03 | enc_conv1_weight: mean=-8.28e-03 std=4.77e-02
[05/14 05:37:12] [GradMonitor step=985] near-input: bn0: mean=-1.23e-07 std=3.48e-04 pos=0.50 | enc_conv1: mean=-7.73e-14 std=2.23e-04 pos=0.44
[05/14 05:37:12] [GradMonitor step=985] deep/task: enc_layer4: mean=1.06e-05 std=3.58e-05 | PAM: mean=1.16e-04 std=3.96e-04 | CIAM: mean=1.06e-05 std=3.58e-05
[05/14 05:37:12] [GradMonitor step=985] param-grad: weight_base: mean=4.64e-08 std=1.12e-06 | weight_base_open: mean=5.11e-06 std=1.27e-03 | enc_conv1_weight: mean=-3.32e-03 std=6.28e-02
[05/14 05:37:13] [GradMonitor step=990] near-input: bn0: mean=-6.01e-08 std=3.70e-04 pos=0.50 | enc_conv1: mean=-2.73e-14 std=2.36e-04 pos=0.47
[05/14 05:37:13] [GradMonitor step=990] deep/task: enc_layer4: mean=1.31e-05 std=4.11e-05 | PAM: mean=1.43e-04 std=4.58e-04 | CIAM: mean=1.32e-05 std=4.11e-05
[05/14 05:37:13] [GradMonitor step=990] param-grad: weight_base: mean=2.66e-08 std=9.62e-07 | weight_base_open: mean=-4.26e-05 std=1.14e-03 | enc_conv1_weight: mean=8.92e-03 std=5.02e-02
[05/14 05:37:13] [GradMonitor step=995] near-input: bn0: mean=-8.14e-07 std=6.54e-04 pos=0.50 | enc_conv1: mean=2.91e-13 std=4.20e-04 pos=0.45
[05/14 05:37:13] [GradMonitor step=995] deep/task: enc_layer4: mean=1.18e-05 std=5.02e-05 | PAM: mean=1.30e-04 std=5.56e-04 | CIAM: mean=1.18e-05 std=5.02e-05
[05/14 05:37:13] [GradMonitor step=995] param-grad: weight_base: mean=1.83e-08 std=9.37e-07 | weight_base_open: mean=1.05e-04 std=9.20e-04 | enc_conv1_weight: mean=-8.68e-03 std=4.61e-02
[05/14 05:37:13] [GradMonitor step=1000] near-input: bn0: mean=-1.78e-07 std=4.94e-04 pos=0.50 | enc_conv1: mean=2.05e-14 std=3.22e-04 pos=0.57
[05/14 05:37:13] [GradMonitor step=1000] deep/task: enc_layer4: mean=1.00e-05 std=4.59e-05 | PAM: mean=1.10e-04 std=5.11e-04 | CIAM: mean=1.01e-05 std=4.59e-05
[05/14 05:37:13] [GradMonitor step=1000] param-grad: weight_base: mean=-2.82e-08 std=7.89e-07 | weight_base_open: mean=-3.97e-05 std=1.25e-03 | enc_conv1_weight: mean=5.97e-03 std=4.87e-02
[05/14 05:37:14] [GradMonitor step=1005] near-input: bn0: mean=-1.83e-07 std=4.89e-04 pos=0.50 | enc_conv1: mean=9.09e-14 std=3.12e-04 pos=0.52
[05/14 05:37:14] [GradMonitor step=1005] deep/task: enc_layer4: mean=6.33e-06 std=4.53e-05 | PAM: mean=6.99e-05 std=5.06e-04 | CIAM: mean=6.36e-06 std=4.53e-05
[05/14 05:37:14] [GradMonitor step=1005] param-grad: weight_base: mean=-1.46e-08 std=3.18e-07 | weight_base_open: mean=-3.21e-05 std=8.82e-04 | enc_conv1_weight: mean=6.55e-03 std=6.73e-02
[05/14 05:37:14] [GradMonitor step=1010] near-input: bn0: mean=-1.85e-07 std=5.56e-04 pos=0.50 | enc_conv1: mean=-8.64e-14 std=3.58e-04 pos=0.51
[05/14 05:37:14] [GradMonitor step=1010] deep/task: enc_layer4: mean=8.42e-06 std=5.27e-05 | PAM: mean=9.23e-05 std=5.81e-04 | CIAM: mean=8.44e-06 std=5.27e-05
[05/14 05:37:14] [GradMonitor step=1010] param-grad: weight_base: mean=3.19e-09 std=3.16e-07 | weight_base_open: mean=2.19e-05 std=8.45e-04 | enc_conv1_weight: mean=-1.42e-03 std=5.28e-02
[05/14 05:37:15] [GradMonitor step=1015] near-input: bn0: mean=-1.81e-07 std=3.77e-04 pos=0.50 | enc_conv1: mean=-5.91e-14 std=2.46e-04 pos=0.57
[05/14 05:37:15] [GradMonitor step=1015] deep/task: enc_layer4: mean=3.97e-06 std=4.59e-05 | PAM: mean=4.50e-05 std=5.10e-04 | CIAM: mean=3.98e-06 std=4.59e-05
[05/14 05:37:15] [GradMonitor step=1015] param-grad: weight_base: mean=-3.23e-08 std=5.07e-07 | weight_base_open: mean=-4.66e-07 std=1.04e-03 | enc_conv1_weight: mean=-4.40e-03 std=6.71e-02
[05/14 05:37:15] [GradMonitor step=1020] near-input: bn0: mean=-1.50e-07 std=3.86e-04 pos=0.50 | enc_conv1: mean=9.44e-14 std=2.47e-04 pos=0.51
[05/14 05:37:15] [GradMonitor step=1020] deep/task: enc_layer4: mean=1.21e-05 std=4.17e-05 | PAM: mean=1.33e-04 std=4.64e-04 | CIAM: mean=1.21e-05 std=4.17e-05
[05/14 05:37:15] [GradMonitor step=1020] param-grad: weight_base: mean=-1.77e-08 std=1.30e-06 | weight_base_open: mean=9.15e-05 std=1.15e-03 | enc_conv1_weight: mean=-3.99e-03 std=5.17e-02
[05/14 05:37:15] [GradMonitor step=1025] near-input: bn0: mean=-6.06e-07 std=4.07e-04 pos=0.50 | enc_conv1: mean=5.91e-14 std=2.59e-04 pos=0.48
[05/14 05:37:15] [GradMonitor step=1025] deep/task: enc_layer4: mean=9.09e-06 std=4.13e-05 | PAM: mean=1.00e-04 std=4.59e-04 | CIAM: mean=9.12e-06 std=4.13e-05
[05/14 05:37:15] [GradMonitor step=1025] param-grad: weight_base: mean=4.39e-08 std=7.70e-07 | weight_base_open: mean=2.91e-05 std=1.11e-03 | enc_conv1_weight: mean=3.12e-03 std=5.43e-02
[05/14 05:37:16] [GradMonitor step=1030] near-input: bn0: mean=-4.51e-07 std=4.18e-04 pos=0.50 | enc_conv1: mean=-8.19e-14 std=2.69e-04 pos=0.47
[05/14 05:37:16] [GradMonitor step=1030] deep/task: enc_layer4: mean=9.58e-06 std=4.36e-05 | PAM: mean=1.06e-04 std=4.83e-04 | CIAM: mean=9.60e-06 std=4.36e-05
[05/14 05:37:16] [GradMonitor step=1030] param-grad: weight_base: mean=-5.92e-09 std=3.92e-07 | weight_base_open: mean=-8.06e-05 std=9.08e-04 | enc_conv1_weight: mean=9.83e-03 std=6.78e-02
[05/14 05:37:16] [GradMonitor step=1035] near-input: bn0: mean=-3.15e-08 std=6.73e-04 pos=0.50 | enc_conv1: mean=-9.09e-15 std=4.30e-04 pos=0.57
[05/14 05:37:16] [GradMonitor step=1035] deep/task: enc_layer4: mean=9.97e-06 std=5.47e-05 | PAM: mean=1.10e-04 std=6.07e-04 | CIAM: mean=1.00e-05 std=5.47e-05
[05/14 05:37:16] [GradMonitor step=1035] param-grad: weight_base: mean=-2.84e-08 std=9.10e-07 | weight_base_open: mean=-4.70e-05 std=1.15e-03 | enc_conv1_weight: mean=-7.73e-03 std=7.42e-02
[05/14 05:37:16] [GradMonitor step=1040] near-input: bn0: mean=-6.55e-08 std=4.21e-04 pos=0.50 | enc_conv1: mean=2.27e-14 std=2.71e-04 pos=0.46
[05/14 05:37:16] [GradMonitor step=1040] deep/task: enc_layer4: mean=6.70e-06 std=4.72e-05 | PAM: mean=7.38e-05 std=5.25e-04 | CIAM: mean=6.72e-06 std=4.72e-05
[05/14 05:37:16] [GradMonitor step=1040] param-grad: weight_base: mean=-1.53e-08 std=6.94e-07 | weight_base_open: mean=-1.39e-04 std=9.81e-04 | enc_conv1_weight: mean=1.56e-02 std=5.47e-02
[05/14 05:37:17] [GradMonitor step=1045] near-input: bn0: mean=3.73e-08 std=5.10e-04 pos=0.50 | enc_conv1: mean=-1.05e-13 std=3.29e-04 pos=0.54
[05/14 05:37:17] [GradMonitor step=1045] deep/task: enc_layer4: mean=9.02e-06 std=4.86e-05 | PAM: mean=9.93e-05 std=5.42e-04 | CIAM: mean=9.04e-06 std=4.86e-05
[05/14 05:37:17] [GradMonitor step=1045] param-grad: weight_base: mean=-3.48e-08 std=8.25e-07 | weight_base_open: mean=-1.04e-04 std=1.06e-03 | enc_conv1_weight: mean=1.16e-02 std=5.86e-02
[05/14 05:37:17] [GradMonitor step=1050] near-input: bn0: mean=5.61e-07 std=6.46e-04 pos=0.50 | enc_conv1: mean=4.55e-14 std=4.11e-04 pos=0.49
[05/14 05:37:17] [GradMonitor step=1050] deep/task: enc_layer4: mean=3.89e-06 std=6.29e-05 | PAM: mean=4.19e-05 std=7.00e-04 | CIAM: mean=3.90e-06 std=6.29e-05
[05/14 05:37:17] [GradMonitor step=1050] param-grad: weight_base: mean=3.19e-09 std=4.00e-07 | weight_base_open: mean=-7.55e-05 std=1.06e-03 | enc_conv1_weight: mean=-8.02e-03 std=6.36e-02
[05/14 05:37:17] [GradMonitor step=1055] near-input: bn0: mean=-2.99e-07 std=4.97e-04 pos=0.50 | enc_conv1: mean=-1.32e-13 std=3.17e-04 pos=0.54
[05/14 05:37:17] [GradMonitor step=1055] deep/task: enc_layer4: mean=6.46e-06 std=5.36e-05 | PAM: mean=6.97e-05 std=5.91e-04 | CIAM: mean=6.47e-06 std=5.36e-05
[05/14 05:37:17] [GradMonitor step=1055] param-grad: weight_base: mean=-3.55e-09 std=9.45e-07 | weight_base_open: mean=8.51e-05 std=1.51e-03 | enc_conv1_weight: mean=-7.15e-03 std=5.56e-02
[05/14 05:37:18] [GradMonitor step=1060] near-input: bn0: mean=-2.37e-07 std=4.14e-04 pos=0.50 | enc_conv1: mean=-6.59e-14 std=2.63e-04 pos=0.56
[05/14 05:37:18] [GradMonitor step=1060] deep/task: enc_layer4: mean=8.48e-06 std=4.18e-05 | PAM: mean=9.28e-05 std=4.61e-04 | CIAM: mean=8.51e-06 std=4.18e-05
[05/14 05:37:18] [GradMonitor step=1060] param-grad: weight_base: mean=-2.02e-08 std=8.37e-07 | weight_base_open: mean=5.88e-05 std=1.11e-03 | enc_conv1_weight: mean=1.75e-02 std=6.43e-02
[05/14 05:37:18] [GradMonitor step=1065] near-input: bn0: mean=3.71e-07 std=2.84e-04 pos=0.50 | enc_conv1: mean=1.27e-13 std=1.81e-04 pos=0.45
[05/14 05:37:18] [GradMonitor step=1065] deep/task: enc_layer4: mean=8.25e-06 std=3.41e-05 | PAM: mean=9.08e-05 std=3.78e-04 | CIAM: mean=8.27e-06 std=3.41e-05
[05/14 05:37:18] [GradMonitor step=1065] param-grad: weight_base: mean=1.89e-08 std=7.52e-07 | weight_base_open: mean=5.95e-05 std=1.33e-03 | enc_conv1_weight: mean=3.62e-03 std=5.07e-02
[05/14 05:37:19] [GradMonitor step=1070] near-input: bn0: mean=-6.84e-08 std=6.69e-04 pos=0.50 | enc_conv1: mean=1.09e-13 std=4.25e-04 pos=0.59
[05/14 05:37:19] [GradMonitor step=1070] deep/task: enc_layer4: mean=7.66e-06 std=4.62e-05 | PAM: mean=8.33e-05 std=5.08e-04 | CIAM: mean=7.69e-06 std=4.62e-05
[05/14 05:37:19] [GradMonitor step=1070] param-grad: weight_base: mean=5.42e-08 std=1.03e-06 | weight_base_open: mean=-9.22e-05 std=1.18e-03 | enc_conv1_weight: mean=-2.77e-03 std=4.88e-02
[05/14 05:37:19] [GradMonitor step=1075] near-input: bn0: mean=1.37e-07 std=5.62e-04 pos=0.50 | enc_conv1: mean=1.05e-13 std=3.64e-04 pos=0.56
[05/14 05:37:19] [GradMonitor step=1075] deep/task: enc_layer4: mean=1.04e-05 std=5.75e-05 | PAM: mean=1.14e-04 std=6.38e-04 | CIAM: mean=1.04e-05 std=5.75e-05
[05/14 05:37:19] [GradMonitor step=1075] param-grad: weight_base: mean=1.07e-08 std=5.68e-07 | weight_base_open: mean=-8.64e-05 std=1.04e-03 | enc_conv1_weight: mean=1.01e-02 std=5.79e-02
[05/14 05:37:19] [GradMonitor step=1080] near-input: bn0: mean=-2.31e-08 std=6.78e-04 pos=0.50 | enc_conv1: mean=7.73e-14 std=4.34e-04 pos=0.53
[05/14 05:37:19] [GradMonitor step=1080] deep/task: enc_layer4: mean=7.32e-06 std=5.69e-05 | PAM: mean=8.07e-05 std=6.32e-04 | CIAM: mean=7.34e-06 std=5.69e-05
[05/14 05:37:19] [GradMonitor step=1080] param-grad: weight_base: mean=-4.40e-08 std=9.09e-07 | weight_base_open: mean=-8.75e-05 std=1.12e-03 | enc_conv1_weight: mean=8.63e-03 std=6.60e-02
[05/14 05:37:20] [GradMonitor step=1085] near-input: bn0: mean=-9.07e-08 std=4.84e-04 pos=0.50 | enc_conv1: mean=1.41e-13 std=3.11e-04 pos=0.54
[05/14 05:37:20] [GradMonitor step=1085] deep/task: enc_layer4: mean=1.34e-05 std=3.95e-05 | PAM: mean=1.48e-04 std=4.38e-04 | CIAM: mean=1.35e-05 std=3.95e-05
[05/14 05:37:20] [GradMonitor step=1085] param-grad: weight_base: mean=-8.53e-09 std=5.53e-07 | weight_base_open: mean=1.46e-04 std=1.20e-03 | enc_conv1_weight: mean=-8.68e-04 std=4.03e-02
[05/14 05:37:20] [GradMonitor step=1090] near-input: bn0: mean=7.03e-08 std=4.60e-04 pos=0.50 | enc_conv1: mean=1.64e-13 std=2.94e-04 pos=0.43
[05/14 05:37:20] [GradMonitor step=1090] deep/task: enc_layer4: mean=1.51e-05 std=4.13e-05 | PAM: mean=1.66e-04 std=4.58e-04 | CIAM: mean=1.51e-05 std=4.13e-05
[05/14 05:37:20] [GradMonitor step=1090] param-grad: weight_base: mean=2.54e-08 std=8.18e-07 | weight_base_open: mean=1.45e-04 std=1.18e-03 | enc_conv1_weight: mean=-6.27e-03 std=6.34e-02
[05/14 05:37:20] [GradMonitor step=1095] near-input: bn0: mean=-3.01e-07 std=5.87e-04 pos=0.50 | enc_conv1: mean=-9.09e-14 std=3.83e-04 pos=0.53
[05/14 05:37:20] [GradMonitor step=1095] deep/task: enc_layer4: mean=5.75e-06 std=5.48e-05 | PAM: mean=6.28e-05 std=6.09e-04 | CIAM: mean=5.77e-06 std=5.48e-05
[05/14 05:37:20] [GradMonitor step=1095] param-grad: weight_base: mean=2.65e-08 std=1.03e-06 | weight_base_open: mean=-1.37e-04 std=1.34e-03 | enc_conv1_weight: mean=-5.88e-03 std=5.33e-02
[05/14 05:37:21] [GradMonitor step=1100] near-input: bn0: mean=6.68e-07 std=5.52e-04 pos=0.50 | enc_conv1: mean=1.50e-13 std=3.56e-04 pos=0.57
[05/14 05:37:21] [GradMonitor step=1100] deep/task: enc_layer4: mean=1.06e-05 std=5.18e-05 | PAM: mean=1.17e-04 std=5.75e-04 | CIAM: mean=1.07e-05 std=5.18e-05
[05/14 05:37:21] [GradMonitor step=1100] param-grad: weight_base: mean=3.10e-08 std=5.21e-07 | weight_base_open: mean=1.06e-04 std=1.31e-03 | enc_conv1_weight: mean=-2.20e-02 std=6.61e-02
[05/14 05:37:21] [GradMonitor step=1105] near-input: bn0: mean=1.00e-07 std=4.49e-04 pos=0.50 | enc_conv1: mean=4.55e-14 std=2.87e-04 pos=0.52
[05/14 05:37:21] [GradMonitor step=1105] deep/task: enc_layer4: mean=9.31e-06 std=4.63e-05 | PAM: mean=1.03e-04 std=5.15e-04 | CIAM: mean=9.34e-06 std=4.63e-05
[05/14 05:37:21] [GradMonitor step=1105] param-grad: weight_base: mean=-6.53e-09 std=1.51e-06 | weight_base_open: mean=5.53e-05 std=1.48e-03 | enc_conv1_weight: mean=-9.59e-04 std=5.62e-02
[05/14 05:37:21] [GradMonitor step=1110] near-input: bn0: mean=1.26e-07 std=6.15e-04 pos=0.50 | enc_conv1: mean=1.36e-13 std=3.99e-04 pos=0.44
[05/14 05:37:21] [GradMonitor step=1110] deep/task: enc_layer4: mean=6.53e-06 std=5.69e-05 | PAM: mean=7.15e-05 std=6.33e-04 | CIAM: mean=6.55e-06 std=5.69e-05
[05/14 05:37:21] [GradMonitor step=1110] param-grad: weight_base: mean=-1.59e-09 std=1.73e-07 | weight_base_open: mean=3.54e-05 std=9.22e-04 | enc_conv1_weight: mean=1.59e-02 std=6.83e-02
[05/14 05:37:22] [GradMonitor step=1115] near-input: bn0: mean=-3.35e-07 std=5.56e-04 pos=0.50 | enc_conv1: mean=-2.43e-13 std=3.62e-04 pos=0.55
[05/14 05:37:22] [GradMonitor step=1115] deep/task: enc_layer4: mean=1.06e-05 std=4.80e-05 | PAM: mean=1.17e-04 std=5.35e-04 | CIAM: mean=1.07e-05 std=4.80e-05
[05/14 05:37:22] [GradMonitor step=1115] param-grad: weight_base: mean=-5.92e-09 std=6.03e-07 | weight_base_open: mean=6.14e-05 std=8.55e-04 | enc_conv1_weight: mean=-1.14e-02 std=8.50e-02
[05/14 05:37:22] [GradMonitor step=1120] near-input: bn0: mean=-1.97e-07 std=5.69e-04 pos=0.50 | enc_conv1: mean=1.36e-14 std=3.69e-04 pos=0.48
[05/14 05:37:22] [GradMonitor step=1120] deep/task: enc_layer4: mean=7.60e-06 std=4.93e-05 | PAM: mean=8.34e-05 std=5.48e-04 | CIAM: mean=7.62e-06 std=4.93e-05
[05/14 05:37:22] [GradMonitor step=1120] param-grad: weight_base: mean=-2.80e-09 std=8.15e-07 | weight_base_open: mean=-3.04e-05 std=1.14e-03 | enc_conv1_weight: mean=1.76e-02 std=6.12e-02
[05/14 05:37:23] [GradMonitor step=1125] near-input: bn0: mean=-6.78e-08 std=5.18e-04 pos=0.50 | enc_conv1: mean=-4.32e-14 std=3.35e-04 pos=0.47
[05/14 05:37:23] [GradMonitor step=1125] deep/task: enc_layer4: mean=8.52e-06 std=5.04e-05 | PAM: mean=9.43e-05 std=5.63e-04 | CIAM: mean=8.55e-06 std=5.04e-05
[05/14 05:37:23] [GradMonitor step=1125] param-grad: weight_base: mean=1.64e-09 std=8.47e-07 | weight_base_open: mean=-1.80e-05 std=1.23e-03 | enc_conv1_weight: mean=-2.12e-02 std=6.47e-02
[05/14 05:37:23] [GradMonitor step=1130] near-input: bn0: mean=-6.99e-08 std=5.12e-04 pos=0.50 | enc_conv1: mean=7.05e-14 std=3.30e-04 pos=0.54
[05/14 05:37:23] [GradMonitor step=1130] deep/task: enc_layer4: mean=7.03e-06 std=4.91e-05 | PAM: mean=7.66e-05 std=5.43e-04 | CIAM: mean=7.06e-06 std=4.91e-05
[05/14 05:37:23] [GradMonitor step=1130] param-grad: weight_base: mean=-3.89e-08 std=6.58e-07 | weight_base_open: mean=6.53e-05 std=1.03e-03 | enc_conv1_weight: mean=-6.37e-03 std=5.45e-02
[05/14 05:37:23] [GradMonitor step=1135] near-input: bn0: mean=2.33e-07 std=5.78e-04 pos=0.50 | enc_conv1: mean=-1.64e-13 std=3.80e-04 pos=0.38
[05/14 05:37:23] [GradMonitor step=1135] deep/task: enc_layer4: mean=1.12e-05 std=6.05e-05 | PAM: mean=1.24e-04 std=6.76e-04 | CIAM: mean=1.12e-05 std=6.05e-05
[05/14 05:37:23] [GradMonitor step=1135] param-grad: weight_base: mean=-4.24e-09 std=4.22e-07 | weight_base_open: mean=-4.10e-05 std=1.05e-03 | enc_conv1_weight: mean=4.14e-03 std=7.36e-02
[05/14 05:37:24] [GradMonitor step=1140] near-input: bn0: mean=-4.80e-07 std=5.35e-04 pos=0.50 | enc_conv1: mean=-1.68e-13 std=3.34e-04 pos=0.45
[05/14 05:37:24] [GradMonitor step=1140] deep/task: enc_layer4: mean=9.59e-06 std=4.27e-05 | PAM: mean=1.05e-04 std=4.70e-04 | CIAM: mean=9.62e-06 std=4.28e-05
[05/14 05:37:24] [GradMonitor step=1140] param-grad: weight_base: mean=1.38e-08 std=4.41e-07 | weight_base_open: mean=1.59e-05 std=1.33e-03 | enc_conv1_weight: mean=6.50e-04 std=5.99e-02
[05/14 05:37:24] [GradMonitor step=1145] near-input: bn0: mean=2.32e-07 std=3.85e-04 pos=0.50 | enc_conv1: mean=-5.00e-14 std=2.49e-04 pos=0.52
[05/14 05:37:24] [GradMonitor step=1145] deep/task: enc_layer4: mean=6.39e-06 std=4.19e-05 | PAM: mean=7.08e-05 std=4.63e-04 | CIAM: mean=6.42e-06 std=4.19e-05
[05/14 05:37:24] [GradMonitor step=1145] param-grad: weight_base: mean=-2.51e-08 std=5.65e-07 | weight_base_open: mean=-8.84e-06 std=9.44e-04 | enc_conv1_weight: mean=-1.40e-02 std=7.10e-02
[05/14 05:37:24] [GradMonitor step=1150] near-input: bn0: mean=4.15e-07 std=4.76e-04 pos=0.50 | enc_conv1: mean=-1.41e-13 std=3.05e-04 pos=0.46
[05/14 05:37:24] [GradMonitor step=1150] deep/task: enc_layer4: mean=6.14e-06 std=4.34e-05 | PAM: mean=6.78e-05 std=4.79e-04 | CIAM: mean=6.16e-06 std=4.34e-05
[05/14 05:37:24] [GradMonitor step=1150] param-grad: weight_base: mean=-1.63e-08 std=7.13e-07 | weight_base_open: mean=6.21e-05 std=9.22e-04 | enc_conv1_weight: mean=1.98e-02 std=7.91e-02
[05/14 05:37:25] [GradMonitor step=1155] near-input: bn0: mean=-2.70e-07 std=7.67e-04 pos=0.50 | enc_conv1: mean=2.00e-13 std=4.89e-04 pos=0.54
[05/14 05:37:25] [GradMonitor step=1155] deep/task: enc_layer4: mean=8.89e-06 std=5.05e-05 | PAM: mean=9.79e-05 std=5.60e-04 | CIAM: mean=8.92e-06 std=5.05e-05
[05/14 05:37:25] [GradMonitor step=1155] param-grad: weight_base: mean=-2.72e-08 std=5.17e-07 | weight_base_open: mean=1.38e-05 std=1.18e-03 | enc_conv1_weight: mean=-6.44e-03 std=8.53e-02
[05/14 05:37:25] [GradMonitor step=1160] near-input: bn0: mean=2.85e-07 std=4.15e-04 pos=0.50 | enc_conv1: mean=1.25e-13 std=2.63e-04 pos=0.52
[05/14 05:37:25] [GradMonitor step=1160] deep/task: enc_layer4: mean=4.41e-06 std=4.44e-05 | PAM: mean=4.88e-05 std=4.91e-04 | CIAM: mean=4.43e-06 std=4.44e-05
[05/14 05:37:25] [GradMonitor step=1160] param-grad: weight_base: mean=8.14e-09 std=8.93e-07 | weight_base_open: mean=-8.11e-06 std=9.91e-04 | enc_conv1_weight: mean=1.97e-03 std=5.91e-02
[05/14 05:37:26] [GradMonitor step=1165] near-input: bn0: mean=-3.73e-07 std=4.38e-04 pos=0.50 | enc_conv1: mean=-4.55e-15 std=2.86e-04 pos=0.48
[05/14 05:37:26] [GradMonitor step=1165] deep/task: enc_layer4: mean=6.96e-06 std=5.19e-05 | PAM: mean=7.62e-05 std=5.73e-04 | CIAM: mean=6.99e-06 std=5.19e-05
[05/14 05:37:26] [GradMonitor step=1165] param-grad: weight_base: mean=-2.09e-08 std=6.82e-07 | weight_base_open: mean=4.52e-06 std=7.37e-04 | enc_conv1_weight: mean=-1.19e-02 std=7.55e-02
[05/14 05:37:26] [GradMonitor step=1170] near-input: bn0: mean=1.59e-08 std=3.49e-04 pos=0.50 | enc_conv1: mean=-6.37e-14 std=2.22e-04 pos=0.48
[05/14 05:37:26] [GradMonitor step=1170] deep/task: enc_layer4: mean=7.58e-06 std=3.60e-05 | PAM: mean=8.39e-05 std=4.00e-04 | CIAM: mean=7.61e-06 std=3.60e-05
[05/14 05:37:26] [GradMonitor step=1170] param-grad: weight_base: mean=-1.94e-08 std=3.99e-07 | weight_base_open: mean=-7.10e-05 std=8.54e-04 | enc_conv1_weight: mean=-1.00e-02 std=6.90e-02
[05/14 05:37:26] [GradMonitor step=1175] near-input: bn0: mean=2.70e-07 std=6.43e-04 pos=0.50 | enc_conv1: mean=-3.87e-14 std=4.04e-04 pos=0.45
[05/14 05:37:26] [GradMonitor step=1175] deep/task: enc_layer4: mean=9.35e-06 std=5.05e-05 | PAM: mean=1.02e-04 std=5.57e-04 | CIAM: mean=9.39e-06 std=5.05e-05
[05/14 05:37:26] [GradMonitor step=1175] param-grad: weight_base: mean=3.41e-08 std=8.74e-07 | weight_base_open: mean=-1.41e-04 std=1.31e-03 | enc_conv1_weight: mean=3.96e-03 std=8.10e-02
[05/14 05:37:27] [GradMonitor step=1180] near-input: bn0: mean=-3.30e-07 std=6.38e-04 pos=0.50 | enc_conv1: mean=-1.86e-13 std=4.09e-04 pos=0.50
[05/14 05:37:27] [GradMonitor step=1180] deep/task: enc_layer4: mean=3.02e-06 std=4.71e-05 | PAM: mean=3.37e-05 std=5.18e-04 | CIAM: mean=3.03e-06 std=4.71e-05
[05/14 05:37:27] [GradMonitor step=1180] param-grad: weight_base: mean=-9.00e-09 std=6.70e-07 | weight_base_open: mean=2.95e-05 std=1.05e-03 | enc_conv1_weight: mean=-9.12e-03 std=6.56e-02
[05/14 05:37:27] [GradMonitor step=1185] near-input: bn0: mean=1.22e-07 std=4.79e-04 pos=0.50 | enc_conv1: mean=-5.46e-14 std=3.06e-04 pos=0.54
[05/14 05:37:27] [GradMonitor step=1185] deep/task: enc_layer4: mean=7.18e-06 std=4.89e-05 | PAM: mean=7.96e-05 std=5.42e-04 | CIAM: mean=7.21e-06 std=4.89e-05
[05/14 05:37:27] [GradMonitor step=1185] param-grad: weight_base: mean=-1.21e-08 std=8.10e-07 | weight_base_open: mean=1.94e-05 std=9.32e-04 | enc_conv1_weight: mean=-7.61e-03 std=6.44e-02
[05/14 05:37:27] [GradMonitor step=1190] near-input: bn0: mean=-7.01e-08 std=4.88e-04 pos=0.50 | enc_conv1: mean=-1.82e-13 std=3.07e-04 pos=0.44
[05/14 05:37:27] [GradMonitor step=1190] deep/task: enc_layer4: mean=7.24e-06 std=4.19e-05 | PAM: mean=8.04e-05 std=4.66e-04 | CIAM: mean=7.27e-06 std=4.19e-05
[05/14 05:37:27] [GradMonitor step=1190] param-grad: weight_base: mean=9.78e-09 std=8.00e-07 | weight_base_open: mean=-2.03e-05 std=1.14e-03 | enc_conv1_weight: mean=1.68e-02 std=6.64e-02
[05/14 05:37:28] [GradMonitor step=1195] near-input: bn0: mean=8.74e-08 std=3.71e-04 pos=0.50 | enc_conv1: mean=1.32e-13 std=2.37e-04 pos=0.39
[05/14 05:37:28] [GradMonitor step=1195] deep/task: enc_layer4: mean=9.91e-06 std=3.34e-05 | PAM: mean=1.08e-04 std=3.68e-04 | CIAM: mean=9.94e-06 std=3.34e-05
[05/14 05:37:28] [GradMonitor step=1195] param-grad: weight_base: mean=4.04e-09 std=6.19e-07 | weight_base_open: mean=-1.12e-04 std=1.08e-03 | enc_conv1_weight: mean=-1.35e-02 std=6.28e-02
[05/14 05:37:28] [GradMonitor step=1200] near-input: bn0: mean=2.20e-09 std=6.74e-04 pos=0.50 | enc_conv1: mean=5.68e-14 std=4.33e-04 pos=0.52
[05/14 05:37:28] [GradMonitor step=1200] deep/task: enc_layer4: mean=9.70e-06 std=6.20e-05 | PAM: mean=1.10e-04 std=6.86e-04 | CIAM: mean=9.73e-06 std=6.20e-05
[05/14 05:37:28] [GradMonitor step=1200] param-grad: weight_base: mean=2.54e-11 std=6.29e-07 | weight_base_open: mean=-1.01e-06 std=9.04e-04 | enc_conv1_weight: mean=6.62e-03 std=5.60e-02
[05/14 05:37:28] 
[05/14 05:37:28] epoch 3/20, iter 1200:
[05/14 05:37:28] train_loss: 1.64888
[05/14 05:37:28] train_acc: 0.763
[05/14 05:37:28] train_auroc: 0.717
[05/14 05:37:34] Summary name val_6-way-5-shot_tpr@tnr95 is illegal; using val_6-way-5-shot_tpr_tnr95 instead.
[05/14 05:37:34] val_6-way-5-shot_acc: 57.200	0.779
[05/14 05:37:34] val_6-way-5-shot_auroc: 50.446	1.972
[05/14 05:37:34] val_6-way-5-shot_fscore: 20.715	0.242
[05/14 05:37:34] val_6-way-5-shot_tpr@tnr95: 4.788	1.461
[05/14 05:37:34] val_6-way-5-shot_osr: 49.104	0.735
[05/14 05:37:34] BEST ACC!
[05/14 05:37:34] BEST Auroc!
[05/14 05:37:35] [GradMonitor step=1205] near-input: bn0: mean=-2.30e-07 std=2.92e-04 pos=0.50 | enc_conv1: mean=-1.02e-13 std=1.87e-04 pos=0.56
[05/14 05:37:35] [GradMonitor step=1205] deep/task: enc_layer4: mean=8.49e-06 std=3.74e-05 | PAM: mean=9.34e-05 std=4.13e-04 | CIAM: mean=8.52e-06 std=3.74e-05
[05/14 05:37:35] [GradMonitor step=1205] param-grad: weight_base: mean=-4.77e-08 std=9.83e-07 | weight_base_open: mean=-2.99e-05 std=1.47e-03 | enc_conv1_weight: mean=-1.70e-02 std=4.60e-02
[05/14 05:37:35] [GradMonitor step=1210] near-input: bn0: mean=-2.58e-07 std=2.79e-04 pos=0.50 | enc_conv1: mean=-1.48e-13 std=1.80e-04 pos=0.46
[05/14 05:37:35] [GradMonitor step=1210] deep/task: enc_layer4: mean=5.97e-06 std=3.37e-05 | PAM: mean=6.50e-05 std=3.70e-04 | CIAM: mean=5.99e-06 std=3.37e-05
[05/14 05:37:35] [GradMonitor step=1210] param-grad: weight_base: mean=4.05e-08 std=1.30e-06 | weight_base_open: mean=-5.55e-06 std=1.48e-03 | enc_conv1_weight: mean=-1.54e-03 std=5.45e-02
[05/14 05:37:35] [GradMonitor step=1215] near-input: bn0: mean=3.80e-07 std=4.39e-04 pos=0.50 | enc_conv1: mean=-4.55e-14 std=2.78e-04 pos=0.53
[05/14 05:37:35] [GradMonitor step=1215] deep/task: enc_layer4: mean=1.11e-05 std=4.29e-05 | PAM: mean=1.22e-04 std=4.72e-04 | CIAM: mean=1.11e-05 std=4.29e-05
[05/14 05:37:35] [GradMonitor step=1215] param-grad: weight_base: mean=1.19e-08 std=5.99e-07 | weight_base_open: mean=9.32e-05 std=9.84e-04 | enc_conv1_weight: mean=-2.30e-03 std=5.34e-02
[05/14 05:37:36] [GradMonitor step=1220] near-input: bn0: mean=3.05e-07 std=5.00e-04 pos=0.50 | enc_conv1: mean=1.57e-13 std=3.21e-04 pos=0.48
[05/14 05:37:36] [GradMonitor step=1220] deep/task: enc_layer4: mean=1.12e-05 std=5.21e-05 | PAM: mean=1.23e-04 std=5.81e-04 | CIAM: mean=1.12e-05 std=5.21e-05
[05/14 05:37:36] [GradMonitor step=1220] param-grad: weight_base: mean=1.13e-08 std=9.70e-07 | weight_base_open: mean=8.43e-05 std=1.04e-03 | enc_conv1_weight: mean=-1.17e-02 std=5.10e-02
[05/14 05:37:36] [GradMonitor step=1225] near-input: bn0: mean=2.37e-07 std=9.10e-04 pos=0.50 | enc_conv1: mean=-1.59e-13 std=5.75e-04 pos=0.50
[05/14 05:37:36] [GradMonitor step=1225] deep/task: enc_layer4: mean=1.28e-05 std=6.61e-05 | PAM: mean=1.40e-04 std=7.31e-04 | CIAM: mean=1.28e-05 std=6.60e-05
[05/14 05:37:36] [GradMonitor step=1225] param-grad: weight_base: mean=1.74e-08 std=6.82e-07 | weight_base_open: mean=-3.44e-05 std=1.02e-03 | enc_conv1_weight: mean=1.37e-02 std=5.96e-02
[05/14 05:37:37] [GradMonitor step=1230] near-input: bn0: mean=-5.40e-07 std=4.43e-04 pos=0.50 | enc_conv1: mean=-9.09e-15 std=2.81e-04 pos=0.49
[05/14 05:37:37] [GradMonitor step=1230] deep/task: enc_layer4: mean=8.04e-06 std=4.23e-05 | PAM: mean=8.89e-05 std=4.71e-04 | CIAM: mean=8.07e-06 std=4.23e-05
[05/14 05:37:37] [GradMonitor step=1230] param-grad: weight_base: mean=-4.98e-10 std=4.85e-07 | weight_base_open: mean=3.81e-05 std=7.40e-04 | enc_conv1_weight: mean=5.07e-03 std=8.67e-02
[05/14 05:37:37] [GradMonitor step=1235] near-input: bn0: mean=-9.14e-08 std=3.95e-04 pos=0.50 | enc_conv1: mean=-1.36e-14 std=2.50e-04 pos=0.49
[05/14 05:37:37] [GradMonitor step=1235] deep/task: enc_layer4: mean=1.08e-05 std=4.35e-05 | PAM: mean=1.19e-04 std=4.85e-04 | CIAM: mean=1.08e-05 std=4.35e-05
[05/14 05:37:37] [GradMonitor step=1235] param-grad: weight_base: mean=2.15e-08 std=6.02e-07 | weight_base_open: mean=-2.76e-05 std=1.12e-03 | enc_conv1_weight: mean=7.81e-03 std=5.28e-02
[05/14 05:37:37] [GradMonitor step=1240] near-input: bn0: mean=-1.15e-07 std=6.27e-04 pos=0.50 | enc_conv1: mean=-7.28e-14 std=3.91e-04 pos=0.56
[05/14 05:37:37] [GradMonitor step=1240] deep/task: enc_layer4: mean=9.84e-06 std=5.04e-05 | PAM: mean=1.09e-04 std=5.59e-04 | CIAM: mean=9.88e-06 std=5.04e-05
[05/14 05:37:37] [GradMonitor step=1240] param-grad: weight_base: mean=6.95e-10 std=6.66e-07 | weight_base_open: mean=1.05e-05 std=9.46e-04 | enc_conv1_weight: mean=1.06e-02 std=9.52e-02
[05/14 05:37:38] [GradMonitor step=1245] near-input: bn0: mean=-2.95e-10 std=3.77e-04 pos=0.50 | enc_conv1: mean=-2.96e-14 std=2.36e-04 pos=0.52
[05/14 05:37:38] [GradMonitor step=1245] deep/task: enc_layer4: mean=9.12e-06 std=3.46e-05 | PAM: mean=1.01e-04 std=3.83e-04 | CIAM: mean=9.15e-06 std=3.46e-05
[05/14 05:37:38] [GradMonitor step=1245] param-grad: weight_base: mean=3.28e-08 std=1.53e-06 | weight_base_open: mean=-5.98e-05 std=1.32e-03 | enc_conv1_weight: mean=-1.37e-02 std=6.45e-02
[05/14 05:37:38] [GradMonitor step=1250] near-input: bn0: mean=2.95e-08 std=5.88e-04 pos=0.50 | enc_conv1: mean=1.82e-14 std=3.76e-04 pos=0.51
[05/14 05:37:38] [GradMonitor step=1250] deep/task: enc_layer4: mean=1.01e-05 std=4.90e-05 | PAM: mean=1.11e-04 std=5.42e-04 | CIAM: mean=1.01e-05 std=4.90e-05
[05/14 05:37:38] [GradMonitor step=1250] param-grad: weight_base: mean=4.28e-08 std=9.47e-07 | weight_base_open: mean=-1.00e-04 std=1.09e-03 | enc_conv1_weight: mean=-7.84e-03 std=5.18e-02
[05/14 05:37:38] [GradMonitor step=1255] near-input: bn0: mean=1.79e-07 std=4.89e-04 pos=0.50 | enc_conv1: mean=3.00e-13 std=3.07e-04 pos=0.50
[05/14 05:37:38] [GradMonitor step=1255] deep/task: enc_layer4: mean=6.81e-06 std=4.74e-05 | PAM: mean=7.56e-05 std=5.26e-04 | CIAM: mean=6.84e-06 std=4.74e-05
[05/14 05:37:38] [GradMonitor step=1255] param-grad: weight_base: mean=-8.19e-09 std=3.10e-07 | weight_base_open: mean=-3.66e-05 std=9.65e-04 | enc_conv1_weight: mean=-3.48e-03 std=7.58e-02
[05/14 05:37:39] [GradMonitor step=1260] near-input: bn0: mean=-1.65e-07 std=3.44e-04 pos=0.50 | enc_conv1: mean=-1.50e-13 std=2.16e-04 pos=0.52
[05/14 05:37:39] [GradMonitor step=1260] deep/task: enc_layer4: mean=9.23e-06 std=4.07e-05 | PAM: mean=1.02e-04 std=4.52e-04 | CIAM: mean=9.27e-06 std=4.08e-05
[05/14 05:37:39] [GradMonitor step=1260] param-grad: weight_base: mean=-6.35e-09 std=6.16e-07 | weight_base_open: mean=-1.39e-04 std=1.20e-03 | enc_conv1_weight: mean=-1.14e-02 std=6.98e-02
[05/14 05:37:40] [GradMonitor step=1265] near-input: bn0: mean=-3.48e-07 std=5.53e-04 pos=0.50 | enc_conv1: mean=-1.09e-13 std=3.47e-04 pos=0.53
[05/14 05:37:40] [GradMonitor step=1265] deep/task: enc_layer4: mean=6.65e-06 std=4.84e-05 | PAM: mean=7.31e-05 std=5.34e-04 | CIAM: mean=6.68e-06 std=4.84e-05
[05/14 05:37:40] [GradMonitor step=1265] param-grad: weight_base: mean=-1.38e-08 std=8.34e-07 | weight_base_open: mean=7.44e-05 std=1.10e-03 | enc_conv1_weight: mean=3.80e-03 std=8.58e-02
[05/14 05:37:40] [GradMonitor step=1270] near-input: bn0: mean=8.95e-07 std=5.57e-04 pos=0.50 | enc_conv1: mean=1.66e-13 std=3.49e-04 pos=0.48
[05/14 05:37:40] [GradMonitor step=1270] deep/task: enc_layer4: mean=1.08e-05 std=4.78e-05 | PAM: mean=1.20e-04 std=5.30e-04 | CIAM: mean=1.09e-05 std=4.78e-05
[05/14 05:37:40] [GradMonitor step=1270] param-grad: weight_base: mean=-8.53e-09 std=8.58e-07 | weight_base_open: mean=-8.16e-05 std=1.28e-03 | enc_conv1_weight: mean=-2.19e-02 std=5.96e-02
[05/14 05:37:40] [GradMonitor step=1275] near-input: bn0: mean=-4.44e-07 std=8.20e-04 pos=0.50 | enc_conv1: mean=2.09e-13 std=5.26e-04 pos=0.47
[05/14 05:37:40] [GradMonitor step=1275] deep/task: enc_layer4: mean=1.18e-05 std=6.40e-05 | PAM: mean=1.31e-04 std=7.08e-04 | CIAM: mean=1.18e-05 std=6.39e-05
[05/14 05:37:40] [GradMonitor step=1275] param-grad: weight_base: mean=1.26e-08 std=8.31e-07 | weight_base_open: mean=1.43e-04 std=1.26e-03 | enc_conv1_weight: mean=2.33e-04 std=6.45e-02
[05/14 05:37:41] [GradMonitor step=1280] near-input: bn0: mean=9.07e-08 std=6.89e-04 pos=0.50 | enc_conv1: mean=-8.64e-14 std=4.41e-04 pos=0.51
[05/14 05:37:41] [GradMonitor step=1280] deep/task: enc_layer4: mean=9.91e-06 std=6.43e-05 | PAM: mean=1.10e-04 std=7.10e-04 | CIAM: mean=9.94e-06 std=6.43e-05
[05/14 05:37:41] [GradMonitor step=1280] param-grad: weight_base: mean=-4.81e-08 std=1.03e-06 | weight_base_open: mean=1.31e-05 std=1.23e-03 | enc_conv1_weight: mean=-2.08e-02 std=7.21e-02
[05/14 05:37:41] [GradMonitor step=1285] near-input: bn0: mean=-2.29e-07 std=4.50e-04 pos=0.50 | enc_conv1: mean=-2.50e-14 std=2.85e-04 pos=0.45
[05/14 05:37:41] [GradMonitor step=1285] deep/task: enc_layer4: mean=1.14e-05 std=4.29e-05 | PAM: mean=1.26e-04 std=4.76e-04 | CIAM: mean=1.14e-05 std=4.29e-05
[05/14 05:37:41] [GradMonitor step=1285] param-grad: weight_base: mean=4.31e-08 std=1.67e-06 | weight_base_open: mean=-2.84e-05 std=1.60e-03 | enc_conv1_weight: mean=2.32e-03 std=5.46e-02
[05/14 05:37:41] [GradMonitor step=1290] near-input: bn0: mean=-2.30e-07 std=3.97e-04 pos=0.50 | enc_conv1: mean=-2.16e-14 std=2.56e-04 pos=0.46
[05/14 05:37:41] [GradMonitor step=1290] deep/task: enc_layer4: mean=1.00e-05 std=4.39e-05 | PAM: mean=1.10e-04 std=4.85e-04 | CIAM: mean=1.01e-05 std=4.39e-05
[05/14 05:37:41] [GradMonitor step=1290] param-grad: weight_base: mean=-1.26e-08 std=9.06e-07 | weight_base_open: mean=-1.87e-05 std=1.25e-03 | enc_conv1_weight: mean=5.49e-03 std=5.68e-02
[05/14 05:37:42] [GradMonitor step=1295] near-input: bn0: mean=6.99e-08 std=3.86e-04 pos=0.50 | enc_conv1: mean=7.73e-14 std=2.46e-04 pos=0.46
[05/14 05:37:42] [GradMonitor step=1295] deep/task: enc_layer4: mean=7.96e-06 std=3.81e-05 | PAM: mean=8.78e-05 std=4.20e-04 | CIAM: mean=7.99e-06 std=3.81e-05
[05/14 05:37:42] [GradMonitor step=1295] param-grad: weight_base: mean=4.09e-08 std=1.05e-06 | weight_base_open: mean=-9.85e-05 std=9.99e-04 | enc_conv1_weight: mean=5.40e-03 std=5.56e-02
[05/14 05:37:42] [GradMonitor step=1300] near-input: bn0: mean=3.39e-07 std=4.03e-04 pos=0.50 | enc_conv1: mean=1.82e-13 std=2.51e-04 pos=0.56
[05/14 05:37:42] [GradMonitor step=1300] deep/task: enc_layer4: mean=7.58e-06 std=4.12e-05 | PAM: mean=8.31e-05 std=4.56e-04 | CIAM: mean=7.60e-06 std=4.12e-05
[05/14 05:37:42] [GradMonitor step=1300] param-grad: weight_base: mean=-3.82e-08 std=1.02e-06 | weight_base_open: mean=-5.69e-06 std=1.11e-03 | enc_conv1_weight: mean=-9.26e-03 std=4.53e-02
[05/14 05:37:43] [GradMonitor step=1305] near-input: bn0: mean=2.03e-07 std=3.48e-04 pos=0.50 | enc_conv1: mean=1.00e-13 std=2.26e-04 pos=0.50
[05/14 05:37:43] [GradMonitor step=1305] deep/task: enc_layer4: mean=3.83e-06 std=4.39e-05 | PAM: mean=4.21e-05 std=4.87e-04 | CIAM: mean=3.85e-06 std=4.39e-05
[05/14 05:37:43] [GradMonitor step=1305] param-grad: weight_base: mean=6.28e-10 std=6.30e-07 | weight_base_open: mean=1.30e-05 std=8.76e-04 | enc_conv1_weight: mean=1.23e-02 std=7.18e-02
[05/14 05:37:43] [GradMonitor step=1310] near-input: bn0: mean=1.83e-07 std=3.79e-04 pos=0.50 | enc_conv1: mean=-1.25e-14 std=2.41e-04 pos=0.52
[05/14 05:37:43] [GradMonitor step=1310] deep/task: enc_layer4: mean=4.30e-06 std=4.30e-05 | PAM: mean=4.68e-05 std=4.79e-04 | CIAM: mean=4.32e-06 std=4.30e-05
[05/14 05:37:43] [GradMonitor step=1310] param-grad: weight_base: mean=1.17e-08 std=5.43e-07 | weight_base_open: mean=-6.95e-05 std=7.53e-04 | enc_conv1_weight: mean=-2.43e-02 std=8.03e-02
[05/14 05:37:43] [GradMonitor step=1315] near-input: bn0: mean=-6.25e-08 std=6.83e-04 pos=0.50 | enc_conv1: mean=2.41e-13 std=4.39e-04 pos=0.47
[05/14 05:37:43] [GradMonitor step=1315] deep/task: enc_layer4: mean=1.04e-05 std=6.08e-05 | PAM: mean=1.14e-04 std=6.70e-04 | CIAM: mean=1.04e-05 std=6.07e-05
[05/14 05:37:43] [GradMonitor step=1315] param-grad: weight_base: mean=-2.04e-08 std=4.61e-07 | weight_base_open: mean=-1.68e-05 std=8.49e-04 | enc_conv1_weight: mean=-8.44e-03 std=6.42e-02
[05/14 05:37:44] [GradMonitor step=1320] near-input: bn0: mean=-1.73e-07 std=6.43e-04 pos=0.50 | enc_conv1: mean=-4.55e-14 std=4.13e-04 pos=0.55
[05/14 05:37:44] [GradMonitor step=1320] deep/task: enc_layer4: mean=1.36e-05 std=4.82e-05 | PAM: mean=1.50e-04 std=5.34e-04 | CIAM: mean=1.37e-05 std=4.82e-05
[05/14 05:37:44] [GradMonitor step=1320] param-grad: weight_base: mean=2.46e-08 std=9.73e-07 | weight_base_open: mean=6.23e-05 std=1.16e-03 | enc_conv1_weight: mean=7.10e-03 std=5.77e-02
[05/14 05:37:44] [GradMonitor step=1325] near-input: bn0: mean=-2.94e-07 std=6.56e-04 pos=0.50 | enc_conv1: mean=2.18e-13 std=4.14e-04 pos=0.58
[05/14 05:37:44] [GradMonitor step=1325] deep/task: enc_layer4: mean=1.24e-05 std=4.51e-05 | PAM: mean=1.36e-04 std=4.96e-04 | CIAM: mean=1.24e-05 std=4.51e-05
[05/14 05:37:44] [GradMonitor step=1325] param-grad: weight_base: mean=2.01e-08 std=8.15e-07 | weight_base_open: mean=-2.58e-05 std=1.02e-03 | enc_conv1_weight: mean=2.36e-03 std=5.47e-02
[05/14 05:37:44] [GradMonitor step=1330] near-input: bn0: mean=1.56e-08 std=4.95e-04 pos=0.50 | enc_conv1: mean=1.82e-14 std=3.11e-04 pos=0.48
[05/14 05:37:44] [GradMonitor step=1330] deep/task: enc_layer4: mean=8.87e-06 std=4.69e-05 | PAM: mean=9.76e-05 std=5.18e-04 | CIAM: mean=8.90e-06 std=4.70e-05
[05/14 05:37:44] [GradMonitor step=1330] param-grad: weight_base: mean=1.23e-08 std=6.09e-07 | weight_base_open: mean=1.07e-04 std=1.11e-03 | enc_conv1_weight: mean=-6.54e-03 std=5.17e-02
[05/14 05:37:45] [GradMonitor step=1335] near-input: bn0: mean=-1.12e-07 std=3.23e-04 pos=0.50 | enc_conv1: mean=-2.27e-14 std=2.02e-04 pos=0.50
[05/14 05:37:45] [GradMonitor step=1335] deep/task: enc_layer4: mean=1.00e-05 std=3.05e-05 | PAM: mean=1.09e-04 std=3.34e-04 | CIAM: mean=1.01e-05 std=3.05e-05
[05/14 05:37:45] [GradMonitor step=1335] param-grad: weight_base: mean=-4.33e-09 std=5.15e-07 | weight_base_open: mean=-2.21e-05 std=9.48e-04 | enc_conv1_weight: mean=3.69e-03 std=4.69e-02
[05/14 05:37:45] [GradMonitor step=1340] near-input: bn0: mean=-4.81e-07 std=4.38e-04 pos=0.50 | enc_conv1: mean=4.55e-15 std=2.76e-04 pos=0.51
[05/14 05:37:45] [GradMonitor step=1340] deep/task: enc_layer4: mean=8.48e-06 std=4.11e-05 | PAM: mean=9.26e-05 std=4.54e-04 | CIAM: mean=8.52e-06 std=4.11e-05
[05/14 05:37:45] [GradMonitor step=1340] param-grad: weight_base: mean=1.84e-08 std=6.65e-07 | weight_base_open: mean=7.49e-05 std=1.19e-03 | enc_conv1_weight: mean=-5.84e-03 std=7.26e-02
[05/14 05:37:46] [GradMonitor step=1345] near-input: bn0: mean=5.63e-07 std=3.91e-04 pos=0.50 | enc_conv1: mean=-1.27e-13 std=2.45e-04 pos=0.50
[05/14 05:37:46] [GradMonitor step=1345] deep/task: enc_layer4: mean=8.89e-06 std=3.85e-05 | PAM: mean=9.62e-05 std=4.25e-04 | CIAM: mean=8.92e-06 std=3.85e-05
[05/14 05:37:46] [GradMonitor step=1345] param-grad: weight_base: mean=2.66e-08 std=5.83e-07 | weight_base_open: mean=-1.44e-05 std=1.08e-03 | enc_conv1_weight: mean=3.64e-02 std=7.73e-02
[05/14 05:37:46] [GradMonitor step=1350] near-input: bn0: mean=-4.21e-07 std=3.49e-04 pos=0.50 | enc_conv1: mean=-1.14e-14 std=2.19e-04 pos=0.55
[05/14 05:37:46] [GradMonitor step=1350] deep/task: enc_layer4: mean=4.57e-06 std=3.80e-05 | PAM: mean=5.09e-05 std=4.19e-04 | CIAM: mean=4.59e-06 std=3.80e-05
[05/14 05:37:46] [GradMonitor step=1350] param-grad: weight_base: mean=-2.58e-09 std=3.22e-07 | weight_base_open: mean=-6.59e-05 std=1.20e-03 | enc_conv1_weight: mean=2.59e-04 std=6.02e-02
[05/14 05:37:46] [GradMonitor step=1355] near-input: bn0: mean=-1.17e-07 std=5.19e-04 pos=0.50 | enc_conv1: mean=-7.28e-14 std=3.23e-04 pos=0.45
[05/14 05:37:46] [GradMonitor step=1355] deep/task: enc_layer4: mean=6.33e-06 std=4.08e-05 | PAM: mean=6.98e-05 std=4.50e-04 | CIAM: mean=6.35e-06 std=4.08e-05
[05/14 05:37:46] [GradMonitor step=1355] param-grad: weight_base: mean=2.25e-08 std=1.04e-06 | weight_base_open: mean=-8.33e-05 std=1.25e-03 | enc_conv1_weight: mean=1.78e-02 std=7.95e-02
[05/14 05:37:47] [GradMonitor step=1360] near-input: bn0: mean=1.79e-07 std=6.29e-04 pos=0.50 | enc_conv1: mean=-2.46e-13 std=3.91e-04 pos=0.52
[05/14 05:37:47] [GradMonitor step=1360] deep/task: enc_layer4: mean=1.41e-05 std=4.01e-05 | PAM: mean=1.55e-04 std=4.40e-04 | CIAM: mean=1.42e-05 std=4.01e-05
[05/14 05:37:47] [GradMonitor step=1360] param-grad: weight_base: mean=4.71e-08 std=1.06e-06 | weight_base_open: mean=-2.60e-06 std=1.59e-03 | enc_conv1_weight: mean=-4.92e-03 std=5.84e-02
[05/14 05:37:47] [GradMonitor step=1365] near-input: bn0: mean=3.77e-07 std=4.53e-04 pos=0.50 | enc_conv1: mean=1.14e-14 std=2.93e-04 pos=0.49
[05/14 05:37:47] [GradMonitor step=1365] deep/task: enc_layer4: mean=1.13e-05 std=4.17e-05 | PAM: mean=1.24e-04 std=4.61e-04 | CIAM: mean=1.13e-05 std=4.17e-05
[05/14 05:37:47] [GradMonitor step=1365] param-grad: weight_base: mean=-1.68e-08 std=3.74e-07 | weight_base_open: mean=-3.35e-05 std=1.08e-03 | enc_conv1_weight: mean=-3.32e-03 std=5.52e-02
[05/14 05:37:47] [GradMonitor step=1370] near-input: bn0: mean=-3.05e-07 std=3.71e-04 pos=0.50 | enc_conv1: mean=-3.18e-14 std=2.34e-04 pos=0.47
[05/14 05:37:47] [GradMonitor step=1370] deep/task: enc_layer4: mean=8.94e-06 std=3.29e-05 | PAM: mean=9.78e-05 std=3.63e-04 | CIAM: mean=8.98e-06 std=3.29e-05
[05/14 05:37:47] [GradMonitor step=1370] param-grad: weight_base: mean=2.39e-08 std=5.87e-07 | weight_base_open: mean=3.91e-05 std=9.19e-04 | enc_conv1_weight: mean=-7.44e-03 std=5.42e-02
[05/14 05:37:48] [GradMonitor step=1375] near-input: bn0: mean=1.59e-07 std=4.97e-04 pos=0.50 | enc_conv1: mean=-8.64e-14 std=3.22e-04 pos=0.45
[05/14 05:37:48] [GradMonitor step=1375] deep/task: enc_layer4: mean=1.12e-05 std=5.03e-05 | PAM: mean=1.23e-04 std=5.57e-04 | CIAM: mean=1.12e-05 std=5.03e-05
[05/14 05:37:48] [GradMonitor step=1375] param-grad: weight_base: mean=-4.92e-09 std=5.12e-07 | weight_base_open: mean=-8.85e-05 std=9.20e-04 | enc_conv1_weight: mean=-6.80e-03 std=5.34e-02
[05/14 05:37:48] [GradMonitor step=1380] near-input: bn0: mean=-1.22e-08 std=3.58e-04 pos=0.50 | enc_conv1: mean=4.55e-15 std=2.23e-04 pos=0.48
[05/14 05:37:48] [GradMonitor step=1380] deep/task: enc_layer4: mean=8.32e-06 std=3.65e-05 | PAM: mean=9.19e-05 std=4.05e-04 | CIAM: mean=8.36e-06 std=3.65e-05
[05/14 05:37:48] [GradMonitor step=1380] param-grad: weight_base: mean=8.41e-10 std=4.37e-07 | weight_base_open: mean=-1.22e-04 std=1.17e-03 | enc_conv1_weight: mean=9.76e-03 std=5.56e-02
[05/14 05:37:49] [GradMonitor step=1385] near-input: bn0: mean=-7.46e-08 std=2.87e-04 pos=0.50 | enc_conv1: mean=8.41e-14 std=1.81e-04 pos=0.45
[05/14 05:37:49] [GradMonitor step=1385] deep/task: enc_layer4: mean=1.01e-05 std=3.03e-05 | PAM: mean=1.11e-04 std=3.33e-04 | CIAM: mean=1.02e-05 std=3.03e-05
[05/14 05:37:49] [GradMonitor step=1385] param-grad: weight_base: mean=-2.30e-08 std=5.81e-07 | weight_base_open: mean=-4.23e-05 std=1.10e-03 | enc_conv1_weight: mean=-1.61e-02 std=5.80e-02
[05/14 05:37:49] [GradMonitor step=1390] near-input: bn0: mean=-5.32e-10 std=4.12e-04 pos=0.50 | enc_conv1: mean=1.00e-13 std=2.56e-04 pos=0.51
[05/14 05:37:49] [GradMonitor step=1390] deep/task: enc_layer4: mean=1.32e-05 std=4.03e-05 | PAM: mean=1.44e-04 std=4.48e-04 | CIAM: mean=1.33e-05 std=4.03e-05
[05/14 05:37:49] [GradMonitor step=1390] param-grad: weight_base: mean=2.62e-09 std=9.28e-07 | weight_base_open: mean=5.49e-05 std=1.02e-03 | enc_conv1_weight: mean=7.19e-03 std=4.73e-02
[05/14 05:37:49] [GradMonitor step=1395] near-input: bn0: mean=-4.73e-07 std=5.91e-04 pos=0.50 | enc_conv1: mean=1.39e-13 std=3.69e-04 pos=0.50
[05/14 05:37:49] [GradMonitor step=1395] deep/task: enc_layer4: mean=1.23e-05 std=4.36e-05 | PAM: mean=1.36e-04 std=4.82e-04 | CIAM: mean=1.24e-05 std=4.36e-05
[05/14 05:37:49] [GradMonitor step=1395] param-grad: weight_base: mean=4.17e-09 std=2.88e-07 | weight_base_open: mean=6.81e-05 std=9.63e-04 | enc_conv1_weight: mean=2.45e-03 std=4.50e-02
[05/14 05:37:50] [GradMonitor step=1400] near-input: bn0: mean=-1.12e-07 std=4.97e-04 pos=0.50 | enc_conv1: mean=9.09e-15 std=3.13e-04 pos=0.57
[05/14 05:37:50] [GradMonitor step=1400] deep/task: enc_layer4: mean=1.04e-05 std=4.27e-05 | PAM: mean=1.14e-04 std=4.74e-04 | CIAM: mean=1.04e-05 std=4.27e-05
[05/14 05:37:50] [GradMonitor step=1400] param-grad: weight_base: mean=-2.50e-08 std=6.22e-07 | weight_base_open: mean=2.95e-05 std=1.39e-03 | enc_conv1_weight: mean=-4.23e-03 std=5.06e-02
[05/14 05:37:50] [GradMonitor step=1405] near-input: bn0: mean=-2.89e-07 std=4.77e-04 pos=0.50 | enc_conv1: mean=-2.23e-13 std=2.98e-04 pos=0.47
[05/14 05:37:50] [GradMonitor step=1405] deep/task: enc_layer4: mean=8.04e-06 std=4.19e-05 | PAM: mean=8.85e-05 std=4.66e-04 | CIAM: mean=8.07e-06 std=4.19e-05
[05/14 05:37:50] [GradMonitor step=1405] param-grad: weight_base: mean=-5.86e-09 std=3.12e-07 | weight_base_open: mean=4.23e-05 std=1.02e-03 | enc_conv1_weight: mean=4.55e-03 std=6.69e-02
[05/14 05:37:50] [GradMonitor step=1410] near-input: bn0: mean=-2.36e-07 std=5.20e-04 pos=0.50 | enc_conv1: mean=-4.55e-14 std=3.28e-04 pos=0.44
[05/14 05:37:50] [GradMonitor step=1410] deep/task: enc_layer4: mean=9.96e-06 std=4.72e-05 | PAM: mean=1.09e-04 std=5.20e-04 | CIAM: mean=1.00e-05 std=4.72e-05
[05/14 05:37:50] [GradMonitor step=1410] param-grad: weight_base: mean=-1.35e-08 std=3.74e-07 | weight_base_open: mean=2.96e-05 std=1.10e-03 | enc_conv1_weight: mean=-5.83e-03 std=6.14e-02
[05/14 05:37:51] [GradMonitor step=1415] near-input: bn0: mean=-8.33e-08 std=3.88e-04 pos=0.50 | enc_conv1: mean=5.00e-14 std=2.46e-04 pos=0.51
[05/14 05:37:51] [GradMonitor step=1415] deep/task: enc_layer4: mean=5.55e-06 std=4.31e-05 | PAM: mean=6.23e-05 std=4.77e-04 | CIAM: mean=5.57e-06 std=4.31e-05
[05/14 05:37:51] [GradMonitor step=1415] param-grad: weight_base: mean=-6.28e-10 std=8.17e-07 | weight_base_open: mean=-1.30e-05 std=1.25e-03 | enc_conv1_weight: mean=-1.05e-02 std=5.44e-02
[05/14 05:37:51] [GradMonitor step=1420] near-input: bn0: mean=-9.78e-08 std=3.71e-04 pos=0.50 | enc_conv1: mean=1.32e-13 std=2.31e-04 pos=0.43
[05/14 05:37:51] [GradMonitor step=1420] deep/task: enc_layer4: mean=1.27e-05 std=4.00e-05 | PAM: mean=1.40e-04 std=4.43e-04 | CIAM: mean=1.28e-05 std=4.00e-05
[05/14 05:37:51] [GradMonitor step=1420] param-grad: weight_base: mean=4.24e-08 std=1.02e-06 | weight_base_open: mean=-2.21e-05 std=1.13e-03 | enc_conv1_weight: mean=-2.86e-03 std=6.25e-02
[05/14 05:37:52] [GradMonitor step=1425] near-input: bn0: mean=-6.94e-07 std=4.42e-04 pos=0.50 | enc_conv1: mean=6.37e-14 std=2.74e-04 pos=0.41
[05/14 05:37:52] [GradMonitor step=1425] deep/task: enc_layer4: mean=8.92e-06 std=3.85e-05 | PAM: mean=9.83e-05 std=4.25e-04 | CIAM: mean=8.97e-06 std=3.85e-05
[05/14 05:37:52] [GradMonitor step=1425] param-grad: weight_base: mean=1.30e-08 std=7.17e-07 | weight_base_open: mean=-1.14e-05 std=9.40e-04 | enc_conv1_weight: mean=6.47e-03 std=6.29e-02
[05/14 05:37:52] [GradMonitor step=1430] near-input: bn0: mean=-4.72e-07 std=4.22e-04 pos=0.50 | enc_conv1: mean=1.96e-13 std=2.65e-04 pos=0.47
[05/14 05:37:52] [GradMonitor step=1430] deep/task: enc_layer4: mean=1.12e-05 std=4.12e-05 | PAM: mean=1.24e-04 std=4.56e-04 | CIAM: mean=1.13e-05 std=4.12e-05
[05/14 05:37:52] [GradMonitor step=1430] param-grad: weight_base: mean=-1.44e-08 std=5.62e-07 | weight_base_open: mean=-2.62e-06 std=1.01e-03 | enc_conv1_weight: mean=1.05e-02 std=7.39e-02
[05/14 05:37:52] [GradMonitor step=1435] near-input: bn0: mean=-2.64e-07 std=6.79e-04 pos=0.50 | enc_conv1: mean=-3.18e-13 std=4.25e-04 pos=0.53
[05/14 05:37:52] [GradMonitor step=1435] deep/task: enc_layer4: mean=1.17e-05 std=5.11e-05 | PAM: mean=1.29e-04 std=5.64e-04 | CIAM: mean=1.18e-05 std=5.11e-05
[05/14 05:37:52] [GradMonitor step=1435] param-grad: weight_base: mean=-9.69e-09 std=1.21e-06 | weight_base_open: mean=-1.46e-04 std=1.23e-03 | enc_conv1_weight: mean=-1.33e-02 std=7.13e-02
[05/14 05:37:53] [GradMonitor step=1440] near-input: bn0: mean=-2.94e-07 std=3.98e-04 pos=0.50 | enc_conv1: mean=2.61e-14 std=2.51e-04 pos=0.45
[05/14 05:37:53] [GradMonitor step=1440] deep/task: enc_layer4: mean=6.73e-06 std=4.37e-05 | PAM: mean=7.41e-05 std=4.85e-04 | CIAM: mean=6.77e-06 std=4.38e-05
[05/14 05:37:53] [GradMonitor step=1440] param-grad: weight_base: mean=1.96e-08 std=8.78e-07 | weight_base_open: mean=-2.30e-05 std=9.37e-04 | enc_conv1_weight: mean=1.66e-02 std=6.50e-02
[05/14 05:37:53] [GradMonitor step=1445] near-input: bn0: mean=9.44e-08 std=5.36e-04 pos=0.50 | enc_conv1: mean=-1.09e-13 std=3.37e-04 pos=0.53
[05/14 05:37:53] [GradMonitor step=1445] deep/task: enc_layer4: mean=9.90e-06 std=4.68e-05 | PAM: mean=1.09e-04 std=5.21e-04 | CIAM: mean=9.94e-06 std=4.68e-05
[05/14 05:37:53] [GradMonitor step=1445] param-grad: weight_base: mean=4.76e-09 std=9.54e-07 | weight_base_open: mean=-2.63e-05 std=9.36e-04 | enc_conv1_weight: mean=8.42e-03 std=5.54e-02
[05/14 05:37:53] [GradMonitor step=1450] near-input: bn0: mean=7.57e-07 std=6.43e-04 pos=0.50 | enc_conv1: mean=-3.64e-14 std=3.98e-04 pos=0.49
[05/14 05:37:53] [GradMonitor step=1450] deep/task: enc_layer4: mean=5.71e-06 std=5.96e-05 | PAM: mean=6.21e-05 std=6.60e-04 | CIAM: mean=5.73e-06 std=5.96e-05
[05/14 05:37:53] [GradMonitor step=1450] param-grad: weight_base: mean=2.14e-08 std=1.06e-06 | weight_base_open: mean=-8.63e-05 std=1.28e-03 | enc_conv1_weight: mean=-1.23e-02 std=5.71e-02
[05/14 05:37:54] [GradMonitor step=1455] near-input: bn0: mean=-1.61e-07 std=5.39e-04 pos=0.50 | enc_conv1: mean=-1.09e-13 std=3.36e-04 pos=0.59
[05/14 05:37:54] [GradMonitor step=1455] deep/task: enc_layer4: mean=7.96e-06 std=5.21e-05 | PAM: mean=8.59e-05 std=5.72e-04 | CIAM: mean=7.99e-06 std=5.21e-05
[05/14 05:37:54] [GradMonitor step=1455] param-grad: weight_base: mean=-1.26e-08 std=5.52e-07 | weight_base_open: mean=-8.83e-05 std=1.49e-03 | enc_conv1_weight: mean=3.78e-03 std=6.13e-02
[05/14 05:37:54] [GradMonitor step=1460] near-input: bn0: mean=-2.36e-07 std=4.14e-04 pos=0.50 | enc_conv1: mean=-1.00e-13 std=2.56e-04 pos=0.55
[05/14 05:37:54] [GradMonitor step=1460] deep/task: enc_layer4: mean=9.48e-06 std=3.88e-05 | PAM: mean=1.04e-04 std=4.26e-04 | CIAM: mean=9.52e-06 std=3.88e-05
[05/14 05:37:54] [GradMonitor step=1460] param-grad: weight_base: mean=1.23e-08 std=4.21e-07 | weight_base_open: mean=2.87e-05 std=1.16e-03 | enc_conv1_weight: mean=2.34e-02 std=8.26e-02
[05/14 05:37:55] [GradMonitor step=1465] near-input: bn0: mean=3.24e-07 std=2.94e-04 pos=0.50 | enc_conv1: mean=1.82e-14 std=1.81e-04 pos=0.42
[05/14 05:37:55] [GradMonitor step=1465] deep/task: enc_layer4: mean=8.78e-06 std=3.21e-05 | PAM: mean=9.65e-05 std=3.54e-04 | CIAM: mean=8.82e-06 std=3.21e-05
[05/14 05:37:55] [GradMonitor step=1465] param-grad: weight_base: mean=2.57e-08 std=1.03e-06 | weight_base_open: mean=6.17e-06 std=1.32e-03 | enc_conv1_weight: mean=1.22e-02 std=4.49e-02
[05/14 05:37:55] [GradMonitor step=1470] near-input: bn0: mean=-3.56e-07 std=5.90e-04 pos=0.50 | enc_conv1: mean=4.77e-14 std=3.62e-04 pos=0.60
[05/14 05:37:55] [GradMonitor step=1470] deep/task: enc_layer4: mean=8.22e-06 std=4.01e-05 | PAM: mean=8.93e-05 std=4.39e-04 | CIAM: mean=8.26e-06 std=4.01e-05
[05/14 05:37:55] [GradMonitor step=1470] param-grad: weight_base: mean=5.38e-08 std=1.11e-06 | weight_base_open: mean=7.63e-05 std=1.58e-03 | enc_conv1_weight: mean=-1.23e-02 std=6.77e-02
[05/14 05:37:55] [GradMonitor step=1475] near-input: bn0: mean=8.62e-08 std=4.99e-04 pos=0.50 | enc_conv1: mean=-2.73e-14 std=3.15e-04 pos=0.57
[05/14 05:37:55] [GradMonitor step=1475] deep/task: enc_layer4: mean=1.13e-05 std=5.11e-05 | PAM: mean=1.24e-04 std=5.66e-04 | CIAM: mean=1.13e-05 std=5.11e-05
[05/14 05:37:55] [GradMonitor step=1475] param-grad: weight_base: mean=2.00e-08 std=6.89e-07 | weight_base_open: mean=-1.47e-05 std=1.12e-03 | enc_conv1_weight: mean=1.83e-02 std=6.62e-02
[05/14 05:37:56] [GradMonitor step=1480] near-input: bn0: mean=2.63e-07 std=7.37e-04 pos=0.50 | enc_conv1: mean=-9.55e-14 std=4.57e-04 pos=0.52
[05/14 05:37:56] [GradMonitor step=1480] deep/task: enc_layer4: mean=8.07e-06 std=5.59e-05 | PAM: mean=8.89e-05 std=6.19e-04 | CIAM: mean=8.10e-06 std=5.59e-05
[05/14 05:37:56] [GradMonitor step=1480] param-grad: weight_base: mean=-7.04e-08 std=1.38e-06 | weight_base_open: mean=-9.83e-05 std=1.23e-03 | enc_conv1_weight: mean=6.88e-03 std=7.46e-02
[05/14 05:37:56] [GradMonitor step=1485] near-input: bn0: mean=-1.27e-07 std=4.31e-04 pos=0.50 | enc_conv1: mean=1.27e-13 std=2.69e-04 pos=0.48
[05/14 05:37:56] [GradMonitor step=1485] deep/task: enc_layer4: mean=1.31e-05 std=3.42e-05 | PAM: mean=1.45e-04 std=3.79e-04 | CIAM: mean=1.32e-05 std=3.42e-05
[05/14 05:37:56] [GradMonitor step=1485] param-grad: weight_base: mean=3.69e-08 std=7.08e-07 | weight_base_open: mean=-1.38e-04 std=1.28e-03 | enc_conv1_weight: mean=9.91e-04 std=4.68e-02
[05/14 05:37:56] [GradMonitor step=1490] near-input: bn0: mean=2.23e-07 std=4.55e-04 pos=0.50 | enc_conv1: mean=-1.27e-13 std=2.84e-04 pos=0.53
[05/14 05:37:56] [GradMonitor step=1490] deep/task: enc_layer4: mean=1.45e-05 std=3.74e-05 | PAM: mean=1.59e-04 std=4.12e-04 | CIAM: mean=1.46e-05 std=3.74e-05
[05/14 05:37:56] [GradMonitor step=1490] param-grad: weight_base: mean=-9.42e-09 std=4.60e-07 | weight_base_open: mean=3.54e-05 std=1.23e-03 | enc_conv1_weight: mean=-1.46e-02 std=6.26e-02
[05/14 05:37:57] [GradMonitor step=1495] near-input: bn0: mean=2.49e-07 std=5.94e-04 pos=0.50 | enc_conv1: mean=5.68e-14 std=3.80e-04 pos=0.51
[05/14 05:37:57] [GradMonitor step=1495] deep/task: enc_layer4: mean=6.71e-06 std=5.02e-05 | PAM: mean=7.38e-05 std=5.57e-04 | CIAM: mean=6.74e-06 std=5.02e-05
[05/14 05:37:57] [GradMonitor step=1495] param-grad: weight_base: mean=-2.35e-09 std=7.23e-07 | weight_base_open: mean=-3.56e-05 std=1.19e-03 | enc_conv1_weight: mean=-2.00e-03 std=7.00e-02
[05/14 05:37:57] [GradMonitor step=1500] near-input: bn0: mean=2.56e-07 std=6.12e-04 pos=0.50 | enc_conv1: mean=2.27e-13 std=3.85e-04 pos=0.58
[05/14 05:37:57] [GradMonitor step=1500] deep/task: enc_layer4: mean=1.20e-05 std=5.06e-05 | PAM: mean=1.32e-04 std=5.61e-04 | CIAM: mean=1.20e-05 std=5.06e-05
[05/14 05:37:57] [GradMonitor step=1500] param-grad: weight_base: mean=-8.39e-10 std=1.31e-06 | weight_base_open: mean=1.16e-05 std=1.44e-03 | enc_conv1_weight: mean=-2.78e-02 std=6.81e-02
[05/14 05:37:58] [GradMonitor step=1505] near-input: bn0: mean=3.83e-07 std=4.61e-04 pos=0.50 | enc_conv1: mean=9.09e-14 std=2.87e-04 pos=0.59
[05/14 05:37:58] [GradMonitor step=1505] deep/task: enc_layer4: mean=9.83e-06 std=4.43e-05 | PAM: mean=1.08e-04 std=4.90e-04 | CIAM: mean=9.87e-06 std=4.43e-05
[05/14 05:37:58] [GradMonitor step=1505] param-grad: weight_base: mean=2.35e-09 std=6.21e-07 | weight_base_open: mean=8.95e-05 std=1.25e-03 | enc_conv1_weight: mean=-9.37e-03 std=6.51e-02
[05/14 05:37:58] [GradMonitor step=1510] near-input: bn0: mean=3.04e-07 std=6.04e-04 pos=0.50 | enc_conv1: mean=-1.86e-13 std=3.83e-04 pos=0.51
[05/14 05:37:58] [GradMonitor step=1510] deep/task: enc_layer4: mean=7.88e-06 std=5.28e-05 | PAM: mean=8.60e-05 std=5.85e-04 | CIAM: mean=7.93e-06 std=5.28e-05
[05/14 05:37:58] [GradMonitor step=1510] param-grad: weight_base: mean=4.46e-09 std=5.77e-07 | weight_base_open: mean=-4.10e-05 std=8.90e-04 | enc_conv1_weight: mean=1.74e-02 std=6.48e-02
[05/14 05:37:58] [GradMonitor step=1515] near-input: bn0: mean=-5.53e-07 std=4.64e-04 pos=0.50 | enc_conv1: mean=-5.46e-14 std=2.95e-04 pos=0.56
[05/14 05:37:58] [GradMonitor step=1515] deep/task: enc_layer4: mean=1.15e-05 std=4.22e-05 | PAM: mean=1.26e-04 std=4.69e-04 | CIAM: mean=1.15e-05 std=4.22e-05
[05/14 05:37:58] [GradMonitor step=1515] param-grad: weight_base: mean=-3.29e-09 std=3.23e-07 | weight_base_open: mean=1.33e-05 std=9.83e-04 | enc_conv1_weight: mean=-1.10e-02 std=7.92e-02
[05/14 05:37:59] [GradMonitor step=1520] near-input: bn0: mean=-4.03e-07 std=6.05e-04 pos=0.50 | enc_conv1: mean=-1.64e-13 std=3.85e-04 pos=0.48
[05/14 05:37:59] [GradMonitor step=1520] deep/task: enc_layer4: mean=9.39e-06 std=4.64e-05 | PAM: mean=1.03e-04 std=5.14e-04 | CIAM: mean=9.43e-06 std=4.64e-05
[05/14 05:37:59] [GradMonitor step=1520] param-grad: weight_base: mean=-8.99e-09 std=7.97e-07 | weight_base_open: mean=-1.87e-06 std=1.30e-03 | enc_conv1_weight: mean=8.02e-03 std=6.62e-02
[05/14 05:37:59] [GradMonitor step=1525] near-input: bn0: mean=6.85e-08 std=6.03e-04 pos=0.50 | enc_conv1: mean=-1.64e-13 std=3.76e-04 pos=0.51
[05/14 05:37:59] [GradMonitor step=1525] deep/task: enc_layer4: mean=1.05e-05 std=5.00e-05 | PAM: mean=1.16e-04 std=5.56e-04 | CIAM: mean=1.05e-05 std=5.00e-05
[05/14 05:37:59] [GradMonitor step=1525] param-grad: weight_base: mean=1.07e-08 std=5.17e-07 | weight_base_open: mean=1.98e-05 std=1.51e-03 | enc_conv1_weight: mean=-9.35e-03 std=5.85e-02
[05/14 05:37:59] [GradMonitor step=1530] near-input: bn0: mean=-3.65e-07 std=4.67e-04 pos=0.50 | enc_conv1: mean=-8.64e-14 std=2.94e-04 pos=0.50
[05/14 05:37:59] [GradMonitor step=1530] deep/task: enc_layer4: mean=8.39e-06 std=4.56e-05 | PAM: mean=9.11e-05 std=5.03e-04 | CIAM: mean=8.43e-06 std=4.56e-05
[05/14 05:37:59] [GradMonitor step=1530] param-grad: weight_base: mean=-3.15e-08 std=8.75e-07 | weight_base_open: mean=-9.91e-05 std=1.23e-03 | enc_conv1_weight: mean=-3.53e-03 std=4.54e-02
[05/14 05:38:00] [GradMonitor step=1535] near-input: bn0: mean=3.62e-07 std=5.30e-04 pos=0.50 | enc_conv1: mean=-1.59e-13 std=3.43e-04 pos=0.45
[05/14 05:38:00] [GradMonitor step=1535] deep/task: enc_layer4: mean=1.20e-05 std=5.31e-05 | PAM: mean=1.33e-04 std=5.91e-04 | CIAM: mean=1.21e-05 std=5.31e-05
[05/14 05:38:00] [GradMonitor step=1535] param-grad: weight_base: mean=-1.79e-08 std=1.01e-06 | weight_base_open: mean=-6.59e-05 std=9.73e-04 | enc_conv1_weight: mean=1.09e-03 std=6.58e-02
[05/14 05:38:00] [GradMonitor step=1540] near-input: bn0: mean=-7.18e-07 std=5.18e-04 pos=0.50 | enc_conv1: mean=-2.66e-13 std=3.18e-04 pos=0.48
[05/14 05:38:00] [GradMonitor step=1540] deep/task: enc_layer4: mean=1.10e-05 std=3.97e-05 | PAM: mean=1.20e-04 std=4.37e-04 | CIAM: mean=1.11e-05 std=3.97e-05
[05/14 05:38:00] [GradMonitor step=1540] param-grad: weight_base: mean=-2.16e-08 std=4.86e-07 | weight_base_open: mean=4.07e-05 std=1.10e-03 | enc_conv1_weight: mean=2.87e-03 std=5.23e-02
[05/14 05:38:01] [GradMonitor step=1545] near-input: bn0: mean=2.77e-07 std=3.67e-04 pos=0.50 | enc_conv1: mean=5.91e-14 std=2.32e-04 pos=0.52
[05/14 05:38:01] [GradMonitor step=1545] deep/task: enc_layer4: mean=7.91e-06 std=3.78e-05 | PAM: mean=8.74e-05 std=4.17e-04 | CIAM: mean=7.95e-06 std=3.78e-05
[05/14 05:38:01] [GradMonitor step=1545] param-grad: weight_base: mean=-5.90e-09 std=5.29e-07 | weight_base_open: mean=-7.72e-06 std=8.03e-04 | enc_conv1_weight: mean=-8.24e-03 std=4.97e-02
[05/14 05:38:01] [GradMonitor step=1550] near-input: bn0: mean=3.18e-07 std=4.40e-04 pos=0.50 | enc_conv1: mean=-2.27e-14 std=2.77e-04 pos=0.48
[05/14 05:38:01] [GradMonitor step=1550] deep/task: enc_layer4: mean=6.89e-06 std=3.93e-05 | PAM: mean=7.62e-05 std=4.34e-04 | CIAM: mean=6.92e-06 std=3.93e-05
[05/14 05:38:01] [GradMonitor step=1550] param-grad: weight_base: mean=5.97e-09 std=7.70e-07 | weight_base_open: mean=4.51e-05 std=8.16e-04 | enc_conv1_weight: mean=1.16e-02 std=6.91e-02
[05/14 05:38:01] [GradMonitor step=1555] near-input: bn0: mean=1.04e-07 std=5.89e-04 pos=0.50 | enc_conv1: mean=-1.46e-13 std=3.67e-04 pos=0.54
[05/14 05:38:01] [GradMonitor step=1555] deep/task: enc_layer4: mean=1.13e-05 std=4.14e-05 | PAM: mean=1.24e-04 std=4.57e-04 | CIAM: mean=1.13e-05 std=4.14e-05
[05/14 05:38:01] [GradMonitor step=1555] param-grad: weight_base: mean=-2.57e-08 std=7.74e-07 | weight_base_open: mean=-3.71e-06 std=1.10e-03 | enc_conv1_weight: mean=-3.26e-03 std=6.49e-02
[05/14 05:38:02] [GradMonitor step=1560] near-input: bn0: mean=-9.46e-08 std=4.86e-04 pos=0.50 | enc_conv1: mean=7.62e-14 std=3.03e-04 pos=0.47
[05/14 05:38:02] [GradMonitor step=1560] deep/task: enc_layer4: mean=6.35e-06 std=4.49e-05 | PAM: mean=7.00e-05 std=4.93e-04 | CIAM: mean=6.39e-06 std=4.49e-05
[05/14 05:38:02] [GradMonitor step=1560] param-grad: weight_base: mean=-2.47e-08 std=1.25e-06 | weight_base_open: mean=-4.15e-06 std=1.11e-03 | enc_conv1_weight: mean=6.32e-03 std=7.83e-02
[05/14 05:38:02] [GradMonitor step=1565] near-input: bn0: mean=-2.28e-07 std=4.38e-04 pos=0.50 | enc_conv1: mean=-2.96e-14 std=2.79e-04 pos=0.45
[05/14 05:38:02] [GradMonitor step=1565] deep/task: enc_layer4: mean=7.04e-06 std=5.04e-05 | PAM: mean=7.76e-05 std=5.55e-04 | CIAM: mean=7.08e-06 std=5.04e-05
[05/14 05:38:02] [GradMonitor step=1565] param-grad: weight_base: mean=-6.52e-09 std=5.26e-07 | weight_base_open: mean=-7.74e-05 std=8.97e-04 | enc_conv1_weight: mean=-2.04e-02 std=8.69e-02
[05/14 05:38:02] [GradMonitor step=1570] near-input: bn0: mean=3.97e-08 std=3.64e-04 pos=0.50 | enc_conv1: mean=-1.91e-13 std=2.26e-04 pos=0.52
[05/14 05:38:02] [GradMonitor step=1570] deep/task: enc_layer4: mean=7.57e-06 std=3.51e-05 | PAM: mean=8.40e-05 std=3.88e-04 | CIAM: mean=7.60e-06 std=3.51e-05
[05/14 05:38:02] [GradMonitor step=1570] param-grad: weight_base: mean=-3.87e-08 std=6.78e-07 | weight_base_open: mean=4.84e-06 std=9.72e-04 | enc_conv1_weight: mean=-1.48e-02 std=6.82e-02
[05/14 05:38:03] [GradMonitor step=1575] near-input: bn0: mean=2.02e-07 std=5.97e-04 pos=0.50 | enc_conv1: mean=1.00e-13 std=3.68e-04 pos=0.49
[05/14 05:38:03] [GradMonitor step=1575] deep/task: enc_layer4: mean=1.03e-05 std=4.33e-05 | PAM: mean=1.13e-04 std=4.76e-04 | CIAM: mean=1.04e-05 std=4.33e-05
[05/14 05:38:03] [GradMonitor step=1575] param-grad: weight_base: mean=-4.97e-09 std=7.44e-07 | weight_base_open: mean=-4.31e-05 std=1.22e-03 | enc_conv1_weight: mean=1.65e-02 std=8.54e-02
[05/14 05:38:03] [GradMonitor step=1580] near-input: bn0: mean=-2.17e-07 std=5.53e-04 pos=0.50 | enc_conv1: mean=-5.46e-14 std=3.45e-04 pos=0.50
[05/14 05:38:03] [GradMonitor step=1580] deep/task: enc_layer4: mean=5.05e-06 std=4.11e-05 | PAM: mean=5.57e-05 std=4.50e-04 | CIAM: mean=5.07e-06 std=4.11e-05
[05/14 05:38:03] [GradMonitor step=1580] param-grad: weight_base: mean=-4.15e-08 std=1.27e-06 | weight_base_open: mean=-3.72e-05 std=1.12e-03 | enc_conv1_weight: mean=-8.04e-03 std=5.51e-02
[05/14 05:38:04] [GradMonitor step=1585] near-input: bn0: mean=1.07e-07 std=4.53e-04 pos=0.50 | enc_conv1: mean=-3.41e-14 std=2.83e-04 pos=0.51
[05/14 05:38:04] [GradMonitor step=1585] deep/task: enc_layer4: mean=7.70e-06 std=4.48e-05 | PAM: mean=8.53e-05 std=4.95e-04 | CIAM: mean=7.74e-06 std=4.48e-05
[05/14 05:38:04] [GradMonitor step=1585] param-grad: weight_base: mean=3.97e-09 std=5.75e-07 | weight_base_open: mean=5.52e-06 std=1.03e-03 | enc_conv1_weight: mean=-5.07e-03 std=6.71e-02
[05/14 05:38:04] [GradMonitor step=1590] near-input: bn0: mean=-2.24e-07 std=5.12e-04 pos=0.50 | enc_conv1: mean=1.91e-13 std=3.14e-04 pos=0.47
[05/14 05:38:04] [GradMonitor step=1590] deep/task: enc_layer4: mean=8.02e-06 std=4.11e-05 | PAM: mean=8.88e-05 std=4.56e-04 | CIAM: mean=8.06e-06 std=4.11e-05
[05/14 05:38:04] [GradMonitor step=1590] param-grad: weight_base: mean=3.78e-09 std=9.77e-07 | weight_base_open: mean=-8.30e-05 std=1.14e-03 | enc_conv1_weight: mean=2.25e-02 std=7.61e-02
[05/14 05:38:04] [GradMonitor step=1595] near-input: bn0: mean=2.93e-08 std=3.43e-04 pos=0.50 | enc_conv1: mean=-5.23e-14 std=2.13e-04 pos=0.41
[05/14 05:38:04] [GradMonitor step=1595] deep/task: enc_layer4: mean=1.00e-05 std=3.01e-05 | PAM: mean=1.09e-04 std=3.30e-04 | CIAM: mean=1.01e-05 std=3.01e-05
[05/14 05:38:04] [GradMonitor step=1595] param-grad: weight_base: mean=-2.02e-08 std=1.18e-06 | weight_base_open: mean=-8.25e-05 std=9.43e-04 | enc_conv1_weight: mean=-1.65e-02 std=6.15e-02
[05/14 05:38:05] [GradMonitor step=1600] near-input: bn0: mean=-3.05e-07 std=6.32e-04 pos=0.50 | enc_conv1: mean=-1.55e-13 std=3.99e-04 pos=0.44
[05/14 05:38:05] [GradMonitor step=1600] deep/task: enc_layer4: mean=1.00e-05 std=5.52e-05 | PAM: mean=1.13e-04 std=6.08e-04 | CIAM: mean=1.01e-05 std=5.52e-05
[05/14 05:38:05] [GradMonitor step=1600] param-grad: weight_base: mean=-7.68e-09 std=5.34e-07 | weight_base_open: mean=6.15e-05 std=9.39e-04 | enc_conv1_weight: mean=5.81e-03 std=5.44e-02
[05/14 05:38:05] 
[05/14 05:38:05] epoch 4/20, iter 1600:
[05/14 05:38:05] train_loss: 1.54477
[05/14 05:38:05] train_acc: 0.808
[05/14 05:38:05] train_auroc: 0.752
[05/14 05:38:11] Summary name val_6-way-5-shot_tpr@tnr95 is illegal; using val_6-way-5-shot_tpr_tnr95 instead.
[05/14 05:38:11] val_6-way-5-shot_acc: 57.561	0.783
[05/14 05:38:11] val_6-way-5-shot_auroc: 51.993	1.899
[05/14 05:38:11] val_6-way-5-shot_fscore: 20.868	0.224
[05/14 05:38:11] val_6-way-5-shot_tpr@tnr95: 5.962	1.417
[05/14 05:38:11] val_6-way-5-shot_osr: 49.716	0.709
[05/14 05:38:11] BEST ACC!
[05/14 05:38:11] BEST Auroc!
[05/14 05:38:11] [GradMonitor step=1605] near-input: bn0: mean=-2.90e-07 std=3.25e-04 pos=0.50 | enc_conv1: mean=1.14e-13 std=2.02e-04 pos=0.51
[05/14 05:38:11] [GradMonitor step=1605] deep/task: enc_layer4: mean=9.74e-06 std=3.72e-05 | PAM: mean=1.07e-04 std=4.11e-04 | CIAM: mean=9.78e-06 std=3.72e-05
[05/14 05:38:11] [GradMonitor step=1605] param-grad: weight_base: mean=-4.97e-08 std=9.06e-07 | weight_base_open: mean=-8.72e-05 std=1.33e-03 | enc_conv1_weight: mean=-1.09e-02 std=5.26e-02
[05/14 05:38:12] [GradMonitor step=1610] near-input: bn0: mean=-7.45e-08 std=3.13e-04 pos=0.50 | enc_conv1: mean=1.06e-13 std=1.97e-04 pos=0.47
[05/14 05:38:12] [GradMonitor step=1610] deep/task: enc_layer4: mean=7.50e-06 std=3.30e-05 | PAM: mean=8.18e-05 std=3.61e-04 | CIAM: mean=7.54e-06 std=3.30e-05
[05/14 05:38:12] [GradMonitor step=1610] param-grad: weight_base: mean=3.61e-08 std=1.05e-06 | weight_base_open: mean=-1.22e-04 std=1.76e-03 | enc_conv1_weight: mean=6.30e-03 std=5.57e-02
[05/14 05:38:12] [GradMonitor step=1615] near-input: bn0: mean=2.64e-07 std=4.97e-04 pos=0.50 | enc_conv1: mean=1.46e-13 std=3.08e-04 pos=0.53
[05/14 05:38:12] [GradMonitor step=1615] deep/task: enc_layer4: mean=1.17e-05 std=4.12e-05 | PAM: mean=1.28e-04 std=4.51e-04 | CIAM: mean=1.17e-05 std=4.12e-05
[05/14 05:38:12] [GradMonitor step=1615] param-grad: weight_base: mean=5.02e-10 std=3.80e-07 | weight_base_open: mean=3.10e-05 std=9.52e-04 | enc_conv1_weight: mean=2.02e-03 std=5.74e-02
[05/14 05:38:12] [GradMonitor step=1620] near-input: bn0: mean=1.40e-07 std=6.33e-04 pos=0.50 | enc_conv1: mean=3.18e-13 std=3.98e-04 pos=0.50
[05/14 05:38:12] [GradMonitor step=1620] deep/task: enc_layer4: mean=1.23e-05 std=5.36e-05 | PAM: mean=1.34e-04 std=5.97e-04 | CIAM: mean=1.23e-05 std=5.36e-05
[05/14 05:38:12] [GradMonitor step=1620] param-grad: weight_base: mean=-1.02e-08 std=5.33e-07 | weight_base_open: mean=6.76e-06 std=7.49e-04 | enc_conv1_weight: mean=3.47e-05 std=5.75e-02
[05/14 05:38:13] [GradMonitor step=1625] near-input: bn0: mean=4.39e-07 std=7.71e-04 pos=0.50 | enc_conv1: mean=1.18e-13 std=4.80e-04 pos=0.49
[05/14 05:38:13] [GradMonitor step=1625] deep/task: enc_layer4: mean=1.47e-05 std=5.51e-05 | PAM: mean=1.61e-04 std=6.10e-04 | CIAM: mean=1.48e-05 std=5.51e-05
[05/14 05:38:13] [GradMonitor step=1625] param-grad: weight_base: mean=1.20e-08 std=7.10e-07 | weight_base_open: mean=-8.98e-05 std=9.74e-04 | enc_conv1_weight: mean=1.10e-02 std=5.13e-02
[05/14 05:38:13] [GradMonitor step=1630] near-input: bn0: mean=-5.26e-07 std=3.55e-04 pos=0.50 | enc_conv1: mean=5.68e-14 std=2.21e-04 pos=0.53
[05/14 05:38:13] [GradMonitor step=1630] deep/task: enc_layer4: mean=7.78e-06 std=3.58e-05 | PAM: mean=8.62e-05 std=3.98e-04 | CIAM: mean=7.82e-06 std=3.58e-05
[05/14 05:38:13] [GradMonitor step=1630] param-grad: weight_base: mean=-2.86e-09 std=4.15e-07 | weight_base_open: mean=-2.70e-05 std=8.31e-04 | enc_conv1_weight: mean=3.32e-03 std=8.30e-02
[05/14 05:38:14] [GradMonitor step=1635] near-input: bn0: mean=-5.33e-08 std=4.33e-04 pos=0.50 | enc_conv1: mean=6.82e-14 std=2.67e-04 pos=0.47
[05/14 05:38:14] [GradMonitor step=1635] deep/task: enc_layer4: mean=1.15e-05 std=4.32e-05 | PAM: mean=1.27e-04 std=4.80e-04 | CIAM: mean=1.15e-05 std=4.32e-05
[05/14 05:38:14] [GradMonitor step=1635] param-grad: weight_base: mean=1.86e-09 std=5.89e-07 | weight_base_open: mean=-1.94e-04 std=1.17e-03 | enc_conv1_weight: mean=1.66e-02 std=6.07e-02
[05/14 05:38:14] [GradMonitor step=1640] near-input: bn0: mean=-2.64e-07 std=5.54e-04 pos=0.50 | enc_conv1: mean=-1.23e-13 std=3.37e-04 pos=0.54
[05/14 05:38:14] [GradMonitor step=1640] deep/task: enc_layer4: mean=1.04e-05 std=4.57e-05 | PAM: mean=1.15e-04 std=5.05e-04 | CIAM: mean=1.05e-05 std=4.57e-05
[05/14 05:38:14] [GradMonitor step=1640] param-grad: weight_base: mean=2.26e-08 std=8.47e-07 | weight_base_open: mean=3.38e-05 std=1.06e-03 | enc_conv1_weight: mean=-4.19e-04 std=7.97e-02
[05/14 05:38:14] [GradMonitor step=1645] near-input: bn0: mean=1.44e-08 std=3.98e-04 pos=0.50 | enc_conv1: mean=-1.14e-14 std=2.43e-04 pos=0.47
[05/14 05:38:14] [GradMonitor step=1645] deep/task: enc_layer4: mean=9.60e-06 std=3.24e-05 | PAM: mean=1.06e-04 std=3.57e-04 | CIAM: mean=9.65e-06 std=3.24e-05
[05/14 05:38:14] [GradMonitor step=1645] param-grad: weight_base: mean=5.72e-10 std=4.28e-07 | weight_base_open: mean=3.36e-05 std=1.09e-03 | enc_conv1_weight: mean=-1.14e-02 std=7.54e-02
[05/14 05:38:15] [GradMonitor step=1650] near-input: bn0: mean=1.45e-07 std=4.97e-04 pos=0.50 | enc_conv1: mean=-1.82e-14 std=3.12e-04 pos=0.47
[05/14 05:38:15] [GradMonitor step=1650] deep/task: enc_layer4: mean=1.11e-05 std=4.22e-05 | PAM: mean=1.21e-04 std=4.65e-04 | CIAM: mean=1.11e-05 std=4.22e-05
[05/14 05:38:15] [GradMonitor step=1650] param-grad: weight_base: mean=-1.11e-08 std=4.46e-07 | weight_base_open: mean=-2.34e-05 std=9.73e-04 | enc_conv1_weight: mean=-3.24e-03 std=4.39e-02
[05/14 05:38:15] [GradMonitor step=1655] near-input: bn0: mean=1.90e-07 std=4.49e-04 pos=0.50 | enc_conv1: mean=1.82e-14 std=2.76e-04 pos=0.51
[05/14 05:38:15] [GradMonitor step=1655] deep/task: enc_layer4: mean=8.44e-06 std=4.31e-05 | PAM: mean=9.33e-05 std=4.76e-04 | CIAM: mean=8.48e-06 std=4.31e-05
[05/14 05:38:15] [GradMonitor step=1655] param-grad: weight_base: mean=1.21e-09 std=2.60e-07 | weight_base_open: mean=1.53e-06 std=8.34e-04 | enc_conv1_weight: mean=-1.16e-02 std=5.68e-02
[05/14 05:38:16] [GradMonitor step=1660] near-input: bn0: mean=-5.00e-07 std=3.84e-04 pos=0.50 | enc_conv1: mean=-1.09e-13 std=2.35e-04 pos=0.54
[05/14 05:38:16] [GradMonitor step=1660] deep/task: enc_layer4: mean=9.87e-06 std=3.99e-05 | PAM: mean=1.09e-04 std=4.42e-04 | CIAM: mean=9.92e-06 std=4.00e-05
[05/14 05:38:16] [GradMonitor step=1660] param-grad: weight_base: mean=-3.53e-08 std=1.00e-06 | weight_base_open: mean=-1.88e-04 std=1.34e-03 | enc_conv1_weight: mean=-3.24e-03 std=6.37e-02
[05/14 05:38:16] [GradMonitor step=1665] near-input: bn0: mean=-2.65e-07 std=5.36e-04 pos=0.50 | enc_conv1: mean=-3.64e-14 std=3.29e-04 pos=0.51
[05/14 05:38:16] [GradMonitor step=1665] deep/task: enc_layer4: mean=8.86e-06 std=4.45e-05 | PAM: mean=9.71e-05 std=4.89e-04 | CIAM: mean=8.91e-06 std=4.45e-05
[05/14 05:38:16] [GradMonitor step=1665] param-grad: weight_base: mean=-9.41e-09 std=8.71e-07 | weight_base_open: mean=1.49e-05 std=1.21e-03 | enc_conv1_weight: mean=2.17e-03 std=8.18e-02
[05/14 05:38:16] [GradMonitor step=1670] near-input: bn0: mean=5.97e-07 std=6.28e-04 pos=0.50 | enc_conv1: mean=-7.28e-14 std=3.85e-04 pos=0.48
[05/14 05:38:16] [GradMonitor step=1670] deep/task: enc_layer4: mean=1.24e-05 std=4.63e-05 | PAM: mean=1.37e-04 std=5.13e-04 | CIAM: mean=1.24e-05 std=4.63e-05
[05/14 05:38:16] [GradMonitor step=1670] param-grad: weight_base: mean=2.41e-08 std=1.08e-06 | weight_base_open: mean=1.56e-04 std=1.25e-03 | enc_conv1_weight: mean=-2.51e-02 std=6.66e-02
[05/14 05:38:17] [GradMonitor step=1675] near-input: bn0: mean=-4.30e-07 std=6.68e-04 pos=0.50 | enc_conv1: mean=9.55e-14 std=4.22e-04 pos=0.50
[05/14 05:38:17] [GradMonitor step=1675] deep/task: enc_layer4: mean=1.31e-05 std=5.15e-05 | PAM: mean=1.45e-04 std=5.66e-04 | CIAM: mean=1.32e-05 std=5.15e-05
[05/14 05:38:17] [GradMonitor step=1675] param-grad: weight_base: mean=1.65e-08 std=5.76e-07 | weight_base_open: mean=9.40e-07 std=1.02e-03 | enc_conv1_weight: mean=7.57e-03 std=5.88e-02
[05/14 05:38:17] [GradMonitor step=1680] near-input: bn0: mean=-3.61e-08 std=6.42e-04 pos=0.50 | enc_conv1: mean=2.73e-14 std=4.04e-04 pos=0.50
[05/14 05:38:17] [GradMonitor step=1680] deep/task: enc_layer4: mean=1.08e-05 std=5.65e-05 | PAM: mean=1.19e-04 std=6.22e-04 | CIAM: mean=1.08e-05 std=5.65e-05
[05/14 05:38:17] [GradMonitor step=1680] param-grad: weight_base: mean=-2.63e-08 std=4.15e-07 | weight_base_open: mean=-2.15e-05 std=1.17e-03 | enc_conv1_weight: mean=-7.61e-03 std=7.10e-02
[05/14 05:38:17] [GradMonitor step=1685] near-input: bn0: mean=-5.70e-08 std=4.11e-04 pos=0.50 | enc_conv1: mean=1.36e-13 std=2.53e-04 pos=0.46
[05/14 05:38:17] [GradMonitor step=1685] deep/task: enc_layer4: mean=1.17e-05 std=3.92e-05 | PAM: mean=1.29e-04 std=4.34e-04 | CIAM: mean=1.18e-05 std=3.92e-05
[05/14 05:38:17] [GradMonitor step=1685] param-grad: weight_base: mean=2.71e-10 std=3.57e-07 | weight_base_open: mean=-3.96e-05 std=1.21e-03 | enc_conv1_weight: mean=2.46e-03 std=5.52e-02
[05/14 05:38:18] [GradMonitor step=1690] near-input: bn0: mean=1.55e-07 std=4.28e-04 pos=0.50 | enc_conv1: mean=-5.46e-14 std=2.72e-04 pos=0.47
[05/14 05:38:18] [GradMonitor step=1690] deep/task: enc_layer4: mean=1.13e-05 std=4.28e-05 | PAM: mean=1.24e-04 std=4.71e-04 | CIAM: mean=1.14e-05 std=4.28e-05
[05/14 05:38:18] [GradMonitor step=1690] param-grad: weight_base: mean=-9.34e-09 std=4.09e-07 | weight_base_open: mean=1.76e-04 std=1.05e-03 | enc_conv1_weight: mean=5.09e-03 std=6.61e-02
[05/14 05:38:18] [GradMonitor step=1695] near-input: bn0: mean=-4.72e-08 std=2.83e-04 pos=0.50 | enc_conv1: mean=8.53e-14 std=1.77e-04 pos=0.46
[05/14 05:38:18] [GradMonitor step=1695] deep/task: enc_layer4: mean=8.04e-06 std=2.92e-05 | PAM: mean=8.86e-05 std=3.21e-04 | CIAM: mean=8.09e-06 std=2.92e-05
[05/14 05:38:18] [GradMonitor step=1695] param-grad: weight_base: mean=4.10e-08 std=8.53e-07 | weight_base_open: mean=2.64e-05 std=9.79e-04 | enc_conv1_weight: mean=8.17e-04 std=5.91e-02
[05/14 05:38:19] [GradMonitor step=1700] near-input: bn0: mean=5.20e-07 std=4.28e-04 pos=0.50 | enc_conv1: mean=-6.82e-14 std=2.60e-04 pos=0.58
[05/14 05:38:19] [GradMonitor step=1700] deep/task: enc_layer4: mean=7.30e-06 std=4.00e-05 | PAM: mean=8.00e-05 std=4.40e-04 | CIAM: mean=7.33e-06 std=4.00e-05
[05/14 05:38:19] [GradMonitor step=1700] param-grad: weight_base: mean=1.60e-08 std=6.77e-07 | weight_base_open: mean=7.34e-05 std=1.60e-03 | enc_conv1_weight: mean=-1.50e-03 std=5.21e-02
[05/14 05:38:19] [GradMonitor step=1705] near-input: bn0: mean=1.00e-08 std=3.52e-04 pos=0.50 | enc_conv1: mean=0.00e+00 std=2.22e-04 pos=0.47
[05/14 05:38:19] [GradMonitor step=1705] deep/task: enc_layer4: mean=4.35e-06 std=4.18e-05 | PAM: mean=4.78e-05 std=4.63e-04 | CIAM: mean=4.37e-06 std=4.18e-05
[05/14 05:38:19] [GradMonitor step=1705] param-grad: weight_base: mean=-3.25e-09 std=3.75e-07 | weight_base_open: mean=9.09e-05 std=8.36e-04 | enc_conv1_weight: mean=9.98e-03 std=8.18e-02
[05/14 05:38:19] [GradMonitor step=1710] near-input: bn0: mean=2.96e-07 std=3.93e-04 pos=0.50 | enc_conv1: mean=-5.91e-14 std=2.44e-04 pos=0.50
[05/14 05:38:19] [GradMonitor step=1710] deep/task: enc_layer4: mean=6.00e-06 std=4.12e-05 | PAM: mean=6.57e-05 std=4.57e-04 | CIAM: mean=6.03e-06 std=4.12e-05
[05/14 05:38:19] [GradMonitor step=1710] param-grad: weight_base: mean=2.94e-09 std=2.66e-07 | weight_base_open: mean=-2.28e-05 std=8.68e-04 | enc_conv1_weight: mean=-1.53e-02 std=7.05e-02
[05/14 05:38:20] [GradMonitor step=1715] near-input: bn0: mean=1.63e-07 std=6.31e-04 pos=0.50 | enc_conv1: mean=-4.55e-14 std=3.97e-04 pos=0.50
[05/14 05:38:20] [GradMonitor step=1715] deep/task: enc_layer4: mean=1.23e-05 std=5.38e-05 | PAM: mean=1.35e-04 std=5.91e-04 | CIAM: mean=1.24e-05 std=5.37e-05
[05/14 05:38:20] [GradMonitor step=1715] param-grad: weight_base: mean=-8.97e-09 std=3.90e-07 | weight_base_open: mean=-4.93e-05 std=9.65e-04 | enc_conv1_weight: mean=-5.97e-03 std=5.67e-02
[05/14 05:38:20] [GradMonitor step=1720] near-input: bn0: mean=2.11e-07 std=6.32e-04 pos=0.50 | enc_conv1: mean=-4.37e-13 std=3.97e-04 pos=0.56
[05/14 05:38:20] [GradMonitor step=1720] deep/task: enc_layer4: mean=1.44e-05 std=4.58e-05 | PAM: mean=1.58e-04 std=5.08e-04 | CIAM: mean=1.45e-05 std=4.58e-05
[05/14 05:38:20] [GradMonitor step=1720] param-grad: weight_base: mean=1.34e-08 std=1.27e-06 | weight_base_open: mean=1.14e-04 std=1.09e-03 | enc_conv1_weight: mean=8.44e-03 std=5.92e-02
[05/14 05:38:20] [GradMonitor step=1725] near-input: bn0: mean=-8.22e-07 std=5.66e-04 pos=0.50 | enc_conv1: mean=-9.09e-15 std=3.51e-04 pos=0.56
[05/14 05:38:20] [GradMonitor step=1725] deep/task: enc_layer4: mean=1.16e-05 std=3.80e-05 | PAM: mean=1.28e-04 std=4.18e-04 | CIAM: mean=1.17e-05 std=3.81e-05
[05/14 05:38:20] [GradMonitor step=1725] param-grad: weight_base: mean=1.23e-08 std=9.58e-07 | weight_base_open: mean=1.35e-04 std=1.06e-03 | enc_conv1_weight: mean=6.62e-03 std=5.60e-02
[05/14 05:38:21] [GradMonitor step=1730] near-input: bn0: mean=-1.03e-07 std=4.35e-04 pos=0.50 | enc_conv1: mean=-3.75e-14 std=2.67e-04 pos=0.56
[05/14 05:38:21] [GradMonitor step=1730] deep/task: enc_layer4: mean=9.41e-06 std=4.20e-05 | PAM: mean=1.03e-04 std=4.63e-04 | CIAM: mean=9.45e-06 std=4.20e-05
[05/14 05:38:21] [GradMonitor step=1730] param-grad: weight_base: mean=-1.60e-08 std=4.83e-07 | weight_base_open: mean=8.50e-05 std=1.10e-03 | enc_conv1_weight: mean=2.85e-03 std=7.22e-02
[05/14 05:38:21] [GradMonitor step=1735] near-input: bn0: mean=-1.05e-07 std=3.51e-04 pos=0.50 | enc_conv1: mean=-5.91e-14 std=2.15e-04 pos=0.50
[05/14 05:38:21] [GradMonitor step=1735] deep/task: enc_layer4: mean=1.06e-05 std=2.98e-05 | PAM: mean=1.15e-04 std=3.25e-04 | CIAM: mean=1.07e-05 std=2.98e-05
[05/14 05:38:21] [GradMonitor step=1735] param-grad: weight_base: mean=5.00e-09 std=6.42e-07 | weight_base_open: mean=8.91e-06 std=8.66e-04 | enc_conv1_weight: mean=7.31e-03 std=5.40e-02
[05/14 05:38:22] [GradMonitor step=1740] near-input: bn0: mean=-6.23e-07 std=4.61e-04 pos=0.50 | enc_conv1: mean=-7.73e-14 std=2.85e-04 pos=0.36
[05/14 05:38:22] [GradMonitor step=1740] deep/task: enc_layer4: mean=8.89e-06 std=3.90e-05 | PAM: mean=9.70e-05 std=4.29e-04 | CIAM: mean=8.94e-06 std=3.90e-05
[05/14 05:38:22] [GradMonitor step=1740] param-grad: weight_base: mean=8.70e-09 std=6.76e-07 | weight_base_open: mean=1.06e-05 std=1.09e-03 | enc_conv1_weight: mean=-1.60e-02 std=8.17e-02
[05/14 05:38:22] [GradMonitor step=1745] near-input: bn0: mean=4.70e-07 std=4.22e-04 pos=0.50 | enc_conv1: mean=-1.59e-14 std=2.59e-04 pos=0.52
[05/14 05:38:22] [GradMonitor step=1745] deep/task: enc_layer4: mean=8.16e-06 std=3.67e-05 | PAM: mean=8.80e-05 std=4.03e-04 | CIAM: mean=8.21e-06 std=3.67e-05
[05/14 05:38:22] [GradMonitor step=1745] param-grad: weight_base: mean=1.48e-08 std=6.38e-07 | weight_base_open: mean=-2.63e-05 std=1.06e-03 | enc_conv1_weight: mean=5.45e-02 std=1.14e-01
[05/14 05:38:22] [GradMonitor step=1750] near-input: bn0: mean=-4.85e-07 std=3.92e-04 pos=0.50 | enc_conv1: mean=-6.59e-14 std=2.41e-04 pos=0.50
[05/14 05:38:22] [GradMonitor step=1750] deep/task: enc_layer4: mean=5.37e-06 std=3.69e-05 | PAM: mean=5.96e-05 std=4.05e-04 | CIAM: mean=5.40e-06 std=3.69e-05
[05/14 05:38:22] [GradMonitor step=1750] param-grad: weight_base: mean=1.85e-08 std=5.49e-07 | weight_base_open: mean=1.35e-04 std=1.11e-03 | enc_conv1_weight: mean=-1.77e-03 std=5.46e-02
[05/14 05:38:23] [GradMonitor step=1755] near-input: bn0: mean=-7.43e-08 std=4.88e-04 pos=0.50 | enc_conv1: mean=4.55e-15 std=2.97e-04 pos=0.49
[05/14 05:38:23] [GradMonitor step=1755] deep/task: enc_layer4: mean=7.52e-06 std=3.91e-05 | PAM: mean=8.29e-05 std=4.29e-04 | CIAM: mean=7.55e-06 std=3.91e-05
[05/14 05:38:23] [GradMonitor step=1755] param-grad: weight_base: mean=-1.87e-08 std=1.10e-06 | weight_base_open: mean=4.77e-05 std=1.43e-03 | enc_conv1_weight: mean=1.12e-02 std=6.53e-02
[05/14 05:38:23] [GradMonitor step=1760] near-input: bn0: mean=3.89e-08 std=5.78e-04 pos=0.50 | enc_conv1: mean=5.23e-14 std=3.50e-04 pos=0.51
[05/14 05:38:23] [GradMonitor step=1760] deep/task: enc_layer4: mean=1.45e-05 std=3.50e-05 | PAM: mean=1.59e-04 std=3.84e-04 | CIAM: mean=1.46e-05 std=3.50e-05
[05/14 05:38:23] [GradMonitor step=1760] param-grad: weight_base: mean=3.16e-09 std=5.36e-07 | weight_base_open: mean=8.04e-05 std=1.25e-03 | enc_conv1_weight: mean=8.99e-03 std=6.01e-02
[05/14 05:38:23] [GradMonitor step=1765] near-input: bn0: mean=2.72e-07 std=4.11e-04 pos=0.50 | enc_conv1: mean=2.27e-13 std=2.61e-04 pos=0.44
[05/14 05:38:23] [GradMonitor step=1765] deep/task: enc_layer4: mean=1.31e-05 std=3.90e-05 | PAM: mean=1.44e-04 std=4.29e-04 | CIAM: mean=1.32e-05 std=3.90e-05
[05/14 05:38:23] [GradMonitor step=1765] param-grad: weight_base: mean=-2.07e-08 std=1.19e-06 | weight_base_open: mean=8.25e-05 std=1.16e-03 | enc_conv1_weight: mean=3.54e-04 std=4.90e-02
[05/14 05:38:24] [GradMonitor step=1770] near-input: bn0: mean=-3.86e-08 std=3.69e-04 pos=0.50 | enc_conv1: mean=3.64e-14 std=2.26e-04 pos=0.45
[05/14 05:38:24] [GradMonitor step=1770] deep/task: enc_layer4: mean=9.21e-06 std=3.19e-05 | PAM: mean=1.01e-04 std=3.50e-04 | CIAM: mean=9.26e-06 std=3.19e-05
[05/14 05:38:24] [GradMonitor step=1770] param-grad: weight_base: mean=-6.12e-09 std=4.48e-07 | weight_base_open: mean=3.77e-05 std=9.30e-04 | enc_conv1_weight: mean=-1.09e-02 std=6.58e-02
[05/14 05:38:24] [GradMonitor step=1775] near-input: bn0: mean=3.58e-07 std=5.00e-04 pos=0.50 | enc_conv1: mean=1.05e-13 std=3.20e-04 pos=0.44
[05/14 05:38:24] [GradMonitor step=1775] deep/task: enc_layer4: mean=1.17e-05 std=4.73e-05 | PAM: mean=1.29e-04 std=5.22e-04 | CIAM: mean=1.18e-05 std=4.73e-05
[05/14 05:38:24] [GradMonitor step=1775] param-grad: weight_base: mean=-1.27e-08 std=4.47e-07 | weight_base_open: mean=5.38e-05 std=9.38e-04 | enc_conv1_weight: mean=-1.13e-03 std=5.74e-02
[05/14 05:38:25] [GradMonitor step=1780] near-input: bn0: mean=-1.80e-07 std=3.85e-04 pos=0.50 | enc_conv1: mean=8.64e-14 std=2.35e-04 pos=0.49
[05/14 05:38:25] [GradMonitor step=1780] deep/task: enc_layer4: mean=9.21e-06 std=3.66e-05 | PAM: mean=1.02e-04 std=4.04e-04 | CIAM: mean=9.25e-06 std=3.66e-05
[05/14 05:38:25] [GradMonitor step=1780] param-grad: weight_base: mean=-2.47e-08 std=7.86e-07 | weight_base_open: mean=-1.81e-04 std=1.36e-03 | enc_conv1_weight: mean=-8.47e-03 std=6.17e-02
[05/14 05:38:25] [GradMonitor step=1785] near-input: bn0: mean=-5.16e-09 std=2.71e-04 pos=0.50 | enc_conv1: mean=-1.82e-14 std=1.66e-04 pos=0.53
[05/14 05:38:25] [GradMonitor step=1785] deep/task: enc_layer4: mean=9.53e-06 std=2.67e-05 | PAM: mean=1.04e-04 std=2.93e-04 | CIAM: mean=9.59e-06 std=2.68e-05
[05/14 05:38:25] [GradMonitor step=1785] param-grad: weight_base: mean=2.54e-08 std=8.32e-07 | weight_base_open: mean=-7.35e-05 std=1.16e-03 | enc_conv1_weight: mean=-1.40e-02 std=5.19e-02
[05/14 05:38:25] [GradMonitor step=1790] near-input: bn0: mean=-2.34e-07 std=4.10e-04 pos=0.50 | enc_conv1: mean=7.28e-14 std=2.49e-04 pos=0.49
[05/14 05:38:25] [GradMonitor step=1790] deep/task: enc_layer4: mean=1.34e-05 std=3.96e-05 | PAM: mean=1.46e-04 std=4.39e-04 | CIAM: mean=1.35e-05 std=3.96e-05
[05/14 05:38:25] [GradMonitor step=1790] param-grad: weight_base: mean=-1.26e-08 std=6.56e-07 | weight_base_open: mean=-1.68e-05 std=8.99e-04 | enc_conv1_weight: mean=9.39e-03 std=4.74e-02
[05/14 05:38:26] [GradMonitor step=1795] near-input: bn0: mean=-5.70e-07 std=5.76e-04 pos=0.50 | enc_conv1: mean=2.23e-13 std=3.49e-04 pos=0.46
[05/14 05:38:26] [GradMonitor step=1795] deep/task: enc_layer4: mean=1.28e-05 std=4.04e-05 | PAM: mean=1.41e-04 std=4.45e-04 | CIAM: mean=1.28e-05 std=4.04e-05
[05/14 05:38:26] [GradMonitor step=1795] param-grad: weight_base: mean=1.96e-08 std=5.57e-07 | weight_base_open: mean=1.29e-05 std=8.07e-04 | enc_conv1_weight: mean=3.03e-03 std=4.92e-02
[05/14 05:38:26] [GradMonitor step=1800] near-input: bn0: mean=-7.05e-08 std=4.50e-04 pos=0.50 | enc_conv1: mean=-8.87e-14 std=2.78e-04 pos=0.56
[05/14 05:38:26] [GradMonitor step=1800] deep/task: enc_layer4: mean=1.12e-05 std=3.77e-05 | PAM: mean=1.22e-04 std=4.16e-04 | CIAM: mean=1.12e-05 std=3.77e-05
[05/14 05:38:26] [GradMonitor step=1800] param-grad: weight_base: mean=-3.65e-08 std=8.45e-07 | weight_base_open: mean=3.74e-06 std=1.34e-03 | enc_conv1_weight: mean=3.71e-03 std=5.71e-02
[05/14 05:38:27] [GradMonitor step=1805] near-input: bn0: mean=-3.32e-07 std=4.78e-04 pos=0.50 | enc_conv1: mean=-2.73e-14 std=2.92e-04 pos=0.49
[05/14 05:38:27] [GradMonitor step=1805] deep/task: enc_layer4: mean=9.59e-06 std=3.96e-05 | PAM: mean=1.05e-04 std=4.39e-04 | CIAM: mean=9.65e-06 std=3.96e-05
[05/14 05:38:27] [GradMonitor step=1805] param-grad: weight_base: mean=-3.92e-08 std=7.14e-07 | weight_base_open: mean=-5.34e-05 std=1.10e-03 | enc_conv1_weight: mean=2.81e-03 std=7.21e-02
[05/14 05:38:27] [GradMonitor step=1810] near-input: bn0: mean=-4.55e-07 std=5.41e-04 pos=0.50 | enc_conv1: mean=-8.19e-14 std=3.34e-04 pos=0.45
[05/14 05:38:27] [GradMonitor step=1810] deep/task: enc_layer4: mean=1.05e-05 std=4.53e-05 | PAM: mean=1.15e-04 std=4.99e-04 | CIAM: mean=1.05e-05 std=4.53e-05
[05/14 05:38:27] [GradMonitor step=1810] param-grad: weight_base: mean=-2.84e-08 std=5.20e-07 | weight_base_open: mean=5.66e-05 std=8.01e-04 | enc_conv1_weight: mean=-2.46e-03 std=7.28e-02
[05/14 05:38:27] [GradMonitor step=1815] near-input: bn0: mean=1.18e-08 std=4.17e-04 pos=0.50 | enc_conv1: mean=-9.55e-14 std=2.59e-04 pos=0.47
[05/14 05:38:27] [GradMonitor step=1815] deep/task: enc_layer4: mean=6.71e-06 std=4.19e-05 | PAM: mean=7.50e-05 std=4.62e-04 | CIAM: mean=6.74e-06 std=4.19e-05
[05/14 05:38:27] [GradMonitor step=1815] param-grad: weight_base: mean=-9.33e-09 std=2.72e-07 | weight_base_open: mean=-3.61e-05 std=1.07e-03 | enc_conv1_weight: mean=-8.26e-03 std=5.41e-02
[05/14 05:38:28] [GradMonitor step=1820] near-input: bn0: mean=-4.14e-07 std=3.95e-04 pos=0.50 | enc_conv1: mean=-7.28e-14 std=2.39e-04 pos=0.44
[05/14 05:38:28] [GradMonitor step=1820] deep/task: enc_layer4: mean=1.35e-05 std=3.97e-05 | PAM: mean=1.49e-04 std=4.38e-04 | CIAM: mean=1.35e-05 std=3.97e-05
[05/14 05:38:28] [GradMonitor step=1820] param-grad: weight_base: mean=-3.43e-10 std=3.68e-07 | weight_base_open: mean=8.76e-05 std=1.31e-03 | enc_conv1_weight: mean=1.76e-04 std=6.63e-02
[05/14 05:38:28] [GradMonitor step=1825] near-input: bn0: mean=-5.28e-07 std=4.45e-04 pos=0.50 | enc_conv1: mean=-8.87e-14 std=2.69e-04 pos=0.45
[05/14 05:38:28] [GradMonitor step=1825] deep/task: enc_layer4: mean=9.49e-06 std=3.59e-05 | PAM: mean=1.04e-04 std=3.94e-04 | CIAM: mean=9.55e-06 std=3.59e-05
[05/14 05:38:28] [GradMonitor step=1825] param-grad: weight_base: mean=3.36e-08 std=1.02e-06 | weight_base_open: mean=-2.60e-05 std=9.91e-04 | enc_conv1_weight: mean=1.73e-02 std=5.65e-02
[05/14 05:38:28] [GradMonitor step=1830] near-input: bn0: mean=-5.32e-07 std=4.00e-04 pos=0.50 | enc_conv1: mean=1.47e-13 std=2.45e-04 pos=0.46
[05/14 05:38:28] [GradMonitor step=1830] deep/task: enc_layer4: mean=1.19e-05 std=3.75e-05 | PAM: mean=1.31e-04 std=4.15e-04 | CIAM: mean=1.20e-05 std=3.75e-05
[05/14 05:38:28] [GradMonitor step=1830] param-grad: weight_base: mean=1.41e-08 std=6.44e-07 | weight_base_open: mean=6.68e-05 std=1.11e-03 | enc_conv1_weight: mean=9.90e-04 std=6.78e-02
[05/14 05:38:29] [GradMonitor step=1835] near-input: bn0: mean=3.65e-08 std=6.85e-04 pos=0.50 | enc_conv1: mean=1.36e-14 std=4.20e-04 pos=0.52
[05/14 05:38:29] [GradMonitor step=1835] deep/task: enc_layer4: mean=1.29e-05 std=4.79e-05 | PAM: mean=1.42e-04 std=5.27e-04 | CIAM: mean=1.30e-05 std=4.79e-05
[05/14 05:38:29] [GradMonitor step=1835] param-grad: weight_base: mean=-5.70e-09 std=7.56e-07 | weight_base_open: mean=4.16e-05 std=1.12e-03 | enc_conv1_weight: mean=-1.83e-02 std=6.77e-02
[05/14 05:38:29] [GradMonitor step=1840] near-input: bn0: mean=-2.02e-07 std=4.11e-04 pos=0.50 | enc_conv1: mean=-1.82e-14 std=2.54e-04 pos=0.46
[05/14 05:38:29] [GradMonitor step=1840] deep/task: enc_layer4: mean=8.03e-06 std=4.19e-05 | PAM: mean=8.83e-05 std=4.63e-04 | CIAM: mean=8.08e-06 std=4.19e-05
[05/14 05:38:29] [GradMonitor step=1840] param-grad: weight_base: mean=-1.60e-08 std=5.73e-07 | weight_base_open: mean=2.16e-05 std=9.74e-04 | enc_conv1_weight: mean=3.75e-03 std=6.47e-02
[05/14 05:38:30] [GradMonitor step=1845] near-input: bn0: mean=-2.75e-07 std=6.07e-04 pos=0.50 | enc_conv1: mean=-1.00e-13 std=3.73e-04 pos=0.53
[05/14 05:38:30] [GradMonitor step=1845] deep/task: enc_layer4: mean=1.10e-05 std=4.71e-05 | PAM: mean=1.21e-04 std=5.25e-04 | CIAM: mean=1.10e-05 std=4.72e-05
[05/14 05:38:30] [GradMonitor step=1845] param-grad: weight_base: mean=-1.40e-08 std=6.00e-07 | weight_base_open: mean=-1.56e-05 std=1.05e-03 | enc_conv1_weight: mean=7.20e-03 std=5.33e-02
[05/14 05:38:30] [GradMonitor step=1850] near-input: bn0: mean=3.13e-07 std=6.32e-04 pos=0.50 | enc_conv1: mean=-1.09e-13 std=3.83e-04 pos=0.49
[05/14 05:38:30] [GradMonitor step=1850] deep/task: enc_layer4: mean=7.10e-06 std=5.76e-05 | PAM: mean=7.73e-05 std=6.35e-04 | CIAM: mean=7.13e-06 std=5.76e-05
[05/14 05:38:30] [GradMonitor step=1850] param-grad: weight_base: mean=-1.49e-08 std=5.21e-07 | weight_base_open: mean=-2.37e-05 std=1.01e-03 | enc_conv1_weight: mean=-4.58e-03 std=6.25e-02
[05/14 05:38:30] [GradMonitor step=1855] near-input: bn0: mean=-1.12e-07 std=5.79e-04 pos=0.50 | enc_conv1: mean=1.84e-13 std=3.53e-04 pos=0.56
[05/14 05:38:30] [GradMonitor step=1855] deep/task: enc_layer4: mean=9.67e-06 std=5.16e-05 | PAM: mean=1.04e-04 std=5.64e-04 | CIAM: mean=9.71e-06 std=5.16e-05
[05/14 05:38:30] [GradMonitor step=1855] param-grad: weight_base: mean=7.40e-10 std=3.96e-07 | weight_base_open: mean=-4.14e-05 std=1.25e-03 | enc_conv1_weight: mean=-1.40e-02 std=6.43e-02
[05/14 05:38:31] [GradMonitor step=1860] near-input: bn0: mean=-3.14e-07 std=3.89e-04 pos=0.50 | enc_conv1: mean=2.73e-14 std=2.36e-04 pos=0.51
[05/14 05:38:31] [GradMonitor step=1860] deep/task: enc_layer4: mean=9.68e-06 std=3.62e-05 | PAM: mean=1.06e-04 std=3.97e-04 | CIAM: mean=9.73e-06 std=3.62e-05
[05/14 05:38:31] [GradMonitor step=1860] param-grad: weight_base: mean=-9.17e-11 std=1.11e-06 | weight_base_open: mean=2.51e-05 std=1.03e-03 | enc_conv1_weight: mean=2.52e-02 std=8.09e-02
[05/14 05:38:31] [GradMonitor step=1865] near-input: bn0: mean=3.40e-07 std=2.96e-04 pos=0.50 | enc_conv1: mean=1.82e-14 std=1.79e-04 pos=0.37
[05/14 05:38:31] [GradMonitor step=1865] deep/task: enc_layer4: mean=8.88e-06 std=3.02e-05 | PAM: mean=9.71e-05 std=3.31e-04 | CIAM: mean=8.93e-06 std=3.02e-05
[05/14 05:38:31] [GradMonitor step=1865] param-grad: weight_base: mean=1.64e-08 std=5.64e-07 | weight_base_open: mean=-6.62e-05 std=1.26e-03 | enc_conv1_weight: mean=1.76e-02 std=5.02e-02
[05/14 05:38:32] [GradMonitor step=1870] near-input: bn0: mean=1.57e-07 std=5.48e-04 pos=0.50 | enc_conv1: mean=-1.36e-13 std=3.30e-04 pos=0.57
[05/14 05:38:32] [GradMonitor step=1870] deep/task: enc_layer4: mean=9.03e-06 std=3.63e-05 | PAM: mean=9.80e-05 std=3.96e-04 | CIAM: mean=9.10e-06 std=3.63e-05
[05/14 05:38:32] [GradMonitor step=1870] param-grad: weight_base: mean=2.39e-08 std=9.98e-07 | weight_base_open: mean=9.79e-05 std=1.55e-03 | enc_conv1_weight: mean=-1.31e-02 std=6.34e-02
[05/14 05:38:32] [GradMonitor step=1875] near-input: bn0: mean=5.16e-08 std=4.78e-04 pos=0.50 | enc_conv1: mean=-1.82e-14 std=2.97e-04 pos=0.51
[05/14 05:38:32] [GradMonitor step=1875] deep/task: enc_layer4: mean=1.21e-05 std=4.72e-05 | PAM: mean=1.33e-04 std=5.21e-04 | CIAM: mean=1.22e-05 std=4.72e-05
[05/14 05:38:32] [GradMonitor step=1875] param-grad: weight_base: mean=3.02e-08 std=9.78e-07 | weight_base_open: mean=-3.36e-05 std=1.23e-03 | enc_conv1_weight: mean=4.67e-04 std=5.73e-02
[05/14 05:38:32] [GradMonitor step=1880] near-input: bn0: mean=2.89e-07 std=5.64e-04 pos=0.50 | enc_conv1: mean=-1.18e-13 std=3.41e-04 pos=0.55
[05/14 05:38:32] [GradMonitor step=1880] deep/task: enc_layer4: mean=9.25e-06 std=4.57e-05 | PAM: mean=1.01e-04 std=5.03e-04 | CIAM: mean=9.31e-06 std=4.57e-05
[05/14 05:38:32] [GradMonitor step=1880] param-grad: weight_base: mean=-5.74e-08 std=1.12e-06 | weight_base_open: mean=-1.61e-05 std=1.43e-03 | enc_conv1_weight: mean=-5.19e-03 std=6.90e-02
[05/14 05:38:33] [GradMonitor step=1885] near-input: bn0: mean=-1.48e-07 std=4.49e-04 pos=0.50 | enc_conv1: mean=1.00e-13 std=2.73e-04 pos=0.51
[05/14 05:38:33] [GradMonitor step=1885] deep/task: enc_layer4: mean=1.32e-05 std=3.22e-05 | PAM: mean=1.45e-04 std=3.56e-04 | CIAM: mean=1.33e-05 std=3.22e-05
[05/14 05:38:33] [GradMonitor step=1885] param-grad: weight_base: mean=-7.68e-09 std=4.00e-07 | weight_base_open: mean=-4.23e-05 std=1.08e-03 | enc_conv1_weight: mean=-1.18e-03 std=5.40e-02
[05/14 05:38:33] [GradMonitor step=1890] near-input: bn0: mean=2.12e-07 std=5.26e-04 pos=0.50 | enc_conv1: mean=-1.23e-13 std=3.20e-04 pos=0.55
[05/14 05:38:33] [GradMonitor step=1890] deep/task: enc_layer4: mean=1.57e-05 std=3.64e-05 | PAM: mean=1.71e-04 std=4.00e-04 | CIAM: mean=1.57e-05 std=3.64e-05
[05/14 05:38:33] [GradMonitor step=1890] param-grad: weight_base: mean=-1.16e-08 std=5.95e-07 | weight_base_open: mean=-1.44e-05 std=1.30e-03 | enc_conv1_weight: mean=-1.01e-02 std=6.42e-02
[05/14 05:38:33] [GradMonitor step=1895] near-input: bn0: mean=-2.83e-08 std=6.24e-04 pos=0.50 | enc_conv1: mean=2.96e-14 std=3.88e-04 pos=0.50
[05/14 05:38:33] [GradMonitor step=1895] deep/task: enc_layer4: mean=8.22e-06 std=4.79e-05 | PAM: mean=9.02e-05 std=5.30e-04 | CIAM: mean=8.27e-06 std=4.79e-05
[05/14 05:38:33] [GradMonitor step=1895] param-grad: weight_base: mean=3.72e-08 std=1.28e-06 | weight_base_open: mean=-1.16e-04 std=1.68e-03 | enc_conv1_weight: mean=3.83e-03 std=7.86e-02
[05/14 05:38:34] [GradMonitor step=1900] near-input: bn0: mean=8.03e-08 std=4.76e-04 pos=0.50 | enc_conv1: mean=-8.19e-14 std=2.92e-04 pos=0.56
[05/14 05:38:34] [GradMonitor step=1900] deep/task: enc_layer4: mean=1.24e-05 std=4.31e-05 | PAM: mean=1.37e-04 std=4.75e-04 | CIAM: mean=1.25e-05 std=4.31e-05
[05/14 05:38:34] [GradMonitor step=1900] param-grad: weight_base: mean=4.18e-08 std=1.09e-06 | weight_base_open: mean=4.21e-06 std=1.37e-03 | enc_conv1_weight: mean=-2.61e-02 std=7.21e-02
[05/14 05:38:34] [GradMonitor step=1905] near-input: bn0: mean=1.54e-07 std=5.47e-04 pos=0.50 | enc_conv1: mean=-6.37e-14 std=3.30e-04 pos=0.53
[05/14 05:38:34] [GradMonitor step=1905] deep/task: enc_layer4: mean=1.08e-05 std=4.57e-05 | PAM: mean=1.20e-04 std=5.05e-04 | CIAM: mean=1.09e-05 std=4.57e-05
[05/14 05:38:34] [GradMonitor step=1905] param-grad: weight_base: mean=3.15e-08 std=1.68e-06 | weight_base_open: mean=2.36e-05 std=1.13e-03 | enc_conv1_weight: mean=-5.71e-03 std=7.69e-02
[05/14 05:38:35] [GradMonitor step=1910] near-input: bn0: mean=1.27e-07 std=5.71e-04 pos=0.50 | enc_conv1: mean=-2.73e-14 std=3.54e-04 pos=0.47
[05/14 05:38:35] [GradMonitor step=1910] deep/task: enc_layer4: mean=9.45e-06 std=4.79e-05 | PAM: mean=1.03e-04 std=5.30e-04 | CIAM: mean=9.51e-06 std=4.79e-05
[05/14 05:38:35] [GradMonitor step=1910] param-grad: weight_base: mean=-1.63e-08 std=3.83e-07 | weight_base_open: mean=8.09e-06 std=8.11e-04 | enc_conv1_weight: mean=1.09e-02 std=7.51e-02
[05/14 05:38:35] [GradMonitor step=1915] near-input: bn0: mean=-3.35e-07 std=3.49e-04 pos=0.50 | enc_conv1: mean=7.62e-14 std=2.19e-04 pos=0.57
[05/14 05:38:35] [GradMonitor step=1915] deep/task: enc_layer4: mean=1.15e-05 std=3.64e-05 | PAM: mean=1.26e-04 std=4.04e-04 | CIAM: mean=1.15e-05 std=3.64e-05
[05/14 05:38:35] [GradMonitor step=1915] param-grad: weight_base: mean=5.26e-09 std=6.31e-07 | weight_base_open: mean=1.69e-05 std=9.73e-04 | enc_conv1_weight: mean=-1.51e-03 std=6.78e-02
[05/14 05:38:35] [GradMonitor step=1920] near-input: bn0: mean=-3.94e-07 std=6.27e-04 pos=0.50 | enc_conv1: mean=2.36e-13 std=3.88e-04 pos=0.43
[05/14 05:38:35] [GradMonitor step=1920] deep/task: enc_layer4: mean=1.16e-05 std=4.39e-05 | PAM: mean=1.27e-04 std=4.85e-04 | CIAM: mean=1.16e-05 std=4.39e-05
[05/14 05:38:35] [GradMonitor step=1920] param-grad: weight_base: mean=-7.02e-09 std=1.17e-06 | weight_base_open: mean=6.71e-05 std=1.40e-03 | enc_conv1_weight: mean=1.77e-02 std=7.30e-02
[05/14 05:38:36] [GradMonitor step=1925] near-input: bn0: mean=5.07e-08 std=6.71e-04 pos=0.50 | enc_conv1: mean=9.09e-15 std=4.10e-04 pos=0.55
[05/14 05:38:36] [GradMonitor step=1925] deep/task: enc_layer4: mean=1.20e-05 std=4.97e-05 | PAM: mean=1.33e-04 std=5.51e-04 | CIAM: mean=1.21e-05 std=4.97e-05
[05/14 05:38:36] [GradMonitor step=1925] param-grad: weight_base: mean=5.11e-09 std=7.96e-07 | weight_base_open: mean=-1.09e-04 std=1.28e-03 | enc_conv1_weight: mean=-1.10e-02 std=5.91e-02
[05/14 05:38:36] [GradMonitor step=1930] near-input: bn0: mean=-4.58e-07 std=4.82e-04 pos=0.50 | enc_conv1: mean=1.00e-13 std=2.94e-04 pos=0.45
[05/14 05:38:36] [GradMonitor step=1930] deep/task: enc_layer4: mean=9.58e-06 std=4.48e-05 | PAM: mean=1.04e-04 std=4.93e-04 | CIAM: mean=9.64e-06 std=4.48e-05
[05/14 05:38:36] [GradMonitor step=1930] param-grad: weight_base: mean=1.92e-08 std=6.20e-07 | weight_base_open: mean=-9.35e-05 std=1.11e-03 | enc_conv1_weight: mean=-1.76e-02 std=5.44e-02
[05/14 05:38:37] [GradMonitor step=1935] near-input: bn0: mean=1.36e-07 std=4.74e-04 pos=0.50 | enc_conv1: mean=5.46e-14 std=3.00e-04 pos=0.48
[05/14 05:38:37] [GradMonitor step=1935] deep/task: enc_layer4: mean=1.31e-05 std=4.62e-05 | PAM: mean=1.45e-04 std=5.14e-04 | CIAM: mean=1.32e-05 std=4.62e-05
[05/14 05:38:37] [GradMonitor step=1935] param-grad: weight_base: mean=-2.59e-08 std=4.47e-07 | weight_base_open: mean=-3.40e-06 std=1.03e-03 | enc_conv1_weight: mean=4.19e-03 std=6.02e-02
[05/14 05:38:37] [GradMonitor step=1940] near-input: bn0: mean=-5.93e-07 std=4.40e-04 pos=0.50 | enc_conv1: mean=-8.64e-14 std=2.65e-04 pos=0.47
[05/14 05:38:37] [GradMonitor step=1940] deep/task: enc_layer4: mean=1.18e-05 std=3.71e-05 | PAM: mean=1.29e-04 std=4.08e-04 | CIAM: mean=1.19e-05 std=3.72e-05
[05/14 05:38:37] [GradMonitor step=1940] param-grad: weight_base: mean=-2.63e-08 std=1.31e-06 | weight_base_open: mean=-5.46e-05 std=1.30e-03 | enc_conv1_weight: mean=1.10e-02 std=6.16e-02
[05/14 05:38:37] [GradMonitor step=1945] near-input: bn0: mean=1.58e-07 std=3.38e-04 pos=0.50 | enc_conv1: mean=8.64e-14 std=2.08e-04 pos=0.50
[05/14 05:38:37] [GradMonitor step=1945] deep/task: enc_layer4: mean=8.86e-06 std=3.49e-05 | PAM: mean=9.77e-05 std=3.84e-04 | CIAM: mean=8.92e-06 std=3.50e-05
[05/14 05:38:37] [GradMonitor step=1945] param-grad: weight_base: mean=5.16e-09 std=6.18e-07 | weight_base_open: mean=-6.15e-05 std=9.63e-04 | enc_conv1_weight: mean=-6.72e-03 std=4.81e-02
[05/14 05:38:38] [GradMonitor step=1950] near-input: bn0: mean=4.43e-07 std=4.40e-04 pos=0.50 | enc_conv1: mean=9.09e-15 std=2.69e-04 pos=0.50
[05/14 05:38:38] [GradMonitor step=1950] deep/task: enc_layer4: mean=8.00e-06 std=3.72e-05 | PAM: mean=8.83e-05 std=4.09e-04 | CIAM: mean=8.05e-06 std=3.72e-05
[05/14 05:38:38] [GradMonitor step=1950] param-grad: weight_base: mean=-1.74e-09 std=3.97e-07 | weight_base_open: mean=-2.64e-06 std=7.48e-04 | enc_conv1_weight: mean=4.15e-03 std=5.89e-02
[05/14 05:38:38] [GradMonitor step=1955] near-input: bn0: mean=1.52e-08 std=4.76e-04 pos=0.50 | enc_conv1: mean=-2.27e-14 std=2.89e-04 pos=0.58
[05/14 05:38:38] [GradMonitor step=1955] deep/task: enc_layer4: mean=1.27e-05 std=3.67e-05 | PAM: mean=1.40e-04 std=4.04e-04 | CIAM: mean=1.28e-05 std=3.67e-05
[05/14 05:38:38] [GradMonitor step=1955] param-grad: weight_base: mean=-1.95e-08 std=6.03e-07 | weight_base_open: mean=-5.91e-06 std=1.09e-03 | enc_conv1_weight: mean=-3.22e-03 std=5.40e-02
[05/14 05:38:39] [GradMonitor step=1960] near-input: bn0: mean=-1.19e-07 std=4.07e-04 pos=0.50 | enc_conv1: mean=9.09e-15 std=2.48e-04 pos=0.52
[05/14 05:38:39] [GradMonitor step=1960] deep/task: enc_layer4: mean=7.77e-06 std=3.92e-05 | PAM: mean=8.53e-05 std=4.30e-04 | CIAM: mean=7.83e-06 std=3.92e-05
[05/14 05:38:39] [GradMonitor step=1960] param-grad: weight_base: mean=3.64e-10 std=1.88e-07 | weight_base_open: mean=-9.70e-06 std=1.04e-03 | enc_conv1_weight: mean=1.92e-02 std=8.71e-02
[05/14 05:38:39] [GradMonitor step=1965] near-input: bn0: mean=-3.74e-07 std=4.39e-04 pos=0.50 | enc_conv1: mean=9.09e-14 std=2.72e-04 pos=0.48
[05/14 05:38:39] [GradMonitor step=1965] deep/task: enc_layer4: mean=9.14e-06 std=4.64e-05 | PAM: mean=1.01e-04 std=5.10e-04 | CIAM: mean=9.20e-06 std=4.64e-05
[05/14 05:38:39] [GradMonitor step=1965] param-grad: weight_base: mean=-1.14e-08 std=9.43e-07 | weight_base_open: mean=7.05e-05 std=1.09e-03 | enc_conv1_weight: mean=-1.84e-02 std=7.58e-02
[05/14 05:38:39] [GradMonitor step=1970] near-input: bn0: mean=2.33e-07 std=3.60e-04 pos=0.50 | enc_conv1: mean=-1.10e-13 std=2.20e-04 pos=0.56
[05/14 05:38:39] [GradMonitor step=1970] deep/task: enc_layer4: mean=8.66e-06 std=3.42e-05 | PAM: mean=9.61e-05 std=3.76e-04 | CIAM: mean=8.71e-06 std=3.42e-05
[05/14 05:38:39] [GradMonitor step=1970] param-grad: weight_base: mean=-3.01e-09 std=3.97e-07 | weight_base_open: mean=2.79e-05 std=1.03e-03 | enc_conv1_weight: mean=-1.12e-02 std=5.99e-02
[05/14 05:38:40] [GradMonitor step=1975] near-input: bn0: mean=2.74e-07 std=5.07e-04 pos=0.50 | enc_conv1: mean=-1.82e-14 std=3.05e-04 pos=0.48
[05/14 05:38:40] [GradMonitor step=1975] deep/task: enc_layer4: mean=1.11e-05 std=3.73e-05 | PAM: mean=1.22e-04 std=4.09e-04 | CIAM: mean=1.12e-05 std=3.73e-05
[05/14 05:38:40] [GradMonitor step=1975] param-grad: weight_base: mean=8.98e-09 std=9.14e-07 | weight_base_open: mean=-7.28e-05 std=1.54e-03 | enc_conv1_weight: mean=9.62e-03 std=6.75e-02
[05/14 05:38:40] [GradMonitor step=1980] near-input: bn0: mean=-2.66e-07 std=4.48e-04 pos=0.50 | enc_conv1: mean=-7.28e-14 std=2.74e-04 pos=0.48
[05/14 05:38:40] [GradMonitor step=1980] deep/task: enc_layer4: mean=7.35e-06 std=3.80e-05 | PAM: mean=8.09e-05 std=4.17e-04 | CIAM: mean=7.39e-06 std=3.80e-05
[05/14 05:38:40] [GradMonitor step=1980] param-grad: weight_base: mean=-1.43e-08 std=7.30e-07 | weight_base_open: mean=5.18e-06 std=1.13e-03 | enc_conv1_weight: mean=-4.14e-03 std=5.83e-02
[05/14 05:38:41] [GradMonitor step=1985] near-input: bn0: mean=1.17e-07 std=4.52e-04 pos=0.50 | enc_conv1: mean=-9.09e-14 std=2.77e-04 pos=0.55
[05/14 05:38:41] [GradMonitor step=1985] deep/task: enc_layer4: mean=9.27e-06 std=4.20e-05 | PAM: mean=1.02e-04 std=4.63e-04 | CIAM: mean=9.33e-06 std=4.20e-05
[05/14 05:38:41] [GradMonitor step=1985] param-grad: weight_base: mean=7.70e-09 std=2.46e-07 | weight_base_open: mean=8.49e-05 std=1.04e-03 | enc_conv1_weight: mean=-1.99e-02 std=7.67e-02
[05/14 05:38:41] [GradMonitor step=1990] near-input: bn0: mean=5.59e-08 std=4.45e-04 pos=0.50 | enc_conv1: mean=-2.73e-14 std=2.68e-04 pos=0.54
[05/14 05:38:41] [GradMonitor step=1990] deep/task: enc_layer4: mean=8.01e-06 std=3.75e-05 | PAM: mean=8.89e-05 std=4.15e-04 | CIAM: mean=8.07e-06 std=3.76e-05
[05/14 05:38:41] [GradMonitor step=1990] param-grad: weight_base: mean=-1.38e-08 std=8.36e-07 | weight_base_open: mean=3.22e-05 std=1.03e-03 | enc_conv1_weight: mean=2.08e-02 std=7.14e-02
[05/14 05:38:41] [GradMonitor step=1995] near-input: bn0: mean=1.98e-07 std=3.17e-04 pos=0.50 | enc_conv1: mean=-6.14e-14 std=1.93e-04 pos=0.50
[05/14 05:38:41] [GradMonitor step=1995] deep/task: enc_layer4: mean=9.65e-06 std=2.78e-05 | PAM: mean=1.05e-04 std=3.04e-04 | CIAM: mean=9.71e-06 std=2.78e-05
[05/14 05:38:41] [GradMonitor step=1995] param-grad: weight_base: mean=-3.12e-09 std=7.60e-07 | weight_base_open: mean=-2.38e-05 std=9.93e-04 | enc_conv1_weight: mean=-1.36e-02 std=6.18e-02
[05/14 05:38:42] [GradMonitor step=2000] near-input: bn0: mean=-2.28e-07 std=6.11e-04 pos=0.50 | enc_conv1: mean=-2.23e-13 std=3.76e-04 pos=0.47
[05/14 05:38:42] [GradMonitor step=2000] deep/task: enc_layer4: mean=1.08e-05 std=4.95e-05 | PAM: mean=1.20e-04 std=5.44e-04 | CIAM: mean=1.08e-05 std=4.95e-05
[05/14 05:38:42] [GradMonitor step=2000] param-grad: weight_base: mean=-2.39e-08 std=5.44e-07 | weight_base_open: mean=-1.22e-05 std=9.37e-04 | enc_conv1_weight: mean=2.86e-03 std=5.77e-02
[05/14 05:38:42] 
[05/14 05:38:42] epoch 5/20, iter 2000:
[05/14 05:38:42] train_loss: 1.44760
[05/14 05:38:42] train_acc: 0.848
[05/14 05:38:42] train_auroc: 0.786
[05/14 05:38:48] Summary name val_6-way-5-shot_tpr@tnr95 is illegal; using val_6-way-5-shot_tpr_tnr95 instead.
[05/14 05:38:48] val_6-way-5-shot_acc: 58.594	0.779
[05/14 05:38:48] val_6-way-5-shot_auroc: 52.238	1.865
[05/14 05:38:48] val_6-way-5-shot_fscore: 20.944	0.230
[05/14 05:38:48] val_6-way-5-shot_tpr@tnr95: 6.225	1.460
[05/14 05:38:48] val_6-way-5-shot_osr: 49.859	0.721
[05/14 05:38:48] BEST ACC!
[05/14 05:38:48] BEST Auroc!
[05/14 05:38:48] BEST Fscore!
[05/14 05:38:48] [GradMonitor step=2005] near-input: bn0: mean=-3.57e-07 std=3.38e-04 pos=0.50 | enc_conv1: mean=5.23e-14 std=2.07e-04 pos=0.49
[05/14 05:38:48] [GradMonitor step=2005] deep/task: enc_layer4: mean=1.09e-05 std=3.66e-05 | PAM: mean=1.20e-04 std=4.03e-04 | CIAM: mean=1.10e-05 std=3.66e-05
[05/14 05:38:48] [GradMonitor step=2005] param-grad: weight_base: mean=-8.07e-09 std=9.38e-07 | weight_base_open: mean=-3.51e-05 std=1.25e-03 | enc_conv1_weight: mean=-1.42e-02 std=5.83e-02
[05/14 05:38:49] [GradMonitor step=2010] near-input: bn0: mean=-2.50e-07 std=2.63e-04 pos=0.50 | enc_conv1: mean=-6.82e-14 std=1.62e-04 pos=0.46
[05/14 05:38:49] [GradMonitor step=2010] deep/task: enc_layer4: mean=7.56e-06 std=3.07e-05 | PAM: mean=8.23e-05 std=3.35e-04 | CIAM: mean=7.61e-06 std=3.07e-05
[05/14 05:38:49] [GradMonitor step=2010] param-grad: weight_base: mean=1.64e-08 std=7.90e-07 | weight_base_open: mean=4.11e-05 std=1.56e-03 | enc_conv1_weight: mean=3.21e-03 std=6.36e-02
[05/14 05:38:49] [GradMonitor step=2015] near-input: bn0: mean=2.96e-07 std=4.71e-04 pos=0.50 | enc_conv1: mean=-4.09e-14 std=2.87e-04 pos=0.52
[05/14 05:38:49] [GradMonitor step=2015] deep/task: enc_layer4: mean=1.26e-05 std=3.81e-05 | PAM: mean=1.37e-04 std=4.15e-04 | CIAM: mean=1.26e-05 std=3.81e-05
[05/14 05:38:49] [GradMonitor step=2015] param-grad: weight_base: mean=2.96e-08 std=7.20e-07 | weight_base_open: mean=3.85e-06 std=1.09e-03 | enc_conv1_weight: mean=-1.32e-03 std=5.97e-02
[05/14 05:38:49] [GradMonitor step=2020] near-input: bn0: mean=1.48e-08 std=5.72e-04 pos=0.50 | enc_conv1: mean=-5.46e-14 std=3.51e-04 pos=0.51
[05/14 05:38:49] [GradMonitor step=2020] deep/task: enc_layer4: mean=1.21e-05 std=4.80e-05 | PAM: mean=1.32e-04 std=5.33e-04 | CIAM: mean=1.22e-05 std=4.80e-05
[05/14 05:38:49] [GradMonitor step=2020] param-grad: weight_base: mean=-2.33e-08 std=4.78e-07 | weight_base_open: mean=1.06e-05 std=8.44e-04 | enc_conv1_weight: mean=-4.54e-04 std=5.93e-02
[05/14 05:38:50] [GradMonitor step=2025] near-input: bn0: mean=5.34e-07 std=6.62e-04 pos=0.50 | enc_conv1: mean=-2.25e-13 std=4.05e-04 pos=0.56
[05/14 05:38:50] [GradMonitor step=2025] deep/task: enc_layer4: mean=1.48e-05 std=4.96e-05 | PAM: mean=1.62e-04 std=5.49e-04 | CIAM: mean=1.49e-05 std=4.96e-05
[05/14 05:38:50] [GradMonitor step=2025] param-grad: weight_base: mean=1.50e-08 std=6.18e-07 | weight_base_open: mean=-4.63e-05 std=1.28e-03 | enc_conv1_weight: mean=4.87e-03 std=5.35e-02
[05/14 05:38:50] [GradMonitor step=2030] near-input: bn0: mean=-3.61e-07 std=3.10e-04 pos=0.50 | enc_conv1: mean=9.09e-14 std=1.89e-04 pos=0.53
[05/14 05:38:50] [GradMonitor step=2030] deep/task: enc_layer4: mean=6.71e-06 std=3.14e-05 | PAM: mean=7.43e-05 std=3.48e-04 | CIAM: mean=6.76e-06 std=3.14e-05
[05/14 05:38:50] [GradMonitor step=2030] param-grad: weight_base: mean=3.51e-09 std=5.69e-07 | weight_base_open: mean=4.20e-05 std=9.57e-04 | enc_conv1_weight: mean=-3.29e-03 std=8.14e-02
[05/14 05:38:51] [GradMonitor step=2035] near-input: bn0: mean=-1.40e-07 std=4.57e-04 pos=0.50 | enc_conv1: mean=0.00e+00 std=2.76e-04 pos=0.49
[05/14 05:38:51] [GradMonitor step=2035] deep/task: enc_layer4: mean=1.31e-05 std=4.31e-05 | PAM: mean=1.44e-04 std=4.79e-04 | CIAM: mean=1.31e-05 std=4.31e-05
[05/14 05:38:51] [GradMonitor step=2035] param-grad: weight_base: mean=3.66e-08 std=7.80e-07 | weight_base_open: mean=-1.01e-04 std=1.14e-03 | enc_conv1_weight: mean=1.76e-02 std=5.98e-02
[05/14 05:38:51] [GradMonitor step=2040] near-input: bn0: mean=-1.59e-07 std=4.91e-04 pos=0.50 | enc_conv1: mean=-1.00e-13 std=2.90e-04 pos=0.49
[05/14 05:38:51] [GradMonitor step=2040] deep/task: enc_layer4: mean=1.08e-05 std=4.01e-05 | PAM: mean=1.19e-04 std=4.41e-04 | CIAM: mean=1.09e-05 std=4.01e-05
[05/14 05:38:51] [GradMonitor step=2040] param-grad: weight_base: mean=2.79e-08 std=7.05e-07 | weight_base_open: mean=1.80e-05 std=1.22e-03 | enc_conv1_weight: mean=8.15e-03 std=7.55e-02
[05/14 05:38:51] [GradMonitor step=2045] near-input: bn0: mean=1.20e-07 std=4.81e-04 pos=0.50 | enc_conv1: mean=7.28e-14 std=2.84e-04 pos=0.47
[05/14 05:38:51] [GradMonitor step=2045] deep/task: enc_layer4: mean=1.07e-05 std=3.20e-05 | PAM: mean=1.17e-04 std=3.52e-04 | CIAM: mean=1.08e-05 std=3.21e-05
[05/14 05:38:51] [GradMonitor step=2045] param-grad: weight_base: mean=2.28e-08 std=5.16e-07 | weight_base_open: mean=6.80e-05 std=9.45e-04 | enc_conv1_weight: mean=-1.58e-02 std=7.56e-02
[05/14 05:38:52] [GradMonitor step=2050] near-input: bn0: mean=2.33e-08 std=4.28e-04 pos=0.50 | enc_conv1: mean=-1.05e-13 std=2.61e-04 pos=0.48
[05/14 05:38:52] [GradMonitor step=2050] deep/task: enc_layer4: mean=1.10e-05 std=3.78e-05 | PAM: mean=1.20e-04 std=4.15e-04 | CIAM: mean=1.10e-05 std=3.78e-05
[05/14 05:38:52] [GradMonitor step=2050] param-grad: weight_base: mean=-1.32e-08 std=4.48e-07 | weight_base_open: mean=-5.30e-05 std=9.95e-04 | enc_conv1_weight: mean=-8.63e-03 std=4.90e-02
[05/14 05:38:52] [GradMonitor step=2055] near-input: bn0: mean=4.84e-07 std=4.37e-04 pos=0.50 | enc_conv1: mean=-3.18e-14 std=2.63e-04 pos=0.51
[05/14 05:38:52] [GradMonitor step=2055] deep/task: enc_layer4: mean=9.91e-06 std=4.08e-05 | PAM: mean=1.09e-04 std=4.49e-04 | CIAM: mean=9.98e-06 std=4.08e-05
[05/14 05:38:52] [GradMonitor step=2055] param-grad: weight_base: mean=2.64e-08 std=9.14e-07 | weight_base_open: mean=-1.19e-05 std=9.89e-04 | enc_conv1_weight: mean=7.17e-03 std=5.88e-02
[05/14 05:38:52] [GradMonitor step=2060] near-input: bn0: mean=-4.95e-07 std=4.07e-04 pos=0.50 | enc_conv1: mean=-5.00e-14 std=2.45e-04 pos=0.57
[05/14 05:38:52] [GradMonitor step=2060] deep/task: enc_layer4: mean=1.06e-05 std=4.04e-05 | PAM: mean=1.17e-04 std=4.47e-04 | CIAM: mean=1.06e-05 std=4.04e-05
[05/14 05:38:52] [GradMonitor step=2060] param-grad: weight_base: mean=-1.64e-08 std=7.30e-07 | weight_base_open: mean=-1.91e-05 std=1.54e-03 | enc_conv1_weight: mean=-2.30e-02 std=9.57e-02
[05/14 05:38:53] [GradMonitor step=2065] near-input: bn0: mean=6.09e-08 std=5.03e-04 pos=0.50 | enc_conv1: mean=-1.82e-13 std=3.02e-04 pos=0.53
[05/14 05:38:53] [GradMonitor step=2065] deep/task: enc_layer4: mean=9.99e-06 std=4.10e-05 | PAM: mean=1.09e-04 std=4.49e-04 | CIAM: mean=1.00e-05 std=4.10e-05
[05/14 05:38:53] [GradMonitor step=2065] param-grad: weight_base: mean=-3.68e-08 std=7.04e-07 | weight_base_open: mean=-1.87e-04 std=1.04e-03 | enc_conv1_weight: mean=4.54e-03 std=1.13e-01
[05/14 05:38:53] [GradMonitor step=2070] near-input: bn0: mean=1.17e-07 std=6.04e-04 pos=0.50 | enc_conv1: mean=-1.50e-13 std=3.64e-04 pos=0.52
[05/14 05:38:53] [GradMonitor step=2070] deep/task: enc_layer4: mean=1.30e-05 std=4.26e-05 | PAM: mean=1.44e-04 std=4.71e-04 | CIAM: mean=1.31e-05 std=4.26e-05
[05/14 05:38:53] [GradMonitor step=2070] param-grad: weight_base: mean=-1.93e-08 std=6.63e-07 | weight_base_open: mean=9.83e-05 std=1.33e-03 | enc_conv1_weight: mean=-2.97e-03 std=8.31e-02
[05/14 05:38:53] [GradMonitor step=2075] near-input: bn0: mean=-3.71e-07 std=6.44e-04 pos=0.50 | enc_conv1: mean=1.27e-13 std=3.95e-04 pos=0.48
[05/14 05:38:53] [GradMonitor step=2075] deep/task: enc_layer4: mean=1.43e-05 std=4.63e-05 | PAM: mean=1.57e-04 std=5.07e-04 | CIAM: mean=1.44e-05 std=4.62e-05
[05/14 05:38:53] [GradMonitor step=2075] param-grad: weight_base: mean=8.69e-09 std=4.34e-07 | weight_base_open: mean=7.25e-05 std=1.16e-03 | enc_conv1_weight: mean=1.72e-03 std=5.71e-02
[05/14 05:38:54] [GradMonitor step=2080] near-input: bn0: mean=9.52e-08 std=6.54e-04 pos=0.50 | enc_conv1: mean=-1.36e-13 std=4.03e-04 pos=0.52
[05/14 05:38:54] [GradMonitor step=2080] deep/task: enc_layer4: mean=1.19e-05 std=5.21e-05 | PAM: mean=1.31e-04 std=5.74e-04 | CIAM: mean=1.20e-05 std=5.21e-05
[05/14 05:38:54] [GradMonitor step=2080] param-grad: weight_base: mean=2.37e-09 std=6.48e-07 | weight_base_open: mean=-2.92e-05 std=1.42e-03 | enc_conv1_weight: mean=-3.39e-03 std=7.26e-02
[05/14 05:38:54] [GradMonitor step=2085] near-input: bn0: mean=-3.19e-08 std=3.99e-04 pos=0.50 | enc_conv1: mean=1.11e-13 std=2.41e-04 pos=0.42
[05/14 05:38:54] [GradMonitor step=2085] deep/task: enc_layer4: mean=1.22e-05 std=3.67e-05 | PAM: mean=1.35e-04 std=4.05e-04 | CIAM: mean=1.23e-05 std=3.68e-05
[05/14 05:38:54] [GradMonitor step=2085] param-grad: weight_base: mean=4.04e-08 std=9.35e-07 | weight_base_open: mean=-5.10e-05 std=1.42e-03 | enc_conv1_weight: mean=9.34e-03 std=6.50e-02
[05/14 05:38:55] [GradMonitor step=2090] near-input: bn0: mean=-7.11e-08 std=4.27e-04 pos=0.50 | enc_conv1: mean=-5.46e-14 std=2.63e-04 pos=0.51
[05/14 05:38:55] [GradMonitor step=2090] deep/task: enc_layer4: mean=1.23e-05 std=4.06e-05 | PAM: mean=1.34e-04 std=4.45e-04 | CIAM: mean=1.23e-05 std=4.06e-05
[05/14 05:38:55] [GradMonitor step=2090] param-grad: weight_base: mean=4.15e-08 std=9.89e-07 | weight_base_open: mean=8.08e-05 std=1.23e-03 | enc_conv1_weight: mean=2.36e-04 std=6.68e-02
[05/14 05:38:55] [GradMonitor step=2095] near-input: bn0: mean=-9.86e-08 std=2.26e-04 pos=0.50 | enc_conv1: mean=-5.57e-14 std=1.39e-04 pos=0.48
[05/14 05:38:55] [GradMonitor step=2095] deep/task: enc_layer4: mean=7.14e-06 std=2.41e-05 | PAM: mean=7.83e-05 std=2.64e-04 | CIAM: mean=7.19e-06 std=2.41e-05
[05/14 05:38:55] [GradMonitor step=2095] param-grad: weight_base: mean=2.40e-08 std=8.63e-07 | weight_base_open: mean=-1.12e-05 std=1.08e-03 | enc_conv1_weight: mean=1.11e-03 std=5.43e-02
[05/14 05:38:55] [GradMonitor step=2100] near-input: bn0: mean=3.57e-07 std=4.37e-04 pos=0.50 | enc_conv1: mean=9.09e-14 std=2.60e-04 pos=0.57
[05/14 05:38:55] [GradMonitor step=2100] deep/task: enc_layer4: mean=7.89e-06 std=3.80e-05 | PAM: mean=8.64e-05 std=4.17e-04 | CIAM: mean=7.93e-06 std=3.80e-05
[05/14 05:38:55] [GradMonitor step=2100] param-grad: weight_base: mean=4.78e-08 std=8.54e-07 | weight_base_open: mean=5.58e-05 std=1.55e-03 | enc_conv1_weight: mean=-5.04e-03 std=4.29e-02
[05/14 05:38:56] [GradMonitor step=2105] near-input: bn0: mean=2.04e-07 std=3.69e-04 pos=0.50 | enc_conv1: mean=-1.22e-13 std=2.29e-04 pos=0.49
[05/14 05:38:56] [GradMonitor step=2105] deep/task: enc_layer4: mean=5.66e-06 std=4.09e-05 | PAM: mean=6.23e-05 std=4.52e-04 | CIAM: mean=5.69e-06 std=4.09e-05
[05/14 05:38:56] [GradMonitor step=2105] param-grad: weight_base: mean=-4.21e-09 std=1.98e-07 | weight_base_open: mean=-4.15e-05 std=9.06e-04 | enc_conv1_weight: mean=1.03e-02 std=8.24e-02
[05/14 05:38:56] [GradMonitor step=2110] near-input: bn0: mean=1.39e-07 std=4.29e-04 pos=0.50 | enc_conv1: mean=4.77e-14 std=2.60e-04 pos=0.51
[05/14 05:38:56] [GradMonitor step=2110] deep/task: enc_layer4: mean=7.22e-06 std=4.08e-05 | PAM: mean=7.93e-05 std=4.52e-04 | CIAM: mean=7.27e-06 std=4.08e-05
[05/14 05:38:56] [GradMonitor step=2110] param-grad: weight_base: mean=2.33e-08 std=5.04e-07 | weight_base_open: mean=-1.35e-05 std=9.77e-04 | enc_conv1_weight: mean=-2.15e-02 std=6.75e-02
[05/14 05:38:56] [GradMonitor step=2115] near-input: bn0: mean=2.35e-07 std=6.36e-04 pos=0.50 | enc_conv1: mean=7.28e-14 std=3.92e-04 pos=0.48
[05/14 05:38:56] [GradMonitor step=2115] deep/task: enc_layer4: mean=1.34e-05 std=5.10e-05 | PAM: mean=1.47e-04 std=5.59e-04 | CIAM: mean=1.35e-05 std=5.10e-05
[05/14 05:38:56] [GradMonitor step=2115] param-grad: weight_base: mean=-2.07e-08 std=6.35e-07 | weight_base_open: mean=-1.01e-04 std=9.56e-04 | enc_conv1_weight: mean=6.42e-03 std=5.99e-02
[05/14 05:38:57] [GradMonitor step=2120] near-input: bn0: mean=1.72e-07 std=5.81e-04 pos=0.50 | enc_conv1: mean=1.23e-13 std=3.56e-04 pos=0.57
[05/14 05:38:57] [GradMonitor step=2120] deep/task: enc_layer4: mean=1.47e-05 std=4.27e-05 | PAM: mean=1.62e-04 std=4.73e-04 | CIAM: mean=1.48e-05 std=4.28e-05
[05/14 05:38:57] [GradMonitor step=2120] param-grad: weight_base: mean=-2.13e-09 std=6.13e-07 | weight_base_open: mean=-5.53e-05 std=8.77e-04 | enc_conv1_weight: mean=4.79e-03 std=5.83e-02
[05/14 05:38:57] [GradMonitor step=2125] near-input: bn0: mean=-4.88e-07 std=5.00e-04 pos=0.50 | enc_conv1: mean=-4.09e-14 std=3.03e-04 pos=0.56
[05/14 05:38:57] [GradMonitor step=2125] deep/task: enc_layer4: mean=1.14e-05 std=3.30e-05 | PAM: mean=1.25e-04 std=3.60e-04 | CIAM: mean=1.15e-05 std=3.30e-05
[05/14 05:38:57] [GradMonitor step=2125] param-grad: weight_base: mean=-2.81e-09 std=4.80e-07 | weight_base_open: mean=1.56e-05 std=9.94e-04 | enc_conv1_weight: mean=8.95e-03 std=6.04e-02
[05/14 05:38:58] [GradMonitor step=2130] near-input: bn0: mean=-1.00e-07 std=3.94e-04 pos=0.50 | enc_conv1: mean=5.00e-14 std=2.37e-04 pos=0.46
[05/14 05:38:58] [GradMonitor step=2130] deep/task: enc_layer4: mean=9.75e-06 std=3.79e-05 | PAM: mean=1.07e-04 std=4.16e-04 | CIAM: mean=9.81e-06 std=3.79e-05
[05/14 05:38:58] [GradMonitor step=2130] param-grad: weight_base: mean=-7.44e-09 std=6.12e-07 | weight_base_open: mean=-2.65e-05 std=1.35e-03 | enc_conv1_weight: mean=-9.26e-04 std=6.13e-02
[05/14 05:38:58] [GradMonitor step=2135] near-input: bn0: mean=4.76e-08 std=4.49e-04 pos=0.50 | enc_conv1: mean=1.46e-13 std=2.67e-04 pos=0.50
[05/14 05:38:58] [GradMonitor step=2135] deep/task: enc_layer4: mean=1.07e-05 std=2.98e-05 | PAM: mean=1.17e-04 std=3.24e-04 | CIAM: mean=1.08e-05 std=2.98e-05
[05/14 05:38:58] [GradMonitor step=2135] param-grad: weight_base: mean=5.23e-09 std=4.24e-07 | weight_base_open: mean=8.06e-05 std=1.05e-03 | enc_conv1_weight: mean=2.27e-03 std=5.70e-02
[05/14 05:38:58] [GradMonitor step=2140] near-input: bn0: mean=-7.56e-07 std=4.17e-04 pos=0.50 | enc_conv1: mean=-9.09e-15 std=2.50e-04 pos=0.43
[05/14 05:38:58] [GradMonitor step=2140] deep/task: enc_layer4: mean=1.03e-05 std=3.34e-05 | PAM: mean=1.12e-04 std=3.66e-04 | CIAM: mean=1.03e-05 std=3.34e-05
[05/14 05:38:58] [GradMonitor step=2140] param-grad: weight_base: mean=3.41e-09 std=3.98e-07 | weight_base_open: mean=2.44e-05 std=1.19e-03 | enc_conv1_weight: mean=-3.92e-03 std=7.49e-02
[05/14 05:38:59] [GradMonitor step=2145] near-input: bn0: mean=3.26e-07 std=4.06e-04 pos=0.50 | enc_conv1: mean=-1.68e-13 std=2.44e-04 pos=0.49
[05/14 05:38:59] [GradMonitor step=2145] deep/task: enc_layer4: mean=7.82e-06 std=3.42e-05 | PAM: mean=8.41e-05 std=3.75e-04 | CIAM: mean=7.87e-06 std=3.42e-05
[05/14 05:38:59] [GradMonitor step=2145] param-grad: weight_base: mean=1.71e-08 std=8.09e-07 | weight_base_open: mean=-1.04e-04 std=8.75e-04 | enc_conv1_weight: mean=4.51e-02 std=1.07e-01
[05/14 05:38:59] [GradMonitor step=2150] near-input: bn0: mean=-4.51e-07 std=4.21e-04 pos=0.50 | enc_conv1: mean=9.09e-15 std=2.53e-04 pos=0.49
[05/14 05:38:59] [GradMonitor step=2150] deep/task: enc_layer4: mean=6.88e-06 std=3.57e-05 | PAM: mean=7.60e-05 std=3.91e-04 | CIAM: mean=6.93e-06 std=3.57e-05
[05/14 05:38:59] [GradMonitor step=2150] param-grad: weight_base: mean=-3.04e-09 std=2.77e-07 | weight_base_open: mean=-2.14e-05 std=1.07e-03 | enc_conv1_weight: mean=-2.13e-03 std=6.04e-02
[05/14 05:38:59] [GradMonitor step=2155] near-input: bn0: mean=-9.69e-08 std=3.77e-04 pos=0.50 | enc_conv1: mean=1.00e-13 std=2.25e-04 pos=0.53
[05/14 05:38:59] [GradMonitor step=2155] deep/task: enc_layer4: mean=7.66e-06 std=3.51e-05 | PAM: mean=8.43e-05 std=3.85e-04 | CIAM: mean=7.70e-06 std=3.51e-05
[05/14 05:38:59] [GradMonitor step=2155] param-grad: weight_base: mean=-2.61e-08 std=9.89e-07 | weight_base_open: mean=-1.54e-04 std=1.39e-03 | enc_conv1_weight: mean=1.30e-02 std=7.37e-02
[05/14 05:39:00] [GradMonitor step=2160] near-input: bn0: mean=-1.35e-07 std=5.47e-04 pos=0.50 | enc_conv1: mean=5.91e-14 std=3.25e-04 pos=0.52
[05/14 05:39:00] [GradMonitor step=2160] deep/task: enc_layer4: mean=1.44e-05 std=3.21e-05 | PAM: mean=1.58e-04 std=3.51e-04 | CIAM: mean=1.45e-05 std=3.21e-05
[05/14 05:39:00] [GradMonitor step=2160] param-grad: weight_base: mean=2.55e-08 std=1.23e-06 | weight_base_open: mean=3.06e-05 std=1.48e-03 | enc_conv1_weight: mean=1.70e-02 std=5.59e-02
[05/14 05:39:00] [GradMonitor step=2165] near-input: bn0: mean=3.81e-08 std=3.47e-04 pos=0.50 | enc_conv1: mean=-5.46e-14 std=2.15e-04 pos=0.49
[05/14 05:39:00] [GradMonitor step=2165] deep/task: enc_layer4: mean=1.37e-05 std=3.60e-05 | PAM: mean=1.50e-04 std=3.96e-04 | CIAM: mean=1.38e-05 std=3.60e-05
[05/14 05:39:00] [GradMonitor step=2165] param-grad: weight_base: mean=-3.72e-08 std=7.42e-07 | weight_base_open: mean=7.82e-05 std=1.40e-03 | enc_conv1_weight: mean=3.50e-04 std=4.69e-02
[05/14 05:39:01] [GradMonitor step=2170] near-input: bn0: mean=-1.54e-07 std=3.85e-04 pos=0.50 | enc_conv1: mean=6.14e-14 std=2.31e-04 pos=0.45
[05/14 05:39:01] [GradMonitor step=2170] deep/task: enc_layer4: mean=1.00e-05 std=3.03e-05 | PAM: mean=1.09e-04 std=3.31e-04 | CIAM: mean=1.01e-05 std=3.03e-05
[05/14 05:39:01] [GradMonitor step=2170] param-grad: weight_base: mean=5.61e-10 std=1.08e-06 | weight_base_open: mean=-3.43e-05 std=1.07e-03 | enc_conv1_weight: mean=-1.65e-02 std=7.55e-02
[05/14 05:39:01] [GradMonitor step=2175] near-input: bn0: mean=4.05e-07 std=5.12e-04 pos=0.50 | enc_conv1: mean=1.48e-13 std=3.22e-04 pos=0.44
[05/14 05:39:01] [GradMonitor step=2175] deep/task: enc_layer4: mean=1.20e-05 std=4.47e-05 | PAM: mean=1.32e-04 std=4.91e-04 | CIAM: mean=1.21e-05 std=4.47e-05
[05/14 05:39:01] [GradMonitor step=2175] param-grad: weight_base: mean=1.29e-08 std=3.36e-07 | weight_base_open: mean=-5.17e-05 std=8.41e-04 | enc_conv1_weight: mean=5.76e-03 std=5.92e-02
[05/14 05:39:01] [GradMonitor step=2180] near-input: bn0: mean=-2.63e-07 std=4.27e-04 pos=0.50 | enc_conv1: mean=-2.09e-13 std=2.54e-04 pos=0.48
[05/14 05:39:01] [GradMonitor step=2180] deep/task: enc_layer4: mean=1.04e-05 std=3.69e-05 | PAM: mean=1.14e-04 std=4.07e-04 | CIAM: mean=1.04e-05 std=3.70e-05
[05/14 05:39:01] [GradMonitor step=2180] param-grad: weight_base: mean=-1.13e-08 std=6.74e-07 | weight_base_open: mean=9.61e-05 std=1.35e-03 | enc_conv1_weight: mean=-1.73e-02 std=5.61e-02
[05/14 05:39:02] [GradMonitor step=2185] near-input: bn0: mean=6.28e-08 std=2.73e-04 pos=0.50 | enc_conv1: mean=9.09e-15 std=1.63e-04 pos=0.49
[05/14 05:39:02] [GradMonitor step=2185] deep/task: enc_layer4: mean=9.36e-06 std=2.46e-05 | PAM: mean=1.02e-04 std=2.68e-04 | CIAM: mean=9.43e-06 std=2.46e-05
[05/14 05:39:02] [GradMonitor step=2185] param-grad: weight_base: mean=9.82e-09 std=4.44e-07 | weight_base_open: mean=-1.52e-04 std=9.79e-04 | enc_conv1_weight: mean=-7.96e-03 std=5.63e-02
[05/14 05:39:02] [GradMonitor step=2190] near-input: bn0: mean=-3.10e-07 std=4.39e-04 pos=0.50 | enc_conv1: mean=-3.41e-14 std=2.62e-04 pos=0.50
[05/14 05:39:02] [GradMonitor step=2190] deep/task: enc_layer4: mean=1.41e-05 std=3.98e-05 | PAM: mean=1.54e-04 std=4.40e-04 | CIAM: mean=1.42e-05 std=3.98e-05
[05/14 05:39:02] [GradMonitor step=2190] param-grad: weight_base: mean=-2.85e-08 std=8.41e-07 | weight_base_open: mean=-4.05e-05 std=9.69e-04 | enc_conv1_weight: mean=5.94e-03 std=4.78e-02
[05/14 05:39:02] [GradMonitor step=2195] near-input: bn0: mean=-5.28e-07 std=5.66e-04 pos=0.50 | enc_conv1: mean=9.09e-15 std=3.37e-04 pos=0.47
[05/14 05:39:02] [GradMonitor step=2195] deep/task: enc_layer4: mean=1.34e-05 std=3.69e-05 | PAM: mean=1.47e-04 std=4.05e-04 | CIAM: mean=1.34e-05 std=3.69e-05
[05/14 05:39:02] [GradMonitor step=2195] param-grad: weight_base: mean=9.14e-09 std=2.80e-07 | weight_base_open: mean=-3.34e-05 std=8.89e-04 | enc_conv1_weight: mean=-1.30e-02 std=4.97e-02
[05/14 05:39:03] [GradMonitor step=2200] near-input: bn0: mean=-1.04e-07 std=4.67e-04 pos=0.50 | enc_conv1: mean=1.07e-13 std=2.82e-04 pos=0.54
[05/14 05:39:03] [GradMonitor step=2200] deep/task: enc_layer4: mean=1.17e-05 std=3.59e-05 | PAM: mean=1.28e-04 std=3.96e-04 | CIAM: mean=1.18e-05 std=3.59e-05
[05/14 05:39:03] [GradMonitor step=2200] param-grad: weight_base: mean=-1.99e-08 std=7.43e-07 | weight_base_open: mean=1.36e-05 std=1.21e-03 | enc_conv1_weight: mean=2.54e-02 std=9.45e-02
[05/14 05:39:03] [GradMonitor step=2205] near-input: bn0: mean=-4.93e-07 std=3.75e-04 pos=0.50 | enc_conv1: mean=-1.07e-13 std=2.24e-04 pos=0.54
[05/14 05:39:03] [GradMonitor step=2205] deep/task: enc_layer4: mean=1.05e-05 std=3.43e-05 | PAM: mean=1.15e-04 std=3.78e-04 | CIAM: mean=1.06e-05 std=3.43e-05
[05/14 05:39:03] [GradMonitor step=2205] param-grad: weight_base: mean=-2.75e-08 std=7.29e-07 | weight_base_open: mean=4.53e-05 std=1.16e-03 | enc_conv1_weight: mean=-2.02e-03 std=6.99e-02
[05/14 05:39:03] [GradMonitor step=2210] near-input: bn0: mean=-1.72e-07 std=6.02e-04 pos=0.50 | enc_conv1: mean=2.73e-13 std=3.63e-04 pos=0.50
[05/14 05:39:03] [GradMonitor step=2210] deep/task: enc_layer4: mean=1.13e-05 std=4.55e-05 | PAM: mean=1.24e-04 std=5.00e-04 | CIAM: mean=1.14e-05 std=4.55e-05
[05/14 05:39:03] [GradMonitor step=2210] param-grad: weight_base: mean=-3.04e-08 std=1.09e-06 | weight_base_open: mean=-3.02e-05 std=9.48e-04 | enc_conv1_weight: mean=-1.04e-02 std=8.49e-02
[05/14 05:39:04] [GradMonitor step=2215] near-input: bn0: mean=-2.65e-08 std=4.18e-04 pos=0.50 | enc_conv1: mean=2.50e-14 std=2.55e-04 pos=0.52
[05/14 05:39:04] [GradMonitor step=2215] deep/task: enc_layer4: mean=7.84e-06 std=3.94e-05 | PAM: mean=8.73e-05 std=4.33e-04 | CIAM: mean=7.89e-06 std=3.94e-05
[05/14 05:39:04] [GradMonitor step=2215] param-grad: weight_base: mean=2.91e-08 std=6.60e-07 | weight_base_open: mean=1.04e-04 std=1.13e-03 | enc_conv1_weight: mean=-5.62e-03 std=5.13e-02
[05/14 05:39:04] [GradMonitor step=2220] near-input: bn0: mean=-3.20e-07 std=3.84e-04 pos=0.50 | enc_conv1: mean=-7.73e-14 std=2.27e-04 pos=0.44
[05/14 05:39:04] [GradMonitor step=2220] deep/task: enc_layer4: mean=1.40e-05 std=3.74e-05 | PAM: mean=1.54e-04 std=4.13e-04 | CIAM: mean=1.40e-05 std=3.74e-05
[05/14 05:39:04] [GradMonitor step=2220] param-grad: weight_base: mean=1.59e-08 std=6.16e-07 | weight_base_open: mean=1.26e-05 std=1.50e-03 | enc_conv1_weight: mean=-2.32e-03 std=5.29e-02
[05/14 05:39:05] [GradMonitor step=2225] near-input: bn0: mean=-5.47e-07 std=4.11e-04 pos=0.50 | enc_conv1: mean=-7.73e-14 std=2.43e-04 pos=0.46
[05/14 05:39:05] [GradMonitor step=2225] deep/task: enc_layer4: mean=1.04e-05 std=3.13e-05 | PAM: mean=1.14e-04 std=3.42e-04 | CIAM: mean=1.05e-05 std=3.13e-05
[05/14 05:39:05] [GradMonitor step=2225] param-grad: weight_base: mean=3.78e-08 std=6.61e-07 | weight_base_open: mean=6.92e-05 std=1.22e-03 | enc_conv1_weight: mean=2.15e-02 std=6.45e-02
[05/14 05:39:05] [GradMonitor step=2230] near-input: bn0: mean=-5.56e-07 std=3.85e-04 pos=0.50 | enc_conv1: mean=-1.14e-13 std=2.31e-04 pos=0.43
[05/14 05:39:05] [GradMonitor step=2230] deep/task: enc_layer4: mean=1.29e-05 std=3.56e-05 | PAM: mean=1.43e-04 std=3.93e-04 | CIAM: mean=1.30e-05 std=3.56e-05
[05/14 05:39:05] [GradMonitor step=2230] param-grad: weight_base: mean=1.70e-08 std=6.43e-07 | weight_base_open: mean=-1.28e-04 std=1.20e-03 | enc_conv1_weight: mean=-6.92e-03 std=6.25e-02
[05/14 05:39:05] [GradMonitor step=2235] near-input: bn0: mean=4.40e-07 std=6.96e-04 pos=0.50 | enc_conv1: mean=1.27e-13 std=4.21e-04 pos=0.44
[05/14 05:39:05] [GradMonitor step=2235] deep/task: enc_layer4: mean=1.34e-05 std=4.67e-05 | PAM: mean=1.47e-04 std=5.12e-04 | CIAM: mean=1.35e-05 std=4.67e-05
[05/14 05:39:05] [GradMonitor step=2235] param-grad: weight_base: mean=-9.86e-10 std=4.62e-07 | weight_base_open: mean=-7.29e-05 std=1.26e-03 | enc_conv1_weight: mean=-1.30e-02 std=9.33e-02
[05/14 05:39:06] [GradMonitor step=2240] near-input: bn0: mean=-2.29e-07 std=3.86e-04 pos=0.50 | enc_conv1: mean=3.41e-14 std=2.33e-04 pos=0.45
[05/14 05:39:06] [GradMonitor step=2240] deep/task: enc_layer4: mean=9.27e-06 std=3.94e-05 | PAM: mean=1.02e-04 std=4.35e-04 | CIAM: mean=9.34e-06 std=3.94e-05
[05/14 05:39:06] [GradMonitor step=2240] param-grad: weight_base: mean=1.18e-08 std=8.63e-07 | weight_base_open: mean=-4.19e-05 std=1.15e-03 | enc_conv1_weight: mean=-4.69e-03 std=6.43e-02
[05/14 05:39:06] [GradMonitor step=2245] near-input: bn0: mean=-2.37e-07 std=5.95e-04 pos=0.50 | enc_conv1: mean=8.87e-14 std=3.58e-04 pos=0.50
[05/14 05:39:06] [GradMonitor step=2245] deep/task: enc_layer4: mean=1.17e-05 std=4.50e-05 | PAM: mean=1.28e-04 std=4.99e-04 | CIAM: mean=1.17e-05 std=4.51e-05
[05/14 05:39:06] [GradMonitor step=2245] param-grad: weight_base: mean=-1.34e-08 std=8.67e-07 | weight_base_open: mean=3.32e-06 std=1.03e-03 | enc_conv1_weight: mean=2.09e-03 std=4.88e-02
[05/14 05:39:06] [GradMonitor step=2250] near-input: bn0: mean=1.69e-07 std=6.16e-04 pos=0.50 | enc_conv1: mean=8.19e-14 std=3.67e-04 pos=0.45
[05/14 05:39:06] [GradMonitor step=2250] deep/task: enc_layer4: mean=9.14e-06 std=5.49e-05 | PAM: mean=9.98e-05 std=6.02e-04 | CIAM: mean=9.19e-06 std=5.48e-05
[05/14 05:39:06] [GradMonitor step=2250] param-grad: weight_base: mean=-3.24e-08 std=8.06e-07 | weight_base_open: mean=2.03e-05 std=1.09e-03 | enc_conv1_weight: mean=5.55e-03 std=7.30e-02
[05/14 05:39:07] [GradMonitor step=2255] near-input: bn0: mean=-3.36e-08 std=6.05e-04 pos=0.50 | enc_conv1: mean=1.55e-13 std=3.60e-04 pos=0.59
[05/14 05:39:07] [GradMonitor step=2255] deep/task: enc_layer4: mean=1.15e-05 std=4.94e-05 | PAM: mean=1.25e-04 std=5.40e-04 | CIAM: mean=1.16e-05 std=4.94e-05
[05/14 05:39:07] [GradMonitor step=2255] param-grad: weight_base: mean=2.70e-08 std=1.60e-06 | weight_base_open: mean=-2.00e-05 std=1.31e-03 | enc_conv1_weight: mean=-1.84e-02 std=7.55e-02
[05/14 05:39:07] [GradMonitor step=2260] near-input: bn0: mean=-2.21e-07 std=4.38e-04 pos=0.50 | enc_conv1: mean=-1.36e-14 std=2.59e-04 pos=0.47
[05/14 05:39:07] [GradMonitor step=2260] deep/task: enc_layer4: mean=1.03e-05 std=3.60e-05 | PAM: mean=1.13e-04 std=3.95e-04 | CIAM: mean=1.04e-05 std=3.61e-05
[05/14 05:39:07] [GradMonitor step=2260] param-grad: weight_base: mean=-7.59e-09 std=7.22e-07 | weight_base_open: mean=1.54e-04 std=1.11e-03 | enc_conv1_weight: mean=2.90e-02 std=7.70e-02
[05/14 05:39:08] [GradMonitor step=2265] near-input: bn0: mean=2.29e-07 std=3.30e-04 pos=0.50 | enc_conv1: mean=-5.68e-14 std=1.95e-04 pos=0.41
[05/14 05:39:08] [GradMonitor step=2265] deep/task: enc_layer4: mean=1.09e-05 std=2.95e-05 | PAM: mean=1.19e-04 std=3.23e-04 | CIAM: mean=1.10e-05 std=2.96e-05
[05/14 05:39:08] [GradMonitor step=2265] param-grad: weight_base: mean=1.74e-08 std=6.46e-07 | weight_base_open: mean=1.27e-05 std=1.50e-03 | enc_conv1_weight: mean=2.63e-02 std=5.58e-02
[05/14 05:39:08] [GradMonitor step=2270] near-input: bn0: mean=-1.98e-07 std=5.39e-04 pos=0.50 | enc_conv1: mean=-8.64e-14 std=3.18e-04 pos=0.58
[05/14 05:39:08] [GradMonitor step=2270] deep/task: enc_layer4: mean=9.64e-06 std=3.51e-05 | PAM: mean=1.05e-04 std=3.82e-04 | CIAM: mean=9.73e-06 std=3.51e-05
[05/14 05:39:08] [GradMonitor step=2270] param-grad: weight_base: mean=6.11e-08 std=1.14e-06 | weight_base_open: mean=2.69e-05 std=1.68e-03 | enc_conv1_weight: mean=-3.36e-03 std=5.66e-02
[05/14 05:39:08] [GradMonitor step=2275] near-input: bn0: mean=-1.82e-07 std=4.66e-04 pos=0.50 | enc_conv1: mean=6.82e-14 std=2.82e-04 pos=0.51
[05/14 05:39:08] [GradMonitor step=2275] deep/task: enc_layer4: mean=1.27e-05 std=4.49e-05 | PAM: mean=1.39e-04 std=4.94e-04 | CIAM: mean=1.28e-05 std=4.49e-05
[05/14 05:39:08] [GradMonitor step=2275] param-grad: weight_base: mean=2.06e-08 std=1.21e-06 | weight_base_open: mean=-1.57e-04 std=1.36e-03 | enc_conv1_weight: mean=-4.32e-03 std=4.71e-02
[05/14 05:39:09] [GradMonitor step=2280] near-input: bn0: mean=1.09e-07 std=5.46e-04 pos=0.50 | enc_conv1: mean=1.21e-13 std=3.23e-04 pos=0.47
[05/14 05:39:09] [GradMonitor step=2280] deep/task: enc_layer4: mean=1.03e-05 std=4.23e-05 | PAM: mean=1.12e-04 std=4.65e-04 | CIAM: mean=1.03e-05 std=4.23e-05
[05/14 05:39:09] [GradMonitor step=2280] param-grad: weight_base: mean=-2.42e-08 std=5.22e-07 | weight_base_open: mean=-3.45e-05 std=1.11e-03 | enc_conv1_weight: mean=-1.27e-03 std=8.30e-02
[05/14 05:39:09] [GradMonitor step=2285] near-input: bn0: mean=-1.16e-07 std=3.97e-04 pos=0.50 | enc_conv1: mean=-3.41e-15 std=2.34e-04 pos=0.49
[05/14 05:39:09] [GradMonitor step=2285] deep/task: enc_layer4: mean=1.28e-05 std=2.90e-05 | PAM: mean=1.41e-04 std=3.19e-04 | CIAM: mean=1.29e-05 std=2.90e-05
[05/14 05:39:09] [GradMonitor step=2285] param-grad: weight_base: mean=-1.29e-09 std=6.56e-07 | weight_base_open: mean=1.03e-04 std=9.94e-04 | enc_conv1_weight: mean=4.62e-03 std=6.34e-02
[05/14 05:39:10] [GradMonitor step=2290] near-input: bn0: mean=2.97e-07 std=4.48e-04 pos=0.50 | enc_conv1: mean=-1.52e-13 std=2.67e-04 pos=0.52
[05/14 05:39:10] [GradMonitor step=2290] deep/task: enc_layer4: mean=1.51e-05 std=3.05e-05 | PAM: mean=1.65e-04 std=3.34e-04 | CIAM: mean=1.52e-05 std=3.05e-05
[05/14 05:39:10] [GradMonitor step=2290] param-grad: weight_base: mean=1.71e-08 std=1.16e-06 | weight_base_open: mean=-4.79e-05 std=1.44e-03 | enc_conv1_weight: mean=-4.74e-03 std=5.64e-02
[05/14 05:39:10] [GradMonitor step=2295] near-input: bn0: mean=-6.40e-07 std=6.29e-04 pos=0.50 | enc_conv1: mean=2.46e-13 std=3.84e-04 pos=0.49
[05/14 05:39:10] [GradMonitor step=2295] deep/task: enc_layer4: mean=1.03e-05 std=4.58e-05 | PAM: mean=1.13e-04 std=5.05e-04 | CIAM: mean=1.04e-05 std=4.58e-05
[05/14 05:39:10] [GradMonitor step=2295] param-grad: weight_base: mean=-1.05e-08 std=1.21e-06 | weight_base_open: mean=-2.81e-04 std=1.40e-03 | enc_conv1_weight: mean=5.78e-03 std=7.49e-02
[05/14 05:39:11] [GradMonitor step=2300] near-input: bn0: mean=2.13e-07 std=4.67e-04 pos=0.50 | enc_conv1: mean=-1.00e-13 std=2.81e-04 pos=0.46
[05/14 05:39:11] [GradMonitor step=2300] deep/task: enc_layer4: mean=1.33e-05 std=4.10e-05 | PAM: mean=1.45e-04 std=4.52e-04 | CIAM: mean=1.33e-05 std=4.10e-05
[05/14 05:39:11] [GradMonitor step=2300] param-grad: weight_base: mean=5.97e-09 std=1.13e-06 | weight_base_open: mean=-1.81e-04 std=1.40e-03 | enc_conv1_weight: mean=-2.39e-02 std=6.94e-02
[05/14 05:39:11] [GradMonitor step=2305] near-input: bn0: mean=2.27e-07 std=4.94e-04 pos=0.50 | enc_conv1: mean=1.18e-13 std=2.92e-04 pos=0.55
[05/14 05:39:11] [GradMonitor step=2305] deep/task: enc_layer4: mean=1.19e-05 std=4.08e-05 | PAM: mean=1.30e-04 std=4.50e-04 | CIAM: mean=1.19e-05 std=4.08e-05
[05/14 05:39:11] [GradMonitor step=2305] param-grad: weight_base: mean=1.34e-08 std=4.02e-07 | weight_base_open: mean=2.00e-04 std=1.29e-03 | enc_conv1_weight: mean=-3.81e-03 std=6.87e-02
[05/14 05:39:11] [GradMonitor step=2310] near-input: bn0: mean=-2.41e-07 std=5.50e-04 pos=0.50 | enc_conv1: mean=-1.41e-13 std=3.31e-04 pos=0.50
[05/14 05:39:11] [GradMonitor step=2310] deep/task: enc_layer4: mean=1.15e-05 std=4.46e-05 | PAM: mean=1.26e-04 std=4.94e-04 | CIAM: mean=1.16e-05 std=4.46e-05
[05/14 05:39:11] [GradMonitor step=2310] param-grad: weight_base: mean=-9.24e-09 std=5.70e-07 | weight_base_open: mean=-6.98e-05 std=8.50e-04 | enc_conv1_weight: mean=1.04e-02 std=7.38e-02
[05/14 05:39:12] [GradMonitor step=2315] near-input: bn0: mean=-5.33e-07 std=3.02e-04 pos=0.50 | enc_conv1: mean=-1.14e-13 std=1.85e-04 pos=0.53
[05/14 05:39:12] [GradMonitor step=2315] deep/task: enc_layer4: mean=1.09e-05 std=3.21e-05 | PAM: mean=1.20e-04 std=3.56e-04 | CIAM: mean=1.10e-05 std=3.21e-05
[05/14 05:39:12] [GradMonitor step=2315] param-grad: weight_base: mean=-4.01e-08 std=6.61e-07 | weight_base_open: mean=6.38e-05 std=1.07e-03 | enc_conv1_weight: mean=-7.15e-03 std=7.13e-02
[05/14 05:39:12] [GradMonitor step=2320] near-input: bn0: mean=-6.16e-07 std=5.58e-04 pos=0.50 | enc_conv1: mean=-5.46e-14 std=3.37e-04 pos=0.45
[05/14 05:39:12] [GradMonitor step=2320] deep/task: enc_layer4: mean=1.29e-05 std=3.91e-05 | PAM: mean=1.42e-04 std=4.32e-04 | CIAM: mean=1.30e-05 std=3.91e-05
[05/14 05:39:12] [GradMonitor step=2320] param-grad: weight_base: mean=2.15e-08 std=6.05e-07 | weight_base_open: mean=-7.05e-05 std=1.21e-03 | enc_conv1_weight: mean=7.65e-03 std=5.40e-02
[05/14 05:39:12] [GradMonitor step=2325] near-input: bn0: mean=2.87e-07 std=5.51e-04 pos=0.50 | enc_conv1: mean=8.19e-14 std=3.31e-04 pos=0.48
[05/14 05:39:12] [GradMonitor step=2325] deep/task: enc_layer4: mean=1.39e-05 std=4.36e-05 | PAM: mean=1.53e-04 std=4.82e-04 | CIAM: mean=1.40e-05 std=4.36e-05
[05/14 05:39:12] [GradMonitor step=2325] param-grad: weight_base: mean=-1.43e-08 std=1.49e-06 | weight_base_open: mean=-1.53e-05 std=1.49e-03 | enc_conv1_weight: mean=-4.09e-03 std=5.33e-02
[05/14 05:39:13] [GradMonitor step=2330] near-input: bn0: mean=-5.83e-07 std=4.81e-04 pos=0.50 | enc_conv1: mean=-5.12e-14 std=2.88e-04 pos=0.49
[05/14 05:39:13] [GradMonitor step=2330] deep/task: enc_layer4: mean=1.07e-05 std=4.44e-05 | PAM: mean=1.17e-04 std=4.90e-04 | CIAM: mean=1.08e-05 std=4.44e-05
[05/14 05:39:13] [GradMonitor step=2330] param-grad: weight_base: mean=2.76e-09 std=5.37e-07 | weight_base_open: mean=2.59e-05 std=1.31e-03 | enc_conv1_weight: mean=-1.93e-02 std=7.09e-02
[05/14 05:39:13] [GradMonitor step=2335] near-input: bn0: mean=1.40e-07 std=4.09e-04 pos=0.50 | enc_conv1: mean=7.28e-14 std=2.54e-04 pos=0.44
[05/14 05:39:13] [GradMonitor step=2335] deep/task: enc_layer4: mean=1.39e-05 std=4.12e-05 | PAM: mean=1.54e-04 std=4.56e-04 | CIAM: mean=1.40e-05 std=4.12e-05
[05/14 05:39:13] [GradMonitor step=2335] param-grad: weight_base: mean=-9.45e-09 std=3.32e-07 | weight_base_open: mean=7.23e-05 std=1.16e-03 | enc_conv1_weight: mean=4.90e-03 std=5.83e-02
[05/14 05:39:14] [GradMonitor step=2340] near-input: bn0: mean=-5.73e-07 std=4.39e-04 pos=0.50 | enc_conv1: mean=1.05e-13 std=2.57e-04 pos=0.47
[05/14 05:39:14] [GradMonitor step=2340] deep/task: enc_layer4: mean=1.22e-05 std=3.60e-05 | PAM: mean=1.33e-04 std=3.94e-04 | CIAM: mean=1.23e-05 std=3.60e-05
[05/14 05:39:14] [GradMonitor step=2340] param-grad: weight_base: mean=4.17e-08 std=8.70e-07 | weight_base_open: mean=-3.48e-05 std=1.06e-03 | enc_conv1_weight: mean=4.82e-03 std=6.24e-02
[05/14 05:39:14] [GradMonitor step=2345] near-input: bn0: mean=2.47e-09 std=3.33e-04 pos=0.50 | enc_conv1: mean=1.00e-13 std=2.00e-04 pos=0.52
[05/14 05:39:14] [GradMonitor step=2345] deep/task: enc_layer4: mean=9.98e-06 std=3.37e-05 | PAM: mean=1.10e-04 std=3.69e-04 | CIAM: mean=1.01e-05 std=3.37e-05
[05/14 05:39:14] [GradMonitor step=2345] param-grad: weight_base: mean=-2.80e-08 std=7.76e-07 | weight_base_open: mean=-7.73e-06 std=8.66e-04 | enc_conv1_weight: mean=-1.26e-02 std=5.51e-02
[05/14 05:39:14] [GradMonitor step=2350] near-input: bn0: mean=4.51e-07 std=4.00e-04 pos=0.50 | enc_conv1: mean=4.55e-14 std=2.40e-04 pos=0.47
[05/14 05:39:14] [GradMonitor step=2350] deep/task: enc_layer4: mean=8.34e-06 std=3.44e-05 | PAM: mean=9.22e-05 std=3.78e-04 | CIAM: mean=8.40e-06 std=3.44e-05
[05/14 05:39:14] [GradMonitor step=2350] param-grad: weight_base: mean=1.23e-08 std=3.55e-07 | weight_base_open: mean=-2.47e-05 std=7.01e-04 | enc_conv1_weight: mean=6.01e-03 std=5.91e-02
[05/14 05:39:15] [GradMonitor step=2355] near-input: bn0: mean=2.25e-07 std=4.35e-04 pos=0.50 | enc_conv1: mean=1.50e-13 std=2.59e-04 pos=0.54
[05/14 05:39:15] [GradMonitor step=2355] deep/task: enc_layer4: mean=1.37e-05 std=3.59e-05 | PAM: mean=1.50e-04 std=3.95e-04 | CIAM: mean=1.38e-05 std=3.59e-05
[05/14 05:39:15] [GradMonitor step=2355] param-grad: weight_base: mean=-1.84e-08 std=6.65e-07 | weight_base_open: mean=1.02e-04 std=1.23e-03 | enc_conv1_weight: mean=-2.98e-04 std=4.76e-02
[05/14 05:39:15] [GradMonitor step=2360] near-input: bn0: mean=2.81e-07 std=4.06e-04 pos=0.50 | enc_conv1: mean=-1.36e-13 std=2.43e-04 pos=0.51
[05/14 05:39:15] [GradMonitor step=2360] deep/task: enc_layer4: mean=9.41e-06 std=3.75e-05 | PAM: mean=1.03e-04 std=4.11e-04 | CIAM: mean=9.49e-06 std=3.75e-05
[05/14 05:39:15] [GradMonitor step=2360] param-grad: weight_base: mean=-1.03e-08 std=4.32e-07 | weight_base_open: mean=-1.90e-05 std=1.03e-03 | enc_conv1_weight: mean=2.12e-02 std=8.72e-02
[05/14 05:39:15] [GradMonitor step=2365] near-input: bn0: mean=-3.59e-07 std=4.20e-04 pos=0.50 | enc_conv1: mean=4.09e-14 std=2.55e-04 pos=0.54
[05/14 05:39:15] [GradMonitor step=2365] deep/task: enc_layer4: mean=1.00e-05 std=4.26e-05 | PAM: mean=1.10e-04 std=4.68e-04 | CIAM: mean=1.01e-05 std=4.27e-05
[05/14 05:39:15] [GradMonitor step=2365] param-grad: weight_base: mean=-1.00e-08 std=6.08e-07 | weight_base_open: mean=5.47e-05 std=1.07e-03 | enc_conv1_weight: mean=-2.11e-02 std=9.06e-02
[05/14 05:39:16] [GradMonitor step=2370] near-input: bn0: mean=1.73e-07 std=3.87e-04 pos=0.50 | enc_conv1: mean=2.61e-14 std=2.31e-04 pos=0.58
[05/14 05:39:16] [GradMonitor step=2370] deep/task: enc_layer4: mean=8.25e-06 std=3.44e-05 | PAM: mean=9.14e-05 std=3.77e-04 | CIAM: mean=8.30e-06 std=3.44e-05
[05/14 05:39:16] [GradMonitor step=2370] param-grad: weight_base: mean=9.12e-09 std=3.12e-07 | weight_base_open: mean=7.58e-05 std=1.03e-03 | enc_conv1_weight: mean=-1.20e-02 std=6.18e-02
[05/14 05:39:16] [GradMonitor step=2375] near-input: bn0: mean=-1.65e-08 std=4.92e-04 pos=0.50 | enc_conv1: mean=4.55e-15 std=2.89e-04 pos=0.49
[05/14 05:39:16] [GradMonitor step=2375] deep/task: enc_layer4: mean=1.18e-05 std=3.47e-05 | PAM: mean=1.29e-04 std=3.79e-04 | CIAM: mean=1.19e-05 std=3.47e-05
[05/14 05:39:16] [GradMonitor step=2375] param-grad: weight_base: mean=4.19e-08 std=1.36e-06 | weight_base_open: mean=-3.68e-05 std=1.70e-03 | enc_conv1_weight: mean=1.53e-02 std=9.18e-02
[05/14 05:39:17] [GradMonitor step=2380] near-input: bn0: mean=-4.43e-07 std=4.12e-04 pos=0.50 | enc_conv1: mean=-1.96e-13 std=2.47e-04 pos=0.45
[05/14 05:39:17] [GradMonitor step=2380] deep/task: enc_layer4: mean=8.79e-06 std=3.73e-05 | PAM: mean=9.66e-05 std=4.08e-04 | CIAM: mean=8.84e-06 std=3.73e-05
[05/14 05:39:17] [GradMonitor step=2380] param-grad: weight_base: mean=-4.49e-08 std=8.30e-07 | weight_base_open: mean=1.49e-05 std=1.23e-03 | enc_conv1_weight: mean=-1.09e-02 std=6.24e-02
[05/14 05:39:17] [GradMonitor step=2385] near-input: bn0: mean=6.07e-07 std=5.24e-04 pos=0.50 | enc_conv1: mean=1.82e-14 std=3.13e-04 pos=0.50
[05/14 05:39:17] [GradMonitor step=2385] deep/task: enc_layer4: mean=1.02e-05 std=4.29e-05 | PAM: mean=1.12e-04 std=4.72e-04 | CIAM: mean=1.03e-05 std=4.29e-05
[05/14 05:39:17] [GradMonitor step=2385] param-grad: weight_base: mean=-7.60e-09 std=7.32e-07 | weight_base_open: mean=9.24e-05 std=9.88e-04 | enc_conv1_weight: mean=-1.74e-02 std=7.56e-02
[05/14 05:39:17] [GradMonitor step=2390] near-input: bn0: mean=-1.19e-07 std=5.08e-04 pos=0.50 | enc_conv1: mean=4.55e-15 std=3.00e-04 pos=0.55
[05/14 05:39:17] [GradMonitor step=2390] deep/task: enc_layer4: mean=9.97e-06 std=3.74e-05 | PAM: mean=1.10e-04 std=4.13e-04 | CIAM: mean=1.01e-05 std=3.74e-05
[05/14 05:39:17] [GradMonitor step=2390] param-grad: weight_base: mean=7.30e-09 std=5.35e-07 | weight_base_open: mean=-3.07e-05 std=1.13e-03 | enc_conv1_weight: mean=2.88e-02 std=8.75e-02
[05/14 05:39:17] [GradMonitor step=2395] near-input: bn0: mean=1.40e-08 std=3.27e-04 pos=0.50 | enc_conv1: mean=-5.00e-14 std=1.94e-04 pos=0.52
[05/14 05:39:17] [GradMonitor step=2395] deep/task: enc_layer4: mean=9.66e-06 std=2.71e-05 | PAM: mean=1.05e-04 std=2.95e-04 | CIAM: mean=9.73e-06 std=2.71e-05
[05/14 05:39:17] [GradMonitor step=2395] param-grad: weight_base: mean=-2.61e-08 std=1.06e-06 | weight_base_open: mean=-6.22e-05 std=9.75e-04 | enc_conv1_weight: mean=-8.21e-03 std=6.41e-02
[05/14 05:39:18] [GradMonitor step=2400] near-input: bn0: mean=-3.60e-07 std=5.82e-04 pos=0.50 | enc_conv1: mean=3.64e-14 std=3.52e-04 pos=0.41
[05/14 05:39:18] [GradMonitor step=2400] deep/task: enc_layer4: mean=9.84e-06 std=4.78e-05 | PAM: mean=1.10e-04 std=5.23e-04 | CIAM: mean=9.90e-06 std=4.78e-05
[05/14 05:39:18] [GradMonitor step=2400] param-grad: weight_base: mean=-1.96e-08 std=4.41e-07 | weight_base_open: mean=5.31e-05 std=9.88e-04 | enc_conv1_weight: mean=6.43e-03 std=6.64e-02
[05/14 05:39:18] 
[05/14 05:39:18] epoch 6/20, iter 2400:
[05/14 05:39:18] train_loss: 1.35797
[05/14 05:39:18] train_acc: 0.883
[05/14 05:39:18] train_auroc: 0.824
[05/14 05:39:24] Summary name val_6-way-5-shot_tpr@tnr95 is illegal; using val_6-way-5-shot_tpr_tnr95 instead.
[05/14 05:39:24] val_6-way-5-shot_acc: 58.189	0.769
[05/14 05:39:24] val_6-way-5-shot_auroc: 53.440	1.843
[05/14 05:39:24] val_6-way-5-shot_fscore: 20.999	0.221
[05/14 05:39:24] val_6-way-5-shot_tpr@tnr95: 8.075	1.705
[05/14 05:39:24] val_6-way-5-shot_osr: 50.791	0.847
[05/14 05:39:24] BEST Auroc!
[05/14 05:39:24] BEST Fscore!
[05/14 05:39:24] BEST OSR Score!
[05/14 05:39:25] [GradMonitor step=2405] near-input: bn0: mean=-6.03e-07 std=3.37e-04 pos=0.50 | enc_conv1: mean=-1.05e-13 std=2.02e-04 pos=0.50
[05/14 05:39:25] [GradMonitor step=2405] deep/task: enc_layer4: mean=1.15e-05 std=3.53e-05 | PAM: mean=1.27e-04 std=3.89e-04 | CIAM: mean=1.16e-05 std=3.53e-05
[05/14 05:39:25] [GradMonitor step=2405] param-grad: weight_base: mean=-4.27e-08 std=8.26e-07 | weight_base_open: mean=1.11e-05 std=1.34e-03 | enc_conv1_weight: mean=-1.44e-02 std=5.45e-02
[05/14 05:39:25] [GradMonitor step=2410] near-input: bn0: mean=4.97e-09 std=2.49e-04 pos=0.50 | enc_conv1: mean=-6.59e-14 std=1.50e-04 pos=0.48
[05/14 05:39:25] [GradMonitor step=2410] deep/task: enc_layer4: mean=8.83e-06 std=2.90e-05 | PAM: mean=9.60e-05 std=3.16e-04 | CIAM: mean=8.90e-06 std=2.90e-05
[05/14 05:39:25] [GradMonitor step=2410] param-grad: weight_base: mean=2.77e-08 std=6.88e-07 | weight_base_open: mean=1.01e-04 std=1.27e-03 | enc_conv1_weight: mean=2.81e-04 std=6.96e-02
[05/14 05:39:26] [GradMonitor step=2415] near-input: bn0: mean=3.20e-07 std=4.53e-04 pos=0.50 | enc_conv1: mean=3.64e-14 std=2.70e-04 pos=0.47
[05/14 05:39:26] [GradMonitor step=2415] deep/task: enc_layer4: mean=1.32e-05 std=3.43e-05 | PAM: mean=1.44e-04 std=3.73e-04 | CIAM: mean=1.34e-05 std=3.43e-05
[05/14 05:39:26] [GradMonitor step=2415] param-grad: weight_base: mean=2.38e-08 std=4.92e-07 | weight_base_open: mean=-2.63e-05 std=1.30e-03 | enc_conv1_weight: mean=-8.64e-03 std=5.64e-02
[05/14 05:39:26] [GradMonitor step=2420] near-input: bn0: mean=-2.33e-07 std=5.85e-04 pos=0.50 | enc_conv1: mean=1.82e-14 std=3.51e-04 pos=0.52
[05/14 05:39:26] [GradMonitor step=2420] deep/task: enc_layer4: mean=1.29e-05 std=4.62e-05 | PAM: mean=1.42e-04 std=5.13e-04 | CIAM: mean=1.30e-05 std=4.62e-05
[05/14 05:39:26] [GradMonitor step=2420] param-grad: weight_base: mean=1.96e-08 std=4.75e-07 | weight_base_open: mean=4.55e-05 std=8.21e-04 | enc_conv1_weight: mean=-3.99e-03 std=5.76e-02
[05/14 05:39:26] [GradMonitor step=2425] near-input: bn0: mean=2.51e-07 std=5.84e-04 pos=0.50 | enc_conv1: mean=8.19e-14 std=3.48e-04 pos=0.56
[05/14 05:39:26] [GradMonitor step=2425] deep/task: enc_layer4: mean=1.53e-05 std=4.38e-05 | PAM: mean=1.67e-04 std=4.86e-04 | CIAM: mean=1.54e-05 std=4.38e-05
[05/14 05:39:26] [GradMonitor step=2425] param-grad: weight_base: mean=-8.99e-09 std=5.55e-07 | weight_base_open: mean=-1.83e-05 std=1.17e-03 | enc_conv1_weight: mean=1.85e-03 std=4.95e-02
[05/14 05:39:27] [GradMonitor step=2430] near-input: bn0: mean=-1.86e-07 std=2.47e-04 pos=0.50 | enc_conv1: mean=2.05e-14 std=1.49e-04 pos=0.52
[05/14 05:39:27] [GradMonitor step=2430] deep/task: enc_layer4: mean=6.46e-06 std=2.82e-05 | PAM: mean=7.15e-05 std=3.11e-04 | CIAM: mean=6.51e-06 std=2.82e-05
[05/14 05:39:27] [GradMonitor step=2430] param-grad: weight_base: mean=-1.39e-09 std=5.52e-07 | weight_base_open: mean=1.01e-04 std=9.70e-04 | enc_conv1_weight: mean=-1.17e-02 std=7.67e-02
[05/14 05:39:27] [GradMonitor step=2435] near-input: bn0: mean=-4.21e-07 std=4.36e-04 pos=0.50 | enc_conv1: mean=-9.55e-14 std=2.58e-04 pos=0.48
[05/14 05:39:27] [GradMonitor step=2435] deep/task: enc_layer4: mean=1.37e-05 std=4.03e-05 | PAM: mean=1.52e-04 std=4.48e-04 | CIAM: mean=1.38e-05 std=4.04e-05
[05/14 05:39:27] [GradMonitor step=2435] param-grad: weight_base: mean=1.04e-08 std=7.39e-07 | weight_base_open: mean=-9.82e-05 std=1.31e-03 | enc_conv1_weight: mean=1.19e-02 std=5.88e-02
[05/14 05:39:28] [GradMonitor step=2440] near-input: bn0: mean=-2.81e-08 std=4.08e-04 pos=0.50 | enc_conv1: mean=1.32e-13 std=2.37e-04 pos=0.47
[05/14 05:39:28] [GradMonitor step=2440] deep/task: enc_layer4: mean=1.10e-05 std=3.56e-05 | PAM: mean=1.20e-04 std=3.90e-04 | CIAM: mean=1.10e-05 std=3.56e-05
[05/14 05:39:28] [GradMonitor step=2440] param-grad: weight_base: mean=7.84e-09 std=6.55e-07 | weight_base_open: mean=1.04e-04 std=1.09e-03 | enc_conv1_weight: mean=1.96e-02 std=6.71e-02
[05/14 05:39:28] [GradMonitor step=2445] near-input: bn0: mean=-1.62e-08 std=4.62e-04 pos=0.50 | enc_conv1: mean=-3.18e-14 std=2.67e-04 pos=0.53
[05/14 05:39:28] [GradMonitor step=2445] deep/task: enc_layer4: mean=1.14e-05 std=2.93e-05 | PAM: mean=1.25e-04 std=3.21e-04 | CIAM: mean=1.15e-05 std=2.93e-05
[05/14 05:39:28] [GradMonitor step=2445] param-grad: weight_base: mean=1.86e-08 std=4.10e-07 | weight_base_open: mean=8.55e-05 std=1.17e-03 | enc_conv1_weight: mean=-1.07e-02 std=7.65e-02
[05/14 05:39:28] [GradMonitor step=2450] near-input: bn0: mean=2.95e-07 std=3.79e-04 pos=0.50 | enc_conv1: mean=7.73e-14 std=2.27e-04 pos=0.49
[05/14 05:39:28] [GradMonitor step=2450] deep/task: enc_layer4: mean=1.09e-05 std=3.56e-05 | PAM: mean=1.20e-04 std=3.91e-04 | CIAM: mean=1.10e-05 std=3.56e-05
[05/14 05:39:28] [GradMonitor step=2450] param-grad: weight_base: mean=3.77e-09 std=1.39e-06 | weight_base_open: mean=-3.18e-05 std=1.18e-03 | enc_conv1_weight: mean=-1.18e-02 std=5.29e-02
[05/14 05:39:29] [GradMonitor step=2455] near-input: bn0: mean=5.57e-07 std=4.73e-04 pos=0.50 | enc_conv1: mean=-2.32e-13 std=2.79e-04 pos=0.49
[05/14 05:39:29] [GradMonitor step=2455] deep/task: enc_layer4: mean=1.03e-05 std=4.05e-05 | PAM: mean=1.13e-04 std=4.45e-04 | CIAM: mean=1.04e-05 std=4.05e-05
[05/14 05:39:29] [GradMonitor step=2455] param-grad: weight_base: mean=-1.20e-08 std=6.00e-07 | weight_base_open: mean=-5.77e-05 std=8.43e-04 | enc_conv1_weight: mean=1.73e-02 std=6.92e-02
[05/14 05:39:29] [GradMonitor step=2460] near-input: bn0: mean=-4.48e-07 std=4.10e-04 pos=0.50 | enc_conv1: mean=3.18e-14 std=2.41e-04 pos=0.53
[05/14 05:39:29] [GradMonitor step=2460] deep/task: enc_layer4: mean=1.12e-05 std=3.87e-05 | PAM: mean=1.24e-04 std=4.28e-04 | CIAM: mean=1.13e-05 std=3.88e-05
[05/14 05:39:29] [GradMonitor step=2460] param-grad: weight_base: mean=-2.75e-08 std=9.98e-07 | weight_base_open: mean=-2.05e-04 std=1.60e-03 | enc_conv1_weight: mean=-2.27e-02 std=1.05e-01
[05/14 05:39:30] [GradMonitor step=2465] near-input: bn0: mean=1.05e-07 std=4.38e-04 pos=0.50 | enc_conv1: mean=-1.82e-13 std=2.58e-04 pos=0.55
[05/14 05:39:30] [GradMonitor step=2465] deep/task: enc_layer4: mean=1.11e-05 std=3.53e-05 | PAM: mean=1.21e-04 std=3.85e-04 | CIAM: mean=1.12e-05 std=3.53e-05
[05/14 05:39:30] [GradMonitor step=2465] param-grad: weight_base: mean=2.44e-09 std=3.56e-07 | weight_base_open: mean=-5.76e-05 std=9.54e-04 | enc_conv1_weight: mean=9.38e-03 std=1.15e-01
[05/14 05:39:30] [GradMonitor step=2470] near-input: bn0: mean=3.03e-07 std=5.10e-04 pos=0.50 | enc_conv1: mean=-6.82e-14 std=3.01e-04 pos=0.50
[05/14 05:39:30] [GradMonitor step=2470] deep/task: enc_layer4: mean=1.37e-05 std=3.66e-05 | PAM: mean=1.51e-04 std=4.03e-04 | CIAM: mean=1.38e-05 std=3.67e-05
[05/14 05:39:30] [GradMonitor step=2470] param-grad: weight_base: mean=8.02e-09 std=1.12e-06 | weight_base_open: mean=-7.72e-05 std=1.55e-03 | enc_conv1_weight: mean=3.35e-03 std=6.68e-02
[05/14 05:39:30] [GradMonitor step=2475] near-input: bn0: mean=-7.75e-07 std=5.55e-04 pos=0.50 | enc_conv1: mean=4.55e-14 std=3.34e-04 pos=0.47
[05/14 05:39:30] [GradMonitor step=2475] deep/task: enc_layer4: mean=1.48e-05 std=3.89e-05 | PAM: mean=1.61e-04 std=4.25e-04 | CIAM: mean=1.49e-05 std=3.89e-05
[05/14 05:39:30] [GradMonitor step=2475] param-grad: weight_base: mean=1.04e-08 std=4.70e-07 | weight_base_open: mean=-1.95e-05 std=1.00e-03 | enc_conv1_weight: mean=-6.74e-03 std=5.88e-02
[05/14 05:39:31] [GradMonitor step=2480] near-input: bn0: mean=2.04e-07 std=5.95e-04 pos=0.50 | enc_conv1: mean=-1.36e-13 std=3.57e-04 pos=0.51
[05/14 05:39:31] [GradMonitor step=2480] deep/task: enc_layer4: mean=1.27e-05 std=4.62e-05 | PAM: mean=1.39e-04 std=5.07e-04 | CIAM: mean=1.28e-05 std=4.62e-05
[05/14 05:39:31] [GradMonitor step=2480] param-grad: weight_base: mean=-4.64e-09 std=1.14e-06 | weight_base_open: mean=-1.24e-04 std=1.74e-03 | enc_conv1_weight: mean=2.14e-03 std=5.80e-02
[05/14 05:39:31] [GradMonitor step=2485] near-input: bn0: mean=1.24e-08 std=3.69e-04 pos=0.50 | enc_conv1: mean=-1.11e-13 std=2.17e-04 pos=0.46
[05/14 05:39:31] [GradMonitor step=2485] deep/task: enc_layer4: mean=1.25e-05 std=3.42e-05 | PAM: mean=1.38e-04 std=3.76e-04 | CIAM: mean=1.26e-05 std=3.42e-05
[05/14 05:39:31] [GradMonitor step=2485] param-grad: weight_base: mean=5.62e-08 std=1.82e-06 | weight_base_open: mean=-9.48e-05 std=1.66e-03 | enc_conv1_weight: mean=1.11e-02 std=6.76e-02
[05/14 05:39:31] [GradMonitor step=2490] near-input: bn0: mean=-2.95e-08 std=4.21e-04 pos=0.50 | enc_conv1: mean=2.06e-13 std=2.53e-04 pos=0.49
[05/14 05:39:31] [GradMonitor step=2490] deep/task: enc_layer4: mean=1.33e-05 std=3.85e-05 | PAM: mean=1.44e-04 std=4.21e-04 | CIAM: mean=1.33e-05 std=3.86e-05
[05/14 05:39:31] [GradMonitor step=2490] param-grad: weight_base: mean=1.98e-08 std=6.10e-07 | weight_base_open: mean=3.02e-05 std=1.13e-03 | enc_conv1_weight: mean=-2.55e-03 std=7.01e-02
[05/14 05:39:32] [GradMonitor step=2495] near-input: bn0: mean=-5.56e-08 std=2.06e-04 pos=0.50 | enc_conv1: mean=-4.55e-14 std=1.24e-04 pos=0.46
[05/14 05:39:32] [GradMonitor step=2495] deep/task: enc_layer4: mean=6.86e-06 std=2.23e-05 | PAM: mean=7.49e-05 std=2.43e-04 | CIAM: mean=6.92e-06 std=2.23e-05
[05/14 05:39:32] [GradMonitor step=2495] param-grad: weight_base: mean=4.12e-08 std=7.30e-07 | weight_base_open: mean=3.76e-06 std=1.10e-03 | enc_conv1_weight: mean=-3.96e-03 std=4.87e-02
[05/14 05:39:32] [GradMonitor step=2500] near-input: bn0: mean=2.25e-07 std=4.06e-04 pos=0.50 | enc_conv1: mean=8.64e-14 std=2.39e-04 pos=0.54
[05/14 05:39:32] [GradMonitor step=2500] deep/task: enc_layer4: mean=8.74e-06 std=3.60e-05 | PAM: mean=9.58e-05 std=3.95e-04 | CIAM: mean=8.79e-06 std=3.60e-05
[05/14 05:39:32] [GradMonitor step=2500] param-grad: weight_base: mean=-3.33e-08 std=8.42e-07 | weight_base_open: mean=1.79e-05 std=1.41e-03 | enc_conv1_weight: mean=-6.64e-03 std=5.45e-02
[05/14 05:39:33] [GradMonitor step=2505] near-input: bn0: mean=4.86e-07 std=3.89e-04 pos=0.50 | enc_conv1: mean=-8.64e-14 std=2.37e-04 pos=0.43
[05/14 05:39:33] [GradMonitor step=2505] deep/task: enc_layer4: mean=7.14e-06 std=3.99e-05 | PAM: mean=7.87e-05 std=4.40e-04 | CIAM: mean=7.20e-06 std=3.99e-05
[05/14 05:39:33] [GradMonitor step=2505] param-grad: weight_base: mean=-5.28e-09 std=5.46e-07 | weight_base_open: mean=3.87e-05 std=9.71e-04 | enc_conv1_weight: mean=1.01e-02 std=8.52e-02
[05/14 05:39:33] [GradMonitor step=2510] near-input: bn0: mean=2.25e-07 std=4.21e-04 pos=0.50 | enc_conv1: mean=-6.82e-15 std=2.52e-04 pos=0.55
[05/14 05:39:33] [GradMonitor step=2510] deep/task: enc_layer4: mean=8.83e-06 std=3.89e-05 | PAM: mean=9.72e-05 std=4.30e-04 | CIAM: mean=8.90e-06 std=3.89e-05
[05/14 05:39:33] [GradMonitor step=2510] param-grad: weight_base: mean=2.46e-08 std=1.21e-06 | weight_base_open: mean=-2.68e-06 std=1.04e-03 | enc_conv1_weight: mean=-5.94e-03 std=4.93e-02
[05/14 05:39:33] [GradMonitor step=2515] near-input: bn0: mean=1.66e-07 std=5.50e-04 pos=0.50 | enc_conv1: mean=9.78e-14 std=3.35e-04 pos=0.48
[05/14 05:39:33] [GradMonitor step=2515] deep/task: enc_layer4: mean=1.37e-05 std=4.54e-05 | PAM: mean=1.50e-04 std=4.97e-04 | CIAM: mean=1.39e-05 std=4.54e-05
[05/14 05:39:33] [GradMonitor step=2515] param-grad: weight_base: mean=-8.93e-09 std=4.08e-07 | weight_base_open: mean=-1.16e-04 std=9.87e-04 | enc_conv1_weight: mean=-3.71e-05 std=4.80e-02
[05/14 05:39:34] [GradMonitor step=2520] near-input: bn0: mean=7.15e-08 std=4.95e-04 pos=0.50 | enc_conv1: mean=2.73e-14 std=2.97e-04 pos=0.60
[05/14 05:39:34] [GradMonitor step=2520] deep/task: enc_layer4: mean=1.52e-05 std=3.89e-05 | PAM: mean=1.67e-04 std=4.30e-04 | CIAM: mean=1.53e-05 std=3.89e-05
[05/14 05:39:34] [GradMonitor step=2520] param-grad: weight_base: mean=-1.32e-08 std=6.76e-07 | weight_base_open: mean=-2.76e-05 std=1.20e-03 | enc_conv1_weight: mean=9.55e-03 std=6.66e-02
[05/14 05:39:34] [GradMonitor step=2525] near-input: bn0: mean=-4.81e-07 std=4.58e-04 pos=0.50 | enc_conv1: mean=-1.18e-13 std=2.72e-04 pos=0.54
[05/14 05:39:34] [GradMonitor step=2525] deep/task: enc_layer4: mean=1.13e-05 std=2.96e-05 | PAM: mean=1.23e-04 std=3.23e-04 | CIAM: mean=1.14e-05 std=2.97e-05
[05/14 05:39:34] [GradMonitor step=2525] param-grad: weight_base: mean=-1.57e-08 std=5.35e-07 | weight_base_open: mean=5.29e-05 std=1.00e-03 | enc_conv1_weight: mean=-7.14e-03 std=5.18e-02
[05/14 05:39:34] [GradMonitor step=2530] near-input: bn0: mean=-1.13e-07 std=3.66e-04 pos=0.50 | enc_conv1: mean=1.24e-13 std=2.14e-04 pos=0.46
[05/14 05:39:34] [GradMonitor step=2530] deep/task: enc_layer4: mean=1.06e-05 std=3.49e-05 | PAM: mean=1.16e-04 std=3.83e-04 | CIAM: mean=1.07e-05 std=3.50e-05
[05/14 05:39:34] [GradMonitor step=2530] param-grad: weight_base: mean=1.66e-08 std=6.23e-07 | weight_base_open: mean=-1.16e-05 std=1.07e-03 | enc_conv1_weight: mean=9.75e-03 std=6.57e-02
[05/14 05:39:35] [GradMonitor step=2535] near-input: bn0: mean=-2.26e-08 std=4.41e-04 pos=0.50 | enc_conv1: mean=-1.00e-13 std=2.58e-04 pos=0.50
[05/14 05:39:35] [GradMonitor step=2535] deep/task: enc_layer4: mean=1.14e-05 std=2.84e-05 | PAM: mean=1.24e-04 std=3.09e-04 | CIAM: mean=1.15e-05 std=2.84e-05
[05/14 05:39:35] [GradMonitor step=2535] param-grad: weight_base: mean=-1.69e-08 std=3.38e-07 | weight_base_open: mean=1.16e-05 std=8.41e-04 | enc_conv1_weight: mean=7.08e-03 std=7.09e-02
[05/14 05:39:35] [GradMonitor step=2540] near-input: bn0: mean=-6.34e-07 std=3.95e-04 pos=0.50 | enc_conv1: mean=8.19e-14 std=2.32e-04 pos=0.45
[05/14 05:39:35] [GradMonitor step=2540] deep/task: enc_layer4: mean=1.05e-05 std=2.99e-05 | PAM: mean=1.15e-04 std=3.26e-04 | CIAM: mean=1.06e-05 std=2.99e-05
[05/14 05:39:35] [GradMonitor step=2540] param-grad: weight_base: mean=2.07e-08 std=8.04e-07 | weight_base_open: mean=7.57e-05 std=1.23e-03 | enc_conv1_weight: mean=-1.18e-02 std=7.38e-02
[05/14 05:39:35] [GradMonitor step=2545] near-input: bn0: mean=4.53e-07 std=4.64e-04 pos=0.50 | enc_conv1: mean=-1.82e-14 std=2.74e-04 pos=0.47
[05/14 05:39:35] [GradMonitor step=2545] deep/task: enc_layer4: mean=8.92e-06 std=3.52e-05 | PAM: mean=9.60e-05 std=3.85e-04 | CIAM: mean=8.99e-06 std=3.52e-05
[05/14 05:39:35] [GradMonitor step=2545] param-grad: weight_base: mean=1.13e-08 std=7.12e-07 | weight_base_open: mean=9.26e-05 std=1.31e-03 | enc_conv1_weight: mean=5.91e-02 std=1.29e-01
[05/14 05:39:36] [GradMonitor step=2550] near-input: bn0: mean=-5.43e-07 std=4.16e-04 pos=0.50 | enc_conv1: mean=-1.27e-13 std=2.44e-04 pos=0.54
[05/14 05:39:36] [GradMonitor step=2550] deep/task: enc_layer4: mean=8.62e-06 std=3.33e-05 | PAM: mean=9.48e-05 std=3.63e-04 | CIAM: mean=8.68e-06 std=3.33e-05
[05/14 05:39:36] [GradMonitor step=2550] param-grad: weight_base: mean=1.34e-08 std=3.76e-07 | weight_base_open: mean=4.19e-05 std=1.16e-03 | enc_conv1_weight: mean=-1.09e-02 std=5.97e-02
[05/14 05:39:36] [GradMonitor step=2555] near-input: bn0: mean=-1.06e-07 std=3.43e-04 pos=0.50 | enc_conv1: mean=2.27e-14 std=2.00e-04 pos=0.49
[05/14 05:39:36] [GradMonitor step=2555] deep/task: enc_layer4: mean=8.14e-06 std=3.46e-05 | PAM: mean=8.96e-05 std=3.78e-04 | CIAM: mean=8.19e-06 std=3.46e-05
[05/14 05:39:36] [GradMonitor step=2555] param-grad: weight_base: mean=-1.39e-08 std=9.38e-07 | weight_base_open: mean=-1.39e-05 std=1.16e-03 | enc_conv1_weight: mean=-3.46e-03 std=6.21e-02
[05/14 05:39:37] [GradMonitor step=2560] near-input: bn0: mean=-1.82e-07 std=4.66e-04 pos=0.50 | enc_conv1: mean=-2.27e-13 std=2.70e-04 pos=0.53
[05/14 05:39:37] [GradMonitor step=2560] deep/task: enc_layer4: mean=1.42e-05 std=2.79e-05 | PAM: mean=1.55e-04 std=3.06e-04 | CIAM: mean=1.43e-05 std=2.80e-05
[05/14 05:39:37] [GradMonitor step=2560] param-grad: weight_base: mean=3.36e-09 std=3.37e-07 | weight_base_open: mean=-1.62e-04 std=1.71e-03 | enc_conv1_weight: mean=8.53e-03 std=4.71e-02
[05/14 05:39:37] [GradMonitor step=2565] near-input: bn0: mean=-1.14e-07 std=3.88e-04 pos=0.50 | enc_conv1: mean=-2.27e-15 std=2.35e-04 pos=0.46
[05/14 05:39:37] [GradMonitor step=2565] deep/task: enc_layer4: mean=1.42e-05 std=3.71e-05 | PAM: mean=1.55e-04 std=4.07e-04 | CIAM: mean=1.43e-05 std=3.72e-05
[05/14 05:39:37] [GradMonitor step=2565] param-grad: weight_base: mean=2.19e-08 std=8.17e-07 | weight_base_open: mean=2.20e-05 std=1.27e-03 | enc_conv1_weight: mean=3.28e-03 std=5.42e-02
[05/14 05:39:37] [GradMonitor step=2570] near-input: bn0: mean=-2.26e-07 std=3.90e-04 pos=0.50 | enc_conv1: mean=-1.66e-13 std=2.28e-04 pos=0.48
[05/14 05:39:37] [GradMonitor step=2570] deep/task: enc_layer4: mean=1.04e-05 std=2.94e-05 | PAM: mean=1.13e-04 std=3.21e-04 | CIAM: mean=1.04e-05 std=2.94e-05
[05/14 05:39:37] [GradMonitor step=2570] param-grad: weight_base: mean=1.01e-08 std=2.86e-07 | weight_base_open: mean=1.16e-04 std=1.07e-03 | enc_conv1_weight: mean=-1.31e-02 std=7.25e-02
[05/14 05:39:38] [GradMonitor step=2575] near-input: bn0: mean=5.03e-07 std=4.72e-04 pos=0.50 | enc_conv1: mean=6.37e-14 std=2.91e-04 pos=0.51
[05/14 05:39:38] [GradMonitor step=2575] deep/task: enc_layer4: mean=1.22e-05 std=4.07e-05 | PAM: mean=1.35e-04 std=4.47e-04 | CIAM: mean=1.23e-05 std=4.07e-05
[05/14 05:39:38] [GradMonitor step=2575] param-grad: weight_base: mean=-2.18e-08 std=5.59e-07 | weight_base_open: mean=3.77e-05 std=7.29e-04 | enc_conv1_weight: mean=2.47e-03 std=5.46e-02
[05/14 05:39:38] [GradMonitor step=2580] near-input: bn0: mean=-2.49e-07 std=4.59e-04 pos=0.50 | enc_conv1: mean=-3.64e-14 std=2.68e-04 pos=0.52
[05/14 05:39:38] [GradMonitor step=2580] deep/task: enc_layer4: mean=1.14e-05 std=3.81e-05 | PAM: mean=1.25e-04 std=4.19e-04 | CIAM: mean=1.15e-05 std=3.81e-05
[05/14 05:39:38] [GradMonitor step=2580] param-grad: weight_base: mean=1.08e-08 std=9.25e-07 | weight_base_open: mean=2.31e-05 std=1.41e-03 | enc_conv1_weight: mean=-2.31e-02 std=6.24e-02
[05/14 05:39:38] [GradMonitor step=2585] near-input: bn0: mean=1.23e-07 std=2.72e-04 pos=0.50 | enc_conv1: mean=5.46e-14 std=1.58e-04 pos=0.52
[05/14 05:39:38] [GradMonitor step=2585] deep/task: enc_layer4: mean=9.96e-06 std=2.34e-05 | PAM: mean=1.08e-04 std=2.54e-04 | CIAM: mean=1.01e-05 std=2.34e-05
[05/14 05:39:38] [GradMonitor step=2585] param-grad: weight_base: mean=2.85e-08 std=6.35e-07 | weight_base_open: mean=-1.30e-04 std=1.10e-03 | enc_conv1_weight: mean=-7.84e-03 std=5.31e-02
[05/14 05:39:39] [GradMonitor step=2590] near-input: bn0: mean=-3.21e-07 std=4.23e-04 pos=0.50 | enc_conv1: mean=-4.55e-14 std=2.46e-04 pos=0.45
[05/14 05:39:39] [GradMonitor step=2590] deep/task: enc_layer4: mean=1.45e-05 std=3.86e-05 | PAM: mean=1.58e-04 std=4.25e-04 | CIAM: mean=1.46e-05 std=3.86e-05
[05/14 05:39:39] [GradMonitor step=2590] param-grad: weight_base: mean=9.43e-09 std=1.19e-06 | weight_base_open: mean=-8.71e-05 std=1.16e-03 | enc_conv1_weight: mean=9.05e-03 std=5.14e-02
[05/14 05:39:39] [GradMonitor step=2595] near-input: bn0: mean=-5.40e-07 std=5.55e-04 pos=0.50 | enc_conv1: mean=0.00e+00 std=3.23e-04 pos=0.47
[05/14 05:39:39] [GradMonitor step=2595] deep/task: enc_layer4: mean=1.40e-05 std=3.58e-05 | PAM: mean=1.54e-04 std=3.91e-04 | CIAM: mean=1.41e-05 std=3.58e-05
[05/14 05:39:39] [GradMonitor step=2595] param-grad: weight_base: mean=-1.82e-08 std=5.57e-07 | weight_base_open: mean=3.57e-05 std=1.01e-03 | enc_conv1_weight: mean=-1.48e-02 std=5.62e-02
[05/14 05:39:40] [GradMonitor step=2600] near-input: bn0: mean=-2.93e-07 std=4.34e-04 pos=0.50 | enc_conv1: mean=4.55e-15 std=2.58e-04 pos=0.53
[05/14 05:39:40] [GradMonitor step=2600] deep/task: enc_layer4: mean=1.21e-05 std=3.24e-05 | PAM: mean=1.32e-04 std=3.56e-04 | CIAM: mean=1.22e-05 std=3.24e-05
[05/14 05:39:40] [GradMonitor step=2600] param-grad: weight_base: mean=-1.64e-08 std=6.69e-07 | weight_base_open: mean=-9.92e-05 std=1.24e-03 | enc_conv1_weight: mean=2.24e-02 std=8.48e-02
[05/14 05:39:40] [GradMonitor step=2605] near-input: bn0: mean=-6.30e-07 std=4.22e-04 pos=0.50 | enc_conv1: mean=8.19e-14 std=2.47e-04 pos=0.58
[05/14 05:39:40] [GradMonitor step=2605] deep/task: enc_layer4: mean=1.15e-05 std=3.45e-05 | PAM: mean=1.26e-04 std=3.79e-04 | CIAM: mean=1.16e-05 std=3.45e-05
[05/14 05:39:40] [GradMonitor step=2605] param-grad: weight_base: mean=3.02e-09 std=4.13e-07 | weight_base_open: mean=-1.09e-04 std=9.24e-04 | enc_conv1_weight: mean=3.52e-04 std=7.45e-02
[05/14 05:39:40] [GradMonitor step=2610] near-input: bn0: mean=-2.09e-08 std=5.40e-04 pos=0.50 | enc_conv1: mean=-1.18e-13 std=3.22e-04 pos=0.52
[05/14 05:39:40] [GradMonitor step=2610] deep/task: enc_layer4: mean=1.21e-05 std=4.25e-05 | PAM: mean=1.33e-04 std=4.65e-04 | CIAM: mean=1.23e-05 std=4.25e-05
[05/14 05:39:40] [GradMonitor step=2610] param-grad: weight_base: mean=-2.75e-09 std=2.59e-07 | weight_base_open: mean=-4.98e-05 std=9.44e-04 | enc_conv1_weight: mean=-7.49e-03 std=8.45e-02
[05/14 05:39:41] [GradMonitor step=2615] near-input: bn0: mean=1.11e-07 std=4.58e-04 pos=0.50 | enc_conv1: mean=-9.32e-14 std=2.75e-04 pos=0.54
[05/14 05:39:41] [GradMonitor step=2615] deep/task: enc_layer4: mean=8.31e-06 std=4.00e-05 | PAM: mean=9.28e-05 std=4.39e-04 | CIAM: mean=8.37e-06 std=4.00e-05
[05/14 05:39:41] [GradMonitor step=2615] param-grad: weight_base: mean=-1.23e-08 std=8.88e-07 | weight_base_open: mean=-8.89e-06 std=1.15e-03 | enc_conv1_weight: mean=4.72e-03 std=7.52e-02
[05/14 05:39:41] [GradMonitor step=2620] near-input: bn0: mean=-2.46e-07 std=4.05e-04 pos=0.50 | enc_conv1: mean=5.91e-14 std=2.35e-04 pos=0.43
[05/14 05:39:41] [GradMonitor step=2620] deep/task: enc_layer4: mean=1.42e-05 std=3.65e-05 | PAM: mean=1.57e-04 std=4.01e-04 | CIAM: mean=1.43e-05 std=3.65e-05
[05/14 05:39:41] [GradMonitor step=2620] param-grad: weight_base: mean=-1.41e-08 std=1.34e-06 | weight_base_open: mean=2.41e-05 std=1.24e-03 | enc_conv1_weight: mean=-5.83e-03 std=5.85e-02
[05/14 05:39:41] [GradMonitor step=2625] near-input: bn0: mean=-5.70e-07 std=4.41e-04 pos=0.50 | enc_conv1: mean=7.50e-14 std=2.55e-04 pos=0.49
[05/14 05:39:41] [GradMonitor step=2625] deep/task: enc_layer4: mean=1.11e-05 std=2.94e-05 | PAM: mean=1.21e-04 std=3.21e-04 | CIAM: mean=1.12e-05 std=2.95e-05
[05/14 05:39:41] [GradMonitor step=2625] param-grad: weight_base: mean=1.18e-08 std=7.66e-07 | weight_base_open: mean=7.31e-05 std=1.32e-03 | enc_conv1_weight: mean=1.65e-02 std=5.14e-02
[05/14 05:39:42] [GradMonitor step=2630] near-input: bn0: mean=-4.73e-07 std=3.76e-04 pos=0.50 | enc_conv1: mean=8.53e-14 std=2.20e-04 pos=0.43
[05/14 05:39:42] [GradMonitor step=2630] deep/task: enc_layer4: mean=1.35e-05 std=3.45e-05 | PAM: mean=1.48e-04 std=3.80e-04 | CIAM: mean=1.36e-05 std=3.45e-05
[05/14 05:39:42] [GradMonitor step=2630] param-grad: weight_base: mean=5.86e-09 std=6.64e-07 | weight_base_open: mean=3.81e-05 std=9.48e-04 | enc_conv1_weight: mean=-5.61e-03 std=7.35e-02
[05/14 05:39:42] [GradMonitor step=2635] near-input: bn0: mean=-2.87e-07 std=6.65e-04 pos=0.50 | enc_conv1: mean=-1.00e-13 std=3.95e-04 pos=0.50
[05/14 05:39:42] [GradMonitor step=2635] deep/task: enc_layer4: mean=1.44e-05 std=4.46e-05 | PAM: mean=1.58e-04 std=4.89e-04 | CIAM: mean=1.46e-05 std=4.46e-05
[05/14 05:39:42] [GradMonitor step=2635] param-grad: weight_base: mean=-8.04e-09 std=4.47e-07 | weight_base_open: mean=4.26e-05 std=1.11e-03 | enc_conv1_weight: mean=-8.43e-03 std=8.58e-02
[05/14 05:39:42] [GradMonitor step=2640] near-input: bn0: mean=-1.19e-07 std=3.90e-04 pos=0.50 | enc_conv1: mean=2.50e-14 std=2.32e-04 pos=0.46
[05/14 05:39:42] [GradMonitor step=2640] deep/task: enc_layer4: mean=1.02e-05 std=3.88e-05 | PAM: mean=1.12e-04 std=4.27e-04 | CIAM: mean=1.03e-05 std=3.89e-05
[05/14 05:39:42] [GradMonitor step=2640] param-grad: weight_base: mean=2.48e-08 std=7.72e-07 | weight_base_open: mean=-9.26e-05 std=9.73e-04 | enc_conv1_weight: mean=-1.04e-02 std=6.97e-02
[05/14 05:39:43] [GradMonitor step=2645] near-input: bn0: mean=-1.07e-07 std=4.93e-04 pos=0.50 | enc_conv1: mean=1.86e-13 std=2.90e-04 pos=0.50
[05/14 05:39:43] [GradMonitor step=2645] deep/task: enc_layer4: mean=1.25e-05 std=3.97e-05 | PAM: mean=1.37e-04 std=4.38e-04 | CIAM: mean=1.26e-05 std=3.97e-05
[05/14 05:39:43] [GradMonitor step=2645] param-grad: weight_base: mean=8.31e-09 std=9.91e-07 | weight_base_open: mean=6.40e-05 std=1.21e-03 | enc_conv1_weight: mean=1.24e-02 std=5.70e-02
[05/14 05:39:43] [GradMonitor step=2650] near-input: bn0: mean=4.94e-07 std=6.17e-04 pos=0.50 | enc_conv1: mean=1.46e-13 std=3.58e-04 pos=0.48
[05/14 05:39:43] [GradMonitor step=2650] deep/task: enc_layer4: mean=1.11e-05 std=5.32e-05 | PAM: mean=1.21e-04 std=5.81e-04 | CIAM: mean=1.12e-05 std=5.32e-05
[05/14 05:39:43] [GradMonitor step=2650] param-grad: weight_base: mean=-5.07e-09 std=8.31e-07 | weight_base_open: mean=9.47e-05 std=1.05e-03 | enc_conv1_weight: mean=-7.61e-03 std=7.24e-02
[05/14 05:39:43] [GradMonitor step=2655] near-input: bn0: mean=-1.28e-07 std=6.64e-04 pos=0.50 | enc_conv1: mean=3.18e-13 std=3.87e-04 pos=0.56
[05/14 05:39:43] [GradMonitor step=2655] deep/task: enc_layer4: mean=1.38e-05 std=4.94e-05 | PAM: mean=1.49e-04 std=5.38e-04 | CIAM: mean=1.38e-05 std=4.94e-05
[05/14 05:39:43] [GradMonitor step=2655] param-grad: weight_base: mean=5.26e-08 std=1.07e-06 | weight_base_open: mean=2.69e-06 std=1.50e-03 | enc_conv1_weight: mean=-1.05e-02 std=5.78e-02
[05/14 05:39:44] [GradMonitor step=2660] near-input: bn0: mean=-4.93e-07 std=4.50e-04 pos=0.50 | enc_conv1: mean=-3.18e-14 std=2.61e-04 pos=0.47
[05/14 05:39:44] [GradMonitor step=2660] deep/task: enc_layer4: mean=1.18e-05 std=3.43e-05 | PAM: mean=1.29e-04 std=3.76e-04 | CIAM: mean=1.19e-05 std=3.43e-05
[05/14 05:39:44] [GradMonitor step=2660] param-grad: weight_base: mean=-1.85e-08 std=4.04e-07 | weight_base_open: mean=-3.09e-05 std=1.09e-03 | enc_conv1_weight: mean=2.61e-02 std=7.04e-02
[05/14 05:39:44] [GradMonitor step=2665] near-input: bn0: mean=1.59e-07 std=3.59e-04 pos=0.50 | enc_conv1: mean=-4.32e-14 std=2.07e-04 pos=0.45
[05/14 05:39:44] [GradMonitor step=2665] deep/task: enc_layer4: mean=1.18e-05 std=2.88e-05 | PAM: mean=1.29e-04 std=3.14e-04 | CIAM: mean=1.19e-05 std=2.88e-05
[05/14 05:39:44] [GradMonitor step=2665] param-grad: weight_base: mean=1.05e-08 std=8.06e-07 | weight_base_open: mean=1.06e-04 std=1.19e-03 | enc_conv1_weight: mean=3.33e-02 std=6.31e-02
[05/14 05:39:45] [GradMonitor step=2670] near-input: bn0: mean=-3.43e-07 std=4.80e-04 pos=0.50 | enc_conv1: mean=-4.55e-15 std=2.79e-04 pos=0.53
[05/14 05:39:45] [GradMonitor step=2670] deep/task: enc_layer4: mean=8.98e-06 std=3.20e-05 | PAM: mean=9.74e-05 std=3.47e-04 | CIAM: mean=9.08e-06 std=3.20e-05
[05/14 05:39:45] [GradMonitor step=2670] param-grad: weight_base: mean=3.24e-08 std=1.15e-06 | weight_base_open: mean=-7.91e-05 std=1.42e-03 | enc_conv1_weight: mean=-1.56e-02 std=6.47e-02
[05/14 05:39:45] [GradMonitor step=2675] near-input: bn0: mean=3.06e-08 std=4.68e-04 pos=0.50 | enc_conv1: mean=8.87e-14 std=2.78e-04 pos=0.54
[05/14 05:39:45] [GradMonitor step=2675] deep/task: enc_layer4: mean=1.32e-05 std=4.24e-05 | PAM: mean=1.44e-04 std=4.64e-04 | CIAM: mean=1.34e-05 std=4.24e-05
[05/14 05:39:45] [GradMonitor step=2675] param-grad: weight_base: mean=4.26e-08 std=7.99e-07 | weight_base_open: mean=-3.09e-05 std=1.07e-03 | enc_conv1_weight: mean=-6.88e-03 std=5.55e-02
[05/14 05:39:45] [GradMonitor step=2680] near-input: bn0: mean=7.57e-09 std=5.15e-04 pos=0.50 | enc_conv1: mean=-3.87e-14 std=3.00e-04 pos=0.49
[05/14 05:39:45] [GradMonitor step=2680] deep/task: enc_layer4: mean=1.16e-05 std=3.77e-05 | PAM: mean=1.26e-04 std=4.13e-04 | CIAM: mean=1.17e-05 std=3.77e-05
[05/14 05:39:45] [GradMonitor step=2680] param-grad: weight_base: mean=-2.27e-08 std=3.95e-07 | weight_base_open: mean=-6.13e-05 std=9.87e-04 | enc_conv1_weight: mean=-3.69e-03 std=6.51e-02
[05/14 05:39:46] [GradMonitor step=2685] near-input: bn0: mean=1.57e-07 std=4.08e-04 pos=0.50 | enc_conv1: mean=-1.09e-13 std=2.39e-04 pos=0.49
[05/14 05:39:46] [GradMonitor step=2685] deep/task: enc_layer4: mean=1.33e-05 std=2.83e-05 | PAM: mean=1.46e-04 std=3.12e-04 | CIAM: mean=1.34e-05 std=2.84e-05
[05/14 05:39:46] [GradMonitor step=2685] param-grad: weight_base: mean=2.91e-08 std=9.78e-07 | weight_base_open: mean=1.72e-05 std=1.14e-03 | enc_conv1_weight: mean=8.46e-03 std=5.45e-02
[05/14 05:39:46] [GradMonitor step=2690] near-input: bn0: mean=4.05e-07 std=3.20e-04 pos=0.50 | enc_conv1: mean=-3.52e-14 std=1.89e-04 pos=0.50
[05/14 05:39:46] [GradMonitor step=2690] deep/task: enc_layer4: mean=1.41e-05 std=2.59e-05 | PAM: mean=1.54e-04 std=2.84e-04 | CIAM: mean=1.42e-05 std=2.60e-05
[05/14 05:39:46] [GradMonitor step=2690] param-grad: weight_base: mean=1.44e-09 std=2.81e-07 | weight_base_open: mean=-1.27e-04 std=1.26e-03 | enc_conv1_weight: mean=-1.11e-02 std=5.14e-02
[05/14 05:39:46] [GradMonitor step=2695] near-input: bn0: mean=-2.65e-07 std=5.53e-04 pos=0.50 | enc_conv1: mean=-7.28e-14 std=3.30e-04 pos=0.53
[05/14 05:39:46] [GradMonitor step=2695] deep/task: enc_layer4: mean=1.17e-05 std=4.19e-05 | PAM: mean=1.29e-04 std=4.62e-04 | CIAM: mean=1.18e-05 std=4.20e-05
[05/14 05:39:46] [GradMonitor step=2695] param-grad: weight_base: mean=-7.21e-09 std=6.37e-07 | weight_base_open: mean=-1.64e-04 std=1.56e-03 | enc_conv1_weight: mean=-4.11e-03 std=8.13e-02
[05/14 05:39:47] [GradMonitor step=2700] near-input: bn0: mean=1.82e-07 std=4.49e-04 pos=0.50 | enc_conv1: mean=8.07e-14 std=2.66e-04 pos=0.53
[05/14 05:39:47] [GradMonitor step=2700] deep/task: enc_layer4: mean=1.36e-05 std=3.81e-05 | PAM: mean=1.49e-04 std=4.18e-04 | CIAM: mean=1.37e-05 std=3.81e-05
[05/14 05:39:47] [GradMonitor step=2700] param-grad: weight_base: mean=3.24e-08 std=1.68e-06 | weight_base_open: mean=-2.10e-04 std=1.79e-03 | enc_conv1_weight: mean=-1.91e-02 std=6.42e-02
[05/14 05:39:47] [GradMonitor step=2705] near-input: bn0: mean=-8.03e-08 std=4.93e-04 pos=0.50 | enc_conv1: mean=-3.18e-14 std=2.85e-04 pos=0.56
[05/14 05:39:47] [GradMonitor step=2705] deep/task: enc_layer4: mean=1.19e-05 std=3.98e-05 | PAM: mean=1.31e-04 std=4.39e-04 | CIAM: mean=1.20e-05 std=3.98e-05
[05/14 05:39:47] [GradMonitor step=2705] param-grad: weight_base: mean=-5.73e-09 std=9.25e-07 | weight_base_open: mean=1.10e-04 std=1.31e-03 | enc_conv1_weight: mean=-2.43e-03 std=4.82e-02
[05/14 05:39:48] [GradMonitor step=2710] near-input: bn0: mean=-1.31e-07 std=4.79e-04 pos=0.50 | enc_conv1: mean=-1.28e-13 std=2.83e-04 pos=0.46
[05/14 05:39:48] [GradMonitor step=2710] deep/task: enc_layer4: mean=1.26e-05 std=3.98e-05 | PAM: mean=1.39e-04 std=4.41e-04 | CIAM: mean=1.27e-05 std=3.98e-05
[05/14 05:39:48] [GradMonitor step=2710] param-grad: weight_base: mean=3.46e-08 std=6.02e-07 | weight_base_open: mean=-5.51e-05 std=9.19e-04 | enc_conv1_weight: mean=6.87e-04 std=7.02e-02
[05/14 05:39:48] [GradMonitor step=2715] near-input: bn0: mean=-3.30e-07 std=2.95e-04 pos=0.50 | enc_conv1: mean=-9.09e-15 std=1.77e-04 pos=0.51
[05/14 05:39:48] [GradMonitor step=2715] deep/task: enc_layer4: mean=1.09e-05 std=3.05e-05 | PAM: mean=1.20e-04 std=3.37e-04 | CIAM: mean=1.10e-05 std=3.05e-05
[05/14 05:39:48] [GradMonitor step=2715] param-grad: weight_base: mean=-1.71e-08 std=6.79e-07 | weight_base_open: mean=-5.15e-06 std=1.02e-03 | enc_conv1_weight: mean=-4.45e-03 std=5.70e-02
[05/14 05:39:48] [GradMonitor step=2720] near-input: bn0: mean=-2.70e-07 std=4.56e-04 pos=0.50 | enc_conv1: mean=3.41e-15 std=2.70e-04 pos=0.46
[05/14 05:39:48] [GradMonitor step=2720] deep/task: enc_layer4: mean=1.34e-05 std=3.58e-05 | PAM: mean=1.48e-04 std=3.94e-04 | CIAM: mean=1.35e-05 std=3.58e-05
[05/14 05:39:48] [GradMonitor step=2720] param-grad: weight_base: mean=1.78e-08 std=1.04e-06 | weight_base_open: mean=-7.71e-05 std=1.36e-03 | enc_conv1_weight: mean=1.37e-02 std=7.57e-02
[05/14 05:39:49] [GradMonitor step=2725] near-input: bn0: mean=9.09e-08 std=5.38e-04 pos=0.50 | enc_conv1: mean=3.64e-14 std=3.18e-04 pos=0.50
[05/14 05:39:49] [GradMonitor step=2725] deep/task: enc_layer4: mean=1.43e-05 std=4.14e-05 | PAM: mean=1.56e-04 std=4.56e-04 | CIAM: mean=1.44e-05 std=4.15e-05
[05/14 05:39:49] [GradMonitor step=2725] param-grad: weight_base: mean=-6.24e-09 std=9.53e-07 | weight_base_open: mean=-7.75e-05 std=1.56e-03 | enc_conv1_weight: mean=4.76e-03 std=6.18e-02
[05/14 05:39:49] [GradMonitor step=2730] near-input: bn0: mean=-5.59e-07 std=5.14e-04 pos=0.50 | enc_conv1: mean=1.14e-14 std=3.02e-04 pos=0.56
[05/14 05:39:49] [GradMonitor step=2730] deep/task: enc_layer4: mean=1.06e-05 std=4.48e-05 | PAM: mean=1.16e-04 std=4.93e-04 | CIAM: mean=1.07e-05 std=4.48e-05
[05/14 05:39:49] [GradMonitor step=2730] param-grad: weight_base: mean=-2.35e-08 std=1.17e-06 | weight_base_open: mean=-4.38e-05 std=1.18e-03 | enc_conv1_weight: mean=-4.87e-02 std=1.26e-01
[05/14 05:39:49] [GradMonitor step=2735] near-input: bn0: mean=1.55e-07 std=4.22e-04 pos=0.50 | enc_conv1: mean=6.37e-14 std=2.57e-04 pos=0.49
[05/14 05:39:49] [GradMonitor step=2735] deep/task: enc_layer4: mean=1.53e-05 std=4.05e-05 | PAM: mean=1.69e-04 std=4.48e-04 | CIAM: mean=1.55e-05 std=4.05e-05
[05/14 05:39:49] [GradMonitor step=2735] param-grad: weight_base: mean=1.49e-08 std=1.41e-06 | weight_base_open: mean=-9.87e-05 std=1.07e-03 | enc_conv1_weight: mean=8.11e-03 std=5.81e-02
[05/14 05:39:50] [GradMonitor step=2740] near-input: bn0: mean=-2.29e-07 std=4.02e-04 pos=0.50 | enc_conv1: mean=-2.73e-14 std=2.31e-04 pos=0.53
[05/14 05:39:50] [GradMonitor step=2740] deep/task: enc_layer4: mean=1.32e-05 std=3.45e-05 | PAM: mean=1.43e-04 std=3.78e-04 | CIAM: mean=1.33e-05 std=3.46e-05
[05/14 05:39:50] [GradMonitor step=2740] param-grad: weight_base: mean=-1.83e-09 std=4.47e-07 | weight_base_open: mean=-3.74e-05 std=1.11e-03 | enc_conv1_weight: mean=1.30e-02 std=6.23e-02
[05/14 05:39:50] [GradMonitor step=2745] near-input: bn0: mean=-2.00e-07 std=3.40e-04 pos=0.50 | enc_conv1: mean=-1.86e-13 std=1.99e-04 pos=0.43
[05/14 05:39:50] [GradMonitor step=2745] deep/task: enc_layer4: mean=1.11e-05 std=3.25e-05 | PAM: mean=1.21e-04 std=3.56e-04 | CIAM: mean=1.12e-05 std=3.25e-05
[05/14 05:39:50] [GradMonitor step=2745] param-grad: weight_base: mean=1.25e-08 std=5.25e-07 | weight_base_open: mean=1.41e-05 std=1.05e-03 | enc_conv1_weight: mean=-1.01e-02 std=5.70e-02
[05/14 05:39:50] [GradMonitor step=2750] near-input: bn0: mean=4.97e-07 std=3.60e-04 pos=0.50 | enc_conv1: mean=-9.55e-14 std=2.11e-04 pos=0.49
[05/14 05:39:50] [GradMonitor step=2750] deep/task: enc_layer4: mean=8.68e-06 std=3.12e-05 | PAM: mean=9.59e-05 std=3.43e-04 | CIAM: mean=8.76e-06 std=3.12e-05
[05/14 05:39:50] [GradMonitor step=2750] param-grad: weight_base: mean=-4.59e-09 std=5.76e-07 | weight_base_open: mean=3.39e-05 std=8.05e-04 | enc_conv1_weight: mean=3.69e-03 std=7.08e-02
[05/14 05:39:51] [GradMonitor step=2755] near-input: bn0: mean=2.59e-08 std=4.35e-04 pos=0.50 | enc_conv1: mean=1.36e-14 std=2.53e-04 pos=0.52
[05/14 05:39:51] [GradMonitor step=2755] deep/task: enc_layer4: mean=1.40e-05 std=3.54e-05 | PAM: mean=1.53e-04 std=3.89e-04 | CIAM: mean=1.41e-05 std=3.54e-05
[05/14 05:39:51] [GradMonitor step=2755] param-grad: weight_base: mean=-1.52e-08 std=4.59e-07 | weight_base_open: mean=6.74e-05 std=1.10e-03 | enc_conv1_weight: mean=5.78e-03 std=6.07e-02
[05/14 05:39:51] [GradMonitor step=2760] near-input: bn0: mean=3.39e-07 std=4.24e-04 pos=0.50 | enc_conv1: mean=9.78e-14 std=2.47e-04 pos=0.52
[05/14 05:39:51] [GradMonitor step=2760] deep/task: enc_layer4: mean=1.06e-05 std=3.65e-05 | PAM: mean=1.16e-04 std=3.99e-04 | CIAM: mean=1.07e-05 std=3.65e-05
[05/14 05:39:51] [GradMonitor step=2760] param-grad: weight_base: mean=-1.84e-08 std=9.96e-07 | weight_base_open: mean=8.72e-05 std=1.14e-03 | enc_conv1_weight: mean=3.38e-02 std=9.24e-02
[05/14 05:39:51] [GradMonitor step=2765] near-input: bn0: mean=-5.72e-07 std=4.33e-04 pos=0.50 | enc_conv1: mean=-5.91e-14 std=2.60e-04 pos=0.47
[05/14 05:39:51] [GradMonitor step=2765] deep/task: enc_layer4: mean=1.03e-05 std=4.20e-05 | PAM: mean=1.13e-04 std=4.60e-04 | CIAM: mean=1.03e-05 std=4.20e-05
[05/14 05:39:51] [GradMonitor step=2765] param-grad: weight_base: mean=-1.03e-08 std=1.00e-06 | weight_base_open: mean=5.29e-06 std=1.26e-03 | enc_conv1_weight: mean=-2.16e-02 std=9.55e-02
[05/14 05:39:52] [GradMonitor step=2770] near-input: bn0: mean=4.79e-07 std=4.36e-04 pos=0.50 | enc_conv1: mean=4.89e-14 std=2.56e-04 pos=0.56
[05/14 05:39:52] [GradMonitor step=2770] deep/task: enc_layer4: mean=8.36e-06 std=3.57e-05 | PAM: mean=9.28e-05 std=3.91e-04 | CIAM: mean=8.43e-06 std=3.58e-05
[05/14 05:39:52] [GradMonitor step=2770] param-grad: weight_base: mean=-3.91e-08 std=1.05e-06 | weight_base_open: mean=1.34e-04 std=1.11e-03 | enc_conv1_weight: mean=-1.80e-02 std=8.11e-02
[05/14 05:39:52] [GradMonitor step=2775] near-input: bn0: mean=4.11e-09 std=4.26e-04 pos=0.50 | enc_conv1: mean=3.18e-14 std=2.47e-04 pos=0.52
[05/14 05:39:52] [GradMonitor step=2775] deep/task: enc_layer4: mean=1.23e-05 std=3.06e-05 | PAM: mean=1.34e-04 std=3.34e-04 | CIAM: mean=1.24e-05 std=3.07e-05
[05/14 05:39:52] [GradMonitor step=2775] param-grad: weight_base: mean=-3.51e-08 std=6.98e-07 | weight_base_open: mean=-2.00e-05 std=1.62e-03 | enc_conv1_weight: mean=2.26e-02 std=9.71e-02
[05/14 05:39:53] [GradMonitor step=2780] near-input: bn0: mean=-2.52e-07 std=5.03e-04 pos=0.50 | enc_conv1: mean=-1.64e-13 std=2.94e-04 pos=0.43
[05/14 05:39:53] [GradMonitor step=2780] deep/task: enc_layer4: mean=1.09e-05 std=4.01e-05 | PAM: mean=1.20e-04 std=4.39e-04 | CIAM: mean=1.10e-05 std=4.01e-05
[05/14 05:39:53] [GradMonitor step=2780] param-grad: weight_base: mean=-3.73e-09 std=1.33e-06 | weight_base_open: mean=3.03e-05 std=1.28e-03 | enc_conv1_weight: mean=-1.26e-02 std=6.21e-02
[05/14 05:39:53] [GradMonitor step=2785] near-input: bn0: mean=1.91e-07 std=4.97e-04 pos=0.50 | enc_conv1: mean=-6.82e-14 std=2.94e-04 pos=0.51
[05/14 05:39:53] [GradMonitor step=2785] deep/task: enc_layer4: mean=1.09e-05 std=4.01e-05 | PAM: mean=1.20e-04 std=4.41e-04 | CIAM: mean=1.10e-05 std=4.01e-05
[05/14 05:39:53] [GradMonitor step=2785] param-grad: weight_base: mean=2.59e-08 std=7.14e-07 | weight_base_open: mean=3.38e-05 std=9.87e-04 | enc_conv1_weight: mean=-2.27e-02 std=7.66e-02
[05/14 05:39:53] [GradMonitor step=2790] near-input: bn0: mean=-9.64e-08 std=5.27e-04 pos=0.50 | enc_conv1: mean=3.64e-14 std=3.04e-04 pos=0.53
[05/14 05:39:53] [GradMonitor step=2790] deep/task: enc_layer4: mean=1.02e-05 std=3.70e-05 | PAM: mean=1.13e-04 std=4.07e-04 | CIAM: mean=1.03e-05 std=3.70e-05
[05/14 05:39:53] [GradMonitor step=2790] param-grad: weight_base: mean=1.17e-08 std=6.16e-07 | weight_base_open: mean=-5.24e-05 std=1.14e-03 | enc_conv1_weight: mean=2.66e-02 std=9.01e-02
[05/14 05:39:54] [GradMonitor step=2795] near-input: bn0: mean=1.02e-07 std=3.52e-04 pos=0.50 | enc_conv1: mean=-1.59e-14 std=2.05e-04 pos=0.52
[05/14 05:39:54] [GradMonitor step=2795] deep/task: enc_layer4: mean=1.02e-05 std=2.70e-05 | PAM: mean=1.11e-04 std=2.94e-04 | CIAM: mean=1.03e-05 std=2.71e-05
[05/14 05:39:54] [GradMonitor step=2795] param-grad: weight_base: mean=-1.09e-08 std=7.64e-07 | weight_base_open: mean=-5.33e-05 std=8.45e-04 | enc_conv1_weight: mean=-1.09e-02 std=6.31e-02
[05/14 05:39:54] [GradMonitor step=2800] near-input: bn0: mean=-6.71e-07 std=5.32e-04 pos=0.50 | enc_conv1: mean=-1.00e-13 std=3.16e-04 pos=0.48
[05/14 05:39:54] [GradMonitor step=2800] deep/task: enc_layer4: mean=9.55e-06 std=4.40e-05 | PAM: mean=1.07e-04 std=4.81e-04 | CIAM: mean=9.63e-06 std=4.40e-05
[05/14 05:39:54] [GradMonitor step=2800] param-grad: weight_base: mean=1.02e-08 std=2.99e-07 | weight_base_open: mean=-8.24e-05 std=1.03e-03 | enc_conv1_weight: mean=6.99e-03 std=6.73e-02
[05/14 05:39:54] 
[05/14 05:39:54] epoch 7/20, iter 2800:
[05/14 05:39:54] train_loss: 1.27874
[05/14 05:39:54] train_acc: 0.909
[05/14 05:39:54] train_auroc: 0.856
[05/14 05:40:00] Summary name val_6-way-5-shot_tpr@tnr95 is illegal; using val_6-way-5-shot_tpr_tnr95 instead.
[05/14 05:40:00] val_6-way-5-shot_acc: 58.217	0.749
[05/14 05:40:00] val_6-way-5-shot_auroc: 55.025	1.920
[05/14 05:40:00] val_6-way-5-shot_fscore: 20.999	0.221
[05/14 05:40:00] val_6-way-5-shot_tpr@tnr95: 9.200	1.763
[05/14 05:40:00] val_6-way-5-shot_osr: 51.377	0.881
[05/14 05:40:00] BEST Auroc!
[05/14 05:40:00] BEST OSR Score!
[05/14 05:40:01] [GradMonitor step=2805] near-input: bn0: mean=-5.67e-07 std=3.53e-04 pos=0.50 | enc_conv1: mean=-4.21e-14 std=2.07e-04 pos=0.49
[05/14 05:40:01] [GradMonitor step=2805] deep/task: enc_layer4: mean=1.14e-05 std=3.40e-05 | PAM: mean=1.26e-04 std=3.73e-04 | CIAM: mean=1.15e-05 std=3.41e-05
[05/14 05:40:01] [GradMonitor step=2805] param-grad: weight_base: mean=-3.00e-08 std=1.06e-06 | weight_base_open: mean=5.08e-05 std=1.42e-03 | enc_conv1_weight: mean=-1.10e-02 std=6.31e-02
[05/14 05:40:01] [GradMonitor step=2810] near-input: bn0: mean=-1.31e-08 std=2.57e-04 pos=0.50 | enc_conv1: mean=-1.36e-14 std=1.51e-04 pos=0.47
[05/14 05:40:01] [GradMonitor step=2810] deep/task: enc_layer4: mean=1.01e-05 std=2.86e-05 | PAM: mean=1.10e-04 std=3.11e-04 | CIAM: mean=1.02e-05 std=2.86e-05
[05/14 05:40:01] [GradMonitor step=2810] param-grad: weight_base: mean=5.65e-08 std=1.05e-06 | weight_base_open: mean=-1.77e-05 std=1.58e-03 | enc_conv1_weight: mean=6.26e-03 std=7.14e-02
[05/14 05:40:01] [GradMonitor step=2815] near-input: bn0: mean=1.12e-07 std=3.93e-04 pos=0.50 | enc_conv1: mean=3.98e-14 std=2.30e-04 pos=0.51
[05/14 05:40:01] [GradMonitor step=2815] deep/task: enc_layer4: mean=1.37e-05 std=3.02e-05 | PAM: mean=1.49e-04 std=3.28e-04 | CIAM: mean=1.38e-05 std=3.03e-05
[05/14 05:40:01] [GradMonitor step=2815] param-grad: weight_base: mean=3.15e-09 std=4.76e-07 | weight_base_open: mean=-5.48e-07 std=1.10e-03 | enc_conv1_weight: mean=1.72e-03 std=5.83e-02
[05/14 05:40:02] [GradMonitor step=2820] near-input: bn0: mean=-3.45e-07 std=5.05e-04 pos=0.50 | enc_conv1: mean=4.43e-14 std=2.98e-04 pos=0.47
[05/14 05:40:02] [GradMonitor step=2820] deep/task: enc_layer4: mean=1.28e-05 std=4.13e-05 | PAM: mean=1.40e-04 std=4.58e-04 | CIAM: mean=1.29e-05 std=4.13e-05
[05/14 05:40:02] [GradMonitor step=2820] param-grad: weight_base: mean=5.88e-10 std=5.29e-07 | weight_base_open: mean=-1.75e-05 std=8.83e-04 | enc_conv1_weight: mean=-1.75e-02 std=6.20e-02
[05/14 05:40:02] [GradMonitor step=2825] near-input: bn0: mean=4.10e-07 std=5.27e-04 pos=0.50 | enc_conv1: mean=3.64e-14 std=3.06e-04 pos=0.57
[05/14 05:40:02] [GradMonitor step=2825] deep/task: enc_layer4: mean=1.50e-05 std=4.05e-05 | PAM: mean=1.64e-04 std=4.48e-04 | CIAM: mean=1.51e-05 std=4.05e-05
[05/14 05:40:02] [GradMonitor step=2825] param-grad: weight_base: mean=5.99e-10 std=5.47e-07 | weight_base_open: mean=-7.72e-05 std=1.25e-03 | enc_conv1_weight: mean=-4.29e-03 std=5.46e-02
[05/14 05:40:02] [GradMonitor step=2830] near-input: bn0: mean=-7.56e-08 std=2.07e-04 pos=0.50 | enc_conv1: mean=-6.99e-14 std=1.23e-04 pos=0.49
[05/14 05:40:02] [GradMonitor step=2830] deep/task: enc_layer4: mean=5.40e-06 std=2.60e-05 | PAM: mean=5.97e-05 std=2.86e-04 | CIAM: mean=5.45e-06 std=2.60e-05
[05/14 05:40:02] [GradMonitor step=2830] param-grad: weight_base: mean=4.88e-09 std=8.98e-07 | weight_base_open: mean=4.72e-05 std=1.22e-03 | enc_conv1_weight: mean=-4.42e-03 std=8.29e-02
[05/14 05:40:03] [GradMonitor step=2835] near-input: bn0: mean=-2.63e-07 std=4.14e-04 pos=0.50 | enc_conv1: mean=-1.59e-13 std=2.42e-04 pos=0.49
[05/14 05:40:03] [GradMonitor step=2835] deep/task: enc_layer4: mean=1.41e-05 std=3.88e-05 | PAM: mean=1.56e-04 std=4.29e-04 | CIAM: mean=1.42e-05 std=3.88e-05
[05/14 05:40:03] [GradMonitor step=2835] param-grad: weight_base: mean=-2.12e-08 std=3.31e-07 | weight_base_open: mean=-6.03e-05 std=1.15e-03 | enc_conv1_weight: mean=2.99e-03 std=6.99e-02
[05/14 05:40:03] [GradMonitor step=2840] near-input: bn0: mean=1.57e-08 std=3.46e-04 pos=0.50 | enc_conv1: mean=2.27e-15 std=1.98e-04 pos=0.54
[05/14 05:40:03] [GradMonitor step=2840] deep/task: enc_layer4: mean=1.05e-05 std=3.23e-05 | PAM: mean=1.15e-04 std=3.54e-04 | CIAM: mean=1.06e-05 std=3.24e-05
[05/14 05:40:03] [GradMonitor step=2840] param-grad: weight_base: mean=-9.57e-10 std=8.86e-07 | weight_base_open: mean=-5.97e-05 std=1.14e-03 | enc_conv1_weight: mean=2.58e-02 std=7.62e-02
[05/14 05:40:03] [GradMonitor step=2845] near-input: bn0: mean=1.26e-08 std=4.17e-04 pos=0.50 | enc_conv1: mean=0.00e+00 std=2.36e-04 pos=0.53
[05/14 05:40:03] [GradMonitor step=2845] deep/task: enc_layer4: mean=1.19e-05 std=2.62e-05 | PAM: mean=1.30e-04 std=2.87e-04 | CIAM: mean=1.20e-05 std=2.62e-05
[05/14 05:40:03] [GradMonitor step=2845] param-grad: weight_base: mean=2.12e-08 std=7.56e-07 | weight_base_open: mean=6.56e-06 std=1.18e-03 | enc_conv1_weight: mean=-2.24e-02 std=7.71e-02
[05/14 05:40:04] [GradMonitor step=2850] near-input: bn0: mean=3.28e-07 std=3.45e-04 pos=0.50 | enc_conv1: mean=6.37e-14 std=2.02e-04 pos=0.50
[05/14 05:40:04] [GradMonitor step=2850] deep/task: enc_layer4: mean=1.12e-05 std=3.44e-05 | PAM: mean=1.23e-04 std=3.76e-04 | CIAM: mean=1.13e-05 std=3.44e-05
[05/14 05:40:04] [GradMonitor step=2850] param-grad: weight_base: mean=-7.50e-09 std=4.06e-07 | weight_base_open: mean=2.31e-05 std=1.15e-03 | enc_conv1_weight: mean=-1.14e-02 std=5.59e-02
[05/14 05:40:04] [GradMonitor step=2855] near-input: bn0: mean=5.53e-07 std=4.72e-04 pos=0.50 | enc_conv1: mean=-1.18e-13 std=2.71e-04 pos=0.49
[05/14 05:40:04] [GradMonitor step=2855] deep/task: enc_layer4: mean=9.65e-06 std=3.89e-05 | PAM: mean=1.06e-04 std=4.26e-04 | CIAM: mean=9.74e-06 std=3.89e-05
[05/14 05:40:04] [GradMonitor step=2855] param-grad: weight_base: mean=2.69e-08 std=8.41e-07 | weight_base_open: mean=4.91e-05 std=8.46e-04 | enc_conv1_weight: mean=2.24e-02 std=8.21e-02
[05/14 05:40:05] [GradMonitor step=2860] near-input: bn0: mean=-1.92e-07 std=3.55e-04 pos=0.50 | enc_conv1: mean=-3.41e-14 std=2.06e-04 pos=0.48
[05/14 05:40:05] [GradMonitor step=2860] deep/task: enc_layer4: mean=1.15e-05 std=3.62e-05 | PAM: mean=1.27e-04 std=4.00e-04 | CIAM: mean=1.16e-05 std=3.62e-05
[05/14 05:40:05] [GradMonitor step=2860] param-grad: weight_base: mean=4.65e-10 std=4.55e-07 | weight_base_open: mean=-5.87e-05 std=1.41e-03 | enc_conv1_weight: mean=-1.37e-02 std=8.68e-02
[05/14 05:40:05] [GradMonitor step=2865] near-input: bn0: mean=-3.50e-08 std=3.68e-04 pos=0.50 | enc_conv1: mean=-8.64e-14 std=2.12e-04 pos=0.50
[05/14 05:40:05] [GradMonitor step=2865] deep/task: enc_layer4: mean=1.21e-05 std=3.02e-05 | PAM: mean=1.32e-04 std=3.30e-04 | CIAM: mean=1.22e-05 std=3.02e-05
[05/14 05:40:05] [GradMonitor step=2865] param-grad: weight_base: mean=5.89e-09 std=3.88e-07 | weight_base_open: mean=-1.71e-04 std=8.98e-04 | enc_conv1_weight: mean=7.53e-03 std=8.61e-02
[05/14 05:40:05] [GradMonitor step=2870] near-input: bn0: mean=4.62e-07 std=4.47e-04 pos=0.50 | enc_conv1: mean=-9.09e-15 std=2.58e-04 pos=0.50
[05/14 05:40:05] [GradMonitor step=2870] deep/task: enc_layer4: mean=1.38e-05 std=3.27e-05 | PAM: mean=1.52e-04 std=3.58e-04 | CIAM: mean=1.40e-05 std=3.27e-05
[05/14 05:40:05] [GradMonitor step=2870] param-grad: weight_base: mean=-9.07e-09 std=3.75e-07 | weight_base_open: mean=-2.72e-05 std=1.22e-03 | enc_conv1_weight: mean=2.37e-02 std=8.88e-02
[05/14 05:40:06] [GradMonitor step=2875] near-input: bn0: mean=-4.02e-07 std=4.33e-04 pos=0.50 | enc_conv1: mean=-1.02e-14 std=2.55e-04 pos=0.49
[05/14 05:40:06] [GradMonitor step=2875] deep/task: enc_layer4: mean=1.46e-05 std=3.24e-05 | PAM: mean=1.59e-04 std=3.53e-04 | CIAM: mean=1.48e-05 std=3.24e-05
[05/14 05:40:06] [GradMonitor step=2875] param-grad: weight_base: mean=-1.66e-08 std=3.81e-07 | weight_base_open: mean=-1.87e-05 std=9.41e-04 | enc_conv1_weight: mean=-7.19e-03 std=5.70e-02
[05/14 05:40:06] [GradMonitor step=2880] near-input: bn0: mean=2.34e-07 std=6.37e-04 pos=0.50 | enc_conv1: mean=1.91e-13 std=3.76e-04 pos=0.48
[05/14 05:40:06] [GradMonitor step=2880] deep/task: enc_layer4: mean=1.33e-05 std=4.46e-05 | PAM: mean=1.46e-04 std=4.89e-04 | CIAM: mean=1.34e-05 std=4.46e-05
[05/14 05:40:06] [GradMonitor step=2880] param-grad: weight_base: mean=-4.60e-08 std=8.69e-07 | weight_base_open: mean=-1.43e-04 std=1.39e-03 | enc_conv1_weight: mean=1.86e-03 std=5.84e-02
[05/14 05:40:06] [GradMonitor step=2885] near-input: bn0: mean=3.02e-07 std=3.65e-04 pos=0.50 | enc_conv1: mean=-3.64e-14 std=2.11e-04 pos=0.47
[05/14 05:40:06] [GradMonitor step=2885] deep/task: enc_layer4: mean=1.33e-05 std=3.27e-05 | PAM: mean=1.46e-04 std=3.58e-04 | CIAM: mean=1.34e-05 std=3.27e-05
[05/14 05:40:06] [GradMonitor step=2885] param-grad: weight_base: mean=-1.95e-09 std=3.28e-07 | weight_base_open: mean=-1.31e-04 std=1.44e-03 | enc_conv1_weight: mean=1.62e-02 std=7.28e-02
[05/14 05:40:07] [GradMonitor step=2890] near-input: bn0: mean=-1.65e-08 std=3.96e-04 pos=0.50 | enc_conv1: mean=-7.39e-14 std=2.35e-04 pos=0.51
[05/14 05:40:07] [GradMonitor step=2890] deep/task: enc_layer4: mean=1.37e-05 std=3.76e-05 | PAM: mean=1.50e-04 std=4.09e-04 | CIAM: mean=1.39e-05 std=3.76e-05
[05/14 05:40:07] [GradMonitor step=2890] param-grad: weight_base: mean=6.52e-09 std=6.88e-07 | weight_base_open: mean=4.01e-05 std=1.30e-03 | enc_conv1_weight: mean=-3.68e-03 std=6.52e-02
[05/14 05:40:07] [GradMonitor step=2895] near-input: bn0: mean=-2.41e-08 std=1.68e-04 pos=0.50 | enc_conv1: mean=5.23e-14 std=9.94e-05 pos=0.46
[05/14 05:40:07] [GradMonitor step=2895] deep/task: enc_layer4: mean=6.34e-06 std=1.98e-05 | PAM: mean=6.92e-05 std=2.15e-04 | CIAM: mean=6.41e-06 std=1.98e-05
[05/14 05:40:07] [GradMonitor step=2895] param-grad: weight_base: mean=4.66e-08 std=8.52e-07 | weight_base_open: mean=3.48e-05 std=1.13e-03 | enc_conv1_weight: mean=-3.42e-03 std=4.89e-02
[05/14 05:40:08] [GradMonitor step=2900] near-input: bn0: mean=1.80e-07 std=4.10e-04 pos=0.50 | enc_conv1: mean=3.18e-14 std=2.33e-04 pos=0.56
[05/14 05:40:08] [GradMonitor step=2900] deep/task: enc_layer4: mean=9.67e-06 std=3.56e-05 | PAM: mean=1.06e-04 std=3.91e-04 | CIAM: mean=9.73e-06 std=3.56e-05
[05/14 05:40:08] [GradMonitor step=2900] param-grad: weight_base: mean=5.85e-09 std=1.37e-06 | weight_base_open: mean=1.22e-04 std=1.62e-03 | enc_conv1_weight: mean=-9.51e-03 std=5.50e-02
[05/14 05:40:08] [GradMonitor step=2905] near-input: bn0: mean=4.89e-07 std=4.30e-04 pos=0.50 | enc_conv1: mean=2.16e-14 std=2.59e-04 pos=0.42
[05/14 05:40:08] [GradMonitor step=2905] deep/task: enc_layer4: mean=8.59e-06 std=4.01e-05 | PAM: mean=9.45e-05 std=4.41e-04 | CIAM: mean=8.66e-06 std=4.01e-05
[05/14 05:40:08] [GradMonitor step=2905] param-grad: weight_base: mean=-1.90e-08 std=5.29e-07 | weight_base_open: mean=6.13e-05 std=8.72e-04 | enc_conv1_weight: mean=8.13e-03 std=7.57e-02
[05/14 05:40:08] [GradMonitor step=2910] near-input: bn0: mean=1.32e-07 std=4.10e-04 pos=0.50 | enc_conv1: mean=-1.27e-13 std=2.40e-04 pos=0.47
[05/14 05:40:08] [GradMonitor step=2910] deep/task: enc_layer4: mean=9.85e-06 std=3.68e-05 | PAM: mean=1.09e-04 std=4.06e-04 | CIAM: mean=9.94e-06 std=3.69e-05
[05/14 05:40:08] [GradMonitor step=2910] param-grad: weight_base: mean=8.78e-09 std=3.74e-07 | weight_base_open: mean=-7.85e-05 std=8.95e-04 | enc_conv1_weight: mean=-2.81e-03 std=4.54e-02
[05/14 05:40:09] [GradMonitor step=2915] near-input: bn0: mean=6.34e-08 std=5.18e-04 pos=0.50 | enc_conv1: mean=-1.27e-13 std=3.08e-04 pos=0.48
[05/14 05:40:09] [GradMonitor step=2915] deep/task: enc_layer4: mean=1.42e-05 std=4.12e-05 | PAM: mean=1.56e-04 std=4.52e-04 | CIAM: mean=1.44e-05 std=4.12e-05
[05/14 05:40:09] [GradMonitor step=2915] param-grad: weight_base: mean=-5.03e-09 std=6.11e-07 | weight_base_open: mean=-5.83e-05 std=7.48e-04 | enc_conv1_weight: mean=-8.16e-03 std=5.59e-02
[05/14 05:40:09] [GradMonitor step=2920] near-input: bn0: mean=-2.27e-08 std=4.49e-04 pos=0.50 | enc_conv1: mean=7.28e-14 std=2.64e-04 pos=0.62
[05/14 05:40:09] [GradMonitor step=2920] deep/task: enc_layer4: mean=1.49e-05 std=3.60e-05 | PAM: mean=1.64e-04 std=3.97e-04 | CIAM: mean=1.51e-05 std=3.61e-05
[05/14 05:40:09] [GradMonitor step=2920] param-grad: weight_base: mean=-9.83e-09 std=5.06e-07 | weight_base_open: mean=-4.14e-05 std=1.04e-03 | enc_conv1_weight: mean=6.72e-03 std=6.78e-02
[05/14 05:40:09] [GradMonitor step=2925] near-input: bn0: mean=-2.74e-07 std=3.81e-04 pos=0.50 | enc_conv1: mean=7.39e-14 std=2.22e-04 pos=0.55
[05/14 05:40:09] [GradMonitor step=2925] deep/task: enc_layer4: mean=1.08e-05 std=2.58e-05 | PAM: mean=1.18e-04 std=2.81e-04 | CIAM: mean=1.09e-05 std=2.58e-05
[05/14 05:40:09] [GradMonitor step=2925] param-grad: weight_base: mean=-3.11e-09 std=4.40e-07 | weight_base_open: mean=5.69e-05 std=1.07e-03 | enc_conv1_weight: mean=1.17e-03 std=5.61e-02
[05/14 05:40:10] [GradMonitor step=2930] near-input: bn0: mean=-4.15e-07 std=4.06e-04 pos=0.50 | enc_conv1: mean=-4.55e-14 std=2.33e-04 pos=0.48
[05/14 05:40:10] [GradMonitor step=2930] deep/task: enc_layer4: mean=1.08e-05 std=3.57e-05 | PAM: mean=1.18e-04 std=3.91e-04 | CIAM: mean=1.09e-05 std=3.58e-05
[05/14 05:40:10] [GradMonitor step=2930] param-grad: weight_base: mean=-2.40e-08 std=4.51e-07 | weight_base_open: mean=8.65e-05 std=1.03e-03 | enc_conv1_weight: mean=-2.92e-04 std=6.26e-02
[05/14 05:40:10] [GradMonitor step=2935] near-input: bn0: mean=-2.34e-07 std=4.47e-04 pos=0.50 | enc_conv1: mean=5.46e-14 std=2.57e-04 pos=0.50
[05/14 05:40:10] [GradMonitor step=2935] deep/task: enc_layer4: mean=1.22e-05 std=2.73e-05 | PAM: mean=1.33e-04 std=2.96e-04 | CIAM: mean=1.24e-05 std=2.74e-05
[05/14 05:40:10] [GradMonitor step=2935] param-grad: weight_base: mean=1.83e-09 std=4.72e-07 | weight_base_open: mean=-4.80e-05 std=8.43e-04 | enc_conv1_weight: mean=1.25e-02 std=6.77e-02
[05/14 05:40:11] [GradMonitor step=2940] near-input: bn0: mean=-3.75e-07 std=3.52e-04 pos=0.50 | enc_conv1: mean=3.16e-13 std=2.02e-04 pos=0.49
[05/14 05:40:11] [GradMonitor step=2940] deep/task: enc_layer4: mean=1.07e-05 std=2.77e-05 | PAM: mean=1.16e-04 std=3.01e-04 | CIAM: mean=1.08e-05 std=2.77e-05
[05/14 05:40:11] [GradMonitor step=2940] param-grad: weight_base: mean=-1.29e-08 std=5.96e-07 | weight_base_open: mean=2.18e-06 std=9.96e-04 | enc_conv1_weight: mean=-1.87e-02 std=7.83e-02
[05/14 05:40:11] [GradMonitor step=2945] near-input: bn0: mean=2.40e-07 std=4.72e-04 pos=0.50 | enc_conv1: mean=-1.82e-13 std=2.72e-04 pos=0.45
[05/14 05:40:11] [GradMonitor step=2945] deep/task: enc_layer4: mean=9.57e-06 std=3.47e-05 | PAM: mean=1.04e-04 std=3.79e-04 | CIAM: mean=9.67e-06 std=3.47e-05
[05/14 05:40:11] [GradMonitor step=2945] param-grad: weight_base: mean=8.89e-09 std=7.04e-07 | weight_base_open: mean=1.49e-05 std=7.66e-04 | enc_conv1_weight: mean=6.39e-02 std=1.39e-01
[05/14 05:40:11] [GradMonitor step=2950] near-input: bn0: mean=-6.09e-07 std=4.26e-04 pos=0.50 | enc_conv1: mean=-1.00e-13 std=2.45e-04 pos=0.55
[05/14 05:40:11] [GradMonitor step=2950] deep/task: enc_layer4: mean=1.01e-05 std=3.26e-05 | PAM: mean=1.11e-04 std=3.55e-04 | CIAM: mean=1.02e-05 std=3.26e-05
[05/14 05:40:11] [GradMonitor step=2950] param-grad: weight_base: mean=-6.78e-09 std=6.70e-07 | weight_base_open: mean=1.20e-05 std=9.98e-04 | enc_conv1_weight: mean=1.61e-03 std=5.44e-02
[05/14 05:40:12] [GradMonitor step=2955] near-input: bn0: mean=4.76e-08 std=3.17e-04 pos=0.50 | enc_conv1: mean=1.25e-14 std=1.82e-04 pos=0.49
[05/14 05:40:12] [GradMonitor step=2955] deep/task: enc_layer4: mean=8.29e-06 std=3.37e-05 | PAM: mean=9.12e-05 std=3.67e-04 | CIAM: mean=8.34e-06 std=3.37e-05
[05/14 05:40:12] [GradMonitor step=2955] param-grad: weight_base: mean=-3.15e-08 std=8.49e-07 | weight_base_open: mean=5.67e-05 std=1.09e-03 | enc_conv1_weight: mean=-1.24e-02 std=6.59e-02
[05/14 05:40:12] [GradMonitor step=2960] near-input: bn0: mean=-1.69e-07 std=4.17e-04 pos=0.50 | enc_conv1: mean=1.64e-13 std=2.37e-04 pos=0.48
[05/14 05:40:12] [GradMonitor step=2960] deep/task: enc_layer4: mean=1.36e-05 std=2.59e-05 | PAM: mean=1.49e-04 std=2.82e-04 | CIAM: mean=1.38e-05 std=2.59e-05
[05/14 05:40:12] [GradMonitor step=2960] param-grad: weight_base: mean=3.87e-08 std=1.02e-06 | weight_base_open: mean=-3.96e-05 std=1.37e-03 | enc_conv1_weight: mean=1.08e-02 std=4.72e-02
[05/14 05:40:12] [GradMonitor step=2965] near-input: bn0: mean=8.90e-08 std=4.15e-04 pos=0.50 | enc_conv1: mean=1.66e-13 std=2.47e-04 pos=0.52
[05/14 05:40:12] [GradMonitor step=2965] deep/task: enc_layer4: mean=1.47e-05 std=3.75e-05 | PAM: mean=1.61e-04 std=4.11e-04 | CIAM: mean=1.49e-05 std=3.75e-05
[05/14 05:40:12] [GradMonitor step=2965] param-grad: weight_base: mean=7.28e-09 std=1.12e-06 | weight_base_open: mean=-5.66e-05 std=1.26e-03 | enc_conv1_weight: mean=3.40e-03 std=5.33e-02
[05/14 05:40:13] [GradMonitor step=2970] near-input: bn0: mean=-2.89e-07 std=4.06e-04 pos=0.50 | enc_conv1: mean=-1.00e-13 std=2.35e-04 pos=0.47
[05/14 05:40:13] [GradMonitor step=2970] deep/task: enc_layer4: mean=1.14e-05 std=2.92e-05 | PAM: mean=1.25e-04 std=3.19e-04 | CIAM: mean=1.15e-05 std=2.93e-05
[05/14 05:40:13] [GradMonitor step=2970] param-grad: weight_base: mean=2.35e-08 std=4.25e-07 | weight_base_open: mean=5.92e-06 std=1.17e-03 | enc_conv1_weight: mean=-2.53e-02 std=9.86e-02
[05/14 05:40:13] [GradMonitor step=2975] near-input: bn0: mean=4.54e-07 std=4.20e-04 pos=0.50 | enc_conv1: mean=-5.91e-14 std=2.56e-04 pos=0.46
[05/14 05:40:13] [GradMonitor step=2975] deep/task: enc_layer4: mean=1.27e-05 std=3.70e-05 | PAM: mean=1.40e-04 std=4.05e-04 | CIAM: mean=1.28e-05 std=3.70e-05
[05/14 05:40:13] [GradMonitor step=2975] param-grad: weight_base: mean=1.32e-08 std=5.17e-07 | weight_base_open: mean=-9.69e-05 std=8.78e-04 | enc_conv1_weight: mean=8.12e-03 std=5.84e-02
[05/14 05:40:13] [GradMonitor step=2980] near-input: bn0: mean=-1.92e-07 std=4.43e-04 pos=0.50 | enc_conv1: mean=-6.82e-15 std=2.53e-04 pos=0.53
[05/14 05:40:13] [GradMonitor step=2980] deep/task: enc_layer4: mean=1.31e-05 std=3.72e-05 | PAM: mean=1.43e-04 std=4.09e-04 | CIAM: mean=1.32e-05 std=3.72e-05
[05/14 05:40:13] [GradMonitor step=2980] param-grad: weight_base: mean=-8.94e-09 std=1.24e-06 | weight_base_open: mean=-4.27e-05 std=1.34e-03 | enc_conv1_weight: mean=-1.47e-02 std=5.51e-02
[05/14 05:40:14] [GradMonitor step=2985] near-input: bn0: mean=-3.63e-09 std=2.22e-04 pos=0.50 | enc_conv1: mean=1.59e-14 std=1.27e-04 pos=0.48
[05/14 05:40:14] [GradMonitor step=2985] deep/task: enc_layer4: mean=9.40e-06 std=2.12e-05 | PAM: mean=1.02e-04 std=2.30e-04 | CIAM: mean=9.51e-06 std=2.12e-05
[05/14 05:40:14] [GradMonitor step=2985] param-grad: weight_base: mean=-4.74e-10 std=5.32e-07 | weight_base_open: mean=6.78e-06 std=1.14e-03 | enc_conv1_weight: mean=-2.07e-02 std=6.77e-02
[05/14 05:40:14] [GradMonitor step=2990] near-input: bn0: mean=-5.17e-07 std=4.85e-04 pos=0.50 | enc_conv1: mean=1.39e-13 std=2.76e-04 pos=0.47
[05/14 05:40:14] [GradMonitor step=2990] deep/task: enc_layer4: mean=1.52e-05 std=3.94e-05 | PAM: mean=1.67e-04 std=4.33e-04 | CIAM: mean=1.53e-05 std=3.94e-05
[05/14 05:40:14] [GradMonitor step=2990] param-grad: weight_base: mean=-1.96e-08 std=1.01e-06 | weight_base_open: mean=1.27e-05 std=1.01e-03 | enc_conv1_weight: mean=5.18e-03 std=6.13e-02
[05/14 05:40:15] [GradMonitor step=2995] near-input: bn0: mean=-2.87e-07 std=4.82e-04 pos=0.50 | enc_conv1: mean=1.46e-13 std=2.75e-04 pos=0.48
[05/14 05:40:15] [GradMonitor step=2995] deep/task: enc_layer4: mean=1.40e-05 std=3.36e-05 | PAM: mean=1.54e-04 std=3.67e-04 | CIAM: mean=1.41e-05 std=3.37e-05
[05/14 05:40:15] [GradMonitor step=2995] param-grad: weight_base: mean=-2.62e-08 std=5.03e-07 | weight_base_open: mean=1.46e-05 std=9.37e-04 | enc_conv1_weight: mean=-2.08e-02 std=6.13e-02
[05/14 05:40:15] [GradMonitor step=3000] near-input: bn0: mean=-4.36e-07 std=3.32e-04 pos=0.50 | enc_conv1: mean=-1.36e-14 std=1.93e-04 pos=0.56
[05/14 05:40:15] [GradMonitor step=3000] deep/task: enc_layer4: mean=1.23e-05 std=2.91e-05 | PAM: mean=1.34e-04 std=3.19e-04 | CIAM: mean=1.24e-05 std=2.91e-05
[05/14 05:40:15] [GradMonitor step=3000] param-grad: weight_base: mean=2.28e-09 std=2.93e-07 | weight_base_open: mean=-8.15e-07 std=9.35e-04 | enc_conv1_weight: mean=1.39e-02 std=6.68e-02
[05/14 05:40:15] [GradMonitor step=3005] near-input: bn0: mean=-4.06e-07 std=4.53e-04 pos=0.50 | enc_conv1: mean=-7.05e-14 std=2.59e-04 pos=0.59
[05/14 05:40:15] [GradMonitor step=3005] deep/task: enc_layer4: mean=1.24e-05 std=3.35e-05 | PAM: mean=1.35e-04 std=3.68e-04 | CIAM: mean=1.25e-05 std=3.35e-05
[05/14 05:40:15] [GradMonitor step=3005] param-grad: weight_base: mean=-3.64e-08 std=8.75e-07 | weight_base_open: mean=-3.33e-05 std=1.02e-03 | enc_conv1_weight: mean=1.07e-02 std=6.33e-02
[05/14 05:40:16] [GradMonitor step=3010] near-input: bn0: mean=-1.31e-07 std=5.04e-04 pos=0.50 | enc_conv1: mean=-3.64e-14 std=2.95e-04 pos=0.53
[05/14 05:40:16] [GradMonitor step=3010] deep/task: enc_layer4: mean=1.26e-05 std=4.01e-05 | PAM: mean=1.38e-04 std=4.38e-04 | CIAM: mean=1.28e-05 std=4.01e-05
[05/14 05:40:16] [GradMonitor step=3010] param-grad: weight_base: mean=-4.45e-08 std=7.42e-07 | weight_base_open: mean=4.23e-06 std=1.06e-03 | enc_conv1_weight: mean=-1.87e-02 std=8.97e-02
[05/14 05:40:16] [GradMonitor step=3015] near-input: bn0: mean=4.22e-07 std=5.10e-04 pos=0.50 | enc_conv1: mean=6.14e-14 std=2.99e-04 pos=0.54
[05/14 05:40:16] [GradMonitor step=3015] deep/task: enc_layer4: mean=9.25e-06 std=4.05e-05 | PAM: mean=1.03e-04 std=4.44e-04 | CIAM: mean=9.33e-06 std=4.05e-05
[05/14 05:40:16] [GradMonitor step=3015] param-grad: weight_base: mean=2.04e-08 std=6.95e-07 | weight_base_open: mean=7.13e-06 std=1.28e-03 | enc_conv1_weight: mean=3.36e-03 std=7.90e-02
[05/14 05:40:16] [GradMonitor step=3020] near-input: bn0: mean=-3.82e-07 std=3.94e-04 pos=0.50 | enc_conv1: mean=1.36e-14 std=2.24e-04 pos=0.43
[05/14 05:40:16] [GradMonitor step=3020] deep/task: enc_layer4: mean=1.49e-05 std=3.49e-05 | PAM: mean=1.63e-04 std=3.83e-04 | CIAM: mean=1.50e-05 std=3.49e-05
[05/14 05:40:16] [GradMonitor step=3020] param-grad: weight_base: mean=-1.52e-08 std=6.02e-07 | weight_base_open: mean=-2.86e-05 std=1.34e-03 | enc_conv1_weight: mean=-7.44e-03 std=5.73e-02
[05/14 05:40:17] [GradMonitor step=3025] near-input: bn0: mean=-7.60e-07 std=4.81e-04 pos=0.50 | enc_conv1: mean=-3.64e-14 std=2.72e-04 pos=0.44
[05/14 05:40:17] [GradMonitor step=3025] deep/task: enc_layer4: mean=1.21e-05 std=2.95e-05 | PAM: mean=1.32e-04 std=3.21e-04 | CIAM: mean=1.23e-05 std=2.95e-05
[05/14 05:40:17] [GradMonitor step=3025] param-grad: weight_base: mean=2.20e-08 std=7.95e-07 | weight_base_open: mean=4.77e-05 std=1.00e-03 | enc_conv1_weight: mean=1.90e-03 std=6.00e-02
[05/14 05:40:17] [GradMonitor step=3030] near-input: bn0: mean=-3.66e-07 std=4.01e-04 pos=0.50 | enc_conv1: mean=1.82e-14 std=2.29e-04 pos=0.42
[05/14 05:40:17] [GradMonitor step=3030] deep/task: enc_layer4: mean=1.39e-05 std=3.41e-05 | PAM: mean=1.53e-04 std=3.75e-04 | CIAM: mean=1.40e-05 std=3.41e-05
[05/14 05:40:17] [GradMonitor step=3030] param-grad: weight_base: mean=2.71e-08 std=8.93e-07 | weight_base_open: mean=2.65e-05 std=1.07e-03 | enc_conv1_weight: mean=6.68e-03 std=5.23e-02
[05/14 05:40:17] [GradMonitor step=3035] near-input: bn0: mean=2.84e-07 std=5.82e-04 pos=0.50 | enc_conv1: mean=-2.00e-13 std=3.38e-04 pos=0.53
[05/14 05:40:17] [GradMonitor step=3035] deep/task: enc_layer4: mean=1.47e-05 std=3.88e-05 | PAM: mean=1.61e-04 std=4.26e-04 | CIAM: mean=1.49e-05 std=3.89e-05
[05/14 05:40:17] [GradMonitor step=3035] param-grad: weight_base: mean=-4.61e-08 std=1.45e-06 | weight_base_open: mean=-6.00e-05 std=1.11e-03 | enc_conv1_weight: mean=-1.04e-02 std=7.43e-02
[05/14 05:40:18] [GradMonitor step=3040] near-input: bn0: mean=-2.38e-07 std=4.43e-04 pos=0.50 | enc_conv1: mean=8.19e-14 std=2.60e-04 pos=0.48
[05/14 05:40:18] [GradMonitor step=3040] deep/task: enc_layer4: mean=1.15e-05 std=3.96e-05 | PAM: mean=1.26e-04 std=4.35e-04 | CIAM: mean=1.17e-05 std=3.96e-05
[05/14 05:40:18] [GradMonitor step=3040] param-grad: weight_base: mean=-1.29e-08 std=6.83e-07 | weight_base_open: mean=-2.29e-05 std=1.23e-03 | enc_conv1_weight: mean=-6.45e-03 std=7.52e-02
[05/14 05:40:18] [GradMonitor step=3045] near-input: bn0: mean=-9.41e-08 std=4.79e-04 pos=0.50 | enc_conv1: mean=4.77e-14 std=2.76e-04 pos=0.55
[05/14 05:40:18] [GradMonitor step=3045] deep/task: enc_layer4: mean=1.28e-05 std=3.83e-05 | PAM: mean=1.41e-04 std=4.22e-04 | CIAM: mean=1.29e-05 std=3.83e-05
[05/14 05:40:18] [GradMonitor step=3045] param-grad: weight_base: mean=1.34e-08 std=6.19e-07 | weight_base_open: mean=-1.20e-04 std=9.36e-04 | enc_conv1_weight: mean=1.41e-02 std=5.87e-02
[05/14 05:40:19] [GradMonitor step=3050] near-input: bn0: mean=6.83e-07 std=5.88e-04 pos=0.50 | enc_conv1: mean=-1.00e-13 std=3.36e-04 pos=0.46
[05/14 05:40:19] [GradMonitor step=3050] deep/task: enc_layer4: mean=1.31e-05 std=4.98e-05 | PAM: mean=1.43e-04 std=5.43e-04 | CIAM: mean=1.32e-05 std=4.98e-05
[05/14 05:40:19] [GradMonitor step=3050] param-grad: weight_base: mean=-2.43e-08 std=9.91e-07 | weight_base_open: mean=1.02e-07 std=1.28e-03 | enc_conv1_weight: mean=6.69e-04 std=6.70e-02
[05/14 05:40:19] [GradMonitor step=3055] near-input: bn0: mean=-5.70e-07 std=7.11e-04 pos=0.50 | enc_conv1: mean=1.18e-13 std=4.07e-04 pos=0.57
[05/14 05:40:19] [GradMonitor step=3055] deep/task: enc_layer4: mean=1.41e-05 std=4.97e-05 | PAM: mean=1.52e-04 std=5.40e-04 | CIAM: mean=1.42e-05 std=4.97e-05
[05/14 05:40:19] [GradMonitor step=3055] param-grad: weight_base: mean=-2.99e-08 std=9.30e-07 | weight_base_open: mean=-1.10e-05 std=1.45e-03 | enc_conv1_weight: mean=-2.39e-02 std=7.88e-02
[05/14 05:40:19] [GradMonitor step=3060] near-input: bn0: mean=-1.90e-07 std=4.56e-04 pos=0.50 | enc_conv1: mean=-1.30e-13 std=2.59e-04 pos=0.49
[05/14 05:40:19] [GradMonitor step=3060] deep/task: enc_layer4: mean=1.27e-05 std=3.31e-05 | PAM: mean=1.39e-04 std=3.63e-04 | CIAM: mean=1.28e-05 std=3.32e-05
[05/14 05:40:19] [GradMonitor step=3060] param-grad: weight_base: mean=-1.86e-09 std=3.25e-07 | weight_base_open: mean=1.14e-05 std=1.17e-03 | enc_conv1_weight: mean=3.07e-02 std=7.16e-02
[05/14 05:40:20] [GradMonitor step=3065] near-input: bn0: mean=3.83e-07 std=3.93e-04 pos=0.50 | enc_conv1: mean=-7.73e-14 std=2.23e-04 pos=0.46
[05/14 05:40:20] [GradMonitor step=3065] deep/task: enc_layer4: mean=1.29e-05 std=2.99e-05 | PAM: mean=1.40e-04 std=3.27e-04 | CIAM: mean=1.30e-05 std=3.00e-05
[05/14 05:40:20] [GradMonitor step=3065] param-grad: weight_base: mean=2.98e-08 std=7.14e-07 | weight_base_open: mean=-6.86e-05 std=1.29e-03 | enc_conv1_weight: mean=3.14e-02 std=7.64e-02
[05/14 05:40:20] [GradMonitor step=3070] near-input: bn0: mean=-8.74e-08 std=3.90e-04 pos=0.50 | enc_conv1: mean=4.55e-14 std=2.24e-04 pos=0.56
[05/14 05:40:20] [GradMonitor step=3070] deep/task: enc_layer4: mean=8.67e-06 std=2.66e-05 | PAM: mean=9.40e-05 std=2.87e-04 | CIAM: mean=8.79e-06 std=2.66e-05
[05/14 05:40:20] [GradMonitor step=3070] param-grad: weight_base: mean=6.56e-08 std=1.35e-06 | weight_base_open: mean=7.20e-05 std=1.44e-03 | enc_conv1_weight: mean=-4.83e-03 std=7.60e-02
[05/14 05:40:21] [GradMonitor step=3075] near-input: bn0: mean=1.02e-07 std=4.09e-04 pos=0.50 | enc_conv1: mean=2.27e-14 std=2.40e-04 pos=0.53
[05/14 05:40:21] [GradMonitor step=3075] deep/task: enc_layer4: mean=1.30e-05 std=3.81e-05 | PAM: mean=1.42e-04 std=4.17e-04 | CIAM: mean=1.31e-05 std=3.82e-05
[05/14 05:40:21] [GradMonitor step=3075] param-grad: weight_base: mean=9.23e-09 std=3.73e-07 | weight_base_open: mean=6.20e-05 std=1.29e-03 | enc_conv1_weight: mean=-5.90e-03 std=5.00e-02
[05/14 05:40:21] [GradMonitor step=3080] near-input: bn0: mean=-1.78e-07 std=4.98e-04 pos=0.50 | enc_conv1: mean=9.09e-15 std=2.84e-04 pos=0.48
[05/14 05:40:21] [GradMonitor step=3080] deep/task: enc_layer4: mean=1.19e-05 std=3.56e-05 | PAM: mean=1.30e-04 std=3.88e-04 | CIAM: mean=1.20e-05 std=3.56e-05
[05/14 05:40:21] [GradMonitor step=3080] param-grad: weight_base: mean=-2.05e-08 std=6.35e-07 | weight_base_open: mean=-3.74e-05 std=1.23e-03 | enc_conv1_weight: mean=-6.64e-03 std=7.24e-02
[05/14 05:40:21] [GradMonitor step=3085] near-input: bn0: mean=-1.33e-08 std=3.85e-04 pos=0.50 | enc_conv1: mean=-5.91e-14 std=2.21e-04 pos=0.53
[05/14 05:40:21] [GradMonitor step=3085] deep/task: enc_layer4: mean=1.35e-05 std=2.68e-05 | PAM: mean=1.48e-04 std=2.94e-04 | CIAM: mean=1.36e-05 std=2.69e-05
[05/14 05:40:21] [GradMonitor step=3085] param-grad: weight_base: mean=3.09e-08 std=7.48e-07 | weight_base_open: mean=2.09e-05 std=9.97e-04 | enc_conv1_weight: mean=2.45e-03 std=4.25e-02
[05/14 05:40:22] [GradMonitor step=3090] near-input: bn0: mean=1.74e-07 std=2.79e-04 pos=0.50 | enc_conv1: mean=3.41e-14 std=1.62e-04 pos=0.48
[05/14 05:40:22] [GradMonitor step=3090] deep/task: enc_layer4: mean=1.36e-05 std=2.36e-05 | PAM: mean=1.48e-04 std=2.58e-04 | CIAM: mean=1.37e-05 std=2.37e-05
[05/14 05:40:22] [GradMonitor step=3090] param-grad: weight_base: mean=1.75e-08 std=6.80e-07 | weight_base_open: mean=3.89e-05 std=1.66e-03 | enc_conv1_weight: mean=-1.85e-02 std=4.52e-02
[05/14 05:40:22] [GradMonitor step=3095] near-input: bn0: mean=8.33e-09 std=5.22e-04 pos=0.50 | enc_conv1: mean=-2.57e-13 std=3.07e-04 pos=0.53
[05/14 05:40:22] [GradMonitor step=3095] deep/task: enc_layer4: mean=1.25e-05 std=3.99e-05 | PAM: mean=1.37e-04 std=4.39e-04 | CIAM: mean=1.26e-05 std=4.00e-05
[05/14 05:40:22] [GradMonitor step=3095] param-grad: weight_base: mean=-3.78e-08 std=1.23e-06 | weight_base_open: mean=-3.41e-05 std=1.68e-03 | enc_conv1_weight: mean=-4.06e-03 std=7.26e-02
[05/14 05:40:23] [GradMonitor step=3100] near-input: bn0: mean=-2.53e-07 std=4.60e-04 pos=0.50 | enc_conv1: mean=-9.09e-15 std=2.68e-04 pos=0.53
[05/14 05:40:23] [GradMonitor step=3100] deep/task: enc_layer4: mean=1.47e-05 std=3.70e-05 | PAM: mean=1.61e-04 std=4.06e-04 | CIAM: mean=1.49e-05 std=3.70e-05
[05/14 05:40:23] [GradMonitor step=3100] param-grad: weight_base: mean=5.69e-08 std=9.81e-07 | weight_base_open: mean=-2.53e-04 std=1.42e-03 | enc_conv1_weight: mean=-1.49e-02 std=6.04e-02
[05/14 05:40:23] [GradMonitor step=3105] near-input: bn0: mean=-1.53e-07 std=4.38e-04 pos=0.50 | enc_conv1: mean=-3.18e-14 std=2.49e-04 pos=0.50
[05/14 05:40:23] [GradMonitor step=3105] deep/task: enc_layer4: mean=1.23e-05 std=3.58e-05 | PAM: mean=1.35e-04 std=3.94e-04 | CIAM: mean=1.24e-05 std=3.59e-05
[05/14 05:40:23] [GradMonitor step=3105] param-grad: weight_base: mean=-3.33e-08 std=1.25e-06 | weight_base_open: mean=-1.82e-04 std=1.43e-03 | enc_conv1_weight: mean=3.48e-03 std=5.03e-02
[05/14 05:40:23] [GradMonitor step=3110] near-input: bn0: mean=-6.32e-08 std=4.60e-04 pos=0.50 | enc_conv1: mean=-1.34e-13 std=2.66e-04 pos=0.48
[05/14 05:40:23] [GradMonitor step=3110] deep/task: enc_layer4: mean=1.31e-05 std=3.84e-05 | PAM: mean=1.45e-04 std=4.25e-04 | CIAM: mean=1.33e-05 std=3.85e-05
[05/14 05:40:23] [GradMonitor step=3110] param-grad: weight_base: mean=-1.43e-08 std=4.11e-07 | weight_base_open: mean=-9.67e-05 std=9.92e-04 | enc_conv1_weight: mean=3.09e-03 std=7.24e-02
[05/14 05:40:24] [GradMonitor step=3115] near-input: bn0: mean=-3.51e-07 std=2.56e-04 pos=0.50 | enc_conv1: mean=-1.21e-13 std=1.51e-04 pos=0.50
[05/14 05:40:24] [GradMonitor step=3115] deep/task: enc_layer4: mean=1.10e-05 std=2.81e-05 | PAM: mean=1.21e-04 std=3.09e-04 | CIAM: mean=1.11e-05 std=2.81e-05
[05/14 05:40:24] [GradMonitor step=3115] param-grad: weight_base: mean=-3.24e-08 std=8.78e-07 | weight_base_open: mean=3.75e-06 std=1.31e-03 | enc_conv1_weight: mean=-3.26e-03 std=5.12e-02
[05/14 05:40:24] [GradMonitor step=3120] near-input: bn0: mean=-2.44e-07 std=4.03e-04 pos=0.50 | enc_conv1: mean=-1.25e-13 std=2.35e-04 pos=0.49
[05/14 05:40:24] [GradMonitor step=3120] deep/task: enc_layer4: mean=1.41e-05 std=3.39e-05 | PAM: mean=1.55e-04 std=3.73e-04 | CIAM: mean=1.42e-05 std=3.39e-05
[05/14 05:40:24] [GradMonitor step=3120] param-grad: weight_base: mean=-1.52e-08 std=6.33e-07 | weight_base_open: mean=3.62e-05 std=1.37e-03 | enc_conv1_weight: mean=1.60e-02 std=7.63e-02
[05/14 05:40:24] [GradMonitor step=3125] near-input: bn0: mean=2.38e-07 std=5.38e-04 pos=0.50 | enc_conv1: mean=-2.27e-14 std=3.15e-04 pos=0.51
[05/14 05:40:24] [GradMonitor step=3125] deep/task: enc_layer4: mean=1.46e-05 std=4.07e-05 | PAM: mean=1.60e-04 std=4.48e-04 | CIAM: mean=1.48e-05 std=4.08e-05
[05/14 05:40:24] [GradMonitor step=3125] param-grad: weight_base: mean=1.98e-08 std=6.15e-07 | weight_base_open: mean=-3.39e-05 std=1.51e-03 | enc_conv1_weight: mean=1.26e-02 std=7.75e-02
[05/14 05:40:25] [GradMonitor step=3130] near-input: bn0: mean=-5.43e-07 std=5.27e-04 pos=0.50 | enc_conv1: mean=-1.09e-13 std=3.05e-04 pos=0.50
[05/14 05:40:25] [GradMonitor step=3130] deep/task: enc_layer4: mean=1.24e-05 std=4.38e-05 | PAM: mean=1.34e-04 std=4.81e-04 | CIAM: mean=1.25e-05 std=4.38e-05
[05/14 05:40:25] [GradMonitor step=3130] param-grad: weight_base: mean=-6.64e-09 std=5.92e-07 | weight_base_open: mean=-5.20e-05 std=1.44e-03 | enc_conv1_weight: mean=-4.04e-02 std=1.02e-01
[05/14 05:40:25] [GradMonitor step=3135] near-input: bn0: mean=1.62e-07 std=3.86e-04 pos=0.50 | enc_conv1: mean=-2.27e-14 std=2.32e-04 pos=0.47
[05/14 05:40:25] [GradMonitor step=3135] deep/task: enc_layer4: mean=1.56e-05 std=3.68e-05 | PAM: mean=1.72e-04 std=4.07e-04 | CIAM: mean=1.58e-05 std=3.68e-05
[05/14 05:40:25] [GradMonitor step=3135] param-grad: weight_base: mean=1.40e-10 std=2.80e-07 | weight_base_open: mean=7.01e-05 std=1.18e-03 | enc_conv1_weight: mean=3.10e-03 std=5.46e-02
[05/14 05:40:25] [GradMonitor step=3140] near-input: bn0: mean=-1.16e-08 std=4.33e-04 pos=0.50 | enc_conv1: mean=-1.21e-13 std=2.43e-04 pos=0.51
[05/14 05:40:25] [GradMonitor step=3140] deep/task: enc_layer4: mean=1.32e-05 std=3.47e-05 | PAM: mean=1.43e-04 std=3.79e-04 | CIAM: mean=1.33e-05 std=3.47e-05
[05/14 05:40:25] [GradMonitor step=3140] param-grad: weight_base: mean=-1.88e-08 std=3.28e-07 | weight_base_open: mean=1.10e-04 std=1.15e-03 | enc_conv1_weight: mean=2.20e-02 std=9.86e-02
[05/14 05:40:26] [GradMonitor step=3145] near-input: bn0: mean=-5.29e-08 std=3.34e-04 pos=0.50 | enc_conv1: mean=0.00e+00 std=1.92e-04 pos=0.47
[05/14 05:40:26] [GradMonitor step=3145] deep/task: enc_layer4: mean=1.18e-05 std=3.11e-05 | PAM: mean=1.29e-04 std=3.40e-04 | CIAM: mean=1.19e-05 std=3.12e-05
[05/14 05:40:26] [GradMonitor step=3145] param-grad: weight_base: mean=-6.28e-09 std=3.34e-07 | weight_base_open: mean=3.82e-05 std=9.42e-04 | enc_conv1_weight: mean=-1.80e-02 std=6.42e-02
[05/14 05:40:26] [GradMonitor step=3150] near-input: bn0: mean=4.31e-07 std=3.54e-04 pos=0.50 | enc_conv1: mean=7.28e-14 std=2.04e-04 pos=0.45
[05/14 05:40:26] [GradMonitor step=3150] deep/task: enc_layer4: mean=8.80e-06 std=2.95e-05 | PAM: mean=9.72e-05 std=3.24e-04 | CIAM: mean=8.90e-06 std=2.95e-05
[05/14 05:40:26] [GradMonitor step=3150] param-grad: weight_base: mean=-2.12e-08 std=7.91e-07 | weight_base_open: mean=2.32e-05 std=9.41e-04 | enc_conv1_weight: mean=-2.13e-03 std=7.44e-02
[05/14 05:40:27] [GradMonitor step=3155] near-input: bn0: mean=1.59e-07 std=4.63e-04 pos=0.50 | enc_conv1: mean=-6.25e-14 std=2.65e-04 pos=0.52
[05/14 05:40:27] [GradMonitor step=3155] deep/task: enc_layer4: mean=1.47e-05 std=3.55e-05 | PAM: mean=1.61e-04 std=3.89e-04 | CIAM: mean=1.48e-05 std=3.55e-05
[05/14 05:40:27] [GradMonitor step=3155] param-grad: weight_base: mean=-1.73e-08 std=7.45e-07 | weight_base_open: mean=1.13e-04 std=1.21e-03 | enc_conv1_weight: mean=1.32e-02 std=6.30e-02
[05/14 05:40:27] [GradMonitor step=3160] near-input: bn0: mean=3.27e-07 std=4.81e-04 pos=0.50 | enc_conv1: mean=-7.73e-14 std=2.76e-04 pos=0.51
[05/14 05:40:27] [GradMonitor step=3160] deep/task: enc_layer4: mean=1.24e-05 std=3.76e-05 | PAM: mean=1.35e-04 std=4.10e-04 | CIAM: mean=1.25e-05 std=3.77e-05
[05/14 05:40:27] [GradMonitor step=3160] param-grad: weight_base: mean=4.90e-09 std=7.68e-07 | weight_base_open: mean=-4.47e-05 std=1.07e-03 | enc_conv1_weight: mean=2.38e-02 std=9.92e-02
[05/14 05:40:27] [GradMonitor step=3165] near-input: bn0: mean=-6.35e-07 std=4.63e-04 pos=0.50 | enc_conv1: mean=7.28e-14 std=2.73e-04 pos=0.43
[05/14 05:40:27] [GradMonitor step=3165] deep/task: enc_layer4: mean=1.09e-05 std=4.18e-05 | PAM: mean=1.20e-04 std=4.56e-04 | CIAM: mean=1.10e-05 std=4.18e-05
[05/14 05:40:27] [GradMonitor step=3165] param-grad: weight_base: mean=-4.13e-09 std=3.19e-07 | weight_base_open: mean=-7.22e-05 std=1.19e-03 | enc_conv1_weight: mean=-3.37e-02 std=1.11e-01
[05/14 05:40:28] [GradMonitor step=3170] near-input: bn0: mean=4.50e-07 std=4.92e-04 pos=0.50 | enc_conv1: mean=9.55e-14 std=2.83e-04 pos=0.56
[05/14 05:40:28] [GradMonitor step=3170] deep/task: enc_layer4: mean=9.13e-06 std=3.59e-05 | PAM: mean=1.01e-04 std=3.91e-04 | CIAM: mean=9.22e-06 std=3.59e-05
[05/14 05:40:28] [GradMonitor step=3170] param-grad: weight_base: mean=-1.49e-08 std=8.63e-07 | weight_base_open: mean=5.30e-05 std=1.11e-03 | enc_conv1_weight: mean=-1.44e-02 std=7.50e-02
[05/14 05:40:28] [GradMonitor step=3175] near-input: bn0: mean=-2.34e-07 std=3.36e-04 pos=0.50 | enc_conv1: mean=-4.55e-14 std=1.91e-04 pos=0.50
[05/14 05:40:28] [GradMonitor step=3175] deep/task: enc_layer4: mean=1.22e-05 std=2.60e-05 | PAM: mean=1.33e-04 std=2.83e-04 | CIAM: mean=1.24e-05 std=2.61e-05
[05/14 05:40:28] [GradMonitor step=3175] param-grad: weight_base: mean=1.53e-08 std=1.72e-06 | weight_base_open: mean=-1.51e-04 std=2.12e-03 | enc_conv1_weight: mean=2.08e-02 std=7.71e-02
[05/14 05:40:28] [GradMonitor step=3180] near-input: bn0: mean=1.06e-07 std=6.91e-04 pos=0.50 | enc_conv1: mean=-1.82e-14 std=3.95e-04 pos=0.48
[05/14 05:40:28] [GradMonitor step=3180] deep/task: enc_layer4: mean=1.36e-05 std=4.48e-05 | PAM: mean=1.49e-04 std=4.91e-04 | CIAM: mean=1.37e-05 std=4.48e-05
[05/14 05:40:28] [GradMonitor step=3180] param-grad: weight_base: mean=1.06e-08 std=6.96e-07 | weight_base_open: mean=1.25e-04 std=1.16e-03 | enc_conv1_weight: mean=-6.52e-03 std=7.23e-02
[05/14 05:40:29] [GradMonitor step=3185] near-input: bn0: mean=4.35e-07 std=4.74e-04 pos=0.50 | enc_conv1: mean=7.96e-14 std=2.73e-04 pos=0.49
[05/14 05:40:29] [GradMonitor step=3185] deep/task: enc_layer4: mean=1.16e-05 std=3.80e-05 | PAM: mean=1.28e-04 std=4.17e-04 | CIAM: mean=1.17e-05 std=3.80e-05
[05/14 05:40:29] [GradMonitor step=3185] param-grad: weight_base: mean=-1.06e-08 std=4.83e-07 | weight_base_open: mean=4.97e-05 std=9.79e-04 | enc_conv1_weight: mean=-3.20e-02 std=7.83e-02
[05/14 05:40:29] [GradMonitor step=3190] near-input: bn0: mean=1.37e-07 std=5.18e-04 pos=0.50 | enc_conv1: mean=7.28e-14 std=2.94e-04 pos=0.53
[05/14 05:40:29] [GradMonitor step=3190] deep/task: enc_layer4: mean=1.11e-05 std=3.65e-05 | PAM: mean=1.23e-04 std=4.01e-04 | CIAM: mean=1.13e-05 std=3.65e-05
[05/14 05:40:29] [GradMonitor step=3190] param-grad: weight_base: mean=5.28e-09 std=4.83e-07 | weight_base_open: mean=5.85e-05 std=1.03e-03 | enc_conv1_weight: mean=1.97e-02 std=9.98e-02
[05/14 05:40:29] [GradMonitor step=3195] near-input: bn0: mean=-4.98e-08 std=3.30e-04 pos=0.50 | enc_conv1: mean=2.27e-15 std=1.87e-04 pos=0.47
[05/14 05:40:29] [GradMonitor step=3195] deep/task: enc_layer4: mean=1.01e-05 std=2.54e-05 | PAM: mean=1.10e-04 std=2.75e-04 | CIAM: mean=1.03e-05 std=2.54e-05
[05/14 05:40:29] [GradMonitor step=3195] param-grad: weight_base: mean=-2.60e-08 std=8.98e-07 | weight_base_open: mean=3.11e-05 std=1.03e-03 | enc_conv1_weight: mean=-7.01e-04 std=5.73e-02
[05/14 05:40:30] [GradMonitor step=3200] near-input: bn0: mean=-7.68e-07 std=5.65e-04 pos=0.50 | enc_conv1: mean=2.02e-13 std=3.30e-04 pos=0.49
[05/14 05:40:30] [GradMonitor step=3200] deep/task: enc_layer4: mean=1.01e-05 std=4.51e-05 | PAM: mean=1.14e-04 std=4.89e-04 | CIAM: mean=1.02e-05 std=4.51e-05
[05/14 05:40:30] [GradMonitor step=3200] param-grad: weight_base: mean=-1.08e-08 std=8.92e-07 | weight_base_open: mean=9.62e-05 std=1.19e-03 | enc_conv1_weight: mean=3.69e-03 std=7.33e-02
[05/14 05:40:30] 
[05/14 05:40:30] epoch 8/20, iter 3200:
[05/14 05:40:30] train_loss: 1.20947
[05/14 05:40:30] train_acc: 0.929
[05/14 05:40:30] train_auroc: 0.883
[05/14 05:40:36] Summary name val_6-way-5-shot_tpr@tnr95 is illegal; using val_6-way-5-shot_tpr_tnr95 instead.
[05/14 05:40:36] val_6-way-5-shot_acc: 57.839	0.785
[05/14 05:40:36] val_6-way-5-shot_auroc: 56.219	1.984
[05/14 05:40:36] val_6-way-5-shot_fscore: 21.086	0.220
[05/14 05:40:36] val_6-way-5-shot_tpr@tnr95: 11.612	1.978
[05/14 05:40:36] val_6-way-5-shot_osr: 52.562	0.991
[05/14 05:40:36] BEST Auroc!
[05/14 05:40:36] BEST Fscore!
[05/14 05:40:36] BEST OSR Score!
[05/14 05:40:36] [GradMonitor step=3205] near-input: bn0: mean=-4.03e-07 std=3.14e-04 pos=0.50 | enc_conv1: mean=-3.18e-14 std=1.80e-04 pos=0.47
[05/14 05:40:36] [GradMonitor step=3205] deep/task: enc_layer4: mean=1.11e-05 std=3.30e-05 | PAM: mean=1.22e-04 std=3.60e-04 | CIAM: mean=1.12e-05 std=3.30e-05
[05/14 05:40:36] [GradMonitor step=3205] param-grad: weight_base: mean=-2.70e-08 std=1.00e-06 | weight_base_open: mean=7.81e-05 std=1.61e-03 | enc_conv1_weight: mean=-1.77e-02 std=7.35e-02
[05/14 05:40:37] [GradMonitor step=3210] near-input: bn0: mean=5.48e-08 std=3.02e-04 pos=0.50 | enc_conv1: mean=4.77e-14 std=1.76e-04 pos=0.46
[05/14 05:40:37] [GradMonitor step=3210] deep/task: enc_layer4: mean=1.16e-05 std=2.82e-05 | PAM: mean=1.26e-04 std=3.06e-04 | CIAM: mean=1.18e-05 std=2.82e-05
[05/14 05:40:37] [GradMonitor step=3210] param-grad: weight_base: mean=6.11e-08 std=1.54e-06 | weight_base_open: mean=-1.20e-04 std=1.49e-03 | enc_conv1_weight: mean=6.87e-03 std=7.77e-02
[05/14 05:40:37] [GradMonitor step=3215] near-input: bn0: mean=2.08e-07 std=4.45e-04 pos=0.50 | enc_conv1: mean=-1.25e-14 std=2.56e-04 pos=0.51
[05/14 05:40:37] [GradMonitor step=3215] deep/task: enc_layer4: mean=1.42e-05 std=3.08e-05 | PAM: mean=1.55e-04 std=3.35e-04 | CIAM: mean=1.44e-05 std=3.08e-05
[05/14 05:40:37] [GradMonitor step=3215] param-grad: weight_base: mean=3.03e-08 std=5.71e-07 | weight_base_open: mean=-1.50e-05 std=1.18e-03 | enc_conv1_weight: mean=1.18e-02 std=7.31e-02
[05/14 05:40:38] [GradMonitor step=3220] near-input: bn0: mean=-3.76e-07 std=4.93e-04 pos=0.50 | enc_conv1: mean=-5.91e-14 std=2.86e-04 pos=0.47
[05/14 05:40:38] [GradMonitor step=3220] deep/task: enc_layer4: mean=1.23e-05 std=3.97e-05 | PAM: mean=1.35e-04 std=4.39e-04 | CIAM: mean=1.24e-05 std=3.97e-05
[05/14 05:40:38] [GradMonitor step=3220] param-grad: weight_base: mean=2.17e-08 std=5.63e-07 | weight_base_open: mean=-5.41e-06 std=1.08e-03 | enc_conv1_weight: mean=-1.64e-02 std=6.84e-02
[05/14 05:40:38] [GradMonitor step=3225] near-input: bn0: mean=3.26e-07 std=4.72e-04 pos=0.50 | enc_conv1: mean=2.27e-14 std=2.70e-04 pos=0.59
[05/14 05:40:38] [GradMonitor step=3225] deep/task: enc_layer4: mean=1.58e-05 std=3.79e-05 | PAM: mean=1.74e-04 std=4.19e-04 | CIAM: mean=1.60e-05 std=3.79e-05
[05/14 05:40:38] [GradMonitor step=3225] param-grad: weight_base: mean=1.40e-08 std=8.84e-07 | weight_base_open: mean=5.57e-06 std=1.22e-03 | enc_conv1_weight: mean=1.50e-03 std=6.04e-02
[05/14 05:40:38] [GradMonitor step=3230] near-input: bn0: mean=-8.57e-09 std=2.06e-04 pos=0.50 | enc_conv1: mean=5.57e-14 std=1.20e-04 pos=0.53
[05/14 05:40:38] [GradMonitor step=3230] deep/task: enc_layer4: mean=5.30e-06 std=2.58e-05 | PAM: mean=5.86e-05 std=2.83e-04 | CIAM: mean=5.37e-06 std=2.58e-05
[05/14 05:40:38] [GradMonitor step=3230] param-grad: weight_base: mean=-3.02e-08 std=6.93e-07 | weight_base_open: mean=-2.27e-04 std=1.48e-03 | enc_conv1_weight: mean=-1.54e-04 std=8.24e-02
[05/14 05:40:39] [GradMonitor step=3235] near-input: bn0: mean=-6.24e-08 std=3.96e-04 pos=0.50 | enc_conv1: mean=1.27e-13 std=2.26e-04 pos=0.49
[05/14 05:40:39] [GradMonitor step=3235] deep/task: enc_layer4: mean=1.41e-05 std=3.72e-05 | PAM: mean=1.56e-04 std=4.11e-04 | CIAM: mean=1.42e-05 std=3.72e-05
[05/14 05:40:39] [GradMonitor step=3235] param-grad: weight_base: mean=-1.90e-08 std=6.37e-07 | weight_base_open: mean=-1.68e-04 std=1.03e-03 | enc_conv1_weight: mean=-4.45e-03 std=6.36e-02
[05/14 05:40:39] [GradMonitor step=3240] near-input: bn0: mean=2.05e-07 std=3.43e-04 pos=0.50 | enc_conv1: mean=-2.61e-14 std=1.93e-04 pos=0.56
[05/14 05:40:39] [GradMonitor step=3240] deep/task: enc_layer4: mean=1.16e-05 std=3.07e-05 | PAM: mean=1.27e-04 std=3.35e-04 | CIAM: mean=1.18e-05 std=3.07e-05
[05/14 05:40:39] [GradMonitor step=3240] param-grad: weight_base: mean=1.66e-08 std=1.10e-06 | weight_base_open: mean=2.09e-05 std=1.22e-03 | enc_conv1_weight: mean=3.27e-02 std=9.70e-02
[05/14 05:40:39] [GradMonitor step=3245] near-input: bn0: mean=2.43e-07 std=4.06e-04 pos=0.50 | enc_conv1: mean=1.71e-14 std=2.25e-04 pos=0.49
[05/14 05:40:39] [GradMonitor step=3245] deep/task: enc_layer4: mean=1.29e-05 std=2.51e-05 | PAM: mean=1.41e-04 std=2.75e-04 | CIAM: mean=1.31e-05 std=2.52e-05
[05/14 05:40:39] [GradMonitor step=3245] param-grad: weight_base: mean=6.05e-09 std=6.06e-07 | weight_base_open: mean=6.03e-05 std=9.95e-04 | enc_conv1_weight: mean=-1.04e-02 std=6.81e-02
[05/14 05:40:40] [GradMonitor step=3250] near-input: bn0: mean=4.18e-07 std=3.78e-04 pos=0.50 | enc_conv1: mean=-1.46e-13 std=2.19e-04 pos=0.54
[05/14 05:40:40] [GradMonitor step=3250] deep/task: enc_layer4: mean=1.21e-05 std=3.50e-05 | PAM: mean=1.32e-04 std=3.82e-04 | CIAM: mean=1.22e-05 std=3.50e-05
[05/14 05:40:40] [GradMonitor step=3250] param-grad: weight_base: mean=1.37e-08 std=9.06e-07 | weight_base_open: mean=-7.63e-05 std=1.09e-03 | enc_conv1_weight: mean=-1.47e-02 std=6.22e-02
[05/14 05:40:40] [GradMonitor step=3255] near-input: bn0: mean=6.39e-07 std=4.65e-04 pos=0.50 | enc_conv1: mean=-1.84e-13 std=2.63e-04 pos=0.47
[05/14 05:40:40] [GradMonitor step=3255] deep/task: enc_layer4: mean=1.06e-05 std=3.79e-05 | PAM: mean=1.16e-04 std=4.16e-04 | CIAM: mean=1.07e-05 std=3.80e-05
[05/14 05:40:40] [GradMonitor step=3255] param-grad: weight_base: mean=6.22e-09 std=6.77e-07 | weight_base_open: mean=-1.11e-05 std=1.17e-03 | enc_conv1_weight: mean=1.80e-02 std=8.21e-02
[05/14 05:40:40] [GradMonitor step=3260] near-input: bn0: mean=-2.31e-07 std=3.63e-04 pos=0.50 | enc_conv1: mean=2.96e-14 std=2.08e-04 pos=0.52
[05/14 05:40:40] [GradMonitor step=3260] deep/task: enc_layer4: mean=1.34e-05 std=3.47e-05 | PAM: mean=1.48e-04 std=3.83e-04 | CIAM: mean=1.36e-05 std=3.48e-05
[05/14 05:40:40] [GradMonitor step=3260] param-grad: weight_base: mean=1.00e-10 std=8.29e-07 | weight_base_open: mean=-1.86e-04 std=1.50e-03 | enc_conv1_weight: mean=-9.45e-03 std=6.01e-02
[05/14 05:40:41] [GradMonitor step=3265] near-input: bn0: mean=-4.66e-08 std=3.53e-04 pos=0.50 | enc_conv1: mean=6.37e-14 std=2.02e-04 pos=0.54
[05/14 05:40:41] [GradMonitor step=3265] deep/task: enc_layer4: mean=1.28e-05 std=2.73e-05 | PAM: mean=1.39e-04 std=2.98e-04 | CIAM: mean=1.29e-05 std=2.73e-05
[05/14 05:40:41] [GradMonitor step=3265] param-grad: weight_base: mean=4.91e-09 std=4.58e-07 | weight_base_open: mean=2.62e-05 std=8.76e-04 | enc_conv1_weight: mean=-7.90e-03 std=4.91e-02
[05/14 05:40:41] [GradMonitor step=3270] near-input: bn0: mean=6.81e-07 std=4.48e-04 pos=0.50 | enc_conv1: mean=3.64e-14 std=2.52e-04 pos=0.52
[05/14 05:40:41] [GradMonitor step=3270] deep/task: enc_layer4: mean=1.46e-05 std=3.11e-05 | PAM: mean=1.60e-04 std=3.41e-04 | CIAM: mean=1.47e-05 std=3.11e-05
[05/14 05:40:41] [GradMonitor step=3270] param-grad: weight_base: mean=1.58e-08 std=5.58e-07 | weight_base_open: mean=1.67e-05 std=1.38e-03 | enc_conv1_weight: mean=2.32e-02 std=9.24e-02
[05/14 05:40:42] [GradMonitor step=3275] near-input: bn0: mean=-4.85e-07 std=4.24e-04 pos=0.50 | enc_conv1: mean=-5.00e-14 std=2.44e-04 pos=0.47
[05/14 05:40:42] [GradMonitor step=3275] deep/task: enc_layer4: mean=1.52e-05 std=3.07e-05 | PAM: mean=1.65e-04 std=3.34e-04 | CIAM: mean=1.54e-05 std=3.08e-05
[05/14 05:40:42] [GradMonitor step=3275] param-grad: weight_base: mean=-3.34e-09 std=7.86e-07 | weight_base_open: mean=-9.04e-05 std=1.03e-03 | enc_conv1_weight: mean=3.85e-03 std=5.54e-02
[05/14 05:40:42] [GradMonitor step=3280] near-input: bn0: mean=-2.15e-08 std=5.90e-04 pos=0.50 | enc_conv1: mean=-9.09e-15 std=3.41e-04 pos=0.53
[05/14 05:40:42] [GradMonitor step=3280] deep/task: enc_layer4: mean=1.35e-05 std=4.18e-05 | PAM: mean=1.49e-04 std=4.58e-04 | CIAM: mean=1.36e-05 std=4.18e-05
[05/14 05:40:42] [GradMonitor step=3280] param-grad: weight_base: mean=-3.31e-08 std=8.51e-07 | weight_base_open: mean=-3.43e-05 std=1.48e-03 | enc_conv1_weight: mean=-1.28e-02 std=6.68e-02
[05/14 05:40:42] [GradMonitor step=3285] near-input: bn0: mean=5.00e-07 std=3.52e-04 pos=0.50 | enc_conv1: mean=7.96e-15 std=2.00e-04 pos=0.45
[05/14 05:40:42] [GradMonitor step=3285] deep/task: enc_layer4: mean=1.38e-05 std=3.10e-05 | PAM: mean=1.52e-04 std=3.39e-04 | CIAM: mean=1.40e-05 std=3.11e-05
[05/14 05:40:42] [GradMonitor step=3285] param-grad: weight_base: mean=-1.08e-08 std=6.49e-07 | weight_base_open: mean=1.05e-04 std=1.71e-03 | enc_conv1_weight: mean=8.26e-03 std=7.05e-02
[05/14 05:40:43] [GradMonitor step=3290] near-input: bn0: mean=-1.34e-07 std=3.86e-04 pos=0.50 | enc_conv1: mean=-9.32e-14 std=2.26e-04 pos=0.48
[05/14 05:40:43] [GradMonitor step=3290] deep/task: enc_layer4: mean=1.41e-05 std=3.63e-05 | PAM: mean=1.53e-04 std=3.96e-04 | CIAM: mean=1.42e-05 std=3.64e-05
[05/14 05:40:43] [GradMonitor step=3290] param-grad: weight_base: mean=3.26e-08 std=1.18e-06 | weight_base_open: mean=3.71e-05 std=1.24e-03 | enc_conv1_weight: mean=2.44e-04 std=6.60e-02
[05/14 05:40:43] [GradMonitor step=3295] near-input: bn0: mean=-4.16e-08 std=1.35e-04 pos=0.50 | enc_conv1: mean=3.41e-15 std=7.86e-05 pos=0.45
[05/14 05:40:43] [GradMonitor step=3295] deep/task: enc_layer4: mean=5.92e-06 std=1.80e-05 | PAM: mean=6.45e-05 std=1.94e-04 | CIAM: mean=6.00e-06 std=1.80e-05
[05/14 05:40:43] [GradMonitor step=3295] param-grad: weight_base: mean=1.27e-08 std=7.62e-07 | weight_base_open: mean=2.72e-05 std=1.18e-03 | enc_conv1_weight: mean=-5.21e-03 std=4.66e-02
[05/14 05:40:43] [GradMonitor step=3300] near-input: bn0: mean=3.59e-08 std=4.20e-04 pos=0.50 | enc_conv1: mean=5.00e-14 std=2.33e-04 pos=0.51
[05/14 05:40:43] [GradMonitor step=3300] deep/task: enc_layer4: mean=1.04e-05 std=3.59e-05 | PAM: mean=1.14e-04 std=3.94e-04 | CIAM: mean=1.05e-05 std=3.59e-05
[05/14 05:40:43] [GradMonitor step=3300] param-grad: weight_base: mean=-7.00e-08 std=1.45e-06 | weight_base_open: mean=1.66e-05 std=1.55e-03 | enc_conv1_weight: mean=-1.04e-02 std=6.22e-02
[05/14 05:40:44] [GradMonitor step=3305] near-input: bn0: mean=1.81e-07 std=4.02e-04 pos=0.50 | enc_conv1: mean=-1.00e-13 std=2.36e-04 pos=0.44
[05/14 05:40:44] [GradMonitor step=3305] deep/task: enc_layer4: mean=9.47e-06 std=3.82e-05 | PAM: mean=1.04e-04 std=4.20e-04 | CIAM: mean=9.56e-06 std=3.82e-05
[05/14 05:40:44] [GradMonitor step=3305] param-grad: weight_base: mean=-1.98e-08 std=9.97e-07 | weight_base_open: mean=5.74e-05 std=1.11e-03 | enc_conv1_weight: mean=7.81e-03 std=7.73e-02
[05/14 05:40:44] [GradMonitor step=3310] near-input: bn0: mean=3.69e-07 std=4.56e-04 pos=0.50 | enc_conv1: mean=1.11e-13 std=2.61e-04 pos=0.47
[05/14 05:40:44] [GradMonitor step=3310] deep/task: enc_layer4: mean=1.05e-05 std=3.83e-05 | PAM: mean=1.16e-04 std=4.22e-04 | CIAM: mean=1.07e-05 std=3.83e-05
[05/14 05:40:44] [GradMonitor step=3310] param-grad: weight_base: mean=-1.33e-09 std=6.59e-07 | weight_base_open: mean=-8.22e-05 std=1.04e-03 | enc_conv1_weight: mean=-7.51e-03 std=5.42e-02
[05/14 05:40:45] [GradMonitor step=3315] near-input: bn0: mean=1.76e-07 std=5.23e-04 pos=0.50 | enc_conv1: mean=-1.09e-13 std=3.05e-04 pos=0.49
[05/14 05:40:45] [GradMonitor step=3315] deep/task: enc_layer4: mean=1.40e-05 std=3.84e-05 | PAM: mean=1.54e-04 std=4.20e-04 | CIAM: mean=1.42e-05 std=3.84e-05
[05/14 05:40:45] [GradMonitor step=3315] param-grad: weight_base: mean=1.10e-08 std=4.71e-07 | weight_base_open: mean=3.22e-05 std=9.74e-04 | enc_conv1_weight: mean=-8.24e-03 std=6.06e-02
[05/14 05:40:45] [GradMonitor step=3320] near-input: bn0: mean=2.42e-07 std=4.60e-04 pos=0.50 | enc_conv1: mean=9.78e-14 std=2.67e-04 pos=0.57
[05/14 05:40:45] [GradMonitor step=3320] deep/task: enc_layer4: mean=1.53e-05 std=3.59e-05 | PAM: mean=1.68e-04 std=3.95e-04 | CIAM: mean=1.54e-05 std=3.59e-05
[05/14 05:40:45] [GradMonitor step=3320] param-grad: weight_base: mean=2.32e-08 std=1.04e-06 | weight_base_open: mean=2.77e-05 std=1.17e-03 | enc_conv1_weight: mean=-1.27e-04 std=5.68e-02
[05/14 05:40:46] [GradMonitor step=3325] near-input: bn0: mean=-2.32e-07 std=3.59e-04 pos=0.50 | enc_conv1: mean=3.07e-14 std=2.06e-04 pos=0.55
[05/14 05:40:46] [GradMonitor step=3325] deep/task: enc_layer4: mean=1.08e-05 std=2.46e-05 | PAM: mean=1.19e-04 std=2.68e-04 | CIAM: mean=1.10e-05 std=2.46e-05
[05/14 05:40:46] [GradMonitor step=3325] param-grad: weight_base: mean=-5.38e-09 std=1.62e-07 | weight_base_open: mean=4.79e-05 std=1.34e-03 | enc_conv1_weight: mean=1.15e-02 std=7.13e-02
[05/14 05:40:46] [GradMonitor step=3330] near-input: bn0: mean=-5.33e-07 std=4.37e-04 pos=0.50 | enc_conv1: mean=2.27e-15 std=2.48e-04 pos=0.47
[05/14 05:40:46] [GradMonitor step=3330] deep/task: enc_layer4: mean=1.09e-05 std=3.53e-05 | PAM: mean=1.19e-04 std=3.86e-04 | CIAM: mean=1.10e-05 std=3.54e-05
[05/14 05:40:46] [GradMonitor step=3330] param-grad: weight_base: mean=-1.94e-08 std=7.63e-07 | weight_base_open: mean=-1.99e-05 std=1.11e-03 | enc_conv1_weight: mean=7.68e-05 std=6.82e-02
[05/14 05:40:46] [GradMonitor step=3335] near-input: bn0: mean=-1.81e-07 std=4.24e-04 pos=0.50 | enc_conv1: mean=3.64e-14 std=2.37e-04 pos=0.44
[05/14 05:40:46] [GradMonitor step=3335] deep/task: enc_layer4: mean=1.30e-05 std=2.59e-05 | PAM: mean=1.41e-04 std=2.81e-04 | CIAM: mean=1.31e-05 std=2.60e-05
[05/14 05:40:46] [GradMonitor step=3335] param-grad: weight_base: mean=1.47e-08 std=5.45e-07 | weight_base_open: mean=8.52e-05 std=9.80e-04 | enc_conv1_weight: mean=1.17e-02 std=6.66e-02
[05/14 05:40:47] [GradMonitor step=3340] near-input: bn0: mean=-1.90e-07 std=3.31e-04 pos=0.50 | enc_conv1: mean=8.64e-14 std=1.86e-04 pos=0.47
[05/14 05:40:47] [GradMonitor step=3340] deep/task: enc_layer4: mean=1.16e-05 std=2.57e-05 | PAM: mean=1.26e-04 std=2.79e-04 | CIAM: mean=1.17e-05 std=2.57e-05
[05/14 05:40:47] [GradMonitor step=3340] param-grad: weight_base: mean=2.40e-09 std=2.59e-07 | weight_base_open: mean=-5.80e-05 std=1.15e-03 | enc_conv1_weight: mean=-1.36e-02 std=7.04e-02
[05/14 05:40:47] [GradMonitor step=3345] near-input: bn0: mean=2.61e-07 std=4.05e-04 pos=0.50 | enc_conv1: mean=1.36e-14 std=2.30e-04 pos=0.47
[05/14 05:40:47] [GradMonitor step=3345] deep/task: enc_layer4: mean=1.08e-05 std=3.10e-05 | PAM: mean=1.17e-04 std=3.38e-04 | CIAM: mean=1.09e-05 std=3.10e-05
[05/14 05:40:47] [GradMonitor step=3345] param-grad: weight_base: mean=-4.22e-09 std=2.86e-07 | weight_base_open: mean=-5.65e-05 std=9.51e-04 | enc_conv1_weight: mean=5.13e-02 std=1.19e-01
[05/14 05:40:47] [GradMonitor step=3350] near-input: bn0: mean=-1.95e-07 std=3.63e-04 pos=0.50 | enc_conv1: mean=-2.05e-14 std=2.04e-04 pos=0.54
[05/14 05:40:47] [GradMonitor step=3350] deep/task: enc_layer4: mean=1.10e-05 std=3.00e-05 | PAM: mean=1.20e-04 std=3.25e-04 | CIAM: mean=1.11e-05 std=3.00e-05
[05/14 05:40:47] [GradMonitor step=3350] param-grad: weight_base: mean=2.81e-09 std=6.46e-07 | weight_base_open: mean=1.82e-04 std=1.11e-03 | enc_conv1_weight: mean=1.30e-02 std=6.60e-02
[05/14 05:40:48] [GradMonitor step=3355] near-input: bn0: mean=1.59e-07 std=2.90e-04 pos=0.50 | enc_conv1: mean=-2.27e-15 std=1.65e-04 pos=0.51
[05/14 05:40:48] [GradMonitor step=3355] deep/task: enc_layer4: mean=9.12e-06 std=3.24e-05 | PAM: mean=1.01e-04 std=3.53e-04 | CIAM: mean=9.19e-06 std=3.24e-05
[05/14 05:40:48] [GradMonitor step=3355] param-grad: weight_base: mean=-2.03e-08 std=8.33e-07 | weight_base_open: mean=-1.35e-04 std=1.36e-03 | enc_conv1_weight: mean=-1.34e-02 std=6.08e-02
[05/14 05:40:48] [GradMonitor step=3360] near-input: bn0: mean=-1.59e-07 std=3.67e-04 pos=0.50 | enc_conv1: mean=-1.59e-13 std=2.05e-04 pos=0.50
[05/14 05:40:48] [GradMonitor step=3360] deep/task: enc_layer4: mean=1.27e-05 std=2.36e-05 | PAM: mean=1.39e-04 std=2.57e-04 | CIAM: mean=1.29e-05 std=2.37e-05
[05/14 05:40:48] [GradMonitor step=3360] param-grad: weight_base: mean=3.61e-08 std=1.28e-06 | weight_base_open: mean=7.43e-05 std=1.41e-03 | enc_conv1_weight: mean=1.95e-03 std=4.42e-02
[05/14 05:40:49] [GradMonitor step=3365] near-input: bn0: mean=1.36e-07 std=4.29e-04 pos=0.50 | enc_conv1: mean=7.73e-14 std=2.50e-04 pos=0.49
[05/14 05:40:49] [GradMonitor step=3365] deep/task: enc_layer4: mean=1.50e-05 std=3.67e-05 | PAM: mean=1.63e-04 std=4.02e-04 | CIAM: mean=1.51e-05 std=3.68e-05
[05/14 05:40:49] [GradMonitor step=3365] param-grad: weight_base: mean=-9.43e-09 std=3.60e-07 | weight_base_open: mean=4.50e-05 std=1.06e-03 | enc_conv1_weight: mean=1.21e-02 std=6.12e-02
[05/14 05:40:49] [GradMonitor step=3370] near-input: bn0: mean=-2.41e-07 std=3.40e-04 pos=0.50 | enc_conv1: mean=1.82e-14 std=1.92e-04 pos=0.49
[05/14 05:40:49] [GradMonitor step=3370] deep/task: enc_layer4: mean=1.12e-05 std=2.71e-05 | PAM: mean=1.22e-04 std=2.95e-04 | CIAM: mean=1.13e-05 std=2.71e-05
[05/14 05:40:49] [GradMonitor step=3370] param-grad: weight_base: mean=-2.10e-08 std=6.73e-07 | weight_base_open: mean=7.31e-06 std=1.05e-03 | enc_conv1_weight: mean=-2.67e-02 std=9.42e-02
[05/14 05:40:49] [GradMonitor step=3375] near-input: bn0: mean=5.67e-07 std=4.09e-04 pos=0.50 | enc_conv1: mean=1.59e-13 std=2.46e-04 pos=0.46
[05/14 05:40:49] [GradMonitor step=3375] deep/task: enc_layer4: mean=1.29e-05 std=3.56e-05 | PAM: mean=1.42e-04 std=3.90e-04 | CIAM: mean=1.30e-05 std=3.56e-05
[05/14 05:40:49] [GradMonitor step=3375] param-grad: weight_base: mean=1.97e-08 std=7.15e-07 | weight_base_open: mean=1.40e-05 std=9.49e-04 | enc_conv1_weight: mean=-3.99e-03 std=7.51e-02
[05/14 05:40:50] [GradMonitor step=3380] near-input: bn0: mean=1.38e-10 std=4.42e-04 pos=0.50 | enc_conv1: mean=6.37e-14 std=2.49e-04 pos=0.48
[05/14 05:40:50] [GradMonitor step=3380] deep/task: enc_layer4: mean=1.42e-05 std=3.72e-05 | PAM: mean=1.55e-04 std=4.08e-04 | CIAM: mean=1.43e-05 std=3.72e-05
[05/14 05:40:50] [GradMonitor step=3380] param-grad: weight_base: mean=-6.66e-08 std=1.15e-06 | weight_base_open: mean=-2.26e-04 std=1.52e-03 | enc_conv1_weight: mean=8.09e-03 std=7.55e-02
[05/14 05:40:50] [GradMonitor step=3385] near-input: bn0: mean=1.46e-08 std=2.11e-04 pos=0.50 | enc_conv1: mean=4.66e-14 std=1.18e-04 pos=0.46
[05/14 05:40:50] [GradMonitor step=3385] deep/task: enc_layer4: mean=8.67e-06 std=2.13e-05 | PAM: mean=9.40e-05 std=2.30e-04 | CIAM: mean=8.78e-06 std=2.13e-05
[05/14 05:40:50] [GradMonitor step=3385] param-grad: weight_base: mean=2.80e-08 std=8.64e-07 | weight_base_open: mean=-7.38e-05 std=1.04e-03 | enc_conv1_weight: mean=-3.77e-02 std=9.37e-02
[05/14 05:40:50] [GradMonitor step=3390] near-input: bn0: mean=-2.95e-08 std=4.90e-04 pos=0.50 | enc_conv1: mean=-7.50e-14 std=2.76e-04 pos=0.44
[05/14 05:40:50] [GradMonitor step=3390] deep/task: enc_layer4: mean=1.59e-05 std=3.89e-05 | PAM: mean=1.74e-04 std=4.28e-04 | CIAM: mean=1.60e-05 std=3.89e-05
[05/14 05:40:50] [GradMonitor step=3390] param-grad: weight_base: mean=-4.85e-08 std=9.79e-07 | weight_base_open: mean=1.42e-04 std=1.18e-03 | enc_conv1_weight: mean=5.87e-03 std=6.96e-02
[05/14 05:40:51] [GradMonitor step=3395] near-input: bn0: mean=-3.93e-07 std=4.63e-04 pos=0.50 | enc_conv1: mean=9.09e-14 std=2.60e-04 pos=0.49
[05/14 05:40:51] [GradMonitor step=3395] deep/task: enc_layer4: mean=1.42e-05 std=3.21e-05 | PAM: mean=1.57e-04 std=3.50e-04 | CIAM: mean=1.44e-05 std=3.21e-05
[05/14 05:40:51] [GradMonitor step=3395] param-grad: weight_base: mean=4.64e-09 std=3.01e-07 | weight_base_open: mean=-8.94e-06 std=8.38e-04 | enc_conv1_weight: mean=-2.99e-02 std=6.54e-02
[05/14 05:40:51] [GradMonitor step=3400] near-input: bn0: mean=-2.33e-07 std=3.31e-04 pos=0.50 | enc_conv1: mean=4.32e-14 std=1.90e-04 pos=0.52
[05/14 05:40:51] [GradMonitor step=3400] deep/task: enc_layer4: mean=1.30e-05 std=2.87e-05 | PAM: mean=1.42e-04 std=3.14e-04 | CIAM: mean=1.31e-05 std=2.88e-05
[05/14 05:40:51] [GradMonitor step=3400] param-grad: weight_base: mean=-1.80e-08 std=9.48e-07 | weight_base_open: mean=9.41e-05 std=1.17e-03 | enc_conv1_weight: mean=-8.50e-04 std=5.99e-02
[05/14 05:40:51] [GradMonitor step=3405] near-input: bn0: mean=-1.84e-07 std=4.01e-04 pos=0.50 | enc_conv1: mean=-1.23e-13 std=2.25e-04 pos=0.54
[05/14 05:40:51] [GradMonitor step=3405] deep/task: enc_layer4: mean=1.21e-05 std=3.00e-05 | PAM: mean=1.32e-04 std=3.29e-04 | CIAM: mean=1.22e-05 std=3.01e-05
[05/14 05:40:51] [GradMonitor step=3405] param-grad: weight_base: mean=-4.47e-09 std=6.10e-07 | weight_base_open: mean=1.39e-04 std=1.22e-03 | enc_conv1_weight: mean=2.39e-02 std=6.93e-02
[05/14 05:40:52] [GradMonitor step=3410] near-input: bn0: mean=-4.11e-07 std=4.59e-04 pos=0.50 | enc_conv1: mean=-7.96e-14 std=2.63e-04 pos=0.51
[05/14 05:40:52] [GradMonitor step=3410] deep/task: enc_layer4: mean=1.20e-05 std=3.78e-05 | PAM: mean=1.30e-04 std=4.13e-04 | CIAM: mean=1.21e-05 std=3.78e-05
[05/14 05:40:52] [GradMonitor step=3410] param-grad: weight_base: mean=-2.81e-08 std=6.20e-07 | weight_base_open: mean=-2.08e-05 std=1.15e-03 | enc_conv1_weight: mean=-2.65e-02 std=1.02e-01
[05/14 05:40:52] [GradMonitor step=3415] near-input: bn0: mean=6.16e-07 std=5.09e-04 pos=0.50 | enc_conv1: mean=-4.09e-14 std=2.95e-04 pos=0.59
[05/14 05:40:52] [GradMonitor step=3415] deep/task: enc_layer4: mean=9.25e-06 std=3.98e-05 | PAM: mean=1.03e-04 std=4.35e-04 | CIAM: mean=9.35e-06 std=3.98e-05
[05/14 05:40:52] [GradMonitor step=3415] param-grad: weight_base: mean=1.22e-08 std=3.49e-07 | weight_base_open: mean=-1.55e-04 std=1.32e-03 | enc_conv1_weight: mean=9.64e-03 std=7.03e-02
[05/14 05:40:52] [GradMonitor step=3420] near-input: bn0: mean=-4.37e-07 std=3.60e-04 pos=0.50 | enc_conv1: mean=7.96e-14 std=2.03e-04 pos=0.44
[05/14 05:40:52] [GradMonitor step=3420] deep/task: enc_layer4: mean=1.57e-05 std=3.30e-05 | PAM: mean=1.72e-04 std=3.62e-04 | CIAM: mean=1.58e-05 std=3.31e-05
[05/14 05:40:52] [GradMonitor step=3420] param-grad: weight_base: mean=-1.13e-08 std=4.88e-07 | weight_base_open: mean=2.65e-05 std=1.50e-03 | enc_conv1_weight: mean=2.17e-03 std=6.12e-02
[05/14 05:40:53] [GradMonitor step=3425] near-input: bn0: mean=-5.03e-07 std=4.57e-04 pos=0.50 | enc_conv1: mean=-7.73e-14 std=2.55e-04 pos=0.46
[05/14 05:40:53] [GradMonitor step=3425] deep/task: enc_layer4: mean=1.20e-05 std=2.90e-05 | PAM: mean=1.31e-04 std=3.16e-04 | CIAM: mean=1.22e-05 std=2.91e-05
[05/14 05:40:53] [GradMonitor step=3425] param-grad: weight_base: mean=1.52e-08 std=3.24e-07 | weight_base_open: mean=1.20e-05 std=8.98e-04 | enc_conv1_weight: mean=-4.82e-03 std=8.19e-02
[05/14 05:40:53] [GradMonitor step=3430] near-input: bn0: mean=-9.03e-08 std=3.53e-04 pos=0.50 | enc_conv1: mean=1.36e-14 std=1.98e-04 pos=0.45
[05/14 05:40:53] [GradMonitor step=3430] deep/task: enc_layer4: mean=1.40e-05 std=3.10e-05 | PAM: mean=1.54e-04 std=3.41e-04 | CIAM: mean=1.42e-05 std=3.10e-05
[05/14 05:40:53] [GradMonitor step=3430] param-grad: weight_base: mean=5.28e-09 std=8.62e-07 | weight_base_open: mean=4.96e-05 std=9.58e-04 | enc_conv1_weight: mean=1.77e-02 std=6.48e-02
[05/14 05:40:54] [GradMonitor step=3435] near-input: bn0: mean=-2.59e-07 std=5.08e-04 pos=0.50 | enc_conv1: mean=-1.59e-13 std=2.87e-04 pos=0.56
[05/14 05:40:54] [GradMonitor step=3435] deep/task: enc_layer4: mean=1.49e-05 std=3.47e-05 | PAM: mean=1.63e-04 std=3.79e-04 | CIAM: mean=1.51e-05 std=3.48e-05
[05/14 05:40:54] [GradMonitor step=3435] param-grad: weight_base: mean=-2.12e-08 std=8.04e-07 | weight_base_open: mean=5.09e-05 std=1.26e-03 | enc_conv1_weight: mean=1.82e-03 std=7.51e-02
[05/14 05:40:54] [GradMonitor step=3440] near-input: bn0: mean=-1.48e-07 std=4.10e-04 pos=0.50 | enc_conv1: mean=-1.46e-13 std=2.36e-04 pos=0.41
[05/14 05:40:54] [GradMonitor step=3440] deep/task: enc_layer4: mean=1.30e-05 std=3.78e-05 | PAM: mean=1.43e-04 std=4.17e-04 | CIAM: mean=1.32e-05 std=3.78e-05
[05/14 05:40:54] [GradMonitor step=3440] param-grad: weight_base: mean=9.95e-09 std=9.08e-07 | weight_base_open: mean=-1.01e-04 std=1.16e-03 | enc_conv1_weight: mean=-5.16e-03 std=6.84e-02
[05/14 05:40:54] [GradMonitor step=3445] near-input: bn0: mean=-3.22e-07 std=4.93e-04 pos=0.50 | enc_conv1: mean=-1.59e-13 std=2.79e-04 pos=0.48
[05/14 05:40:54] [GradMonitor step=3445] deep/task: enc_layer4: mean=1.32e-05 std=3.84e-05 | PAM: mean=1.46e-04 std=4.22e-04 | CIAM: mean=1.34e-05 std=3.84e-05
[05/14 05:40:54] [GradMonitor step=3445] param-grad: weight_base: mean=-4.58e-08 std=1.13e-06 | weight_base_open: mean=-2.70e-05 std=1.03e-03 | enc_conv1_weight: mean=7.06e-03 std=6.10e-02
[05/14 05:40:55] [GradMonitor step=3450] near-input: bn0: mean=6.25e-07 std=5.57e-04 pos=0.50 | enc_conv1: mean=1.00e-13 std=3.12e-04 pos=0.50
[05/14 05:40:55] [GradMonitor step=3450] deep/task: enc_layer4: mean=1.36e-05 std=4.55e-05 | PAM: mean=1.49e-04 std=4.95e-04 | CIAM: mean=1.37e-05 std=4.55e-05
[05/14 05:40:55] [GradMonitor step=3450] param-grad: weight_base: mean=-3.95e-08 std=7.11e-07 | weight_base_open: mean=1.39e-04 std=1.31e-03 | enc_conv1_weight: mean=1.04e-02 std=6.98e-02
[05/14 05:40:55] [GradMonitor step=3455] near-input: bn0: mean=-3.64e-07 std=6.71e-04 pos=0.50 | enc_conv1: mean=-5.46e-14 std=3.78e-04 pos=0.57
[05/14 05:40:55] [GradMonitor step=3455] deep/task: enc_layer4: mean=1.48e-05 std=4.68e-05 | PAM: mean=1.60e-04 std=5.09e-04 | CIAM: mean=1.49e-05 std=4.68e-05
[05/14 05:40:55] [GradMonitor step=3455] param-grad: weight_base: mean=2.85e-08 std=1.43e-06 | weight_base_open: mean=-5.39e-06 std=1.76e-03 | enc_conv1_weight: mean=3.77e-03 std=6.49e-02
[05/14 05:40:55] [GradMonitor step=3460] near-input: bn0: mean=-1.52e-07 std=4.59e-04 pos=0.50 | enc_conv1: mean=2.05e-14 std=2.54e-04 pos=0.52
[05/14 05:40:55] [GradMonitor step=3460] deep/task: enc_layer4: mean=1.31e-05 std=3.21e-05 | PAM: mean=1.44e-04 std=3.52e-04 | CIAM: mean=1.33e-05 std=3.22e-05
[05/14 05:40:55] [GradMonitor step=3460] param-grad: weight_base: mean=2.22e-08 std=6.40e-07 | weight_base_open: mean=4.23e-05 std=1.07e-03 | enc_conv1_weight: mean=1.74e-02 std=6.06e-02
[05/14 05:40:56] [GradMonitor step=3465] near-input: bn0: mean=4.02e-07 std=4.30e-04 pos=0.50 | enc_conv1: mean=0.00e+00 std=2.41e-04 pos=0.49
[05/14 05:40:56] [GradMonitor step=3465] deep/task: enc_layer4: mean=1.34e-05 std=3.05e-05 | PAM: mean=1.46e-04 std=3.33e-04 | CIAM: mean=1.35e-05 std=3.06e-05
[05/14 05:40:56] [GradMonitor step=3465] param-grad: weight_base: mean=2.23e-09 std=1.90e-06 | weight_base_open: mean=-6.67e-05 std=1.53e-03 | enc_conv1_weight: mean=2.91e-02 std=7.26e-02
[05/14 05:40:56] [GradMonitor step=3470] near-input: bn0: mean=-4.93e-08 std=4.07e-04 pos=0.50 | enc_conv1: mean=-9.55e-14 std=2.29e-04 pos=0.55
[05/14 05:40:56] [GradMonitor step=3470] deep/task: enc_layer4: mean=8.68e-06 std=2.55e-05 | PAM: mean=9.41e-05 std=2.74e-04 | CIAM: mean=8.82e-06 std=2.55e-05
[05/14 05:40:56] [GradMonitor step=3470] param-grad: weight_base: mean=3.94e-08 std=8.87e-07 | weight_base_open: mean=-6.81e-05 std=1.66e-03 | enc_conv1_weight: mean=1.38e-03 std=8.76e-02
[05/14 05:40:56] [GradMonitor step=3475] near-input: bn0: mean=1.38e-07 std=3.77e-04 pos=0.50 | enc_conv1: mean=-2.27e-15 std=2.17e-04 pos=0.51
[05/14 05:40:56] [GradMonitor step=3475] deep/task: enc_layer4: mean=1.29e-05 std=3.55e-05 | PAM: mean=1.41e-04 std=3.87e-04 | CIAM: mean=1.30e-05 std=3.56e-05
[05/14 05:40:56] [GradMonitor step=3475] param-grad: weight_base: mean=2.47e-08 std=4.64e-07 | weight_base_open: mean=6.73e-05 std=1.23e-03 | enc_conv1_weight: mean=-1.69e-02 std=7.20e-02
[05/14 05:40:57] [GradMonitor step=3480] near-input: bn0: mean=-1.21e-07 std=3.72e-04 pos=0.50 | enc_conv1: mean=1.11e-13 std=2.09e-04 pos=0.46
[05/14 05:40:57] [GradMonitor step=3480] deep/task: enc_layer4: mean=1.20e-05 std=3.02e-05 | PAM: mean=1.30e-04 std=3.28e-04 | CIAM: mean=1.21e-05 std=3.02e-05
[05/14 05:40:57] [GradMonitor step=3480] param-grad: weight_base: mean=-8.97e-09 std=6.52e-07 | weight_base_open: mean=-7.09e-05 std=1.38e-03 | enc_conv1_weight: mean=8.81e-03 std=6.85e-02
[05/14 05:40:57] [GradMonitor step=3485] near-input: bn0: mean=2.50e-07 std=4.01e-04 pos=0.50 | enc_conv1: mean=9.95e-14 std=2.26e-04 pos=0.55
[05/14 05:40:57] [GradMonitor step=3485] deep/task: enc_layer4: mean=1.39e-05 std=2.56e-05 | PAM: mean=1.53e-04 std=2.80e-04 | CIAM: mean=1.41e-05 std=2.57e-05
[05/14 05:40:57] [GradMonitor step=3485] param-grad: weight_base: mean=-8.71e-09 std=6.33e-07 | weight_base_open: mean=6.85e-05 std=9.66e-04 | enc_conv1_weight: mean=5.51e-03 std=4.28e-02
[05/14 05:40:57] [GradMonitor step=3490] near-input: bn0: mean=1.53e-07 std=2.64e-04 pos=0.50 | enc_conv1: mean=-9.09e-14 std=1.51e-04 pos=0.47
[05/14 05:40:57] [GradMonitor step=3490] deep/task: enc_layer4: mean=1.34e-05 std=2.19e-05 | PAM: mean=1.45e-04 std=2.38e-04 | CIAM: mean=1.35e-05 std=2.19e-05
[05/14 05:40:57] [GradMonitor step=3490] param-grad: weight_base: mean=3.02e-08 std=6.98e-07 | weight_base_open: mean=5.49e-05 std=1.32e-03 | enc_conv1_weight: mean=-7.63e-04 std=3.52e-02
[05/14 05:40:58] [GradMonitor step=3495] near-input: bn0: mean=-2.86e-07 std=5.07e-04 pos=0.50 | enc_conv1: mean=-1.57e-13 std=2.94e-04 pos=0.51
[05/14 05:40:58] [GradMonitor step=3495] deep/task: enc_layer4: mean=1.39e-05 std=3.79e-05 | PAM: mean=1.54e-04 std=4.17e-04 | CIAM: mean=1.41e-05 std=3.80e-05
[05/14 05:40:58] [GradMonitor step=3495] param-grad: weight_base: mean=1.40e-08 std=7.40e-07 | weight_base_open: mean=-9.62e-05 std=1.36e-03 | enc_conv1_weight: mean=-1.31e-02 std=5.91e-02
[05/14 05:40:58] [GradMonitor step=3500] near-input: bn0: mean=-1.83e-07 std=4.24e-04 pos=0.50 | enc_conv1: mean=1.77e-13 std=2.45e-04 pos=0.57
[05/14 05:40:58] [GradMonitor step=3500] deep/task: enc_layer4: mean=1.48e-05 std=3.43e-05 | PAM: mean=1.63e-04 std=3.76e-04 | CIAM: mean=1.50e-05 std=3.43e-05
[05/14 05:40:58] [GradMonitor step=3500] param-grad: weight_base: mean=4.08e-08 std=7.02e-07 | weight_base_open: mean=2.98e-05 std=1.30e-03 | enc_conv1_weight: mean=-1.85e-02 std=6.82e-02
[05/14 05:40:59] [GradMonitor step=3505] near-input: bn0: mean=2.28e-07 std=4.08e-04 pos=0.50 | enc_conv1: mean=-8.64e-14 std=2.28e-04 pos=0.55
[05/14 05:40:59] [GradMonitor step=3505] deep/task: enc_layer4: mean=1.17e-05 std=3.37e-05 | PAM: mean=1.29e-04 std=3.71e-04 | CIAM: mean=1.19e-05 std=3.37e-05
[05/14 05:40:59] [GradMonitor step=3505] param-grad: weight_base: mean=-2.33e-08 std=1.19e-06 | weight_base_open: mean=2.87e-05 std=1.15e-03 | enc_conv1_weight: mean=-2.74e-04 std=5.81e-02
[05/14 05:40:59] [GradMonitor step=3510] near-input: bn0: mean=-1.67e-07 std=4.27e-04 pos=0.50 | enc_conv1: mean=9.32e-14 std=2.42e-04 pos=0.49
[05/14 05:40:59] [GradMonitor step=3510] deep/task: enc_layer4: mean=1.37e-05 std=3.68e-05 | PAM: mean=1.51e-04 std=4.06e-04 | CIAM: mean=1.39e-05 std=3.68e-05
[05/14 05:40:59] [GradMonitor step=3510] param-grad: weight_base: mean=-1.36e-08 std=5.47e-07 | weight_base_open: mean=5.62e-05 std=1.22e-03 | enc_conv1_weight: mean=1.18e-02 std=7.71e-02
[05/14 05:40:59] [GradMonitor step=3515] near-input: bn0: mean=-2.36e-07 std=2.33e-04 pos=0.50 | enc_conv1: mean=4.55e-15 std=1.36e-04 pos=0.50
[05/14 05:40:59] [GradMonitor step=3515] deep/task: enc_layer4: mean=1.08e-05 std=2.61e-05 | PAM: mean=1.18e-04 std=2.87e-04 | CIAM: mean=1.09e-05 std=2.62e-05
[05/14 05:40:59] [GradMonitor step=3515] param-grad: weight_base: mean=-4.08e-08 std=1.02e-06 | weight_base_open: mean=3.68e-05 std=1.10e-03 | enc_conv1_weight: mean=-6.45e-03 std=4.86e-02
[05/14 05:41:00] [GradMonitor step=3520] near-input: bn0: mean=-1.40e-07 std=4.39e-04 pos=0.50 | enc_conv1: mean=-5.23e-14 std=2.51e-04 pos=0.51
[05/14 05:41:00] [GradMonitor step=3520] deep/task: enc_layer4: mean=1.43e-05 std=3.34e-05 | PAM: mean=1.58e-04 std=3.67e-04 | CIAM: mean=1.45e-05 std=3.34e-05
[05/14 05:41:00] [GradMonitor step=3520] param-grad: weight_base: mean=4.88e-08 std=1.06e-06 | weight_base_open: mean=-4.96e-06 std=1.38e-03 | enc_conv1_weight: mean=1.23e-02 std=6.37e-02
[05/14 05:41:00] [GradMonitor step=3525] near-input: bn0: mean=3.76e-07 std=4.97e-04 pos=0.50 | enc_conv1: mean=-9.09e-14 std=2.89e-04 pos=0.53
[05/14 05:41:00] [GradMonitor step=3525] deep/task: enc_layer4: mean=1.50e-05 std=3.80e-05 | PAM: mean=1.64e-04 std=4.17e-04 | CIAM: mean=1.52e-05 std=3.81e-05
[05/14 05:41:00] [GradMonitor step=3525] param-grad: weight_base: mean=-1.41e-08 std=1.01e-06 | weight_base_open: mean=-6.50e-05 std=1.49e-03 | enc_conv1_weight: mean=1.77e-02 std=8.50e-02
[05/14 05:41:00] [GradMonitor step=3530] near-input: bn0: mean=-2.68e-07 std=5.33e-04 pos=0.50 | enc_conv1: mean=8.41e-14 std=3.05e-04 pos=0.44
[05/14 05:41:00] [GradMonitor step=3530] deep/task: enc_layer4: mean=1.36e-05 std=4.24e-05 | PAM: mean=1.48e-04 std=4.63e-04 | CIAM: mean=1.38e-05 std=4.24e-05
[05/14 05:41:00] [GradMonitor step=3530] param-grad: weight_base: mean=-5.08e-08 std=1.48e-06 | weight_base_open: mean=-8.10e-05 std=1.25e-03 | enc_conv1_weight: mean=-3.21e-02 std=8.65e-02
[05/14 05:41:01] [GradMonitor step=3535] near-input: bn0: mean=5.89e-08 std=4.09e-04 pos=0.50 | enc_conv1: mean=9.09e-14 std=2.40e-04 pos=0.46
[05/14 05:41:01] [GradMonitor step=3535] deep/task: enc_layer4: mean=1.62e-05 std=3.64e-05 | PAM: mean=1.78e-04 std=4.02e-04 | CIAM: mean=1.64e-05 std=3.65e-05
[05/14 05:41:01] [GradMonitor step=3535] param-grad: weight_base: mean=2.36e-09 std=6.49e-07 | weight_base_open: mean=-3.27e-05 std=1.42e-03 | enc_conv1_weight: mean=-1.08e-02 std=6.85e-02
[05/14 05:41:01] [GradMonitor step=3540] near-input: bn0: mean=-3.36e-07 std=4.43e-04 pos=0.50 | enc_conv1: mean=5.91e-14 std=2.45e-04 pos=0.48
[05/14 05:41:01] [GradMonitor step=3540] deep/task: enc_layer4: mean=1.33e-05 std=3.41e-05 | PAM: mean=1.45e-04 std=3.72e-04 | CIAM: mean=1.34e-05 std=3.41e-05
[05/14 05:41:01] [GradMonitor step=3540] param-grad: weight_base: mean=-4.48e-08 std=7.44e-07 | weight_base_open: mean=1.02e-04 std=1.21e-03 | enc_conv1_weight: mean=1.75e-02 std=8.78e-02
[05/14 05:41:01] [GradMonitor step=3545] near-input: bn0: mean=-2.49e-07 std=2.76e-04 pos=0.50 | enc_conv1: mean=5.46e-14 std=1.56e-04 pos=0.50
[05/14 05:41:01] [GradMonitor step=3545] deep/task: enc_layer4: mean=1.16e-05 std=2.69e-05 | PAM: mean=1.28e-04 std=2.94e-04 | CIAM: mean=1.18e-05 std=2.70e-05
[05/14 05:41:01] [GradMonitor step=3545] param-grad: weight_base: mean=1.71e-08 std=6.65e-07 | weight_base_open: mean=1.82e-06 std=1.08e-03 | enc_conv1_weight: mean=2.01e-03 std=5.71e-02
[05/14 05:41:02] [GradMonitor step=3550] near-input: bn0: mean=8.05e-07 std=4.06e-04 pos=0.50 | enc_conv1: mean=2.50e-14 std=2.31e-04 pos=0.48
[05/14 05:41:02] [GradMonitor step=3550] deep/task: enc_layer4: mean=8.69e-06 std=3.07e-05 | PAM: mean=9.58e-05 std=3.36e-04 | CIAM: mean=8.80e-06 std=3.07e-05
[05/14 05:41:02] [GradMonitor step=3550] param-grad: weight_base: mean=8.02e-09 std=4.29e-07 | weight_base_open: mean=-6.42e-05 std=9.69e-04 | enc_conv1_weight: mean=-6.66e-03 std=7.92e-02
[05/14 05:41:02] [GradMonitor step=3555] near-input: bn0: mean=-1.63e-07 std=4.57e-04 pos=0.50 | enc_conv1: mean=1.00e-13 std=2.55e-04 pos=0.55
[05/14 05:41:02] [GradMonitor step=3555] deep/task: enc_layer4: mean=1.48e-05 std=3.54e-05 | PAM: mean=1.62e-04 std=3.87e-04 | CIAM: mean=1.49e-05 std=3.54e-05
[05/14 05:41:02] [GradMonitor step=3555] param-grad: weight_base: mean=-4.93e-08 std=7.64e-07 | weight_base_open: mean=5.54e-05 std=1.30e-03 | enc_conv1_weight: mean=9.30e-03 std=6.69e-02
[05/14 05:41:03] [GradMonitor step=3560] near-input: bn0: mean=5.83e-07 std=4.98e-04 pos=0.50 | enc_conv1: mean=-2.27e-15 std=2.82e-04 pos=0.48
[05/14 05:41:03] [GradMonitor step=3560] deep/task: enc_layer4: mean=1.19e-05 std=3.97e-05 | PAM: mean=1.30e-04 std=4.32e-04 | CIAM: mean=1.21e-05 std=3.97e-05
[05/14 05:41:03] [GradMonitor step=3560] param-grad: weight_base: mean=-1.75e-09 std=5.84e-07 | weight_base_open: mean=-7.49e-05 std=9.97e-04 | enc_conv1_weight: mean=4.68e-02 std=1.56e-01
[05/14 05:41:03] [GradMonitor step=3565] near-input: bn0: mean=-9.81e-07 std=5.31e-04 pos=0.50 | enc_conv1: mean=6.82e-15 std=3.06e-04 pos=0.47
[05/14 05:41:03] [GradMonitor step=3565] deep/task: enc_layer4: mean=1.16e-05 std=4.39e-05 | PAM: mean=1.29e-04 std=4.78e-04 | CIAM: mean=1.18e-05 std=4.39e-05
[05/14 05:41:03] [GradMonitor step=3565] param-grad: weight_base: mean=1.73e-08 std=3.42e-07 | weight_base_open: mean=4.25e-05 std=1.27e-03 | enc_conv1_weight: mean=-3.39e-02 std=8.45e-02
[05/14 05:41:03] [GradMonitor step=3570] near-input: bn0: mean=4.80e-07 std=4.91e-04 pos=0.50 | enc_conv1: mean=7.73e-14 std=2.77e-04 pos=0.58
[05/14 05:41:03] [GradMonitor step=3570] deep/task: enc_layer4: mean=8.87e-06 std=3.45e-05 | PAM: mean=9.85e-05 std=3.76e-04 | CIAM: mean=8.98e-06 std=3.45e-05
[05/14 05:41:03] [GradMonitor step=3570] param-grad: weight_base: mean=1.26e-08 std=4.26e-07 | weight_base_open: mean=-5.62e-05 std=1.07e-03 | enc_conv1_weight: mean=-3.21e-02 std=9.02e-02
[05/14 05:41:04] [GradMonitor step=3575] near-input: bn0: mean=-2.33e-08 std=3.23e-04 pos=0.50 | enc_conv1: mean=-3.64e-14 std=1.82e-04 pos=0.53
[05/14 05:41:04] [GradMonitor step=3575] deep/task: enc_layer4: mean=1.24e-05 std=2.70e-05 | PAM: mean=1.35e-04 std=2.93e-04 | CIAM: mean=1.25e-05 std=2.71e-05
[05/14 05:41:04] [GradMonitor step=3575] param-grad: weight_base: mean=2.63e-08 std=1.30e-06 | weight_base_open: mean=2.92e-05 std=1.86e-03 | enc_conv1_weight: mean=1.43e-02 std=8.08e-02
[05/14 05:41:04] [GradMonitor step=3580] near-input: bn0: mean=-1.08e-07 std=7.86e-04 pos=0.50 | enc_conv1: mean=2.09e-13 std=4.39e-04 pos=0.45
[05/14 05:41:04] [GradMonitor step=3580] deep/task: enc_layer4: mean=1.58e-05 std=4.70e-05 | PAM: mean=1.75e-04 std=5.17e-04 | CIAM: mean=1.59e-05 std=4.71e-05
[05/14 05:41:04] [GradMonitor step=3580] param-grad: weight_base: mean=-4.23e-08 std=8.72e-07 | weight_base_open: mean=1.47e-04 std=1.26e-03 | enc_conv1_weight: mean=6.34e-03 std=6.78e-02
[05/14 05:41:04] [GradMonitor step=3585] near-input: bn0: mean=5.39e-07 std=4.91e-04 pos=0.50 | enc_conv1: mean=1.59e-13 std=2.80e-04 pos=0.47
[05/14 05:41:04] [GradMonitor step=3585] deep/task: enc_layer4: mean=1.26e-05 std=3.77e-05 | PAM: mean=1.39e-04 std=4.14e-04 | CIAM: mean=1.27e-05 std=3.77e-05
[05/14 05:41:04] [GradMonitor step=3585] param-grad: weight_base: mean=-2.24e-09 std=7.02e-07 | weight_base_open: mean=1.17e-05 std=9.90e-04 | enc_conv1_weight: mean=-2.64e-02 std=7.71e-02
[05/14 05:41:05] [GradMonitor step=3590] near-input: bn0: mean=-1.38e-08 std=4.77e-04 pos=0.50 | enc_conv1: mean=-1.36e-14 std=2.69e-04 pos=0.47
[05/14 05:41:05] [GradMonitor step=3590] deep/task: enc_layer4: mean=1.27e-05 std=3.51e-05 | PAM: mean=1.39e-04 std=3.85e-04 | CIAM: mean=1.28e-05 std=3.52e-05
[05/14 05:41:05] [GradMonitor step=3590] param-grad: weight_base: mean=-1.05e-08 std=3.55e-07 | weight_base_open: mean=2.95e-05 std=1.05e-03 | enc_conv1_weight: mean=1.88e-02 std=8.24e-02
[05/14 05:41:05] [GradMonitor step=3595] near-input: bn0: mean=-9.05e-08 std=2.92e-04 pos=0.50 | enc_conv1: mean=-9.09e-15 std=1.63e-04 pos=0.47
[05/14 05:41:05] [GradMonitor step=3595] deep/task: enc_layer4: mean=1.04e-05 std=2.43e-05 | PAM: mean=1.13e-04 std=2.64e-04 | CIAM: mean=1.05e-05 std=2.44e-05
[05/14 05:41:05] [GradMonitor step=3595] param-grad: weight_base: mean=2.52e-09 std=4.00e-07 | weight_base_open: mean=-2.47e-05 std=9.65e-04 | enc_conv1_weight: mean=2.29e-02 std=6.86e-02
[05/14 05:41:05] [GradMonitor step=3600] near-input: bn0: mean=-7.74e-07 std=5.87e-04 pos=0.50 | enc_conv1: mean=-4.09e-14 std=3.37e-04 pos=0.50
[05/14 05:41:05] [GradMonitor step=3600] deep/task: enc_layer4: mean=1.22e-05 std=4.44e-05 | PAM: mean=1.37e-04 std=4.81e-04 | CIAM: mean=1.24e-05 std=4.44e-05
[05/14 05:41:05] [GradMonitor step=3600] param-grad: weight_base: mean=-8.96e-09 std=7.43e-07 | weight_base_open: mean=-1.12e-04 std=1.55e-03 | enc_conv1_weight: mean=-6.55e-03 std=6.55e-02
[05/14 05:41:05] 
[05/14 05:41:05] epoch 9/20, iter 3600:
[05/14 05:41:05] train_loss: 1.15348
[05/14 05:41:05] train_acc: 0.944
[05/14 05:41:05] train_auroc: 0.904
[05/14 05:41:11] Summary name val_6-way-5-shot_tpr@tnr95 is illegal; using val_6-way-5-shot_tpr_tnr95 instead.
[05/14 05:41:11] val_6-way-5-shot_acc: 57.683	0.738
[05/14 05:41:11] val_6-way-5-shot_auroc: 53.168	2.051
[05/14 05:41:11] val_6-way-5-shot_fscore: 21.032	0.212
[05/14 05:41:11] val_6-way-5-shot_tpr@tnr95: 10.100	1.824
[05/14 05:41:11] val_6-way-5-shot_osr: 51.781	0.915
[05/14 05:41:12] [GradMonitor step=3605] near-input: bn0: mean=-4.63e-07 std=3.37e-04 pos=0.50 | enc_conv1: mean=7.05e-14 std=1.89e-04 pos=0.49
[05/14 05:41:12] [GradMonitor step=3605] deep/task: enc_layer4: mean=9.64e-06 std=3.48e-05 | PAM: mean=1.07e-04 std=3.80e-04 | CIAM: mean=9.75e-06 std=3.49e-05
[05/14 05:41:12] [GradMonitor step=3605] param-grad: weight_base: mean=-3.96e-08 std=1.08e-06 | weight_base_open: mean=1.27e-05 std=1.63e-03 | enc_conv1_weight: mean=-1.93e-02 std=1.04e-01
[05/14 05:41:12] [GradMonitor step=3610] near-input: bn0: mean=6.87e-08 std=3.72e-04 pos=0.50 | enc_conv1: mean=-9.09e-14 std=2.13e-04 pos=0.47
[05/14 05:41:12] [GradMonitor step=3610] deep/task: enc_layer4: mean=1.27e-05 std=2.82e-05 | PAM: mean=1.38e-04 std=3.06e-04 | CIAM: mean=1.29e-05 std=2.83e-05
[05/14 05:41:12] [GradMonitor step=3610] param-grad: weight_base: mean=-5.07e-09 std=9.54e-07 | weight_base_open: mean=2.33e-05 std=1.88e-03 | enc_conv1_weight: mean=1.16e-02 std=7.12e-02
[05/14 05:41:13] [GradMonitor step=3615] near-input: bn0: mean=5.18e-07 std=5.32e-04 pos=0.50 | enc_conv1: mean=0.00e+00 std=2.98e-04 pos=0.50
[05/14 05:41:13] [GradMonitor step=3615] deep/task: enc_layer4: mean=1.44e-05 std=3.29e-05 | PAM: mean=1.57e-04 std=3.59e-04 | CIAM: mean=1.46e-05 std=3.29e-05
[05/14 05:41:13] [GradMonitor step=3615] param-grad: weight_base: mean=2.90e-08 std=9.58e-07 | weight_base_open: mean=3.25e-05 std=1.36e-03 | enc_conv1_weight: mean=1.81e-02 std=8.23e-02
[05/14 05:41:13] [GradMonitor step=3620] near-input: bn0: mean=-3.17e-07 std=4.98e-04 pos=0.50 | enc_conv1: mean=3.41e-14 std=2.88e-04 pos=0.46
[05/14 05:41:13] [GradMonitor step=3620] deep/task: enc_layer4: mean=1.36e-05 std=3.82e-05 | PAM: mean=1.49e-04 std=4.23e-04 | CIAM: mean=1.37e-05 std=3.83e-05
[05/14 05:41:13] [GradMonitor step=3620] param-grad: weight_base: mean=-3.80e-08 std=6.52e-07 | weight_base_open: mean=1.07e-05 std=1.54e-03 | enc_conv1_weight: mean=1.49e-04 std=7.08e-02
[05/14 05:41:13] [GradMonitor step=3625] near-input: bn0: mean=9.92e-08 std=4.37e-04 pos=0.50 | enc_conv1: mean=-9.09e-14 std=2.47e-04 pos=0.57
[05/14 05:41:13] [GradMonitor step=3625] deep/task: enc_layer4: mean=1.58e-05 std=3.61e-05 | PAM: mean=1.74e-04 std=3.99e-04 | CIAM: mean=1.60e-05 std=3.62e-05
[05/14 05:41:13] [GradMonitor step=3625] param-grad: weight_base: mean=3.74e-09 std=8.63e-07 | weight_base_open: mean=-5.50e-05 std=1.15e-03 | enc_conv1_weight: mean=-1.57e-02 std=7.85e-02
[05/14 05:41:14] [GradMonitor step=3630] near-input: bn0: mean=3.48e-08 std=2.06e-04 pos=0.50 | enc_conv1: mean=3.07e-14 std=1.18e-04 pos=0.46
[05/14 05:41:14] [GradMonitor step=3630] deep/task: enc_layer4: mean=5.56e-06 std=2.57e-05 | PAM: mean=6.15e-05 std=2.82e-04 | CIAM: mean=5.64e-06 std=2.57e-05
[05/14 05:41:14] [GradMonitor step=3630] param-grad: weight_base: mean=-5.93e-09 std=6.75e-07 | weight_base_open: mean=-4.32e-05 std=1.35e-03 | enc_conv1_weight: mean=-4.25e-03 std=6.13e-02
[05/14 05:41:14] [GradMonitor step=3635] near-input: bn0: mean=-4.12e-07 std=4.44e-04 pos=0.50 | enc_conv1: mean=-3.64e-14 std=2.48e-04 pos=0.49
[05/14 05:41:14] [GradMonitor step=3635] deep/task: enc_layer4: mean=1.46e-05 std=3.87e-05 | PAM: mean=1.61e-04 std=4.27e-04 | CIAM: mean=1.47e-05 std=3.87e-05
[05/14 05:41:14] [GradMonitor step=3635] param-grad: weight_base: mean=2.08e-08 std=6.12e-07 | weight_base_open: mean=5.70e-05 std=1.10e-03 | enc_conv1_weight: mean=-9.36e-03 std=7.02e-02
[05/14 05:41:14] [GradMonitor step=3640] near-input: bn0: mean=2.76e-08 std=3.54e-04 pos=0.50 | enc_conv1: mean=-7.96e-14 std=1.95e-04 pos=0.55
[05/14 05:41:14] [GradMonitor step=3640] deep/task: enc_layer4: mean=1.18e-05 std=3.00e-05 | PAM: mean=1.29e-04 std=3.27e-04 | CIAM: mean=1.20e-05 std=3.00e-05
[05/14 05:41:14] [GradMonitor step=3640] param-grad: weight_base: mean=1.84e-08 std=6.52e-07 | weight_base_open: mean=-2.00e-05 std=1.19e-03 | enc_conv1_weight: mean=3.01e-02 std=8.55e-02
[05/14 05:41:15] [GradMonitor step=3645] near-input: bn0: mean=8.68e-08 std=4.11e-04 pos=0.50 | enc_conv1: mean=8.87e-14 std=2.25e-04 pos=0.48
[05/14 05:41:15] [GradMonitor step=3645] deep/task: enc_layer4: mean=1.35e-05 std=2.57e-05 | PAM: mean=1.47e-04 std=2.81e-04 | CIAM: mean=1.36e-05 std=2.58e-05
[05/14 05:41:15] [GradMonitor step=3645] param-grad: weight_base: mean=2.44e-08 std=7.31e-07 | weight_base_open: mean=8.02e-05 std=1.21e-03 | enc_conv1_weight: mean=-3.85e-03 std=5.87e-02
[05/14 05:41:15] [GradMonitor step=3650] near-input: bn0: mean=3.04e-07 std=3.73e-04 pos=0.50 | enc_conv1: mean=-1.07e-13 std=2.13e-04 pos=0.51
[05/14 05:41:15] [GradMonitor step=3650] deep/task: enc_layer4: mean=1.31e-05 std=3.55e-05 | PAM: mean=1.43e-04 std=3.87e-04 | CIAM: mean=1.32e-05 std=3.55e-05
[05/14 05:41:15] [GradMonitor step=3650] param-grad: weight_base: mean=-5.20e-08 std=1.48e-06 | weight_base_open: mean=-1.22e-04 std=1.54e-03 | enc_conv1_weight: mean=-1.24e-02 std=8.15e-02
[05/14 05:41:15] [GradMonitor step=3655] near-input: bn0: mean=4.20e-07 std=4.10e-04 pos=0.50 | enc_conv1: mean=-9.78e-14 std=2.27e-04 pos=0.49
[05/14 05:41:15] [GradMonitor step=3655] deep/task: enc_layer4: mean=1.10e-05 std=3.38e-05 | PAM: mean=1.22e-04 std=3.69e-04 | CIAM: mean=1.12e-05 std=3.38e-05
[05/14 05:41:15] [GradMonitor step=3655] param-grad: weight_base: mean=-1.23e-08 std=6.61e-07 | weight_base_open: mean=8.20e-05 std=1.23e-03 | enc_conv1_weight: mean=1.02e-02 std=6.39e-02
[05/14 05:41:16] [GradMonitor step=3660] near-input: bn0: mean=-2.03e-07 std=3.64e-04 pos=0.50 | enc_conv1: mean=1.48e-13 std=2.05e-04 pos=0.53
[05/14 05:41:16] [GradMonitor step=3660] deep/task: enc_layer4: mean=1.49e-05 std=3.44e-05 | PAM: mean=1.64e-04 std=3.79e-04 | CIAM: mean=1.51e-05 std=3.45e-05
[05/14 05:41:16] [GradMonitor step=3660] param-grad: weight_base: mean=1.98e-08 std=6.87e-07 | weight_base_open: mean=-1.35e-04 std=1.38e-03 | enc_conv1_weight: mean=-6.87e-03 std=5.22e-02
[05/14 05:41:16] [GradMonitor step=3665] near-input: bn0: mean=-9.90e-08 std=3.23e-04 pos=0.50 | enc_conv1: mean=1.59e-14 std=1.80e-04 pos=0.51
[05/14 05:41:16] [GradMonitor step=3665] deep/task: enc_layer4: mean=1.29e-05 std=2.45e-05 | PAM: mean=1.41e-04 std=2.67e-04 | CIAM: mean=1.31e-05 std=2.45e-05
[05/14 05:41:16] [GradMonitor step=3665] param-grad: weight_base: mean=1.78e-09 std=3.74e-07 | weight_base_open: mean=-2.49e-05 std=8.72e-04 | enc_conv1_weight: mean=-7.86e-03 std=4.55e-02
[05/14 05:41:17] [GradMonitor step=3670] near-input: bn0: mean=5.76e-07 std=3.77e-04 pos=0.50 | enc_conv1: mean=-9.55e-14 std=2.08e-04 pos=0.55
[05/14 05:41:17] [GradMonitor step=3670] deep/task: enc_layer4: mean=1.45e-05 std=2.81e-05 | PAM: mean=1.59e-04 std=3.08e-04 | CIAM: mean=1.46e-05 std=2.82e-05
[05/14 05:41:17] [GradMonitor step=3670] param-grad: weight_base: mean=-3.61e-08 std=1.04e-06 | weight_base_open: mean=2.88e-05 std=1.40e-03 | enc_conv1_weight: mean=1.93e-02 std=6.92e-02
[05/14 05:41:17] [GradMonitor step=3675] near-input: bn0: mean=-5.56e-07 std=3.98e-04 pos=0.50 | enc_conv1: mean=1.41e-13 std=2.25e-04 pos=0.51
[05/14 05:41:17] [GradMonitor step=3675] deep/task: enc_layer4: mean=1.42e-05 std=2.88e-05 | PAM: mean=1.55e-04 std=3.13e-04 | CIAM: mean=1.44e-05 std=2.88e-05
[05/14 05:41:17] [GradMonitor step=3675] param-grad: weight_base: mean=9.13e-09 std=4.81e-07 | weight_base_open: mean=-5.97e-05 std=8.72e-04 | enc_conv1_weight: mean=5.12e-03 std=4.92e-02
[05/14 05:41:17] [GradMonitor step=3680] near-input: bn0: mean=2.16e-07 std=5.18e-04 pos=0.50 | enc_conv1: mean=5.46e-14 std=2.95e-04 pos=0.53
[05/14 05:41:17] [GradMonitor step=3680] deep/task: enc_layer4: mean=1.32e-05 std=3.74e-05 | PAM: mean=1.45e-04 std=4.10e-04 | CIAM: mean=1.33e-05 std=3.74e-05
[05/14 05:41:17] [GradMonitor step=3680] param-grad: weight_base: mean=-1.59e-08 std=7.49e-07 | weight_base_open: mean=-8.34e-05 std=1.54e-03 | enc_conv1_weight: mean=-1.22e-02 std=7.48e-02
[05/14 05:41:18] [GradMonitor step=3685] near-input: bn0: mean=3.29e-07 std=3.54e-04 pos=0.50 | enc_conv1: mean=2.50e-14 std=1.99e-04 pos=0.43
[05/14 05:41:18] [GradMonitor step=3685] deep/task: enc_layer4: mean=1.38e-05 std=2.95e-05 | PAM: mean=1.52e-04 std=3.21e-04 | CIAM: mean=1.40e-05 std=2.95e-05
[05/14 05:41:18] [GradMonitor step=3685] param-grad: weight_base: mean=4.54e-08 std=7.53e-07 | weight_base_open: mean=7.44e-05 std=1.61e-03 | enc_conv1_weight: mean=-2.37e-03 std=4.74e-02
[05/14 05:41:18] [GradMonitor step=3690] near-input: bn0: mean=-1.17e-07 std=3.67e-04 pos=0.50 | enc_conv1: mean=-2.50e-14 std=2.11e-04 pos=0.48
[05/14 05:41:18] [GradMonitor step=3690] deep/task: enc_layer4: mean=1.45e-05 std=3.51e-05 | PAM: mean=1.58e-04 std=3.82e-04 | CIAM: mean=1.46e-05 std=3.51e-05
[05/14 05:41:18] [GradMonitor step=3690] param-grad: weight_base: mean=8.19e-09 std=4.63e-07 | weight_base_open: mean=-8.11e-05 std=1.16e-03 | enc_conv1_weight: mean=5.79e-03 std=5.76e-02
[05/14 05:41:18] [GradMonitor step=3695] near-input: bn0: mean=-1.90e-08 std=1.31e-04 pos=0.50 | enc_conv1: mean=-1.36e-14 std=7.47e-05 pos=0.46
[05/14 05:41:18] [GradMonitor step=3695] deep/task: enc_layer4: mean=6.69e-06 std=1.71e-05 | PAM: mean=7.30e-05 std=1.85e-04 | CIAM: mean=6.79e-06 std=1.71e-05
[05/14 05:41:18] [GradMonitor step=3695] param-grad: weight_base: mean=1.36e-08 std=4.16e-07 | weight_base_open: mean=1.20e-04 std=1.16e-03 | enc_conv1_weight: mean=5.34e-04 std=4.95e-02
[05/14 05:41:19] [GradMonitor step=3700] near-input: bn0: mean=1.22e-07 std=4.20e-04 pos=0.50 | enc_conv1: mean=-6.37e-14 std=2.30e-04 pos=0.54
[05/14 05:41:19] [GradMonitor step=3700] deep/task: enc_layer4: mean=1.16e-05 std=3.58e-05 | PAM: mean=1.27e-04 std=3.94e-04 | CIAM: mean=1.17e-05 std=3.59e-05
[05/14 05:41:19] [GradMonitor step=3700] param-grad: weight_base: mean=-2.95e-08 std=1.49e-06 | weight_base_open: mean=8.50e-05 std=1.49e-03 | enc_conv1_weight: mean=-1.37e-02 std=7.40e-02
[05/14 05:41:19] [GradMonitor step=3705] near-input: bn0: mean=5.95e-08 std=3.86e-04 pos=0.50 | enc_conv1: mean=7.28e-14 std=2.23e-04 pos=0.44
[05/14 05:41:19] [GradMonitor step=3705] deep/task: enc_layer4: mean=1.06e-05 std=3.78e-05 | PAM: mean=1.17e-04 std=4.16e-04 | CIAM: mean=1.07e-05 std=3.78e-05
[05/14 05:41:19] [GradMonitor step=3705] param-grad: weight_base: mean=-4.75e-09 std=6.54e-07 | weight_base_open: mean=1.40e-05 std=1.07e-03 | enc_conv1_weight: mean=-4.89e-03 std=8.08e-02
[05/14 05:41:19] [GradMonitor step=3710] near-input: bn0: mean=5.38e-07 std=4.35e-04 pos=0.50 | enc_conv1: mean=-8.41e-14 std=2.48e-04 pos=0.45
[05/14 05:41:19] [GradMonitor step=3710] deep/task: enc_layer4: mean=1.02e-05 std=3.78e-05 | PAM: mean=1.12e-04 std=4.15e-04 | CIAM: mean=1.04e-05 std=3.78e-05
[05/14 05:41:19] [GradMonitor step=3710] param-grad: weight_base: mean=-2.59e-08 std=8.36e-07 | weight_base_open: mean=-7.27e-05 std=1.14e-03 | enc_conv1_weight: mean=4.96e-04 std=5.99e-02
[05/14 05:41:20] [GradMonitor step=3715] near-input: bn0: mean=-4.82e-08 std=4.91e-04 pos=0.50 | enc_conv1: mean=-2.73e-14 std=2.84e-04 pos=0.52
[05/14 05:41:20] [GradMonitor step=3715] deep/task: enc_layer4: mean=1.42e-05 std=3.69e-05 | PAM: mean=1.56e-04 std=4.03e-04 | CIAM: mean=1.44e-05 std=3.69e-05
[05/14 05:41:20] [GradMonitor step=3715] param-grad: weight_base: mean=-3.47e-09 std=5.75e-07 | weight_base_open: mean=-3.25e-05 std=9.15e-04 | enc_conv1_weight: mean=-9.05e-03 std=6.00e-02
[05/14 05:41:20] [GradMonitor step=3720] near-input: bn0: mean=4.30e-07 std=5.93e-04 pos=0.50 | enc_conv1: mean=2.05e-14 std=3.37e-04 pos=0.51
[05/14 05:41:20] [GradMonitor step=3720] deep/task: enc_layer4: mean=1.50e-05 std=4.02e-05 | PAM: mean=1.65e-04 std=4.40e-04 | CIAM: mean=1.52e-05 std=4.02e-05
[05/14 05:41:20] [GradMonitor step=3720] param-grad: weight_base: mean=5.72e-09 std=7.60e-07 | weight_base_open: mean=7.57e-05 std=1.34e-03 | enc_conv1_weight: mean=-9.45e-03 std=5.72e-02
[05/14 05:41:21] [GradMonitor step=3725] near-input: bn0: mean=-2.59e-08 std=3.11e-04 pos=0.50 | enc_conv1: mean=-2.50e-14 std=1.75e-04 pos=0.51
[05/14 05:41:21] [GradMonitor step=3725] deep/task: enc_layer4: mean=1.05e-05 std=2.45e-05 | PAM: mean=1.15e-04 std=2.67e-04 | CIAM: mean=1.07e-05 std=2.45e-05
[05/14 05:41:21] [GradMonitor step=3725] param-grad: weight_base: mean=-1.13e-08 std=5.02e-07 | weight_base_open: mean=-9.00e-05 std=1.54e-03 | enc_conv1_weight: mean=1.13e-02 std=7.48e-02
[05/14 05:41:21] [GradMonitor step=3730] near-input: bn0: mean=-5.66e-07 std=3.60e-04 pos=0.50 | enc_conv1: mean=-9.55e-14 std=2.01e-04 pos=0.44
[05/14 05:41:21] [GradMonitor step=3730] deep/task: enc_layer4: mean=1.20e-05 std=3.20e-05 | PAM: mean=1.31e-04 std=3.50e-04 | CIAM: mean=1.21e-05 std=3.21e-05
[05/14 05:41:21] [GradMonitor step=3730] param-grad: weight_base: mean=-1.20e-08 std=3.60e-07 | weight_base_open: mean=3.92e-05 std=1.21e-03 | enc_conv1_weight: mean=3.95e-03 std=7.23e-02
[05/14 05:41:21] [GradMonitor step=3735] near-input: bn0: mean=-2.57e-07 std=3.76e-04 pos=0.50 | enc_conv1: mean=8.19e-14 std=2.08e-04 pos=0.50
[05/14 05:41:21] [GradMonitor step=3735] deep/task: enc_layer4: mean=1.35e-05 std=2.39e-05 | PAM: mean=1.46e-04 std=2.58e-04 | CIAM: mean=1.36e-05 std=2.40e-05
[05/14 05:41:21] [GradMonitor step=3735] param-grad: weight_base: mean=4.72e-08 std=9.09e-07 | weight_base_open: mean=5.43e-06 std=7.87e-04 | enc_conv1_weight: mean=-2.16e-03 std=5.79e-02
[05/14 05:41:22] [GradMonitor step=3740] near-input: bn0: mean=-2.28e-07 std=2.77e-04 pos=0.50 | enc_conv1: mean=0.00e+00 std=1.54e-04 pos=0.46
[05/14 05:41:22] [GradMonitor step=3740] deep/task: enc_layer4: mean=1.16e-05 std=2.30e-05 | PAM: mean=1.26e-04 std=2.50e-04 | CIAM: mean=1.17e-05 std=2.31e-05
[05/14 05:41:22] [GradMonitor step=3740] param-grad: weight_base: mean=-8.18e-09 std=2.45e-07 | weight_base_open: mean=7.37e-05 std=1.04e-03 | enc_conv1_weight: mean=-1.31e-02 std=5.69e-02
[05/14 05:41:22] [GradMonitor step=3745] near-input: bn0: mean=-4.11e-08 std=3.68e-04 pos=0.50 | enc_conv1: mean=1.14e-13 std=2.06e-04 pos=0.48
[05/14 05:41:22] [GradMonitor step=3745] deep/task: enc_layer4: mean=1.18e-05 std=2.86e-05 | PAM: mean=1.29e-04 std=3.12e-04 | CIAM: mean=1.20e-05 std=2.86e-05
[05/14 05:41:22] [GradMonitor step=3745] param-grad: weight_base: mean=2.67e-08 std=5.08e-07 | weight_base_open: mean=2.09e-05 std=8.40e-04 | enc_conv1_weight: mean=4.10e-02 std=9.27e-02
[05/14 05:41:23] [GradMonitor step=3750] near-input: bn0: mean=-2.36e-07 std=3.95e-04 pos=0.50 | enc_conv1: mean=-9.09e-15 std=2.18e-04 pos=0.52
[05/14 05:41:23] [GradMonitor step=3750] deep/task: enc_layer4: mean=1.16e-05 std=2.96e-05 | PAM: mean=1.27e-04 std=3.19e-04 | CIAM: mean=1.18e-05 std=2.96e-05
[05/14 05:41:23] [GradMonitor step=3750] param-grad: weight_base: mean=1.17e-08 std=7.87e-07 | weight_base_open: mean=5.95e-05 std=1.15e-03 | enc_conv1_weight: mean=2.07e-02 std=6.90e-02
[05/14 05:41:23] [GradMonitor step=3755] near-input: bn0: mean=1.03e-07 std=3.34e-04 pos=0.50 | enc_conv1: mean=3.87e-14 std=1.86e-04 pos=0.57
[05/14 05:41:23] [GradMonitor step=3755] deep/task: enc_layer4: mean=9.89e-06 std=3.25e-05 | PAM: mean=1.09e-04 std=3.53e-04 | CIAM: mean=9.98e-06 std=3.25e-05
[05/14 05:41:23] [GradMonitor step=3755] param-grad: weight_base: mean=1.05e-08 std=8.40e-07 | weight_base_open: mean=1.77e-05 std=1.33e-03 | enc_conv1_weight: mean=-4.53e-03 std=5.83e-02
[05/14 05:41:23] [GradMonitor step=3760] near-input: bn0: mean=-7.45e-08 std=3.81e-04 pos=0.50 | enc_conv1: mean=4.55e-15 std=2.08e-04 pos=0.52
[05/14 05:41:23] [GradMonitor step=3760] deep/task: enc_layer4: mean=1.22e-05 std=2.31e-05 | PAM: mean=1.33e-04 std=2.51e-04 | CIAM: mean=1.24e-05 std=2.32e-05
[05/14 05:41:23] [GradMonitor step=3760] param-grad: weight_base: mean=5.21e-08 std=1.33e-06 | weight_base_open: mean=8.35e-05 std=1.49e-03 | enc_conv1_weight: mean=-1.08e-02 std=5.31e-02
[05/14 05:41:24] [GradMonitor step=3765] near-input: bn0: mean=4.00e-08 std=4.45e-04 pos=0.50 | enc_conv1: mean=-2.73e-14 std=2.56e-04 pos=0.53
[05/14 05:41:24] [GradMonitor step=3765] deep/task: enc_layer4: mean=1.52e-05 std=3.63e-05 | PAM: mean=1.66e-04 std=3.97e-04 | CIAM: mean=1.54e-05 std=3.63e-05
[05/14 05:41:24] [GradMonitor step=3765] param-grad: weight_base: mean=-5.20e-09 std=6.60e-07 | weight_base_open: mean=1.59e-04 std=1.31e-03 | enc_conv1_weight: mean=1.47e-02 std=6.38e-02
[05/14 05:41:24] [GradMonitor step=3770] near-input: bn0: mean=-2.21e-07 std=2.79e-04 pos=0.50 | enc_conv1: mean=4.77e-14 std=1.55e-04 pos=0.48
[05/14 05:41:24] [GradMonitor step=3770] deep/task: enc_layer4: mean=1.14e-05 std=2.40e-05 | PAM: mean=1.25e-04 std=2.61e-04 | CIAM: mean=1.16e-05 std=2.40e-05
[05/14 05:41:24] [GradMonitor step=3770] param-grad: weight_base: mean=-1.14e-08 std=8.08e-07 | weight_base_open: mean=2.31e-05 std=1.36e-03 | enc_conv1_weight: mean=-9.90e-04 std=4.88e-02
[05/14 05:41:24] [GradMonitor step=3775] near-input: bn0: mean=4.39e-07 std=4.60e-04 pos=0.50 | enc_conv1: mean=9.55e-14 std=2.71e-04 pos=0.49
[05/14 05:41:24] [GradMonitor step=3775] deep/task: enc_layer4: mean=1.34e-05 std=3.70e-05 | PAM: mean=1.47e-04 std=4.05e-04 | CIAM: mean=1.35e-05 std=3.70e-05
[05/14 05:41:24] [GradMonitor step=3775] param-grad: weight_base: mean=-2.11e-08 std=5.11e-07 | weight_base_open: mean=1.59e-05 std=7.46e-04 | enc_conv1_weight: mean=-2.06e-02 std=9.17e-02
[05/14 05:41:25] [GradMonitor step=3780] near-input: bn0: mean=-1.32e-07 std=4.21e-04 pos=0.50 | enc_conv1: mean=-5.23e-14 std=2.34e-04 pos=0.45
[05/14 05:41:25] [GradMonitor step=3780] deep/task: enc_layer4: mean=1.42e-05 std=3.55e-05 | PAM: mean=1.55e-04 std=3.89e-04 | CIAM: mean=1.43e-05 std=3.55e-05
[05/14 05:41:25] [GradMonitor step=3780] param-grad: weight_base: mean=-4.77e-08 std=1.16e-06 | weight_base_open: mean=3.16e-05 std=1.59e-03 | enc_conv1_weight: mean=1.14e-02 std=8.10e-02
[05/14 05:41:25] [GradMonitor step=3785] near-input: bn0: mean=-4.28e-08 std=2.45e-04 pos=0.50 | enc_conv1: mean=4.55e-15 std=1.34e-04 pos=0.49
[05/14 05:41:25] [GradMonitor step=3785] deep/task: enc_layer4: mean=1.02e-05 std=1.97e-05 | PAM: mean=1.11e-04 std=2.13e-04 | CIAM: mean=1.04e-05 std=1.98e-05
[05/14 05:41:25] [GradMonitor step=3785] param-grad: weight_base: mean=1.53e-08 std=5.11e-07 | weight_base_open: mean=-6.23e-06 std=8.21e-04 | enc_conv1_weight: mean=-6.84e-03 std=5.60e-02
[05/14 05:41:25] [GradMonitor step=3790] near-input: bn0: mean=-6.48e-08 std=5.56e-04 pos=0.50 | enc_conv1: mean=6.59e-14 std=3.08e-04 pos=0.52
[05/14 05:41:25] [GradMonitor step=3790] deep/task: enc_layer4: mean=1.71e-05 std=3.85e-05 | PAM: mean=1.88e-04 std=4.24e-04 | CIAM: mean=1.73e-05 std=3.86e-05
[05/14 05:41:25] [GradMonitor step=3790] param-grad: weight_base: mean=-2.07e-08 std=4.53e-07 | weight_base_open: mean=2.22e-05 std=1.05e-03 | enc_conv1_weight: mean=-1.01e-02 std=4.80e-02
[05/14 05:41:26] [GradMonitor step=3795] near-input: bn0: mean=-2.93e-07 std=4.60e-04 pos=0.50 | enc_conv1: mean=2.09e-13 std=2.54e-04 pos=0.47
[05/14 05:41:26] [GradMonitor step=3795] deep/task: enc_layer4: mean=1.47e-05 std=3.13e-05 | PAM: mean=1.62e-04 std=3.41e-04 | CIAM: mean=1.49e-05 std=3.14e-05
[05/14 05:41:26] [GradMonitor step=3795] param-grad: weight_base: mean=2.40e-09 std=4.82e-07 | weight_base_open: mean=6.72e-05 std=8.09e-04 | enc_conv1_weight: mean=-1.70e-02 std=5.20e-02
[05/14 05:41:26] [GradMonitor step=3800] near-input: bn0: mean=-2.46e-07 std=3.36e-04 pos=0.50 | enc_conv1: mean=1.11e-13 std=1.91e-04 pos=0.48
[05/14 05:41:26] [GradMonitor step=3800] deep/task: enc_layer4: mean=1.27e-05 std=2.99e-05 | PAM: mean=1.38e-04 std=3.26e-04 | CIAM: mean=1.28e-05 std=2.99e-05
[05/14 05:41:26] [GradMonitor step=3800] param-grad: weight_base: mean=-1.77e-08 std=5.39e-07 | weight_base_open: mean=6.89e-05 std=1.27e-03 | enc_conv1_weight: mean=-6.74e-03 std=6.35e-02
[05/14 05:41:27] [GradMonitor step=3805] near-input: bn0: mean=3.11e-08 std=3.64e-04 pos=0.50 | enc_conv1: mean=1.16e-13 std=2.02e-04 pos=0.50
[05/14 05:41:27] [GradMonitor step=3805] deep/task: enc_layer4: mean=1.25e-05 std=2.86e-05 | PAM: mean=1.36e-04 std=3.13e-04 | CIAM: mean=1.26e-05 std=2.86e-05
[05/14 05:41:27] [GradMonitor step=3805] param-grad: weight_base: mean=-6.71e-09 std=1.75e-06 | weight_base_open: mean=1.08e-04 std=1.37e-03 | enc_conv1_weight: mean=2.41e-02 std=7.22e-02
[05/14 05:41:27] [GradMonitor step=3810] near-input: bn0: mean=-2.54e-07 std=5.23e-04 pos=0.50 | enc_conv1: mean=-1.18e-13 std=2.94e-04 pos=0.50
[05/14 05:41:27] [GradMonitor step=3810] deep/task: enc_layer4: mean=1.34e-05 std=3.85e-05 | PAM: mean=1.46e-04 std=4.20e-04 | CIAM: mean=1.36e-05 std=3.85e-05
[05/14 05:41:27] [GradMonitor step=3810] param-grad: weight_base: mean=-2.37e-08 std=5.99e-07 | weight_base_open: mean=-1.43e-04 std=1.27e-03 | enc_conv1_weight: mean=-2.31e-02 std=8.95e-02
[05/14 05:41:27] [GradMonitor step=3815] near-input: bn0: mean=5.56e-07 std=5.57e-04 pos=0.50 | enc_conv1: mean=-1.61e-13 std=3.16e-04 pos=0.58
[05/14 05:41:27] [GradMonitor step=3815] deep/task: enc_layer4: mean=1.05e-05 std=4.07e-05 | PAM: mean=1.17e-04 std=4.44e-04 | CIAM: mean=1.07e-05 std=4.07e-05
[05/14 05:41:27] [GradMonitor step=3815] param-grad: weight_base: mean=2.23e-08 std=8.47e-07 | weight_base_open: mean=-1.21e-04 std=1.32e-03 | enc_conv1_weight: mean=-1.00e-02 std=5.72e-02
[05/14 05:41:28] [GradMonitor step=3820] near-input: bn0: mean=-4.42e-07 std=3.71e-04 pos=0.50 | enc_conv1: mean=1.48e-13 std=2.06e-04 pos=0.43
[05/14 05:41:28] [GradMonitor step=3820] deep/task: enc_layer4: mean=1.59e-05 std=3.22e-05 | PAM: mean=1.75e-04 std=3.53e-04 | CIAM: mean=1.61e-05 std=3.23e-05
[05/14 05:41:28] [GradMonitor step=3820] param-grad: weight_base: mean=-3.91e-09 std=1.26e-06 | weight_base_open: mean=1.25e-04 std=1.46e-03 | enc_conv1_weight: mean=4.38e-03 std=6.64e-02
[05/14 05:41:28] [GradMonitor step=3825] near-input: bn0: mean=-6.25e-07 std=3.69e-04 pos=0.50 | enc_conv1: mean=-1.64e-13 std=2.03e-04 pos=0.45
[05/14 05:41:28] [GradMonitor step=3825] deep/task: enc_layer4: mean=1.20e-05 std=2.56e-05 | PAM: mean=1.31e-04 std=2.79e-04 | CIAM: mean=1.21e-05 std=2.57e-05
[05/14 05:41:28] [GradMonitor step=3825] param-grad: weight_base: mean=-1.13e-08 std=4.98e-07 | weight_base_open: mean=-6.63e-07 std=1.25e-03 | enc_conv1_weight: mean=-5.57e-03 std=4.88e-02
[05/14 05:41:28] [GradMonitor step=3830] near-input: bn0: mean=-4.26e-07 std=3.52e-04 pos=0.50 | enc_conv1: mean=5.46e-14 std=1.94e-04 pos=0.44
[05/14 05:41:28] [GradMonitor step=3830] deep/task: enc_layer4: mean=1.39e-05 std=3.03e-05 | PAM: mean=1.54e-04 std=3.32e-04 | CIAM: mean=1.41e-05 std=3.03e-05
[05/14 05:41:28] [GradMonitor step=3830] param-grad: weight_base: mean=-3.58e-08 std=6.85e-07 | weight_base_open: mean=-3.65e-05 std=1.17e-03 | enc_conv1_weight: mean=1.25e-02 std=6.92e-02
[05/14 05:41:29] [GradMonitor step=3835] near-input: bn0: mean=-9.02e-08 std=5.11e-04 pos=0.50 | enc_conv1: mean=-1.41e-13 std=2.84e-04 pos=0.58
[05/14 05:41:29] [GradMonitor step=3835] deep/task: enc_layer4: mean=1.52e-05 std=3.35e-05 | PAM: mean=1.67e-04 std=3.66e-04 | CIAM: mean=1.54e-05 std=3.36e-05
[05/14 05:41:29] [GradMonitor step=3835] param-grad: weight_base: mean=-2.83e-08 std=8.68e-07 | weight_base_open: mean=-7.21e-05 std=1.19e-03 | enc_conv1_weight: mean=1.15e-02 std=7.62e-02
[05/14 05:41:29] [GradMonitor step=3840] near-input: bn0: mean=-7.72e-08 std=3.35e-04 pos=0.50 | enc_conv1: mean=-7.05e-14 std=1.90e-04 pos=0.45
[05/14 05:41:29] [GradMonitor step=3840] deep/task: enc_layer4: mean=1.31e-05 std=3.28e-05 | PAM: mean=1.44e-04 std=3.61e-04 | CIAM: mean=1.33e-05 std=3.28e-05
[05/14 05:41:29] [GradMonitor step=3840] param-grad: weight_base: mean=-8.29e-09 std=4.39e-07 | weight_base_open: mean=4.44e-05 std=1.35e-03 | enc_conv1_weight: mean=-1.53e-03 std=5.76e-02
[05/14 05:41:29] [GradMonitor step=3845] near-input: bn0: mean=-5.17e-07 std=4.88e-04 pos=0.50 | enc_conv1: mean=9.32e-14 std=2.72e-04 pos=0.51
[05/14 05:41:29] [GradMonitor step=3845] deep/task: enc_layer4: mean=1.44e-05 std=3.70e-05 | PAM: mean=1.59e-04 std=4.07e-04 | CIAM: mean=1.46e-05 std=3.71e-05
[05/14 05:41:29] [GradMonitor step=3845] param-grad: weight_base: mean=1.02e-08 std=5.20e-07 | weight_base_open: mean=-1.05e-04 std=1.11e-03 | enc_conv1_weight: mean=6.56e-03 std=4.60e-02
[05/14 05:41:30] [GradMonitor step=3850] near-input: bn0: mean=6.54e-07 std=5.67e-04 pos=0.50 | enc_conv1: mean=1.77e-13 std=3.10e-04 pos=0.47
[05/14 05:41:30] [GradMonitor step=3850] deep/task: enc_layer4: mean=1.50e-05 std=4.39e-05 | PAM: mean=1.65e-04 std=4.78e-04 | CIAM: mean=1.52e-05 std=4.39e-05
[05/14 05:41:30] [GradMonitor step=3850] param-grad: weight_base: mean=2.00e-08 std=3.34e-07 | weight_base_open: mean=-7.27e-05 std=1.22e-03 | enc_conv1_weight: mean=4.95e-03 std=6.70e-02
[05/14 05:41:30] [GradMonitor step=3855] near-input: bn0: mean=-5.86e-07 std=6.60e-04 pos=0.50 | enc_conv1: mean=-1.36e-13 std=3.64e-04 pos=0.59
[05/14 05:41:30] [GradMonitor step=3855] deep/task: enc_layer4: mean=1.56e-05 std=4.56e-05 | PAM: mean=1.70e-04 std=4.95e-04 | CIAM: mean=1.57e-05 std=4.56e-05
[05/14 05:41:30] [GradMonitor step=3855] param-grad: weight_base: mean=1.10e-07 std=1.99e-06 | weight_base_open: mean=-1.26e-04 std=2.00e-03 | enc_conv1_weight: mean=6.92e-03 std=7.27e-02
[05/14 05:41:31] [GradMonitor step=3860] near-input: bn0: mean=-9.87e-08 std=4.55e-04 pos=0.50 | enc_conv1: mean=1.73e-13 std=2.49e-04 pos=0.53
[05/14 05:41:31] [GradMonitor step=3860] deep/task: enc_layer4: mean=1.46e-05 std=3.18e-05 | PAM: mean=1.60e-04 std=3.49e-04 | CIAM: mean=1.48e-05 std=3.19e-05
[05/14 05:41:31] [GradMonitor step=3860] param-grad: weight_base: mean=-1.34e-08 std=4.55e-07 | weight_base_open: mean=1.70e-05 std=1.06e-03 | enc_conv1_weight: mean=1.30e-02 std=5.60e-02
[05/14 05:41:31] [GradMonitor step=3865] near-input: bn0: mean=3.62e-07 std=4.21e-04 pos=0.50 | enc_conv1: mean=-6.37e-14 std=2.33e-04 pos=0.48
[05/14 05:41:31] [GradMonitor step=3865] deep/task: enc_layer4: mean=1.39e-05 std=3.13e-05 | PAM: mean=1.51e-04 std=3.41e-04 | CIAM: mean=1.41e-05 std=3.14e-05
[05/14 05:41:31] [GradMonitor step=3865] param-grad: weight_base: mean=-3.82e-09 std=2.48e-07 | weight_base_open: mean=1.38e-04 std=1.49e-03 | enc_conv1_weight: mean=1.93e-02 std=6.93e-02
[05/14 05:41:31] [GradMonitor step=3870] near-input: bn0: mean=-6.83e-08 std=4.22e-04 pos=0.50 | enc_conv1: mean=-9.09e-15 std=2.33e-04 pos=0.54
[05/14 05:41:31] [GradMonitor step=3870] deep/task: enc_layer4: mean=8.56e-06 std=2.67e-05 | PAM: mean=9.28e-05 std=2.87e-04 | CIAM: mean=8.72e-06 std=2.68e-05
[05/14 05:41:31] [GradMonitor step=3870] param-grad: weight_base: mean=2.51e-08 std=7.82e-07 | weight_base_open: mean=4.90e-05 std=1.73e-03 | enc_conv1_weight: mean=5.71e-03 std=8.88e-02
[05/14 05:41:32] [GradMonitor step=3875] near-input: bn0: mean=1.08e-07 std=3.85e-04 pos=0.50 | enc_conv1: mean=-1.23e-13 std=2.21e-04 pos=0.50
[05/14 05:41:32] [GradMonitor step=3875] deep/task: enc_layer4: mean=1.30e-05 std=3.52e-05 | PAM: mean=1.42e-04 std=3.83e-04 | CIAM: mean=1.32e-05 std=3.52e-05
[05/14 05:41:32] [GradMonitor step=3875] param-grad: weight_base: mean=2.48e-08 std=8.11e-07 | weight_base_open: mean=-2.43e-05 std=1.41e-03 | enc_conv1_weight: mean=-1.32e-02 std=8.09e-02
[05/14 05:41:32] [GradMonitor step=3880] near-input: bn0: mean=4.63e-07 std=4.26e-04 pos=0.50 | enc_conv1: mean=-4.55e-15 std=2.37e-04 pos=0.43
[05/14 05:41:32] [GradMonitor step=3880] deep/task: enc_layer4: mean=1.33e-05 std=3.07e-05 | PAM: mean=1.45e-04 std=3.34e-04 | CIAM: mean=1.35e-05 std=3.07e-05
[05/14 05:41:32] [GradMonitor step=3880] param-grad: weight_base: mean=-5.02e-09 std=5.75e-07 | weight_base_open: mean=8.22e-05 std=1.34e-03 | enc_conv1_weight: mean=7.96e-03 std=7.82e-02
[05/14 05:41:32] [GradMonitor step=3885] near-input: bn0: mean=4.55e-07 std=3.49e-04 pos=0.50 | enc_conv1: mean=1.82e-14 std=1.93e-04 pos=0.46
[05/14 05:41:32] [GradMonitor step=3885] deep/task: enc_layer4: mean=1.33e-05 std=2.45e-05 | PAM: mean=1.45e-04 std=2.67e-04 | CIAM: mean=1.35e-05 std=2.46e-05
[05/14 05:41:32] [GradMonitor step=3885] param-grad: weight_base: mean=1.55e-08 std=5.52e-07 | weight_base_open: mean=1.45e-04 std=1.09e-03 | enc_conv1_weight: mean=5.83e-03 std=5.57e-02
[05/14 05:41:33] [GradMonitor step=3890] near-input: bn0: mean=9.03e-09 std=2.82e-04 pos=0.50 | enc_conv1: mean=1.82e-14 std=1.59e-04 pos=0.56
[05/14 05:41:33] [GradMonitor step=3890] deep/task: enc_layer4: mean=1.22e-05 std=2.25e-05 | PAM: mean=1.33e-04 std=2.45e-04 | CIAM: mean=1.24e-05 std=2.26e-05
[05/14 05:41:33] [GradMonitor step=3890] param-grad: weight_base: mean=2.45e-08 std=8.13e-07 | weight_base_open: mean=-9.57e-07 std=1.62e-03 | enc_conv1_weight: mean=-1.28e-02 std=6.19e-02
[05/14 05:41:33] [GradMonitor step=3895] near-input: bn0: mean=-1.19e-07 std=4.52e-04 pos=0.50 | enc_conv1: mean=4.55e-15 std=2.59e-04 pos=0.53
[05/14 05:41:33] [GradMonitor step=3895] deep/task: enc_layer4: mean=1.30e-05 std=3.46e-05 | PAM: mean=1.43e-04 std=3.78e-04 | CIAM: mean=1.32e-05 std=3.46e-05
[05/14 05:41:33] [GradMonitor step=3895] param-grad: weight_base: mean=2.12e-08 std=1.01e-06 | weight_base_open: mean=-1.18e-04 std=1.31e-03 | enc_conv1_weight: mean=4.07e-03 std=8.11e-02
[05/14 05:41:33] [GradMonitor step=3900] near-input: bn0: mean=-4.98e-07 std=4.13e-04 pos=0.50 | enc_conv1: mean=-6.82e-15 std=2.34e-04 pos=0.50
[05/14 05:41:33] [GradMonitor step=3900] deep/task: enc_layer4: mean=1.51e-05 std=3.19e-05 | PAM: mean=1.66e-04 std=3.50e-04 | CIAM: mean=1.53e-05 std=3.20e-05
[05/14 05:41:33] [GradMonitor step=3900] param-grad: weight_base: mean=5.93e-09 std=1.35e-06 | weight_base_open: mean=-1.80e-04 std=1.43e-03 | enc_conv1_weight: mean=-2.45e-02 std=7.55e-02
[05/14 05:41:34] [GradMonitor step=3905] near-input: bn0: mean=7.15e-08 std=4.08e-04 pos=0.50 | enc_conv1: mean=-4.55e-14 std=2.25e-04 pos=0.56
[05/14 05:41:34] [GradMonitor step=3905] deep/task: enc_layer4: mean=1.19e-05 std=3.19e-05 | PAM: mean=1.31e-04 std=3.51e-04 | CIAM: mean=1.20e-05 std=3.20e-05
[05/14 05:41:34] [GradMonitor step=3905] param-grad: weight_base: mean=-5.59e-08 std=1.44e-06 | weight_base_open: mean=1.21e-04 std=1.18e-03 | enc_conv1_weight: mean=3.78e-03 std=5.17e-02
[05/14 05:41:34] [GradMonitor step=3910] near-input: bn0: mean=-2.42e-07 std=3.64e-04 pos=0.50 | enc_conv1: mean=-1.38e-13 std=2.03e-04 pos=0.42
[05/14 05:41:34] [GradMonitor step=3910] deep/task: enc_layer4: mean=1.38e-05 std=3.22e-05 | PAM: mean=1.52e-04 std=3.56e-04 | CIAM: mean=1.40e-05 std=3.23e-05
[05/14 05:41:34] [GradMonitor step=3910] param-grad: weight_base: mean=-4.62e-09 std=7.96e-07 | weight_base_open: mean=1.34e-05 std=1.05e-03 | enc_conv1_weight: mean=1.32e-02 std=5.61e-02
[05/14 05:41:34] [GradMonitor step=3915] near-input: bn0: mean=-4.56e-07 std=2.39e-04 pos=0.50 | enc_conv1: mean=-1.14e-14 std=1.36e-04 pos=0.45
[05/14 05:41:34] [GradMonitor step=3915] deep/task: enc_layer4: mean=1.09e-05 std=2.54e-05 | PAM: mean=1.20e-04 std=2.79e-04 | CIAM: mean=1.11e-05 std=2.54e-05
[05/14 05:41:34] [GradMonitor step=3915] param-grad: weight_base: mean=-2.12e-08 std=5.03e-07 | weight_base_open: mean=9.81e-05 std=1.13e-03 | enc_conv1_weight: mean=-2.57e-03 std=5.18e-02
[05/14 05:41:35] [GradMonitor step=3920] near-input: bn0: mean=-1.35e-07 std=4.34e-04 pos=0.50 | enc_conv1: mean=3.64e-14 std=2.45e-04 pos=0.52
[05/14 05:41:35] [GradMonitor step=3920] deep/task: enc_layer4: mean=1.45e-05 std=3.25e-05 | PAM: mean=1.60e-04 std=3.56e-04 | CIAM: mean=1.47e-05 std=3.25e-05
[05/14 05:41:35] [GradMonitor step=3920] param-grad: weight_base: mean=3.98e-09 std=1.08e-06 | weight_base_open: mean=-4.00e-05 std=1.21e-03 | enc_conv1_weight: mean=6.08e-03 std=5.95e-02
[05/14 05:41:35] [GradMonitor step=3925] near-input: bn0: mean=2.10e-07 std=4.22e-04 pos=0.50 | enc_conv1: mean=-1.09e-13 std=2.43e-04 pos=0.47
[05/14 05:41:35] [GradMonitor step=3925] deep/task: enc_layer4: mean=1.51e-05 std=3.41e-05 | PAM: mean=1.65e-04 std=3.73e-04 | CIAM: mean=1.52e-05 std=3.42e-05
[05/14 05:41:35] [GradMonitor step=3925] param-grad: weight_base: mean=3.71e-09 std=5.60e-07 | weight_base_open: mean=1.21e-04 std=1.27e-03 | enc_conv1_weight: mean=1.82e-02 std=8.45e-02
[05/14 05:41:36] [GradMonitor step=3930] near-input: bn0: mean=7.93e-08 std=5.05e-04 pos=0.50 | enc_conv1: mean=-5.00e-14 std=2.85e-04 pos=0.45
[05/14 05:41:36] [GradMonitor step=3930] deep/task: enc_layer4: mean=1.35e-05 std=3.90e-05 | PAM: mean=1.48e-04 std=4.26e-04 | CIAM: mean=1.37e-05 std=3.90e-05
[05/14 05:41:36] [GradMonitor step=3930] param-grad: weight_base: mean=-1.60e-08 std=5.53e-07 | weight_base_open: mean=4.20e-05 std=1.16e-03 | enc_conv1_weight: mean=-1.07e-02 std=5.20e-02
[05/14 05:41:36] [GradMonitor step=3935] near-input: bn0: mean=-2.38e-07 std=3.90e-04 pos=0.50 | enc_conv1: mean=-4.55e-15 std=2.28e-04 pos=0.46
[05/14 05:41:36] [GradMonitor step=3935] deep/task: enc_layer4: mean=1.62e-05 std=3.50e-05 | PAM: mean=1.79e-04 std=3.85e-04 | CIAM: mean=1.64e-05 std=3.51e-05
[05/14 05:41:36] [GradMonitor step=3935] param-grad: weight_base: mean=-4.67e-08 std=9.87e-07 | weight_base_open: mean=4.07e-05 std=1.28e-03 | enc_conv1_weight: mean=-1.62e-02 std=8.44e-02
[05/14 05:41:36] [GradMonitor step=3940] near-input: bn0: mean=-3.15e-07 std=4.77e-04 pos=0.50 | enc_conv1: mean=9.09e-15 std=2.59e-04 pos=0.48
[05/14 05:41:36] [GradMonitor step=3940] deep/task: enc_layer4: mean=1.32e-05 std=3.47e-05 | PAM: mean=1.44e-04 std=3.79e-04 | CIAM: mean=1.34e-05 std=3.47e-05
[05/14 05:41:36] [GradMonitor step=3940] param-grad: weight_base: mean=-2.55e-08 std=1.12e-06 | weight_base_open: mean=7.74e-05 std=1.56e-03 | enc_conv1_weight: mean=8.22e-03 std=7.57e-02
[05/14 05:41:37] [GradMonitor step=3945] near-input: bn0: mean=-1.53e-07 std=2.54e-04 pos=0.50 | enc_conv1: mean=-6.71e-14 std=1.42e-04 pos=0.55
[05/14 05:41:37] [GradMonitor step=3945] deep/task: enc_layer4: mean=1.06e-05 std=2.54e-05 | PAM: mean=1.16e-04 std=2.77e-04 | CIAM: mean=1.07e-05 std=2.54e-05
[05/14 05:41:37] [GradMonitor step=3945] param-grad: weight_base: mean=4.31e-08 std=7.74e-07 | weight_base_open: mean=-9.94e-05 std=1.47e-03 | enc_conv1_weight: mean=4.70e-03 std=7.34e-02
[05/14 05:41:37] [GradMonitor step=3950] near-input: bn0: mean=9.44e-07 std=4.01e-04 pos=0.50 | enc_conv1: mean=6.14e-14 std=2.25e-04 pos=0.47
[05/14 05:41:37] [GradMonitor step=3950] deep/task: enc_layer4: mean=8.59e-06 std=3.06e-05 | PAM: mean=9.51e-05 std=3.35e-04 | CIAM: mean=8.73e-06 std=3.07e-05
[05/14 05:41:37] [GradMonitor step=3950] param-grad: weight_base: mean=1.57e-08 std=7.54e-07 | weight_base_open: mean=-3.77e-05 std=1.05e-03 | enc_conv1_weight: mean=-5.49e-03 std=8.55e-02
[05/14 05:41:37] [GradMonitor step=3955] near-input: bn0: mean=-1.78e-07 std=4.72e-04 pos=0.50 | enc_conv1: mean=8.07e-14 std=2.57e-04 pos=0.54
[05/14 05:41:37] [GradMonitor step=3955] deep/task: enc_layer4: mean=1.53e-05 std=3.35e-05 | PAM: mean=1.67e-04 std=3.66e-04 | CIAM: mean=1.55e-05 std=3.36e-05
[05/14 05:41:37] [GradMonitor step=3955] param-grad: weight_base: mean=-1.96e-08 std=6.01e-07 | weight_base_open: mean=1.66e-07 std=1.33e-03 | enc_conv1_weight: mean=1.55e-03 std=6.68e-02
[05/14 05:41:38] [GradMonitor step=3960] near-input: bn0: mean=4.64e-07 std=5.87e-04 pos=0.50 | enc_conv1: mean=-5.00e-14 std=3.26e-04 pos=0.48
[05/14 05:41:38] [GradMonitor step=3960] deep/task: enc_layer4: mean=1.36e-05 std=4.17e-05 | PAM: mean=1.48e-04 std=4.54e-04 | CIAM: mean=1.38e-05 std=4.18e-05
[05/14 05:41:38] [GradMonitor step=3960] param-grad: weight_base: mean=5.06e-09 std=9.22e-07 | weight_base_open: mean=-7.88e-05 std=1.08e-03 | enc_conv1_weight: mean=4.45e-02 std=1.50e-01
[05/14 05:41:38] [GradMonitor step=3965] near-input: bn0: mean=-4.43e-07 std=3.75e-04 pos=0.50 | enc_conv1: mean=5.91e-14 std=2.14e-04 pos=0.46
[05/14 05:41:38] [GradMonitor step=3965] deep/task: enc_layer4: mean=1.20e-05 std=3.40e-05 | PAM: mean=1.34e-04 std=3.71e-04 | CIAM: mean=1.22e-05 std=3.40e-05
[05/14 05:41:38] [GradMonitor step=3965] param-grad: weight_base: mean=-2.69e-09 std=5.27e-07 | weight_base_open: mean=4.24e-05 std=1.16e-03 | enc_conv1_weight: mean=-1.68e-02 std=5.42e-02
[05/14 05:41:38] [GradMonitor step=3970] near-input: bn0: mean=7.03e-07 std=4.93e-04 pos=0.50 | enc_conv1: mean=-7.73e-14 std=2.75e-04 pos=0.55
[05/14 05:41:38] [GradMonitor step=3970] deep/task: enc_layer4: mean=8.86e-06 std=3.46e-05 | PAM: mean=9.88e-05 std=3.78e-04 | CIAM: mean=8.99e-06 std=3.46e-05
[05/14 05:41:38] [GradMonitor step=3970] param-grad: weight_base: mean=-3.36e-08 std=9.05e-07 | weight_base_open: mean=-5.07e-05 std=1.57e-03 | enc_conv1_weight: mean=-4.10e-02 std=1.13e-01
[05/14 05:41:39] [GradMonitor step=3975] near-input: bn0: mean=-8.38e-08 std=3.01e-04 pos=0.50 | enc_conv1: mean=-3.18e-14 std=1.67e-04 pos=0.53
[05/14 05:41:39] [GradMonitor step=3975] deep/task: enc_layer4: mean=1.30e-05 std=2.39e-05 | PAM: mean=1.42e-04 std=2.60e-04 | CIAM: mean=1.32e-05 std=2.40e-05
[05/14 05:41:39] [GradMonitor step=3975] param-grad: weight_base: mean=1.42e-08 std=5.63e-07 | weight_base_open: mean=3.47e-05 std=1.73e-03 | enc_conv1_weight: mean=1.13e-02 std=6.33e-02
[05/14 05:41:39] [GradMonitor step=3980] near-input: bn0: mean=-2.51e-07 std=6.93e-04 pos=0.50 | enc_conv1: mean=-6.37e-14 std=3.83e-04 pos=0.52
[05/14 05:41:39] [GradMonitor step=3980] deep/task: enc_layer4: mean=1.62e-05 std=4.21e-05 | PAM: mean=1.79e-04 std=4.63e-04 | CIAM: mean=1.64e-05 std=4.22e-05
[05/14 05:41:39] [GradMonitor step=3980] param-grad: weight_base: mean=-2.43e-08 std=4.29e-07 | weight_base_open: mean=-1.51e-05 std=1.14e-03 | enc_conv1_weight: mean=3.19e-03 std=6.47e-02
[05/14 05:41:39] [GradMonitor step=3985] near-input: bn0: mean=5.44e-07 std=5.13e-04 pos=0.50 | enc_conv1: mean=-1.36e-14 std=2.91e-04 pos=0.46
[05/14 05:41:39] [GradMonitor step=3985] deep/task: enc_layer4: mean=1.39e-05 std=3.66e-05 | PAM: mean=1.52e-04 std=4.01e-04 | CIAM: mean=1.40e-05 std=3.66e-05
[05/14 05:41:39] [GradMonitor step=3985] param-grad: weight_base: mean=-7.40e-09 std=9.90e-07 | weight_base_open: mean=4.88e-07 std=1.19e-03 | enc_conv1_weight: mean=-2.10e-02 std=6.41e-02
[05/14 05:41:40] [GradMonitor step=3990] near-input: bn0: mean=3.96e-07 std=5.36e-04 pos=0.50 | enc_conv1: mean=1.36e-14 std=3.01e-04 pos=0.50
[05/14 05:41:40] [GradMonitor step=3990] deep/task: enc_layer4: mean=1.42e-05 std=3.75e-05 | PAM: mean=1.57e-04 std=4.11e-04 | CIAM: mean=1.44e-05 std=3.76e-05
[05/14 05:41:40] [GradMonitor step=3990] param-grad: weight_base: mean=-1.42e-08 std=4.50e-07 | weight_base_open: mean=-1.85e-05 std=1.26e-03 | enc_conv1_weight: mean=-9.71e-03 std=7.68e-02
[05/14 05:41:40] [GradMonitor step=3995] near-input: bn0: mean=-1.11e-07 std=2.59e-04 pos=0.50 | enc_conv1: mean=7.33e-14 std=1.44e-04 pos=0.48
[05/14 05:41:40] [GradMonitor step=3995] deep/task: enc_layer4: mean=1.09e-05 std=2.25e-05 | PAM: mean=1.19e-04 std=2.44e-04 | CIAM: mean=1.11e-05 std=2.26e-05
[05/14 05:41:40] [GradMonitor step=3995] param-grad: weight_base: mean=-9.61e-10 std=5.56e-07 | weight_base_open: mean=-2.46e-05 std=9.51e-04 | enc_conv1_weight: mean=1.99e-02 std=5.85e-02
[05/14 05:41:40] [GradMonitor step=4000] near-input: bn0: mean=-5.05e-07 std=6.58e-04 pos=0.50 | enc_conv1: mean=-6.59e-14 std=3.72e-04 pos=0.52
[05/14 05:41:40] [GradMonitor step=4000] deep/task: enc_layer4: mean=1.18e-05 std=4.83e-05 | PAM: mean=1.33e-04 std=5.20e-04 | CIAM: mean=1.19e-05 std=4.82e-05
[05/14 05:41:40] [GradMonitor step=4000] param-grad: weight_base: mean=-1.55e-08 std=6.40e-07 | weight_base_open: mean=8.90e-05 std=1.32e-03 | enc_conv1_weight: mean=-3.42e-03 std=7.70e-02
[05/14 05:41:40] 
[05/14 05:41:40] epoch 10/20, iter 4000:
[05/14 05:41:40] train_loss: 1.10217
[05/14 05:41:40] train_acc: 0.955
[05/14 05:41:40] train_auroc: 0.921
[05/14 05:41:46] Summary name val_6-way-5-shot_tpr@tnr95 is illegal; using val_6-way-5-shot_tpr_tnr95 instead.
[05/14 05:41:46] val_6-way-5-shot_acc: 58.272	0.771
[05/14 05:41:46] val_6-way-5-shot_auroc: 50.219	1.997
[05/14 05:41:46] val_6-way-5-shot_fscore: 20.890	0.227
[05/14 05:41:46] val_6-way-5-shot_tpr@tnr95: 8.725	1.854
[05/14 05:41:46] val_6-way-5-shot_osr: 51.144	0.924
[05/14 05:41:47] [GradMonitor step=4005] near-input: bn0: mean=-3.80e-07 std=4.24e-04 pos=0.50 | enc_conv1: mean=9.55e-14 std=2.34e-04 pos=0.51
[05/14 05:41:47] [GradMonitor step=4005] deep/task: enc_layer4: mean=1.02e-05 std=3.57e-05 | PAM: mean=1.13e-04 std=3.89e-04 | CIAM: mean=1.03e-05 std=3.58e-05
[05/14 05:41:47] [GradMonitor step=4005] param-grad: weight_base: mean=-1.15e-08 std=1.28e-06 | weight_base_open: mean=-2.20e-05 std=1.65e-03 | enc_conv1_weight: mean=-1.81e-02 std=9.97e-02
[05/14 05:41:47] [GradMonitor step=4010] near-input: bn0: mean=2.78e-07 std=4.04e-04 pos=0.50 | enc_conv1: mean=-4.55e-14 std=2.29e-04 pos=0.52
[05/14 05:41:47] [GradMonitor step=4010] deep/task: enc_layer4: mean=1.16e-05 std=2.84e-05 | PAM: mean=1.26e-04 std=3.07e-04 | CIAM: mean=1.18e-05 std=2.84e-05
[05/14 05:41:47] [GradMonitor step=4010] param-grad: weight_base: mean=2.10e-08 std=6.60e-07 | weight_base_open: mean=3.70e-05 std=1.58e-03 | enc_conv1_weight: mean=1.39e-02 std=8.14e-02
[05/14 05:41:48] [GradMonitor step=4015] near-input: bn0: mean=4.89e-07 std=5.48e-04 pos=0.50 | enc_conv1: mean=-1.91e-13 std=3.02e-04 pos=0.51
[05/14 05:41:48] [GradMonitor step=4015] deep/task: enc_layer4: mean=1.51e-05 std=3.48e-05 | PAM: mean=1.65e-04 std=3.80e-04 | CIAM: mean=1.53e-05 std=3.49e-05
[05/14 05:41:48] [GradMonitor step=4015] param-grad: weight_base: mean=2.00e-08 std=8.07e-07 | weight_base_open: mean=1.04e-04 std=1.45e-03 | enc_conv1_weight: mean=1.61e-02 std=7.29e-02
[05/14 05:41:48] [GradMonitor step=4020] near-input: bn0: mean=-4.13e-09 std=5.21e-04 pos=0.50 | enc_conv1: mean=1.38e-13 std=2.99e-04 pos=0.50
[05/14 05:41:48] [GradMonitor step=4020] deep/task: enc_layer4: mean=1.42e-05 std=3.75e-05 | PAM: mean=1.56e-04 std=4.14e-04 | CIAM: mean=1.44e-05 std=3.75e-05
[05/14 05:41:48] [GradMonitor step=4020] param-grad: weight_base: mean=-8.22e-09 std=1.11e-06 | weight_base_open: mean=3.25e-05 std=1.61e-03 | enc_conv1_weight: mean=1.02e-04 std=7.05e-02
[05/14 05:41:48] [GradMonitor step=4025] near-input: bn0: mean=-2.39e-08 std=4.11e-04 pos=0.50 | enc_conv1: mean=-2.73e-14 std=2.32e-04 pos=0.60
[05/14 05:41:48] [GradMonitor step=4025] deep/task: enc_layer4: mean=1.68e-05 std=3.53e-05 | PAM: mean=1.85e-04 std=3.90e-04 | CIAM: mean=1.70e-05 std=3.54e-05
[05/14 05:41:48] [GradMonitor step=4025] param-grad: weight_base: mean=6.35e-09 std=1.13e-06 | weight_base_open: mean=-6.03e-05 std=1.18e-03 | enc_conv1_weight: mean=5.00e-04 std=6.89e-02
[05/14 05:41:49] [GradMonitor step=4030] near-input: bn0: mean=1.19e-07 std=2.50e-04 pos=0.50 | enc_conv1: mean=1.59e-14 std=1.43e-04 pos=0.49
[05/14 05:41:49] [GradMonitor step=4030] deep/task: enc_layer4: mean=6.87e-06 std=2.72e-05 | PAM: mean=7.60e-05 std=2.98e-04 | CIAM: mean=6.98e-06 std=2.72e-05
[05/14 05:41:49] [GradMonitor step=4030] param-grad: weight_base: mean=6.08e-09 std=3.95e-07 | weight_base_open: mean=-1.64e-05 std=1.35e-03 | enc_conv1_weight: mean=-6.57e-03 std=6.53e-02
[05/14 05:41:49] [GradMonitor step=4035] near-input: bn0: mean=-2.87e-07 std=4.78e-04 pos=0.50 | enc_conv1: mean=-4.55e-14 std=2.65e-04 pos=0.47
[05/14 05:41:49] [GradMonitor step=4035] deep/task: enc_layer4: mean=1.46e-05 std=3.79e-05 | PAM: mean=1.62e-04 std=4.19e-04 | CIAM: mean=1.48e-05 std=3.79e-05
[05/14 05:41:49] [GradMonitor step=4035] param-grad: weight_base: mean=-3.07e-08 std=1.34e-06 | weight_base_open: mean=-7.93e-05 std=1.26e-03 | enc_conv1_weight: mean=-1.05e-02 std=6.18e-02
[05/14 05:41:50] [GradMonitor step=4040] near-input: bn0: mean=2.06e-07 std=3.10e-04 pos=0.50 | enc_conv1: mean=-1.59e-14 std=1.70e-04 pos=0.54
[05/14 05:41:50] [GradMonitor step=4040] deep/task: enc_layer4: mean=1.13e-05 std=2.70e-05 | PAM: mean=1.23e-04 std=2.94e-04 | CIAM: mean=1.14e-05 std=2.71e-05
[05/14 05:41:50] [GradMonitor step=4040] param-grad: weight_base: mean=2.85e-08 std=9.26e-07 | weight_base_open: mean=3.15e-05 std=1.35e-03 | enc_conv1_weight: mean=2.30e-02 std=7.83e-02
[05/14 05:41:50] [GradMonitor step=4045] near-input: bn0: mean=3.38e-07 std=4.46e-04 pos=0.50 | enc_conv1: mean=4.77e-14 std=2.40e-04 pos=0.53
[05/14 05:41:50] [GradMonitor step=4045] deep/task: enc_layer4: mean=1.39e-05 std=2.61e-05 | PAM: mean=1.52e-04 std=2.84e-04 | CIAM: mean=1.41e-05 std=2.61e-05
[05/14 05:41:50] [GradMonitor step=4045] param-grad: weight_base: mean=1.34e-08 std=2.49e-07 | weight_base_open: mean=7.34e-06 std=1.42e-03 | enc_conv1_weight: mean=1.26e-02 std=6.56e-02
[05/14 05:41:50] [GradMonitor step=4050] near-input: bn0: mean=1.36e-07 std=3.97e-04 pos=0.50 | enc_conv1: mean=6.37e-14 std=2.22e-04 pos=0.49
[05/14 05:41:50] [GradMonitor step=4050] deep/task: enc_layer4: mean=1.40e-05 std=3.55e-05 | PAM: mean=1.53e-04 std=3.86e-04 | CIAM: mean=1.42e-05 std=3.55e-05
[05/14 05:41:50] [GradMonitor step=4050] param-grad: weight_base: mean=-1.39e-08 std=8.35e-07 | weight_base_open: mean=-1.09e-04 std=1.51e-03 | enc_conv1_weight: mean=-7.29e-03 std=7.28e-02
[05/14 05:41:51] [GradMonitor step=4055] near-input: bn0: mean=4.94e-07 std=4.01e-04 pos=0.50 | enc_conv1: mean=1.43e-13 std=2.22e-04 pos=0.46
[05/14 05:41:51] [GradMonitor step=4055] deep/task: enc_layer4: mean=1.08e-05 std=3.24e-05 | PAM: mean=1.19e-04 std=3.54e-04 | CIAM: mean=1.10e-05 std=3.24e-05
[05/14 05:41:51] [GradMonitor step=4055] param-grad: weight_base: mean=2.31e-09 std=7.51e-07 | weight_base_open: mean=9.89e-05 std=1.13e-03 | enc_conv1_weight: mean=-9.50e-05 std=5.93e-02
[05/14 05:41:51] [GradMonitor step=4060] near-input: bn0: mean=-5.50e-07 std=3.79e-04 pos=0.50 | enc_conv1: mean=-1.25e-13 std=2.13e-04 pos=0.57
[05/14 05:41:51] [GradMonitor step=4060] deep/task: enc_layer4: mean=1.59e-05 std=3.44e-05 | PAM: mean=1.76e-04 std=3.79e-04 | CIAM: mean=1.62e-05 std=3.45e-05
[05/14 05:41:51] [GradMonitor step=4060] param-grad: weight_base: mean=4.50e-09 std=9.02e-07 | weight_base_open: mean=-1.62e-04 std=1.51e-03 | enc_conv1_weight: mean=2.62e-03 std=6.55e-02
[05/14 05:41:51] [GradMonitor step=4065] near-input: bn0: mean=1.33e-08 std=2.88e-04 pos=0.50 | enc_conv1: mean=-4.09e-14 std=1.60e-04 pos=0.50
[05/14 05:41:51] [GradMonitor step=4065] deep/task: enc_layer4: mean=1.32e-05 std=2.33e-05 | PAM: mean=1.44e-04 std=2.54e-04 | CIAM: mean=1.34e-05 std=2.33e-05
[05/14 05:41:51] [GradMonitor step=4065] param-grad: weight_base: mean=3.22e-09 std=4.51e-07 | weight_base_open: mean=-1.32e-05 std=8.37e-04 | enc_conv1_weight: mean=4.59e-03 std=4.33e-02
[05/14 05:41:52] [GradMonitor step=4070] near-input: bn0: mean=7.10e-07 std=3.91e-04 pos=0.50 | enc_conv1: mean=2.50e-14 std=2.16e-04 pos=0.53
[05/14 05:41:52] [GradMonitor step=4070] deep/task: enc_layer4: mean=1.50e-05 std=2.68e-05 | PAM: mean=1.64e-04 std=2.93e-04 | CIAM: mean=1.52e-05 std=2.68e-05
[05/14 05:41:52] [GradMonitor step=4070] param-grad: weight_base: mean=1.03e-08 std=8.81e-07 | weight_base_open: mean=-3.56e-05 std=1.71e-03 | enc_conv1_weight: mean=8.69e-03 std=5.31e-02
[05/14 05:41:52] [GradMonitor step=4075] near-input: bn0: mean=-3.42e-07 std=3.60e-04 pos=0.50 | enc_conv1: mean=-4.55e-15 std=2.02e-04 pos=0.48
[05/14 05:41:52] [GradMonitor step=4075] deep/task: enc_layer4: mean=1.39e-05 std=2.61e-05 | PAM: mean=1.51e-04 std=2.82e-04 | CIAM: mean=1.41e-05 std=2.61e-05
[05/14 05:41:52] [GradMonitor step=4075] param-grad: weight_base: mean=-2.84e-08 std=1.04e-06 | weight_base_open: mean=-7.52e-06 std=1.13e-03 | enc_conv1_weight: mean=9.41e-03 std=5.14e-02
[05/14 05:41:52] [GradMonitor step=4080] near-input: bn0: mean=2.25e-07 std=4.80e-04 pos=0.50 | enc_conv1: mean=-2.27e-14 std=2.70e-04 pos=0.56
[05/14 05:41:52] [GradMonitor step=4080] deep/task: enc_layer4: mean=1.32e-05 std=3.47e-05 | PAM: mean=1.46e-04 std=3.79e-04 | CIAM: mean=1.34e-05 std=3.47e-05
[05/14 05:41:52] [GradMonitor step=4080] param-grad: weight_base: mean=-4.32e-08 std=1.10e-06 | weight_base_open: mean=2.07e-05 std=1.63e-03 | enc_conv1_weight: mean=-9.39e-03 std=6.44e-02
[05/14 05:41:53] [GradMonitor step=4085] near-input: bn0: mean=2.69e-07 std=2.98e-04 pos=0.50 | enc_conv1: mean=3.64e-14 std=1.65e-04 pos=0.41
[05/14 05:41:53] [GradMonitor step=4085] deep/task: enc_layer4: mean=1.31e-05 std=2.67e-05 | PAM: mean=1.44e-04 std=2.91e-04 | CIAM: mean=1.33e-05 std=2.67e-05
[05/14 05:41:53] [GradMonitor step=4085] param-grad: weight_base: mean=-1.18e-08 std=7.71e-07 | weight_base_open: mean=-4.68e-05 std=1.27e-03 | enc_conv1_weight: mean=-5.48e-03 std=6.16e-02
[05/14 05:41:53] [GradMonitor step=4090] near-input: bn0: mean=1.15e-07 std=3.57e-04 pos=0.50 | enc_conv1: mean=-6.82e-14 std=2.03e-04 pos=0.48
[05/14 05:41:53] [GradMonitor step=4090] deep/task: enc_layer4: mean=1.48e-05 std=3.48e-05 | PAM: mean=1.62e-04 std=3.79e-04 | CIAM: mean=1.50e-05 std=3.48e-05
[05/14 05:41:53] [GradMonitor step=4090] param-grad: weight_base: mean=2.15e-08 std=1.11e-06 | weight_base_open: mean=-1.13e-04 std=1.26e-03 | enc_conv1_weight: mean=1.03e-02 std=7.12e-02
[05/14 05:41:53] [GradMonitor step=4095] near-input: bn0: mean=3.65e-08 std=1.40e-04 pos=0.50 | enc_conv1: mean=-2.27e-14 std=7.91e-05 pos=0.46
[05/14 05:41:53] [GradMonitor step=4095] deep/task: enc_layer4: mean=7.17e-06 std=1.73e-05 | PAM: mean=7.82e-05 std=1.86e-04 | CIAM: mean=7.29e-06 std=1.73e-05
[05/14 05:41:53] [GradMonitor step=4095] param-grad: weight_base: mean=3.71e-08 std=7.03e-07 | weight_base_open: mean=1.92e-05 std=1.27e-03 | enc_conv1_weight: mean=7.02e-05 std=5.17e-02
[05/14 05:41:54] [GradMonitor step=4100] near-input: bn0: mean=-1.35e-07 std=4.46e-04 pos=0.50 | enc_conv1: mean=-7.28e-14 std=2.41e-04 pos=0.53
[05/14 05:41:54] [GradMonitor step=4100] deep/task: enc_layer4: mean=1.27e-05 std=3.62e-05 | PAM: mean=1.39e-04 std=3.98e-04 | CIAM: mean=1.29e-05 std=3.63e-05
[05/14 05:41:54] [GradMonitor step=4100] param-grad: weight_base: mean=-1.05e-08 std=1.11e-06 | weight_base_open: mean=-1.36e-06 std=1.56e-03 | enc_conv1_weight: mean=-1.22e-02 std=7.55e-02
[05/14 05:41:54] [GradMonitor step=4105] near-input: bn0: mean=7.09e-08 std=4.03e-04 pos=0.50 | enc_conv1: mean=1.14e-14 std=2.30e-04 pos=0.43
[05/14 05:41:54] [GradMonitor step=4105] deep/task: enc_layer4: mean=1.13e-05 std=3.78e-05 | PAM: mean=1.25e-04 std=4.16e-04 | CIAM: mean=1.14e-05 std=3.79e-05
[05/14 05:41:54] [GradMonitor step=4105] param-grad: weight_base: mean=1.96e-09 std=1.12e-06 | weight_base_open: mean=1.79e-05 std=1.45e-03 | enc_conv1_weight: mean=2.25e-03 std=8.62e-02
[05/14 05:41:55] [GradMonitor step=4110] near-input: bn0: mean=4.81e-07 std=4.12e-04 pos=0.50 | enc_conv1: mean=-1.59e-13 std=2.32e-04 pos=0.56
[05/14 05:41:55] [GradMonitor step=4110] deep/task: enc_layer4: mean=1.08e-05 std=3.69e-05 | PAM: mean=1.19e-04 std=4.06e-04 | CIAM: mean=1.10e-05 std=3.69e-05
[05/14 05:41:55] [GradMonitor step=4110] param-grad: weight_base: mean=6.94e-10 std=9.89e-07 | weight_base_open: mean=-9.07e-05 std=1.68e-03 | enc_conv1_weight: mean=8.64e-04 std=6.08e-02
[05/14 05:41:55] [GradMonitor step=4115] near-input: bn0: mean=3.43e-07 std=4.52e-04 pos=0.50 | enc_conv1: mean=2.27e-14 std=2.56e-04 pos=0.52
[05/14 05:41:55] [GradMonitor step=4115] deep/task: enc_layer4: mean=1.39e-05 std=3.47e-05 | PAM: mean=1.53e-04 std=3.79e-04 | CIAM: mean=1.42e-05 std=3.47e-05
[05/14 05:41:55] [GradMonitor step=4115] param-grad: weight_base: mean=5.71e-09 std=5.59e-07 | weight_base_open: mean=-2.82e-05 std=8.84e-04 | enc_conv1_weight: mean=-1.85e-03 std=5.64e-02
[05/14 05:41:56] [GradMonitor step=4120] near-input: bn0: mean=3.28e-07 std=4.85e-04 pos=0.50 | enc_conv1: mean=5.23e-14 std=2.74e-04 pos=0.53
[05/14 05:41:56] [GradMonitor step=4120] deep/task: enc_layer4: mean=1.52e-05 std=3.54e-05 | PAM: mean=1.67e-04 std=3.88e-04 | CIAM: mean=1.54e-05 std=3.55e-05
[05/14 05:41:56] [GradMonitor step=4120] param-grad: weight_base: mean=2.59e-08 std=4.98e-07 | weight_base_open: mean=-5.98e-05 std=1.42e-03 | enc_conv1_weight: mean=-1.28e-02 std=4.58e-02
[05/14 05:41:56] [GradMonitor step=4125] near-input: bn0: mean=-7.48e-09 std=2.69e-04 pos=0.50 | enc_conv1: mean=-5.57e-14 std=1.51e-04 pos=0.56
[05/14 05:41:56] [GradMonitor step=4125] deep/task: enc_layer4: mean=1.06e-05 std=2.18e-05 | PAM: mean=1.16e-04 std=2.36e-04 | CIAM: mean=1.08e-05 std=2.18e-05
[05/14 05:41:56] [GradMonitor step=4125] param-grad: weight_base: mean=-6.46e-09 std=8.58e-07 | weight_base_open: mean=2.39e-05 std=1.66e-03 | enc_conv1_weight: mean=4.67e-03 std=5.47e-02
[05/14 05:41:56] [GradMonitor step=4130] near-input: bn0: mean=-5.42e-07 std=3.40e-04 pos=0.50 | enc_conv1: mean=7.05e-14 std=1.89e-04 pos=0.45
[05/14 05:41:56] [GradMonitor step=4130] deep/task: enc_layer4: mean=1.20e-05 std=2.98e-05 | PAM: mean=1.31e-04 std=3.25e-04 | CIAM: mean=1.21e-05 std=2.99e-05
[05/14 05:41:56] [GradMonitor step=4130] param-grad: weight_base: mean=-1.63e-08 std=6.34e-07 | weight_base_open: mean=9.02e-05 std=1.21e-03 | enc_conv1_weight: mean=7.03e-03 std=7.06e-02
[05/14 05:41:57] [GradMonitor step=4135] near-input: bn0: mean=-3.21e-07 std=3.70e-04 pos=0.50 | enc_conv1: mean=1.05e-13 std=2.03e-04 pos=0.48
[05/14 05:41:57] [GradMonitor step=4135] deep/task: enc_layer4: mean=1.39e-05 std=2.36e-05 | PAM: mean=1.51e-04 std=2.55e-04 | CIAM: mean=1.41e-05 std=2.37e-05
[05/14 05:41:57] [GradMonitor step=4135] param-grad: weight_base: mean=4.95e-09 std=6.50e-07 | weight_base_open: mean=-7.13e-05 std=1.02e-03 | enc_conv1_weight: mean=4.28e-03 std=5.84e-02
[05/14 05:41:57] [GradMonitor step=4140] near-input: bn0: mean=-2.65e-07 std=2.66e-04 pos=0.50 | enc_conv1: mean=-6.31e-14 std=1.47e-04 pos=0.47
[05/14 05:41:57] [GradMonitor step=4140] deep/task: enc_layer4: mean=1.04e-05 std=2.40e-05 | PAM: mean=1.14e-04 std=2.61e-04 | CIAM: mean=1.06e-05 std=2.40e-05
[05/14 05:41:57] [GradMonitor step=4140] param-grad: weight_base: mean=-9.99e-10 std=8.78e-07 | weight_base_open: mean=1.20e-04 std=1.13e-03 | enc_conv1_weight: mean=-1.63e-02 std=7.19e-02
[05/14 05:41:58] [GradMonitor step=4145] near-input: bn0: mean=9.04e-09 std=3.32e-04 pos=0.50 | enc_conv1: mean=7.05e-14 std=1.81e-04 pos=0.45
[05/14 05:41:58] [GradMonitor step=4145] deep/task: enc_layer4: mean=1.25e-05 std=2.62e-05 | PAM: mean=1.36e-04 std=2.86e-04 | CIAM: mean=1.27e-05 std=2.62e-05
[05/14 05:41:58] [GradMonitor step=4145] param-grad: weight_base: mean=1.49e-08 std=3.27e-07 | weight_base_open: mean=-6.94e-06 std=1.14e-03 | enc_conv1_weight: mean=3.55e-02 std=1.01e-01
[05/14 05:41:58] [GradMonitor step=4150] near-input: bn0: mean=-2.46e-07 std=3.94e-04 pos=0.50 | enc_conv1: mean=6.82e-14 std=2.15e-04 pos=0.50
[05/14 05:41:58] [GradMonitor step=4150] deep/task: enc_layer4: mean=1.19e-05 std=2.99e-05 | PAM: mean=1.31e-04 std=3.21e-04 | CIAM: mean=1.21e-05 std=2.99e-05
[05/14 05:41:58] [GradMonitor step=4150] param-grad: weight_base: mean=5.79e-09 std=5.90e-07 | weight_base_open: mean=8.36e-05 std=1.46e-03 | enc_conv1_weight: mean=2.36e-02 std=8.37e-02
[05/14 05:41:59] [GradMonitor step=4155] near-input: bn0: mean=4.24e-08 std=3.66e-04 pos=0.50 | enc_conv1: mean=1.16e-13 std=2.01e-04 pos=0.51
[05/14 05:41:59] [GradMonitor step=4155] deep/task: enc_layer4: mean=1.07e-05 std=3.22e-05 | PAM: mean=1.19e-04 std=3.51e-04 | CIAM: mean=1.09e-05 std=3.22e-05
[05/14 05:41:59] [GradMonitor step=4155] param-grad: weight_base: mean=-3.50e-09 std=1.11e-06 | weight_base_open: mean=-2.42e-04 std=1.66e-03 | enc_conv1_weight: mean=-9.06e-04 std=5.90e-02
[05/14 05:41:59] [GradMonitor step=4160] near-input: bn0: mean=-2.92e-07 std=4.03e-04 pos=0.50 | enc_conv1: mean=3.87e-14 std=2.17e-04 pos=0.53
[05/14 05:41:59] [GradMonitor step=4160] deep/task: enc_layer4: mean=1.26e-05 std=2.31e-05 | PAM: mean=1.37e-04 std=2.51e-04 | CIAM: mean=1.28e-05 std=2.32e-05
[05/14 05:41:59] [GradMonitor step=4160] param-grad: weight_base: mean=5.80e-08 std=1.22e-06 | weight_base_open: mean=3.52e-05 std=1.73e-03 | enc_conv1_weight: mean=-1.28e-02 std=5.63e-02
[05/14 05:42:00] [GradMonitor step=4165] near-input: bn0: mean=2.29e-08 std=3.41e-04 pos=0.50 | enc_conv1: mean=1.93e-14 std=1.95e-04 pos=0.56
[05/14 05:42:00] [GradMonitor step=4165] deep/task: enc_layer4: mean=1.54e-05 std=3.25e-05 | PAM: mean=1.68e-04 std=3.55e-04 | CIAM: mean=1.56e-05 std=3.26e-05
[05/14 05:42:00] [GradMonitor step=4165] param-grad: weight_base: mean=-2.39e-08 std=1.06e-06 | weight_base_open: mean=4.17e-05 std=1.36e-03 | enc_conv1_weight: mean=4.51e-03 std=4.86e-02
[05/14 05:42:00] [GradMonitor step=4170] near-input: bn0: mean=-6.44e-08 std=2.93e-04 pos=0.50 | enc_conv1: mean=2.05e-14 std=1.61e-04 pos=0.47
[05/14 05:42:00] [GradMonitor step=4170] deep/task: enc_layer4: mean=1.13e-05 std=2.45e-05 | PAM: mean=1.23e-04 std=2.66e-04 | CIAM: mean=1.15e-05 std=2.46e-05
[05/14 05:42:00] [GradMonitor step=4170] param-grad: weight_base: mean=-7.29e-09 std=8.43e-07 | weight_base_open: mean=-5.34e-05 std=1.15e-03 | enc_conv1_weight: mean=1.30e-03 std=5.55e-02
[05/14 05:42:00] [GradMonitor step=4175] near-input: bn0: mean=5.22e-07 std=4.92e-04 pos=0.50 | enc_conv1: mean=-1.02e-13 std=2.88e-04 pos=0.49
[05/14 05:42:00] [GradMonitor step=4175] deep/task: enc_layer4: mean=1.48e-05 std=3.73e-05 | PAM: mean=1.64e-04 std=4.08e-04 | CIAM: mean=1.51e-05 std=3.74e-05
[05/14 05:42:00] [GradMonitor step=4175] param-grad: weight_base: mean=1.22e-08 std=4.63e-07 | weight_base_open: mean=1.47e-05 std=8.44e-04 | enc_conv1_weight: mean=-1.41e-02 std=7.42e-02
[05/14 05:42:01] [GradMonitor step=4180] near-input: bn0: mean=-1.54e-08 std=4.41e-04 pos=0.50 | enc_conv1: mean=2.41e-13 std=2.43e-04 pos=0.44
[05/14 05:42:01] [GradMonitor step=4180] deep/task: enc_layer4: mean=1.44e-05 std=3.41e-05 | PAM: mean=1.57e-04 std=3.72e-04 | CIAM: mean=1.46e-05 std=3.41e-05
[05/14 05:42:01] [GradMonitor step=4180] param-grad: weight_base: mean=-5.83e-09 std=4.89e-07 | weight_base_open: mean=-1.81e-04 std=1.61e-03 | enc_conv1_weight: mean=-4.35e-03 std=6.77e-02
[05/14 05:42:01] [GradMonitor step=4185] near-input: bn0: mean=4.01e-09 std=2.60e-04 pos=0.50 | enc_conv1: mean=-1.32e-13 std=1.42e-04 pos=0.59
[05/14 05:42:01] [GradMonitor step=4185] deep/task: enc_layer4: mean=1.06e-05 std=1.95e-05 | PAM: mean=1.15e-04 std=2.11e-04 | CIAM: mean=1.08e-05 std=1.95e-05
[05/14 05:42:01] [GradMonitor step=4185] param-grad: weight_base: mean=-6.05e-09 std=5.30e-07 | weight_base_open: mean=-5.64e-05 std=9.66e-04 | enc_conv1_weight: mean=2.04e-03 std=6.50e-02
[05/14 05:42:02] [GradMonitor step=4190] near-input: bn0: mean=2.12e-07 std=5.76e-04 pos=0.50 | enc_conv1: mean=-2.73e-14 std=3.14e-04 pos=0.52
[05/14 05:42:02] [GradMonitor step=4190] deep/task: enc_layer4: mean=1.75e-05 std=3.78e-05 | PAM: mean=1.94e-04 std=4.16e-04 | CIAM: mean=1.78e-05 std=3.78e-05
[05/14 05:42:02] [GradMonitor step=4190] param-grad: weight_base: mean=-5.75e-09 std=8.18e-07 | weight_base_open: mean=3.19e-05 std=1.44e-03 | enc_conv1_weight: mean=-5.15e-03 std=6.00e-02
[05/14 05:42:02] [GradMonitor step=4195] near-input: bn0: mean=-2.10e-07 std=4.43e-04 pos=0.50 | enc_conv1: mean=-1.08e-13 std=2.41e-04 pos=0.47
[05/14 05:42:02] [GradMonitor step=4195] deep/task: enc_layer4: mean=1.46e-05 std=3.06e-05 | PAM: mean=1.60e-04 std=3.32e-04 | CIAM: mean=1.47e-05 std=3.06e-05
[05/14 05:42:02] [GradMonitor step=4195] param-grad: weight_base: mean=1.22e-08 std=6.35e-07 | weight_base_open: mean=8.36e-05 std=9.27e-04 | enc_conv1_weight: mean=-2.44e-02 std=6.18e-02
[05/14 05:42:02] [GradMonitor step=4200] near-input: bn0: mean=-3.07e-07 std=3.13e-04 pos=0.50 | enc_conv1: mean=2.61e-14 std=1.75e-04 pos=0.50
[05/14 05:42:02] [GradMonitor step=4200] deep/task: enc_layer4: mean=1.34e-05 std=2.82e-05 | PAM: mean=1.47e-04 std=3.08e-04 | CIAM: mean=1.36e-05 std=2.83e-05
[05/14 05:42:02] [GradMonitor step=4200] param-grad: weight_base: mean=-1.04e-08 std=1.34e-06 | weight_base_open: mean=-3.01e-05 std=1.29e-03 | enc_conv1_weight: mean=-5.97e-03 std=5.54e-02
[05/14 05:42:03] [GradMonitor step=4205] near-input: bn0: mean=-1.30e-07 std=2.87e-04 pos=0.50 | enc_conv1: mean=1.14e-14 std=1.57e-04 pos=0.50
[05/14 05:42:03] [GradMonitor step=4205] deep/task: enc_layer4: mean=1.23e-05 std=2.47e-05 | PAM: mean=1.34e-04 std=2.69e-04 | CIAM: mean=1.24e-05 std=2.47e-05
[05/14 05:42:03] [GradMonitor step=4205] param-grad: weight_base: mean=-2.11e-08 std=1.07e-06 | weight_base_open: mean=-3.39e-05 std=1.44e-03 | enc_conv1_weight: mean=1.47e-02 std=7.77e-02
[05/14 05:42:03] [GradMonitor step=4210] near-input: bn0: mean=-2.16e-07 std=4.67e-04 pos=0.50 | enc_conv1: mean=-6.82e-15 std=2.61e-04 pos=0.47
[05/14 05:42:03] [GradMonitor step=4210] deep/task: enc_layer4: mean=1.30e-05 std=3.68e-05 | PAM: mean=1.43e-04 std=4.02e-04 | CIAM: mean=1.33e-05 std=3.69e-05
[05/14 05:42:03] [GradMonitor step=4210] param-grad: weight_base: mean=-2.02e-08 std=3.74e-07 | weight_base_open: mean=-1.72e-05 std=1.19e-03 | enc_conv1_weight: mean=-2.23e-02 std=9.84e-02
[05/14 05:42:04] [GradMonitor step=4215] near-input: bn0: mean=7.10e-07 std=5.78e-04 pos=0.50 | enc_conv1: mean=1.18e-13 std=3.27e-04 pos=0.52
[05/14 05:42:04] [GradMonitor step=4215] deep/task: enc_layer4: mean=1.11e-05 std=4.01e-05 | PAM: mean=1.24e-04 std=4.40e-04 | CIAM: mean=1.12e-05 std=4.02e-05
[05/14 05:42:04] [GradMonitor step=4215] param-grad: weight_base: mean=1.11e-09 std=8.72e-07 | weight_base_open: mean=5.85e-05 std=1.45e-03 | enc_conv1_weight: mean=-2.03e-02 std=6.96e-02
[05/14 05:42:04] [GradMonitor step=4220] near-input: bn0: mean=-3.92e-07 std=3.45e-04 pos=0.50 | enc_conv1: mean=-1.18e-13 std=1.89e-04 pos=0.41
[05/14 05:42:04] [GradMonitor step=4220] deep/task: enc_layer4: mean=1.58e-05 std=3.06e-05 | PAM: mean=1.73e-04 std=3.35e-04 | CIAM: mean=1.60e-05 std=3.07e-05
[05/14 05:42:04] [GradMonitor step=4220] param-grad: weight_base: mean=2.58e-08 std=1.08e-06 | weight_base_open: mean=6.63e-05 std=2.00e-03 | enc_conv1_weight: mean=6.81e-03 std=5.95e-02
[05/14 05:42:05] [GradMonitor step=4225] near-input: bn0: mean=-4.67e-07 std=3.30e-04 pos=0.50 | enc_conv1: mean=1.14e-13 std=1.79e-04 pos=0.48
[05/14 05:42:05] [GradMonitor step=4225] deep/task: enc_layer4: mean=1.23e-05 std=2.35e-05 | PAM: mean=1.34e-04 std=2.56e-04 | CIAM: mean=1.25e-05 std=2.36e-05
[05/14 05:42:05] [GradMonitor step=4225] param-grad: weight_base: mean=3.54e-08 std=7.43e-07 | weight_base_open: mean=3.79e-05 std=1.20e-03 | enc_conv1_weight: mean=6.15e-04 std=4.63e-02
[05/14 05:42:05] [GradMonitor step=4230] near-input: bn0: mean=-2.58e-07 std=3.15e-04 pos=0.50 | enc_conv1: mean=-3.75e-14 std=1.71e-04 pos=0.41
[05/14 05:42:05] [GradMonitor step=4230] deep/task: enc_layer4: mean=1.40e-05 std=2.68e-05 | PAM: mean=1.55e-04 std=2.94e-04 | CIAM: mean=1.42e-05 std=2.69e-05
[05/14 05:42:05] [GradMonitor step=4230] param-grad: weight_base: mean=1.41e-08 std=7.61e-07 | weight_base_open: mean=-6.05e-05 std=1.20e-03 | enc_conv1_weight: mean=7.99e-03 std=6.47e-02
[05/14 05:42:06] [GradMonitor step=4235] near-input: bn0: mean=-6.57e-08 std=4.35e-04 pos=0.50 | enc_conv1: mean=-8.53e-14 std=2.39e-04 pos=0.46
[05/14 05:42:06] [GradMonitor step=4235] deep/task: enc_layer4: mean=1.45e-05 std=3.02e-05 | PAM: mean=1.59e-04 std=3.30e-04 | CIAM: mean=1.47e-05 std=3.03e-05
[05/14 05:42:06] [GradMonitor step=4235] param-grad: weight_base: mean=-3.25e-08 std=1.36e-06 | weight_base_open: mean=6.98e-06 std=1.31e-03 | enc_conv1_weight: mean=2.71e-03 std=5.11e-02
[05/14 05:42:06] [GradMonitor step=4240] near-input: bn0: mean=-8.13e-08 std=2.54e-04 pos=0.50 | enc_conv1: mean=-4.55e-14 std=1.43e-04 pos=0.43
[05/14 05:42:06] [GradMonitor step=4240] deep/task: enc_layer4: mean=1.31e-05 std=2.92e-05 | PAM: mean=1.43e-04 std=3.20e-04 | CIAM: mean=1.33e-05 std=2.93e-05
[05/14 05:42:06] [GradMonitor step=4240] param-grad: weight_base: mean=-1.16e-08 std=8.45e-07 | weight_base_open: mean=-6.71e-05 std=1.16e-03 | enc_conv1_weight: mean=2.93e-03 std=5.98e-02
[05/14 05:42:06] [GradMonitor step=4245] near-input: bn0: mean=-2.40e-07 std=4.03e-04 pos=0.50 | enc_conv1: mean=2.50e-14 std=2.22e-04 pos=0.45
[05/14 05:42:06] [GradMonitor step=4245] deep/task: enc_layer4: mean=1.45e-05 std=3.38e-05 | PAM: mean=1.60e-04 std=3.72e-04 | CIAM: mean=1.47e-05 std=3.39e-05
[05/14 05:42:06] [GradMonitor step=4245] param-grad: weight_base: mean=-1.69e-08 std=4.45e-07 | weight_base_open: mean=-7.21e-05 std=1.04e-03 | enc_conv1_weight: mean=1.26e-02 std=5.16e-02
[05/14 05:42:07] [GradMonitor step=4250] near-input: bn0: mean=6.45e-07 std=4.79e-04 pos=0.50 | enc_conv1: mean=-9.09e-15 std=2.60e-04 pos=0.47
[05/14 05:42:07] [GradMonitor step=4250] deep/task: enc_layer4: mean=1.53e-05 std=3.93e-05 | PAM: mean=1.68e-04 std=4.27e-04 | CIAM: mean=1.56e-05 std=3.94e-05
[05/14 05:42:07] [GradMonitor step=4250] param-grad: weight_base: mean=4.24e-09 std=3.50e-07 | weight_base_open: mean=-8.14e-05 std=1.15e-03 | enc_conv1_weight: mean=-6.47e-03 std=6.35e-02
[05/14 05:42:07] [GradMonitor step=4255] near-input: bn0: mean=-4.12e-07 std=6.87e-04 pos=0.50 | enc_conv1: mean=2.00e-13 std=3.78e-04 pos=0.55
[05/14 05:42:07] [GradMonitor step=4255] deep/task: enc_layer4: mean=1.61e-05 std=4.56e-05 | PAM: mean=1.76e-04 std=4.95e-04 | CIAM: mean=1.63e-05 std=4.57e-05
[05/14 05:42:07] [GradMonitor step=4255] param-grad: weight_base: mean=2.69e-08 std=6.32e-07 | weight_base_open: mean=3.68e-05 std=1.80e-03 | enc_conv1_weight: mean=8.27e-03 std=7.40e-02
[05/14 05:42:08] [GradMonitor step=4260] near-input: bn0: mean=1.07e-07 std=5.10e-04 pos=0.50 | enc_conv1: mean=-9.09e-14 std=2.75e-04 pos=0.58
[05/14 05:42:08] [GradMonitor step=4260] deep/task: enc_layer4: mean=1.56e-05 std=3.30e-05 | PAM: mean=1.71e-04 std=3.62e-04 | CIAM: mean=1.58e-05 std=3.31e-05
[05/14 05:42:08] [GradMonitor step=4260] param-grad: weight_base: mean=-1.21e-09 std=1.27e-06 | weight_base_open: mean=1.36e-04 std=1.14e-03 | enc_conv1_weight: mean=1.15e-02 std=6.65e-02
[05/14 05:42:08] [GradMonitor step=4265] near-input: bn0: mean=-2.91e-08 std=3.27e-04 pos=0.50 | enc_conv1: mean=-1.36e-14 std=1.77e-04 pos=0.46
[05/14 05:42:08] [GradMonitor step=4265] deep/task: enc_layer4: mean=1.44e-05 std=2.79e-05 | PAM: mean=1.56e-04 std=3.03e-04 | CIAM: mean=1.46e-05 std=2.80e-05
[05/14 05:42:08] [GradMonitor step=4265] param-grad: weight_base: mean=-2.47e-08 std=7.86e-07 | weight_base_open: mean=2.58e-05 std=1.65e-03 | enc_conv1_weight: mean=9.90e-03 std=5.58e-02
[05/14 05:42:08] [GradMonitor step=4270] near-input: bn0: mean=2.34e-07 std=4.04e-04 pos=0.50 | enc_conv1: mean=1.82e-14 std=2.21e-04 pos=0.56
[05/14 05:42:08] [GradMonitor step=4270] deep/task: enc_layer4: mean=8.44e-06 std=2.68e-05 | PAM: mean=9.17e-05 std=2.88e-04 | CIAM: mean=8.62e-06 std=2.69e-05
[05/14 05:42:09] [GradMonitor step=4270] param-grad: weight_base: mean=2.87e-08 std=9.55e-07 | weight_base_open: mean=-8.22e-05 std=1.57e-03 | enc_conv1_weight: mean=1.45e-02 std=9.59e-02
[05/14 05:42:09] [GradMonitor step=4275] near-input: bn0: mean=-8.46e-08 std=3.81e-04 pos=0.50 | enc_conv1: mean=9.09e-14 std=2.18e-04 pos=0.54
[05/14 05:42:09] [GradMonitor step=4275] deep/task: enc_layer4: mean=1.33e-05 std=3.47e-05 | PAM: mean=1.46e-04 std=3.78e-04 | CIAM: mean=1.36e-05 std=3.48e-05
[05/14 05:42:09] [GradMonitor step=4275] param-grad: weight_base: mean=8.60e-09 std=3.25e-07 | weight_base_open: mean=-2.75e-05 std=1.06e-03 | enc_conv1_weight: mean=-1.41e-02 std=8.77e-02
[05/14 05:42:09] [GradMonitor step=4280] near-input: bn0: mean=8.41e-08 std=4.09e-04 pos=0.50 | enc_conv1: mean=5.23e-14 std=2.26e-04 pos=0.46
[05/14 05:42:09] [GradMonitor step=4280] deep/task: enc_layer4: mean=1.40e-05 std=2.85e-05 | PAM: mean=1.53e-04 std=3.10e-04 | CIAM: mean=1.42e-05 std=2.85e-05
[05/14 05:42:09] [GradMonitor step=4280] param-grad: weight_base: mean=-6.73e-09 std=8.58e-07 | weight_base_open: mean=-7.14e-05 std=1.36e-03 | enc_conv1_weight: mean=3.32e-03 std=5.10e-02
[05/14 05:42:10] [GradMonitor step=4285] near-input: bn0: mean=4.20e-07 std=3.57e-04 pos=0.50 | enc_conv1: mean=1.59e-14 std=1.94e-04 pos=0.48
[05/14 05:42:10] [GradMonitor step=4285] deep/task: enc_layer4: mean=1.30e-05 std=2.52e-05 | PAM: mean=1.42e-04 std=2.74e-04 | CIAM: mean=1.32e-05 std=2.53e-05
[05/14 05:42:10] [GradMonitor step=4285] param-grad: weight_base: mean=1.67e-08 std=4.66e-07 | weight_base_open: mean=5.94e-05 std=9.85e-04 | enc_conv1_weight: mean=1.23e-02 std=7.31e-02
[05/14 05:42:10] [GradMonitor step=4290] near-input: bn0: mean=2.64e-08 std=2.73e-04 pos=0.50 | enc_conv1: mean=5.68e-14 std=1.51e-04 pos=0.50
[05/14 05:42:10] [GradMonitor step=4290] deep/task: enc_layer4: mean=1.15e-05 std=2.25e-05 | PAM: mean=1.25e-04 std=2.44e-04 | CIAM: mean=1.17e-05 std=2.26e-05
[05/14 05:42:10] [GradMonitor step=4290] param-grad: weight_base: mean=2.87e-08 std=1.14e-06 | weight_base_open: mean=6.48e-05 std=2.22e-03 | enc_conv1_weight: mean=-9.25e-03 std=4.87e-02
[05/14 05:42:11] [GradMonitor step=4295] near-input: bn0: mean=8.16e-08 std=4.45e-04 pos=0.50 | enc_conv1: mean=-1.32e-13 std=2.53e-04 pos=0.46
[05/14 05:42:11] [GradMonitor step=4295] deep/task: enc_layer4: mean=1.36e-05 std=3.30e-05 | PAM: mean=1.49e-04 std=3.60e-04 | CIAM: mean=1.38e-05 std=3.31e-05
[05/14 05:42:11] [GradMonitor step=4295] param-grad: weight_base: mean=1.70e-09 std=1.12e-06 | weight_base_open: mean=-3.65e-05 std=1.78e-03 | enc_conv1_weight: mean=-6.11e-03 std=6.51e-02
[05/14 05:42:11] [GradMonitor step=4300] near-input: bn0: mean=-3.17e-07 std=4.06e-04 pos=0.50 | enc_conv1: mean=-8.19e-14 std=2.28e-04 pos=0.55
[05/14 05:42:11] [GradMonitor step=4300] deep/task: enc_layer4: mean=1.55e-05 std=3.04e-05 | PAM: mean=1.71e-04 std=3.33e-04 | CIAM: mean=1.57e-05 std=3.05e-05
[05/14 05:42:11] [GradMonitor step=4300] param-grad: weight_base: mean=2.72e-08 std=7.59e-07 | weight_base_open: mean=1.16e-05 std=1.44e-03 | enc_conv1_weight: mean=-1.14e-02 std=5.00e-02
[05/14 05:42:12] [GradMonitor step=4305] near-input: bn0: mean=-1.85e-07 std=3.45e-04 pos=0.50 | enc_conv1: mean=-1.73e-13 std=1.89e-04 pos=0.60
[05/14 05:42:12] [GradMonitor step=4305] deep/task: enc_layer4: mean=1.15e-05 std=2.98e-05 | PAM: mean=1.27e-04 std=3.28e-04 | CIAM: mean=1.17e-05 std=2.99e-05
[05/14 05:42:12] [GradMonitor step=4305] param-grad: weight_base: mean=-8.46e-09 std=1.17e-06 | weight_base_open: mean=2.03e-05 std=1.16e-03 | enc_conv1_weight: mean=-6.13e-03 std=6.32e-02
[05/14 05:42:12] [GradMonitor step=4310] near-input: bn0: mean=-1.31e-07 std=3.00e-04 pos=0.50 | enc_conv1: mean=-4.89e-14 std=1.66e-04 pos=0.41
[05/14 05:42:12] [GradMonitor step=4310] deep/task: enc_layer4: mean=1.33e-05 std=2.91e-05 | PAM: mean=1.47e-04 std=3.21e-04 | CIAM: mean=1.35e-05 std=2.91e-05
[05/14 05:42:12] [GradMonitor step=4310] param-grad: weight_base: mean=1.24e-08 std=4.09e-07 | weight_base_open: mean=-6.83e-05 std=9.98e-04 | enc_conv1_weight: mean=7.43e-03 std=5.05e-02
[05/14 05:42:12] [GradMonitor step=4315] near-input: bn0: mean=-2.54e-07 std=2.07e-04 pos=0.50 | enc_conv1: mean=1.25e-14 std=1.16e-04 pos=0.45
[05/14 05:42:12] [GradMonitor step=4315] deep/task: enc_layer4: mean=1.01e-05 std=2.31e-05 | PAM: mean=1.10e-04 std=2.54e-04 | CIAM: mean=1.02e-05 std=2.32e-05
[05/14 05:42:12] [GradMonitor step=4315] param-grad: weight_base: mean=-4.90e-08 std=8.31e-07 | weight_base_open: mean=7.34e-05 std=1.25e-03 | enc_conv1_weight: mean=6.38e-03 std=5.02e-02
[05/14 05:42:13] [GradMonitor step=4320] near-input: bn0: mean=-1.00e-07 std=3.78e-04 pos=0.50 | enc_conv1: mean=-5.23e-14 std=2.10e-04 pos=0.52
[05/14 05:42:13] [GradMonitor step=4320] deep/task: enc_layer4: mean=1.47e-05 std=2.91e-05 | PAM: mean=1.61e-04 std=3.19e-04 | CIAM: mean=1.49e-05 std=2.92e-05
[05/14 05:42:13] [GradMonitor step=4320] param-grad: weight_base: mean=6.00e-08 std=1.38e-06 | weight_base_open: mean=2.12e-05 std=1.55e-03 | enc_conv1_weight: mean=6.58e-03 std=5.80e-02
[05/14 05:42:13] [GradMonitor step=4325] near-input: bn0: mean=3.76e-07 std=3.64e-04 pos=0.50 | enc_conv1: mean=-6.82e-15 std=2.06e-04 pos=0.53
[05/14 05:42:13] [GradMonitor step=4325] deep/task: enc_layer4: mean=1.49e-05 std=3.17e-05 | PAM: mean=1.63e-04 std=3.48e-04 | CIAM: mean=1.51e-05 std=3.18e-05
[05/14 05:42:13] [GradMonitor step=4325] param-grad: weight_base: mean=-2.15e-08 std=3.90e-07 | weight_base_open: mean=-1.37e-05 std=1.59e-03 | enc_conv1_weight: mean=1.63e-02 std=6.92e-02
[05/14 05:42:14] [GradMonitor step=4330] near-input: bn0: mean=-1.21e-07 std=4.87e-04 pos=0.50 | enc_conv1: mean=-1.14e-14 std=2.75e-04 pos=0.49
[05/14 05:42:14] [GradMonitor step=4330] deep/task: enc_layer4: mean=1.36e-05 std=3.66e-05 | PAM: mean=1.49e-04 std=4.00e-04 | CIAM: mean=1.38e-05 std=3.66e-05
[05/14 05:42:14] [GradMonitor step=4330] param-grad: weight_base: mean=-2.23e-08 std=7.87e-07 | weight_base_open: mean=-6.45e-05 std=1.39e-03 | enc_conv1_weight: mean=-6.10e-03 std=6.25e-02
[05/14 05:42:14] [GradMonitor step=4335] near-input: bn0: mean=-3.07e-07 std=4.24e-04 pos=0.50 | enc_conv1: mean=6.37e-14 std=2.46e-04 pos=0.45
[05/14 05:42:14] [GradMonitor step=4335] deep/task: enc_layer4: mean=1.64e-05 std=3.63e-05 | PAM: mean=1.81e-04 std=3.99e-04 | CIAM: mean=1.67e-05 std=3.64e-05
[05/14 05:42:14] [GradMonitor step=4335] param-grad: weight_base: mean=-2.46e-08 std=8.45e-07 | weight_base_open: mean=-4.20e-05 std=1.26e-03 | enc_conv1_weight: mean=-1.95e-02 std=8.90e-02
[05/14 05:42:15] [GradMonitor step=4340] near-input: bn0: mean=-3.94e-07 std=4.79e-04 pos=0.50 | enc_conv1: mean=4.32e-14 std=2.57e-04 pos=0.50
[05/14 05:42:15] [GradMonitor step=4340] deep/task: enc_layer4: mean=1.47e-05 std=3.69e-05 | PAM: mean=1.61e-04 std=4.03e-04 | CIAM: mean=1.49e-05 std=3.69e-05
[05/14 05:42:15] [GradMonitor step=4340] param-grad: weight_base: mean=-9.67e-09 std=6.06e-07 | weight_base_open: mean=7.86e-08 std=1.23e-03 | enc_conv1_weight: mean=-2.95e-03 std=6.42e-02
[05/14 05:42:15] [GradMonitor step=4345] near-input: bn0: mean=3.08e-09 std=2.93e-04 pos=0.50 | enc_conv1: mean=-4.55e-15 std=1.63e-04 pos=0.53
[05/14 05:42:15] [GradMonitor step=4345] deep/task: enc_layer4: mean=1.09e-05 std=2.63e-05 | PAM: mean=1.20e-04 std=2.88e-04 | CIAM: mean=1.11e-05 std=2.64e-05
[05/14 05:42:15] [GradMonitor step=4345] param-grad: weight_base: mean=3.13e-08 std=1.16e-06 | weight_base_open: mean=-1.70e-04 std=1.64e-03 | enc_conv1_weight: mean=1.10e-02 std=1.08e-01
[05/14 05:42:16] [GradMonitor step=4350] near-input: bn0: mean=6.53e-07 std=3.25e-04 pos=0.50 | enc_conv1: mean=-2.05e-14 std=1.82e-04 pos=0.48
[05/14 05:42:16] [GradMonitor step=4350] deep/task: enc_layer4: mean=1.04e-05 std=2.67e-05 | PAM: mean=1.15e-04 std=2.92e-04 | CIAM: mean=1.06e-05 std=2.67e-05
[05/14 05:42:16] [GradMonitor step=4350] param-grad: weight_base: mean=1.90e-08 std=7.32e-07 | weight_base_open: mean=-5.49e-05 std=1.55e-03 | enc_conv1_weight: mean=1.08e-03 std=6.46e-02
[05/14 05:42:16] [GradMonitor step=4355] near-input: bn0: mean=9.26e-08 std=4.25e-04 pos=0.50 | enc_conv1: mean=-1.52e-13 std=2.30e-04 pos=0.52
[05/14 05:42:16] [GradMonitor step=4355] deep/task: enc_layer4: mean=1.44e-05 std=3.16e-05 | PAM: mean=1.57e-04 std=3.44e-04 | CIAM: mean=1.45e-05 std=3.17e-05
[05/14 05:42:16] [GradMonitor step=4355] param-grad: weight_base: mean=-5.08e-08 std=1.20e-06 | weight_base_open: mean=1.55e-05 std=1.61e-03 | enc_conv1_weight: mean=-5.86e-03 std=6.57e-02
[05/14 05:42:16] [GradMonitor step=4360] near-input: bn0: mean=4.05e-07 std=5.33e-04 pos=0.50 | enc_conv1: mean=-1.00e-13 std=2.92e-04 pos=0.49
[05/14 05:42:16] [GradMonitor step=4360] deep/task: enc_layer4: mean=1.58e-05 std=3.66e-05 | PAM: mean=1.73e-04 std=3.98e-04 | CIAM: mean=1.61e-05 std=3.67e-05
[05/14 05:42:16] [GradMonitor step=4360] param-grad: weight_base: mean=1.46e-08 std=6.61e-07 | weight_base_open: mean=1.65e-05 std=1.21e-03 | enc_conv1_weight: mean=2.11e-02 std=1.07e-01
[05/14 05:42:17] [GradMonitor step=4365] near-input: bn0: mean=-4.93e-07 std=3.63e-04 pos=0.50 | enc_conv1: mean=-3.64e-14 std=2.07e-04 pos=0.48
[05/14 05:42:17] [GradMonitor step=4365] deep/task: enc_layer4: mean=1.23e-05 std=3.25e-05 | PAM: mean=1.37e-04 std=3.56e-04 | CIAM: mean=1.25e-05 std=3.25e-05
[05/14 05:42:17] [GradMonitor step=4365] param-grad: weight_base: mean=2.76e-09 std=8.13e-07 | weight_base_open: mean=1.84e-05 std=1.32e-03 | enc_conv1_weight: mean=-6.50e-03 std=4.15e-02
[05/14 05:42:17] [GradMonitor step=4370] near-input: bn0: mean=4.16e-07 std=4.94e-04 pos=0.50 | enc_conv1: mean=-3.18e-14 std=2.75e-04 pos=0.48
[05/14 05:42:17] [GradMonitor step=4370] deep/task: enc_layer4: mean=1.01e-05 std=3.33e-05 | PAM: mean=1.13e-04 std=3.64e-04 | CIAM: mean=1.03e-05 std=3.33e-05
[05/14 05:42:17] [GradMonitor step=4370] param-grad: weight_base: mean=-4.65e-09 std=8.41e-07 | weight_base_open: mean=-7.42e-05 std=1.45e-03 | enc_conv1_weight: mean=-3.43e-02 std=8.07e-02
[05/14 05:42:18] [GradMonitor step=4375] near-input: bn0: mean=1.23e-07 std=2.89e-04 pos=0.50 | enc_conv1: mean=-3.87e-14 std=1.58e-04 pos=0.50
[05/14 05:42:18] [GradMonitor step=4375] deep/task: enc_layer4: mean=1.29e-05 std=2.22e-05 | PAM: mean=1.40e-04 std=2.40e-04 | CIAM: mean=1.31e-05 std=2.22e-05
[05/14 05:42:18] [GradMonitor step=4375] param-grad: weight_base: mean=1.01e-08 std=7.30e-07 | weight_base_open: mean=-6.32e-05 std=1.79e-03 | enc_conv1_weight: mean=1.80e-03 std=4.47e-02
[05/14 05:42:18] [GradMonitor step=4380] near-input: bn0: mean=1.03e-07 std=5.90e-04 pos=0.50 | enc_conv1: mean=1.59e-13 std=3.22e-04 pos=0.46
[05/14 05:42:18] [GradMonitor step=4380] deep/task: enc_layer4: mean=1.61e-05 std=3.80e-05 | PAM: mean=1.78e-04 std=4.17e-04 | CIAM: mean=1.63e-05 std=3.81e-05
[05/14 05:42:18] [GradMonitor step=4380] param-grad: weight_base: mean=-1.55e-09 std=6.88e-07 | weight_base_open: mean=2.12e-05 std=1.42e-03 | enc_conv1_weight: mean=9.06e-03 std=5.90e-02
[05/14 05:42:18] [GradMonitor step=4385] near-input: bn0: mean=5.96e-07 std=4.97e-04 pos=0.50 | enc_conv1: mean=1.82e-14 std=2.77e-04 pos=0.45
[05/14 05:42:18] [GradMonitor step=4385] deep/task: enc_layer4: mean=1.49e-05 std=3.41e-05 | PAM: mean=1.64e-04 std=3.74e-04 | CIAM: mean=1.51e-05 std=3.41e-05
[05/14 05:42:18] [GradMonitor step=4385] param-grad: weight_base: mean=3.26e-08 std=9.91e-07 | weight_base_open: mean=4.49e-05 std=1.34e-03 | enc_conv1_weight: mean=-1.05e-02 std=5.02e-02
[05/14 05:42:19] [GradMonitor step=4390] near-input: bn0: mean=9.03e-08 std=4.95e-04 pos=0.50 | enc_conv1: mean=-4.32e-14 std=2.74e-04 pos=0.47
[05/14 05:42:19] [GradMonitor step=4390] deep/task: enc_layer4: mean=1.47e-05 std=3.56e-05 | PAM: mean=1.62e-04 std=3.89e-04 | CIAM: mean=1.49e-05 std=3.57e-05
[05/14 05:42:19] [GradMonitor step=4390] param-grad: weight_base: mean=-5.45e-09 std=7.98e-07 | weight_base_open: mean=-1.52e-05 std=1.40e-03 | enc_conv1_weight: mean=-1.40e-02 std=8.48e-02
[05/14 05:42:19] [GradMonitor step=4395] near-input: bn0: mean=-1.40e-07 std=2.19e-04 pos=0.50 | enc_conv1: mean=7.28e-14 std=1.19e-04 pos=0.48
[05/14 05:42:19] [GradMonitor step=4395] deep/task: enc_layer4: mean=1.12e-05 std=1.99e-05 | PAM: mean=1.22e-04 std=2.15e-04 | CIAM: mean=1.14e-05 std=2.00e-05
[05/14 05:42:19] [GradMonitor step=4395] param-grad: weight_base: mean=-1.88e-08 std=5.13e-07 | weight_base_open: mean=-3.19e-05 std=9.01e-04 | enc_conv1_weight: mean=4.33e-03 std=3.99e-02
[05/14 05:42:20] [GradMonitor step=4400] near-input: bn0: mean=-3.96e-07 std=6.86e-04 pos=0.50 | enc_conv1: mean=-3.32e-13 std=3.82e-04 pos=0.50
[05/14 05:42:20] [GradMonitor step=4400] deep/task: enc_layer4: mean=1.15e-05 std=5.00e-05 | PAM: mean=1.31e-04 std=5.38e-04 | CIAM: mean=1.17e-05 std=5.00e-05
[05/14 05:42:20] [GradMonitor step=4400] param-grad: weight_base: mean=-2.45e-08 std=1.26e-06 | weight_base_open: mean=-2.17e-06 std=1.90e-03 | enc_conv1_weight: mean=9.69e-03 std=8.97e-02
[05/14 05:42:20] 
[05/14 05:42:20] epoch 11/20, iter 4400:
[05/14 05:42:20] train_loss: 1.05429
[05/14 05:42:20] train_acc: 0.965
[05/14 05:42:20] train_auroc: 0.937
[05/14 05:42:26] Summary name val_6-way-5-shot_tpr@tnr95 is illegal; using val_6-way-5-shot_tpr_tnr95 instead.
[05/14 05:42:26] val_6-way-5-shot_acc: 58.939	0.722
[05/14 05:42:26] val_6-way-5-shot_auroc: 49.022	2.025
[05/14 05:42:26] val_6-way-5-shot_fscore: 20.399	0.253
[05/14 05:42:26] val_6-way-5-shot_tpr@tnr95: 6.962	1.777
[05/14 05:42:26] val_6-way-5-shot_osr: 50.228	0.880
[05/14 05:42:26] BEST ACC!
[05/14 05:42:27] [GradMonitor step=4405] near-input: bn0: mean=-2.37e-07 std=3.26e-04 pos=0.50 | enc_conv1: mean=-9.09e-15 std=1.79e-04 pos=0.49
[05/14 05:42:27] [GradMonitor step=4405] deep/task: enc_layer4: mean=1.13e-05 std=3.12e-05 | PAM: mean=1.25e-04 std=3.40e-04 | CIAM: mean=1.15e-05 std=3.12e-05
[05/14 05:42:27] [GradMonitor step=4405] param-grad: weight_base: mean=-3.04e-08 std=1.78e-06 | weight_base_open: mean=-2.08e-05 std=1.52e-03 | enc_conv1_weight: mean=9.03e-04 std=6.27e-02
[05/14 05:42:27] [GradMonitor step=4410] near-input: bn0: mean=9.35e-08 std=3.13e-04 pos=0.50 | enc_conv1: mean=3.41e-14 std=1.75e-04 pos=0.50
[05/14 05:42:27] [GradMonitor step=4410] deep/task: enc_layer4: mean=1.17e-05 std=2.46e-05 | PAM: mean=1.27e-04 std=2.66e-04 | CIAM: mean=1.19e-05 std=2.47e-05
[05/14 05:42:27] [GradMonitor step=4410] param-grad: weight_base: mean=5.21e-09 std=6.83e-07 | weight_base_open: mean=-4.26e-05 std=2.00e-03 | enc_conv1_weight: mean=8.67e-03 std=6.76e-02
[05/14 05:42:28] [GradMonitor step=4415] near-input: bn0: mean=6.65e-07 std=4.91e-04 pos=0.50 | enc_conv1: mean=-3.64e-14 std=2.69e-04 pos=0.49
[05/14 05:42:28] [GradMonitor step=4415] deep/task: enc_layer4: mean=1.53e-05 std=3.32e-05 | PAM: mean=1.68e-04 std=3.60e-04 | CIAM: mean=1.56e-05 std=3.33e-05
[05/14 05:42:28] [GradMonitor step=4415] param-grad: weight_base: mean=5.65e-10 std=9.41e-07 | weight_base_open: mean=-1.00e-04 std=1.43e-03 | enc_conv1_weight: mean=1.04e-02 std=6.42e-02
[05/14 05:42:28] [GradMonitor step=4420] near-input: bn0: mean=1.85e-07 std=4.25e-04 pos=0.50 | enc_conv1: mean=-1.00e-13 std=2.40e-04 pos=0.51
[05/14 05:42:28] [GradMonitor step=4420] deep/task: enc_layer4: mean=1.35e-05 std=3.40e-05 | PAM: mean=1.49e-04 std=3.75e-04 | CIAM: mean=1.37e-05 std=3.41e-05
[05/14 05:42:28] [GradMonitor step=4420] param-grad: weight_base: mean=-2.14e-09 std=9.38e-07 | weight_base_open: mean=1.70e-05 std=1.66e-03 | enc_conv1_weight: mean=-1.14e-03 std=6.32e-02
[05/14 05:42:28] [GradMonitor step=4425] near-input: bn0: mean=1.11e-07 std=4.76e-04 pos=0.50 | enc_conv1: mean=1.36e-13 std=2.66e-04 pos=0.49
[05/14 05:42:28] [GradMonitor step=4425] deep/task: enc_layer4: mean=1.80e-05 std=3.75e-05 | PAM: mean=1.99e-04 std=4.15e-04 | CIAM: mean=1.83e-05 std=3.76e-05
[05/14 05:42:28] [GradMonitor step=4425] param-grad: weight_base: mean=-7.93e-09 std=4.76e-07 | weight_base_open: mean=9.27e-05 std=1.25e-03 | enc_conv1_weight: mean=-1.45e-03 std=6.01e-02
[05/14 05:42:29] [GradMonitor step=4430] near-input: bn0: mean=1.56e-07 std=2.70e-04 pos=0.50 | enc_conv1: mean=9.32e-14 std=1.52e-04 pos=0.47
[05/14 05:42:29] [GradMonitor step=4430] deep/task: enc_layer4: mean=6.48e-06 std=2.85e-05 | PAM: mean=7.18e-05 std=3.12e-04 | CIAM: mean=6.60e-06 std=2.85e-05
[05/14 05:42:29] [GradMonitor step=4430] param-grad: weight_base: mean=1.31e-08 std=5.94e-07 | weight_base_open: mean=5.58e-05 std=1.32e-03 | enc_conv1_weight: mean=-8.86e-03 std=8.12e-02
[05/14 05:42:29] [GradMonitor step=4435] near-input: bn0: mean=-5.93e-07 std=5.12e-04 pos=0.50 | enc_conv1: mean=-3.18e-14 std=2.82e-04 pos=0.50
[05/14 05:42:29] [GradMonitor step=4435] deep/task: enc_layer4: mean=1.44e-05 std=3.84e-05 | PAM: mean=1.59e-04 std=4.24e-04 | CIAM: mean=1.45e-05 std=3.85e-05
[05/14 05:42:29] [GradMonitor step=4435] param-grad: weight_base: mean=-3.25e-08 std=7.19e-07 | weight_base_open: mean=1.54e-05 std=1.31e-03 | enc_conv1_weight: mean=-2.61e-03 std=5.87e-02
[05/14 05:42:29] [GradMonitor step=4440] near-input: bn0: mean=-5.01e-08 std=2.37e-04 pos=0.50 | enc_conv1: mean=-4.55e-15 std=1.29e-04 pos=0.49
[05/14 05:42:29] [GradMonitor step=4440] deep/task: enc_layer4: mean=1.12e-05 std=2.37e-05 | PAM: mean=1.23e-04 std=2.58e-04 | CIAM: mean=1.14e-05 std=2.38e-05
[05/14 05:42:29] [GradMonitor step=4440] param-grad: weight_base: mean=1.72e-08 std=6.19e-07 | weight_base_open: mean=2.74e-05 std=1.25e-03 | enc_conv1_weight: mean=1.23e-02 std=5.62e-02
[05/14 05:42:30] [GradMonitor step=4445] near-input: bn0: mean=1.80e-07 std=4.11e-04 pos=0.50 | enc_conv1: mean=2.27e-14 std=2.21e-04 pos=0.50
[05/14 05:42:30] [GradMonitor step=4445] deep/task: enc_layer4: mean=1.46e-05 std=2.37e-05 | PAM: mean=1.59e-04 std=2.59e-04 | CIAM: mean=1.48e-05 std=2.38e-05
[05/14 05:42:30] [GradMonitor step=4445] param-grad: weight_base: mean=3.50e-08 std=7.13e-07 | weight_base_open: mean=-6.72e-05 std=1.12e-03 | enc_conv1_weight: mean=1.91e-02 std=5.73e-02
[05/14 05:42:30] [GradMonitor step=4450] near-input: bn0: mean=-3.18e-08 std=4.29e-04 pos=0.50 | enc_conv1: mean=8.19e-14 std=2.37e-04 pos=0.52
[05/14 05:42:30] [GradMonitor step=4450] deep/task: enc_layer4: mean=1.51e-05 std=3.66e-05 | PAM: mean=1.66e-04 std=3.98e-04 | CIAM: mean=1.54e-05 std=3.66e-05
[05/14 05:42:30] [GradMonitor step=4450] param-grad: weight_base: mean=-8.83e-08 std=1.90e-06 | weight_base_open: mean=-1.45e-04 std=1.70e-03 | enc_conv1_weight: mean=-8.11e-03 std=6.56e-02
[05/14 05:42:31] [GradMonitor step=4455] near-input: bn0: mean=2.94e-07 std=3.51e-04 pos=0.50 | enc_conv1: mean=6.37e-14 std=1.92e-04 pos=0.45
[05/14 05:42:31] [GradMonitor step=4455] deep/task: enc_layer4: mean=1.10e-05 std=3.18e-05 | PAM: mean=1.22e-04 std=3.47e-04 | CIAM: mean=1.12e-05 std=3.19e-05
[05/14 05:42:31] [GradMonitor step=4455] param-grad: weight_base: mean=5.45e-09 std=5.84e-07 | weight_base_open: mean=-8.14e-06 std=9.70e-04 | enc_conv1_weight: mean=-5.19e-03 std=6.11e-02
[05/14 05:42:31] [GradMonitor step=4460] near-input: bn0: mean=-2.10e-07 std=3.71e-04 pos=0.50 | enc_conv1: mean=6.37e-14 std=2.05e-04 pos=0.59
[05/14 05:42:31] [GradMonitor step=4460] deep/task: enc_layer4: mean=1.64e-05 std=3.38e-05 | PAM: mean=1.82e-04 std=3.73e-04 | CIAM: mean=1.67e-05 std=3.39e-05
[05/14 05:42:31] [GradMonitor step=4460] param-grad: weight_base: mean=-1.02e-08 std=9.85e-07 | weight_base_open: mean=3.17e-05 std=1.59e-03 | enc_conv1_weight: mean=-4.98e-03 std=6.53e-02
[05/14 05:42:31] [GradMonitor step=4465] near-input: bn0: mean=-1.40e-07 std=3.19e-04 pos=0.50 | enc_conv1: mean=-3.52e-14 std=1.75e-04 pos=0.51
[05/14 05:42:31] [GradMonitor step=4465] deep/task: enc_layer4: mean=1.32e-05 std=2.36e-05 | PAM: mean=1.45e-04 std=2.58e-04 | CIAM: mean=1.35e-05 std=2.37e-05
[05/14 05:42:31] [GradMonitor step=4465] param-grad: weight_base: mean=2.63e-09 std=6.80e-07 | weight_base_open: mean=-2.86e-05 std=1.02e-03 | enc_conv1_weight: mean=1.75e-03 std=6.62e-02
[05/14 05:42:32] [GradMonitor step=4470] near-input: bn0: mean=5.63e-07 std=3.38e-04 pos=0.50 | enc_conv1: mean=-1.59e-14 std=1.84e-04 pos=0.54
[05/14 05:42:32] [GradMonitor step=4470] deep/task: enc_layer4: mean=1.50e-05 std=2.49e-05 | PAM: mean=1.64e-04 std=2.72e-04 | CIAM: mean=1.52e-05 std=2.50e-05
[05/14 05:42:32] [GradMonitor step=4470] param-grad: weight_base: mean=-3.74e-08 std=1.28e-06 | weight_base_open: mean=-9.68e-05 std=1.87e-03 | enc_conv1_weight: mean=3.01e-03 std=6.16e-02
[05/14 05:42:32] [GradMonitor step=4475] near-input: bn0: mean=-2.14e-07 std=2.73e-04 pos=0.50 | enc_conv1: mean=3.18e-14 std=1.52e-04 pos=0.53
[05/14 05:42:32] [GradMonitor step=4475] deep/task: enc_layer4: mean=1.30e-05 std=2.23e-05 | PAM: mean=1.41e-04 std=2.42e-04 | CIAM: mean=1.32e-05 std=2.24e-05
[05/14 05:42:32] [GradMonitor step=4475] param-grad: weight_base: mean=-8.97e-09 std=6.48e-07 | weight_base_open: mean=2.36e-05 std=1.11e-03 | enc_conv1_weight: mean=8.06e-03 std=3.68e-02
[05/14 05:42:33] [GradMonitor step=4480] near-input: bn0: mean=3.50e-07 std=4.60e-04 pos=0.50 | enc_conv1: mean=-1.32e-13 std=2.57e-04 pos=0.55
[05/14 05:42:33] [GradMonitor step=4480] deep/task: enc_layer4: mean=1.28e-05 std=3.35e-05 | PAM: mean=1.42e-04 std=3.64e-04 | CIAM: mean=1.30e-05 std=3.35e-05
[05/14 05:42:33] [GradMonitor step=4480] param-grad: weight_base: mean=-4.53e-08 std=1.25e-06 | weight_base_open: mean=4.65e-05 std=1.79e-03 | enc_conv1_weight: mean=2.54e-03 std=5.22e-02
[05/14 05:42:33] [GradMonitor step=4485] near-input: bn0: mean=4.69e-07 std=3.12e-04 pos=0.50 | enc_conv1: mean=-4.55e-14 std=1.72e-04 pos=0.41
[05/14 05:42:33] [GradMonitor step=4485] deep/task: enc_layer4: mean=1.35e-05 std=2.64e-05 | PAM: mean=1.48e-04 std=2.88e-04 | CIAM: mean=1.37e-05 std=2.65e-05
[05/14 05:42:33] [GradMonitor step=4485] param-grad: weight_base: mean=2.66e-08 std=1.08e-06 | weight_base_open: mean=3.45e-05 std=1.42e-03 | enc_conv1_weight: mean=-4.41e-03 std=4.84e-02
[05/14 05:42:33] [GradMonitor step=4490] near-input: bn0: mean=3.82e-08 std=3.49e-04 pos=0.50 | enc_conv1: mean=-1.59e-14 std=1.97e-04 pos=0.47
[05/14 05:42:33] [GradMonitor step=4490] deep/task: enc_layer4: mean=1.51e-05 std=3.35e-05 | PAM: mean=1.65e-04 std=3.64e-04 | CIAM: mean=1.53e-05 std=3.35e-05
[05/14 05:42:33] [GradMonitor step=4490] param-grad: weight_base: mean=5.63e-08 std=1.27e-06 | weight_base_open: mean=6.68e-05 std=1.42e-03 | enc_conv1_weight: mean=1.71e-03 std=6.19e-02
[05/14 05:42:34] [GradMonitor step=4495] near-input: bn0: mean=-5.31e-09 std=1.60e-04 pos=0.50 | enc_conv1: mean=1.31e-14 std=8.98e-05 pos=0.47
[05/14 05:42:34] [GradMonitor step=4495] deep/task: enc_layer4: mean=8.93e-06 std=1.79e-05 | PAM: mean=9.76e-05 std=1.93e-04 | CIAM: mean=9.09e-06 std=1.80e-05
[05/14 05:42:34] [GradMonitor step=4495] param-grad: weight_base: mean=1.83e-08 std=8.47e-07 | weight_base_open: mean=1.09e-04 std=1.14e-03 | enc_conv1_weight: mean=1.02e-02 std=6.02e-02
[05/14 05:42:34] [GradMonitor step=4500] near-input: bn0: mean=1.59e-07 std=4.08e-04 pos=0.50 | enc_conv1: mean=-2.96e-14 std=2.19e-04 pos=0.56
[05/14 05:42:34] [GradMonitor step=4500] deep/task: enc_layer4: mean=1.39e-05 std=3.41e-05 | PAM: mean=1.52e-04 std=3.76e-04 | CIAM: mean=1.40e-05 std=3.42e-05
[05/14 05:42:34] [GradMonitor step=4500] param-grad: weight_base: mean=-2.45e-08 std=1.61e-06 | weight_base_open: mean=-8.34e-05 std=1.55e-03 | enc_conv1_weight: mean=-1.08e-02 std=6.72e-02
[05/14 05:42:35] [GradMonitor step=4505] near-input: bn0: mean=8.15e-08 std=4.00e-04 pos=0.50 | enc_conv1: mean=3.64e-14 std=2.26e-04 pos=0.46
[05/14 05:42:35] [GradMonitor step=4505] deep/task: enc_layer4: mean=1.20e-05 std=3.75e-05 | PAM: mean=1.32e-04 std=4.13e-04 | CIAM: mean=1.21e-05 std=3.75e-05
[05/14 05:42:35] [GradMonitor step=4505] param-grad: weight_base: mean=7.30e-09 std=8.17e-07 | weight_base_open: mean=8.61e-05 std=1.65e-03 | enc_conv1_weight: mean=-1.95e-02 std=1.01e-01
[05/14 05:42:35] [GradMonitor step=4510] near-input: bn0: mean=2.13e-07 std=4.61e-04 pos=0.50 | enc_conv1: mean=6.37e-14 std=2.58e-04 pos=0.50
[05/14 05:42:35] [GradMonitor step=4510] deep/task: enc_layer4: mean=1.11e-05 std=3.85e-05 | PAM: mean=1.23e-04 std=4.23e-04 | CIAM: mean=1.13e-05 std=3.85e-05
[05/14 05:42:35] [GradMonitor step=4510] param-grad: weight_base: mean=3.45e-08 std=1.39e-06 | weight_base_open: mean=-4.41e-05 std=1.29e-03 | enc_conv1_weight: mean=5.79e-04 std=7.51e-02
[05/14 05:42:35] [GradMonitor step=4515] near-input: bn0: mean=5.02e-07 std=4.40e-04 pos=0.50 | enc_conv1: mean=-6.82e-14 std=2.46e-04 pos=0.49
[05/14 05:42:35] [GradMonitor step=4515] deep/task: enc_layer4: mean=1.42e-05 std=3.47e-05 | PAM: mean=1.56e-04 std=3.80e-04 | CIAM: mean=1.45e-05 std=3.48e-05
[05/14 05:42:35] [GradMonitor step=4515] param-grad: weight_base: mean=-5.21e-09 std=7.36e-07 | weight_base_open: mean=-1.01e-04 std=8.87e-04 | enc_conv1_weight: mean=8.79e-03 std=4.85e-02
[05/14 05:42:36] [GradMonitor step=4520] near-input: bn0: mean=1.12e-07 std=3.68e-04 pos=0.50 | enc_conv1: mean=1.50e-13 std=2.04e-04 pos=0.54
[05/14 05:42:36] [GradMonitor step=4520] deep/task: enc_layer4: mean=1.50e-05 std=3.11e-05 | PAM: mean=1.65e-04 std=3.41e-04 | CIAM: mean=1.52e-05 std=3.12e-05
[05/14 05:42:36] [GradMonitor step=4520] param-grad: weight_base: mean=2.32e-08 std=1.12e-06 | weight_base_open: mean=5.04e-05 std=1.61e-03 | enc_conv1_weight: mean=-1.08e-02 std=5.61e-02
[05/14 05:42:36] [GradMonitor step=4525] near-input: bn0: mean=-1.37e-07 std=2.04e-04 pos=0.50 | enc_conv1: mean=2.61e-14 std=1.13e-04 pos=0.57
[05/14 05:42:36] [GradMonitor step=4525] deep/task: enc_layer4: mean=9.46e-06 std=1.85e-05 | PAM: mean=1.03e-04 std=1.99e-04 | CIAM: mean=9.62e-06 std=1.85e-05
[05/14 05:42:36] [GradMonitor step=4525] param-grad: weight_base: mean=-4.51e-09 std=5.19e-07 | weight_base_open: mean=1.67e-04 std=1.71e-03 | enc_conv1_weight: mean=-2.96e-03 std=3.97e-02
[05/14 05:42:36] [GradMonitor step=4530] near-input: bn0: mean=-5.71e-07 std=3.33e-04 pos=0.50 | enc_conv1: mean=-6.37e-14 std=1.83e-04 pos=0.43
[05/14 05:42:36] [GradMonitor step=4530] deep/task: enc_layer4: mean=1.22e-05 std=2.84e-05 | PAM: mean=1.35e-04 std=3.10e-04 | CIAM: mean=1.25e-05 std=2.85e-05
[05/14 05:42:36] [GradMonitor step=4530] param-grad: weight_base: mean=-2.84e-08 std=1.18e-06 | weight_base_open: mean=9.33e-05 std=1.26e-03 | enc_conv1_weight: mean=7.80e-03 std=7.10e-02
[05/14 05:42:37] [GradMonitor step=4535] near-input: bn0: mean=-8.58e-08 std=4.07e-04 pos=0.50 | enc_conv1: mean=3.18e-14 std=2.21e-04 pos=0.51
[05/14 05:42:37] [GradMonitor step=4535] deep/task: enc_layer4: mean=1.46e-05 std=2.47e-05 | PAM: mean=1.58e-04 std=2.67e-04 | CIAM: mean=1.48e-05 std=2.48e-05
[05/14 05:42:37] [GradMonitor step=4535] param-grad: weight_base: mean=1.57e-08 std=5.80e-07 | weight_base_open: mean=1.35e-04 std=1.26e-03 | enc_conv1_weight: mean=4.33e-03 std=6.30e-02
[05/14 05:42:37] [GradMonitor step=4540] near-input: bn0: mean=-1.98e-07 std=2.86e-04 pos=0.50 | enc_conv1: mean=-1.14e-14 std=1.56e-04 pos=0.46
[05/14 05:42:37] [GradMonitor step=4540] deep/task: enc_layer4: mean=1.09e-05 std=2.41e-05 | PAM: mean=1.20e-04 std=2.62e-04 | CIAM: mean=1.11e-05 std=2.42e-05
[05/14 05:42:37] [GradMonitor step=4540] param-grad: weight_base: mean=1.40e-08 std=4.81e-07 | weight_base_open: mean=9.01e-05 std=1.16e-03 | enc_conv1_weight: mean=-7.03e-03 std=5.50e-02
[05/14 05:42:38] [GradMonitor step=4545] near-input: bn0: mean=1.94e-07 std=3.03e-04 pos=0.50 | enc_conv1: mean=-9.78e-14 std=1.65e-04 pos=0.45
[05/14 05:42:38] [GradMonitor step=4545] deep/task: enc_layer4: mean=1.27e-05 std=2.49e-05 | PAM: mean=1.38e-04 std=2.72e-04 | CIAM: mean=1.29e-05 std=2.50e-05
[05/14 05:42:38] [GradMonitor step=4545] param-grad: weight_base: mean=4.28e-08 std=9.58e-07 | weight_base_open: mean=-6.79e-05 std=1.22e-03 | enc_conv1_weight: mean=5.26e-03 std=9.41e-02
[05/14 05:42:38] [GradMonitor step=4550] near-input: bn0: mean=-1.48e-07 std=3.55e-04 pos=0.50 | enc_conv1: mean=-7.05e-14 std=1.90e-04 pos=0.45
[05/14 05:42:38] [GradMonitor step=4550] deep/task: enc_layer4: mean=1.17e-05 std=2.87e-05 | PAM: mean=1.29e-04 std=3.07e-04 | CIAM: mean=1.19e-05 std=2.87e-05
[05/14 05:42:38] [GradMonitor step=4550] param-grad: weight_base: mean=-1.93e-08 std=5.05e-07 | weight_base_open: mean=8.31e-05 std=1.23e-03 | enc_conv1_weight: mean=2.77e-02 std=7.83e-02
[05/14 05:42:38] [GradMonitor step=4555] near-input: bn0: mean=3.14e-07 std=3.60e-04 pos=0.50 | enc_conv1: mean=-7.05e-14 std=1.94e-04 pos=0.53
[05/14 05:42:38] [GradMonitor step=4555] deep/task: enc_layer4: mean=1.03e-05 std=3.23e-05 | PAM: mean=1.14e-04 std=3.51e-04 | CIAM: mean=1.04e-05 std=3.23e-05
[05/14 05:42:38] [GradMonitor step=4555] param-grad: weight_base: mean=-1.20e-08 std=9.99e-07 | weight_base_open: mean=-3.12e-05 std=1.77e-03 | enc_conv1_weight: mean=1.89e-02 std=7.24e-02
[05/14 05:42:39] [GradMonitor step=4560] near-input: bn0: mean=-1.43e-07 std=3.05e-04 pos=0.50 | enc_conv1: mean=-1.59e-14 std=1.62e-04 pos=0.55
[05/14 05:42:39] [GradMonitor step=4560] deep/task: enc_layer4: mean=1.16e-05 std=1.91e-05 | PAM: mean=1.26e-04 std=2.07e-04 | CIAM: mean=1.18e-05 std=1.92e-05
[05/14 05:42:39] [GradMonitor step=4560] param-grad: weight_base: mean=1.26e-08 std=9.85e-07 | weight_base_open: mean=-7.01e-05 std=2.14e-03 | enc_conv1_weight: mean=-8.30e-03 std=4.12e-02
[05/14 05:42:39] [GradMonitor step=4565] near-input: bn0: mean=-1.62e-07 std=3.17e-04 pos=0.50 | enc_conv1: mean=1.00e-13 std=1.80e-04 pos=0.54
[05/14 05:42:39] [GradMonitor step=4565] deep/task: enc_layer4: mean=1.59e-05 std=3.14e-05 | PAM: mean=1.73e-04 std=3.42e-04 | CIAM: mean=1.61e-05 std=3.15e-05
[05/14 05:42:39] [GradMonitor step=4565] param-grad: weight_base: mean=-4.07e-08 std=7.01e-07 | weight_base_open: mean=7.41e-05 std=1.25e-03 | enc_conv1_weight: mean=-2.85e-03 std=4.59e-02
[05/14 05:42:40] [GradMonitor step=4570] near-input: bn0: mean=-7.21e-08 std=3.70e-04 pos=0.50 | enc_conv1: mean=6.82e-14 std=2.01e-04 pos=0.45
[05/14 05:42:40] [GradMonitor step=4570] deep/task: enc_layer4: mean=1.05e-05 std=2.87e-05 | PAM: mean=1.15e-04 std=3.12e-04 | CIAM: mean=1.07e-05 std=2.88e-05
[05/14 05:42:40] [GradMonitor step=4570] param-grad: weight_base: mean=-1.57e-08 std=9.43e-07 | weight_base_open: mean=-4.15e-05 std=1.31e-03 | enc_conv1_weight: mean=-6.57e-03 std=6.92e-02
[05/14 05:42:40] [GradMonitor step=4575] near-input: bn0: mean=2.56e-07 std=4.75e-04 pos=0.50 | enc_conv1: mean=-1.73e-13 std=2.76e-04 pos=0.50
[05/14 05:42:40] [GradMonitor step=4575] deep/task: enc_layer4: mean=1.54e-05 std=3.63e-05 | PAM: mean=1.70e-04 std=3.97e-04 | CIAM: mean=1.56e-05 std=3.64e-05
[05/14 05:42:40] [GradMonitor step=4575] param-grad: weight_base: mean=1.47e-08 std=7.17e-07 | weight_base_open: mean=-9.84e-06 std=1.06e-03 | enc_conv1_weight: mean=-3.78e-03 std=7.24e-02
[05/14 05:42:40] [GradMonitor step=4580] near-input: bn0: mean=-3.40e-08 std=3.68e-04 pos=0.50 | enc_conv1: mean=2.73e-14 std=2.00e-04 pos=0.50
[05/14 05:42:40] [GradMonitor step=4580] deep/task: enc_layer4: mean=1.41e-05 std=3.08e-05 | PAM: mean=1.54e-04 std=3.35e-04 | CIAM: mean=1.43e-05 std=3.08e-05
[05/14 05:42:40] [GradMonitor step=4580] param-grad: weight_base: mean=-6.53e-08 std=1.31e-06 | weight_base_open: mean=1.60e-04 std=1.67e-03 | enc_conv1_weight: mean=-1.01e-02 std=6.27e-02
[05/14 05:42:41] [GradMonitor step=4585] near-input: bn0: mean=1.11e-07 std=2.23e-04 pos=0.50 | enc_conv1: mean=9.09e-15 std=1.20e-04 pos=0.49
[05/14 05:42:41] [GradMonitor step=4585] deep/task: enc_layer4: mean=1.10e-05 std=1.76e-05 | PAM: mean=1.20e-04 std=1.91e-04 | CIAM: mean=1.13e-05 std=1.77e-05
[05/14 05:42:41] [GradMonitor step=4585] param-grad: weight_base: mean=4.31e-09 std=3.21e-07 | weight_base_open: mean=-3.39e-05 std=8.54e-04 | enc_conv1_weight: mean=6.48e-03 std=5.58e-02
[05/14 05:42:41] [GradMonitor step=4590] near-input: bn0: mean=1.24e-09 std=4.72e-04 pos=0.50 | enc_conv1: mean=3.18e-14 std=2.53e-04 pos=0.49
[05/14 05:42:41] [GradMonitor step=4590] deep/task: enc_layer4: mean=1.76e-05 std=3.36e-05 | PAM: mean=1.95e-04 std=3.70e-04 | CIAM: mean=1.79e-05 std=3.37e-05
[05/14 05:42:41] [GradMonitor step=4590] param-grad: weight_base: mean=-2.70e-08 std=8.22e-07 | weight_base_open: mean=8.33e-05 std=1.36e-03 | enc_conv1_weight: mean=1.93e-03 std=5.88e-02
[05/14 05:42:41] [GradMonitor step=4595] near-input: bn0: mean=-2.75e-07 std=4.19e-04 pos=0.50 | enc_conv1: mean=-2.50e-14 std=2.25e-04 pos=0.50
[05/14 05:42:41] [GradMonitor step=4595] deep/task: enc_layer4: mean=1.44e-05 std=2.96e-05 | PAM: mean=1.59e-04 std=3.23e-04 | CIAM: mean=1.46e-05 std=2.97e-05
[05/14 05:42:41] [GradMonitor step=4595] param-grad: weight_base: mean=-2.07e-08 std=5.77e-07 | weight_base_open: mean=-5.22e-05 std=1.24e-03 | enc_conv1_weight: mean=-3.42e-02 std=6.22e-02
[05/14 05:42:42] [GradMonitor step=4600] near-input: bn0: mean=-2.82e-07 std=2.91e-04 pos=0.50 | enc_conv1: mean=6.03e-14 std=1.62e-04 pos=0.49
[05/14 05:42:42] [GradMonitor step=4600] deep/task: enc_layer4: mean=1.35e-05 std=2.76e-05 | PAM: mean=1.48e-04 std=3.01e-04 | CIAM: mean=1.38e-05 std=2.77e-05
[05/14 05:42:42] [GradMonitor step=4600] param-grad: weight_base: mean=1.11e-08 std=4.84e-07 | weight_base_open: mean=1.13e-04 std=1.36e-03 | enc_conv1_weight: mean=-1.40e-02 std=6.78e-02
[05/14 05:42:42] [GradMonitor step=4605] near-input: bn0: mean=-2.77e-08 std=2.85e-04 pos=0.50 | enc_conv1: mean=9.55e-14 std=1.56e-04 pos=0.49
[05/14 05:42:42] [GradMonitor step=4605] deep/task: enc_layer4: mean=1.22e-05 std=2.31e-05 | PAM: mean=1.33e-04 std=2.52e-04 | CIAM: mean=1.24e-05 std=2.32e-05
[05/14 05:42:42] [GradMonitor step=4605] param-grad: weight_base: mean=-2.61e-09 std=2.95e-07 | weight_base_open: mean=-7.83e-05 std=1.33e-03 | enc_conv1_weight: mean=1.60e-02 std=6.57e-02
[05/14 05:42:43] [GradMonitor step=4610] near-input: bn0: mean=-4.70e-08 std=4.21e-04 pos=0.50 | enc_conv1: mean=1.02e-13 std=2.33e-04 pos=0.48
[05/14 05:42:43] [GradMonitor step=4610] deep/task: enc_layer4: mean=1.18e-05 std=3.62e-05 | PAM: mean=1.29e-04 std=3.93e-04 | CIAM: mean=1.21e-05 std=3.62e-05
[05/14 05:42:43] [GradMonitor step=4610] param-grad: weight_base: mean=-2.16e-08 std=6.09e-07 | weight_base_open: mean=2.10e-05 std=1.16e-03 | enc_conv1_weight: mean=-9.91e-03 std=6.68e-02
[05/14 05:42:43] [GradMonitor step=4615] near-input: bn0: mean=1.00e-06 std=6.14e-04 pos=0.50 | enc_conv1: mean=-1.36e-13 std=3.42e-04 pos=0.47
[05/14 05:42:43] [GradMonitor step=4615] deep/task: enc_layer4: mean=1.20e-05 std=4.12e-05 | PAM: mean=1.34e-04 std=4.51e-04 | CIAM: mean=1.22e-05 std=4.12e-05
[05/14 05:42:43] [GradMonitor step=4615] param-grad: weight_base: mean=3.88e-08 std=1.07e-06 | weight_base_open: mean=-5.96e-05 std=1.56e-03 | enc_conv1_weight: mean=-2.34e-02 std=7.83e-02
[05/14 05:42:43] [GradMonitor step=4620] near-input: bn0: mean=-4.43e-07 std=3.28e-04 pos=0.50 | enc_conv1: mean=9.09e-15 std=1.78e-04 pos=0.38
[05/14 05:42:43] [GradMonitor step=4620] deep/task: enc_layer4: mean=1.56e-05 std=2.96e-05 | PAM: mean=1.71e-04 std=3.25e-04 | CIAM: mean=1.58e-05 std=2.97e-05
[05/14 05:42:43] [GradMonitor step=4620] param-grad: weight_base: mean=4.42e-08 std=1.66e-06 | weight_base_open: mean=1.66e-04 std=1.76e-03 | enc_conv1_weight: mean=3.35e-03 std=6.10e-02
[05/14 05:42:44] [GradMonitor step=4625] near-input: bn0: mean=-3.97e-07 std=3.35e-04 pos=0.50 | enc_conv1: mean=9.09e-15 std=1.81e-04 pos=0.52
[05/14 05:42:44] [GradMonitor step=4625] deep/task: enc_layer4: mean=1.27e-05 std=2.21e-05 | PAM: mean=1.39e-04 std=2.40e-04 | CIAM: mean=1.30e-05 std=2.22e-05
[05/14 05:42:44] [GradMonitor step=4625] param-grad: weight_base: mean=1.94e-08 std=9.53e-07 | weight_base_open: mean=-5.60e-05 std=1.13e-03 | enc_conv1_weight: mean=6.78e-03 std=5.10e-02
[05/14 05:42:44] [GradMonitor step=4630] near-input: bn0: mean=-2.44e-07 std=2.75e-04 pos=0.50 | enc_conv1: mean=9.66e-14 std=1.48e-04 pos=0.39
[05/14 05:42:44] [GradMonitor step=4630] deep/task: enc_layer4: mean=1.42e-05 std=2.44e-05 | PAM: mean=1.56e-04 std=2.67e-04 | CIAM: mean=1.44e-05 std=2.44e-05
[05/14 05:42:44] [GradMonitor step=4630] param-grad: weight_base: mean=-4.53e-09 std=5.25e-07 | weight_base_open: mean=1.91e-05 std=9.81e-04 | enc_conv1_weight: mean=1.10e-02 std=5.29e-02
[05/14 05:42:44] [GradMonitor step=4635] near-input: bn0: mean=9.69e-08 std=4.22e-04 pos=0.50 | enc_conv1: mean=-6.82e-15 std=2.28e-04 pos=0.50
[05/14 05:42:44] [GradMonitor step=4635] deep/task: enc_layer4: mean=1.49e-05 std=2.95e-05 | PAM: mean=1.63e-04 std=3.23e-04 | CIAM: mean=1.51e-05 std=2.97e-05
[05/14 05:42:44] [GradMonitor step=4635] param-grad: weight_base: mean=-1.98e-08 std=8.70e-07 | weight_base_open: mean=4.99e-05 std=1.31e-03 | enc_conv1_weight: mean=3.26e-03 std=5.60e-02
[05/14 05:42:45] [GradMonitor step=4640] near-input: bn0: mean=1.65e-09 std=2.22e-04 pos=0.50 | enc_conv1: mean=2.05e-14 std=1.24e-04 pos=0.46
[05/14 05:42:45] [GradMonitor step=4640] deep/task: enc_layer4: mean=1.28e-05 std=2.75e-05 | PAM: mean=1.40e-04 std=3.00e-04 | CIAM: mean=1.30e-05 std=2.76e-05
[05/14 05:42:45] [GradMonitor step=4640] param-grad: weight_base: mean=-2.09e-08 std=5.48e-07 | weight_base_open: mean=-7.24e-05 std=1.26e-03 | enc_conv1_weight: mean=6.26e-03 std=5.78e-02
[05/14 05:42:45] [GradMonitor step=4645] near-input: bn0: mean=-1.17e-07 std=3.94e-04 pos=0.50 | enc_conv1: mean=6.82e-15 std=2.16e-04 pos=0.48
[05/14 05:42:45] [GradMonitor step=4645] deep/task: enc_layer4: mean=1.48e-05 std=3.24e-05 | PAM: mean=1.64e-04 std=3.57e-04 | CIAM: mean=1.51e-05 std=3.25e-05
[05/14 05:42:45] [GradMonitor step=4645] param-grad: weight_base: mean=-1.02e-08 std=7.67e-07 | weight_base_open: mean=-2.09e-05 std=9.35e-04 | enc_conv1_weight: mean=1.64e-02 std=5.78e-02
[05/14 05:42:46] [GradMonitor step=4650] near-input: bn0: mean=5.42e-07 std=4.25e-04 pos=0.50 | enc_conv1: mean=-4.09e-14 std=2.29e-04 pos=0.45
[05/14 05:42:46] [GradMonitor step=4650] deep/task: enc_layer4: mean=1.51e-05 std=3.66e-05 | PAM: mean=1.65e-04 std=3.96e-04 | CIAM: mean=1.53e-05 std=3.66e-05
[05/14 05:42:46] [GradMonitor step=4650] param-grad: weight_base: mean=1.57e-08 std=6.22e-07 | weight_base_open: mean=5.70e-05 std=1.14e-03 | enc_conv1_weight: mean=-1.04e-02 std=5.59e-02
[05/14 05:42:46] [GradMonitor step=4655] near-input: bn0: mean=-3.88e-07 std=5.95e-04 pos=0.50 | enc_conv1: mean=1.05e-13 std=3.24e-04 pos=0.55
[05/14 05:42:46] [GradMonitor step=4655] deep/task: enc_layer4: mean=1.64e-05 std=4.16e-05 | PAM: mean=1.80e-04 std=4.52e-04 | CIAM: mean=1.66e-05 std=4.17e-05
[05/14 05:42:46] [GradMonitor step=4655] param-grad: weight_base: mean=-1.30e-10 std=1.83e-06 | weight_base_open: mean=-1.40e-04 std=1.83e-03 | enc_conv1_weight: mean=2.96e-03 std=6.32e-02
[05/14 05:42:46] [GradMonitor step=4660] near-input: bn0: mean=-5.26e-08 std=5.37e-04 pos=0.50 | enc_conv1: mean=-1.05e-13 std=2.88e-04 pos=0.56
[05/14 05:42:46] [GradMonitor step=4660] deep/task: enc_layer4: mean=1.69e-05 std=3.38e-05 | PAM: mean=1.86e-04 std=3.70e-04 | CIAM: mean=1.72e-05 std=3.39e-05
[05/14 05:42:46] [GradMonitor step=4660] param-grad: weight_base: mean=-6.25e-09 std=5.66e-07 | weight_base_open: mean=9.62e-05 std=1.03e-03 | enc_conv1_weight: mean=1.22e-02 std=7.54e-02
[05/14 05:42:47] [GradMonitor step=4665] near-input: bn0: mean=-2.04e-07 std=3.32e-04 pos=0.50 | enc_conv1: mean=9.09e-15 std=1.78e-04 pos=0.45
[05/14 05:42:47] [GradMonitor step=4665] deep/task: enc_layer4: mean=1.51e-05 std=2.82e-05 | PAM: mean=1.65e-04 std=3.07e-04 | CIAM: mean=1.53e-05 std=2.83e-05
[05/14 05:42:47] [GradMonitor step=4665] param-grad: weight_base: mean=1.02e-08 std=4.27e-07 | weight_base_open: mean=7.69e-05 std=1.54e-03 | enc_conv1_weight: mean=2.39e-03 std=5.91e-02
[05/14 05:42:47] [GradMonitor step=4670] near-input: bn0: mean=8.00e-08 std=3.30e-04 pos=0.50 | enc_conv1: mean=4.55e-15 std=1.79e-04 pos=0.52
[05/14 05:42:47] [GradMonitor step=4670] deep/task: enc_layer4: mean=8.68e-06 std=2.35e-05 | PAM: mean=9.44e-05 std=2.52e-04 | CIAM: mean=8.88e-06 std=2.36e-05
[05/14 05:42:47] [GradMonitor step=4670] param-grad: weight_base: mean=3.32e-08 std=1.04e-06 | weight_base_open: mean=3.59e-06 std=1.51e-03 | enc_conv1_weight: mean=1.94e-02 std=7.02e-02
[05/14 05:42:47] [GradMonitor step=4675] near-input: bn0: mean=9.81e-08 std=3.49e-04 pos=0.50 | enc_conv1: mean=8.64e-14 std=1.96e-04 pos=0.59
[05/14 05:42:47] [GradMonitor step=4675] deep/task: enc_layer4: mean=1.37e-05 std=3.14e-05 | PAM: mean=1.49e-04 std=3.41e-04 | CIAM: mean=1.40e-05 std=3.15e-05
[05/14 05:42:47] [GradMonitor step=4675] param-grad: weight_base: mean=3.57e-08 std=7.81e-07 | weight_base_open: mean=-1.34e-05 std=1.12e-03 | enc_conv1_weight: mean=-1.39e-03 std=7.10e-02
[05/14 05:42:48] [GradMonitor step=4680] near-input: bn0: mean=5.12e-08 std=2.96e-04 pos=0.50 | enc_conv1: mean=2.05e-14 std=1.63e-04 pos=0.46
[05/14 05:42:48] [GradMonitor step=4680] deep/task: enc_layer4: mean=1.36e-05 std=2.51e-05 | PAM: mean=1.49e-04 std=2.73e-04 | CIAM: mean=1.38e-05 std=2.52e-05
[05/14 05:42:48] [GradMonitor step=4680] param-grad: weight_base: mean=-2.96e-08 std=7.58e-07 | weight_base_open: mean=5.47e-05 std=1.30e-03 | enc_conv1_weight: mean=-1.01e-02 std=5.07e-02
[05/14 05:42:48] [GradMonitor step=4685] near-input: bn0: mean=2.27e-07 std=3.49e-04 pos=0.50 | enc_conv1: mean=3.18e-14 std=1.89e-04 pos=0.48
[05/14 05:42:48] [GradMonitor step=4685] deep/task: enc_layer4: mean=1.34e-05 std=2.40e-05 | PAM: mean=1.46e-04 std=2.61e-04 | CIAM: mean=1.36e-05 std=2.41e-05
[05/14 05:42:48] [GradMonitor step=4685] param-grad: weight_base: mean=3.61e-08 std=8.21e-07 | weight_base_open: mean=3.94e-05 std=1.01e-03 | enc_conv1_weight: mean=1.29e-02 std=5.26e-02
[05/14 05:42:49] [GradMonitor step=4690] near-input: bn0: mean=3.25e-08 std=2.48e-04 pos=0.50 | enc_conv1: mean=-2.73e-14 std=1.36e-04 pos=0.52
[05/14 05:42:49] [GradMonitor step=4690] deep/task: enc_layer4: mean=1.10e-05 std=2.17e-05 | PAM: mean=1.20e-04 std=2.35e-04 | CIAM: mean=1.12e-05 std=2.17e-05
[05/14 05:42:49] [GradMonitor step=4690] param-grad: weight_base: mean=-2.90e-09 std=6.93e-07 | weight_base_open: mean=1.17e-05 std=1.77e-03 | enc_conv1_weight: mean=-2.45e-03 std=5.28e-02
[05/14 05:42:49] [GradMonitor step=4695] near-input: bn0: mean=1.34e-07 std=4.74e-04 pos=0.50 | enc_conv1: mean=-1.55e-13 std=2.66e-04 pos=0.52
[05/14 05:42:49] [GradMonitor step=4695] deep/task: enc_layer4: mean=1.37e-05 std=3.35e-05 | PAM: mean=1.51e-04 std=3.65e-04 | CIAM: mean=1.40e-05 std=3.36e-05
[05/14 05:42:49] [GradMonitor step=4695] param-grad: weight_base: mean=-1.55e-08 std=2.07e-06 | weight_base_open: mean=1.40e-05 std=2.01e-03 | enc_conv1_weight: mean=-3.85e-03 std=7.61e-02
[05/14 05:42:49] [GradMonitor step=4700] near-input: bn0: mean=-8.72e-08 std=3.15e-04 pos=0.50 | enc_conv1: mean=-2.27e-14 std=1.75e-04 pos=0.54
[05/14 05:42:49] [GradMonitor step=4700] deep/task: enc_layer4: mean=1.46e-05 std=2.58e-05 | PAM: mean=1.60e-04 std=2.83e-04 | CIAM: mean=1.48e-05 std=2.59e-05
[05/14 05:42:49] [GradMonitor step=4700] param-grad: weight_base: mean=8.16e-08 std=1.49e-06 | weight_base_open: mean=1.47e-04 std=1.65e-03 | enc_conv1_weight: mean=-1.14e-02 std=4.82e-02
[05/14 05:42:50] [GradMonitor step=4705] near-input: bn0: mean=-6.19e-08 std=3.42e-04 pos=0.50 | enc_conv1: mean=0.00e+00 std=1.87e-04 pos=0.53
[05/14 05:42:50] [GradMonitor step=4705] deep/task: enc_layer4: mean=1.16e-05 std=2.92e-05 | PAM: mean=1.29e-04 std=3.22e-04 | CIAM: mean=1.19e-05 std=2.93e-05
[05/14 05:42:50] [GradMonitor step=4705] param-grad: weight_base: mean=-6.99e-09 std=7.66e-07 | weight_base_open: mean=1.88e-05 std=1.41e-03 | enc_conv1_weight: mean=-1.89e-03 std=5.78e-02
[05/14 05:42:50] [GradMonitor step=4710] near-input: bn0: mean=-1.00e-07 std=2.69e-04 pos=0.50 | enc_conv1: mean=-7.96e-15 std=1.49e-04 pos=0.46
[05/14 05:42:50] [GradMonitor step=4710] deep/task: enc_layer4: mean=1.31e-05 std=2.74e-05 | PAM: mean=1.44e-04 std=3.03e-04 | CIAM: mean=1.33e-05 std=2.75e-05
[05/14 05:42:50] [GradMonitor step=4710] param-grad: weight_base: mean=5.71e-09 std=1.17e-06 | weight_base_open: mean=-2.58e-05 std=1.35e-03 | enc_conv1_weight: mean=1.50e-03 std=5.69e-02
[05/14 05:42:50] [GradMonitor step=4715] near-input: bn0: mean=-2.84e-07 std=1.97e-04 pos=0.50 | enc_conv1: mean=-7.73e-14 std=1.10e-04 pos=0.51
[05/14 05:42:50] [GradMonitor step=4715] deep/task: enc_layer4: mean=9.33e-06 std=2.30e-05 | PAM: mean=1.02e-04 std=2.52e-04 | CIAM: mean=9.47e-06 std=2.30e-05
[05/14 05:42:50] [GradMonitor step=4715] param-grad: weight_base: mean=-1.24e-08 std=2.40e-07 | weight_base_open: mean=6.15e-05 std=1.25e-03 | enc_conv1_weight: mean=3.35e-03 std=5.78e-02
[05/14 05:42:51] [GradMonitor step=4720] near-input: bn0: mean=2.05e-08 std=2.62e-04 pos=0.50 | enc_conv1: mean=2.50e-14 std=1.44e-04 pos=0.51
[05/14 05:42:51] [GradMonitor step=4720] deep/task: enc_layer4: mean=1.34e-05 std=2.43e-05 | PAM: mean=1.48e-04 std=2.65e-04 | CIAM: mean=1.36e-05 std=2.44e-05
[05/14 05:42:51] [GradMonitor step=4720] param-grad: weight_base: mean=2.79e-08 std=8.30e-07 | weight_base_open: mean=4.26e-05 std=1.54e-03 | enc_conv1_weight: mean=9.01e-03 std=5.15e-02
[05/14 05:42:51] [GradMonitor step=4725] near-input: bn0: mean=3.14e-07 std=3.04e-04 pos=0.50 | enc_conv1: mean=2.50e-14 std=1.71e-04 pos=0.52
[05/14 05:42:51] [GradMonitor step=4725] deep/task: enc_layer4: mean=1.42e-05 std=2.87e-05 | PAM: mean=1.56e-04 std=3.15e-04 | CIAM: mean=1.45e-05 std=2.88e-05
[05/14 05:42:51] [GradMonitor step=4725] param-grad: weight_base: mean=-2.58e-08 std=8.04e-07 | weight_base_open: mean=-5.36e-06 std=1.63e-03 | enc_conv1_weight: mean=1.77e-02 std=6.31e-02
[05/14 05:42:52] [GradMonitor step=4730] near-input: bn0: mean=-7.98e-09 std=4.63e-04 pos=0.50 | enc_conv1: mean=-1.26e-13 std=2.59e-04 pos=0.46
[05/14 05:42:52] [GradMonitor step=4730] deep/task: enc_layer4: mean=1.24e-05 std=3.45e-05 | PAM: mean=1.35e-04 std=3.76e-04 | CIAM: mean=1.26e-05 std=3.45e-05
[05/14 05:42:52] [GradMonitor step=4730] param-grad: weight_base: mean=-1.56e-08 std=7.78e-07 | weight_base_open: mean=1.16e-05 std=1.26e-03 | enc_conv1_weight: mean=-7.65e-03 std=6.03e-02
[05/14 05:42:52] [GradMonitor step=4735] near-input: bn0: mean=-3.74e-07 std=4.02e-04 pos=0.50 | enc_conv1: mean=-4.55e-14 std=2.33e-04 pos=0.46
[05/14 05:42:52] [GradMonitor step=4735] deep/task: enc_layer4: mean=1.73e-05 std=3.42e-05 | PAM: mean=1.91e-04 std=3.75e-04 | CIAM: mean=1.76e-05 std=3.43e-05
[05/14 05:42:52] [GradMonitor step=4735] param-grad: weight_base: mean=-5.88e-09 std=4.46e-07 | weight_base_open: mean=2.56e-05 std=1.23e-03 | enc_conv1_weight: mean=-1.78e-02 std=7.44e-02
[05/14 05:42:52] [GradMonitor step=4740] near-input: bn0: mean=8.20e-08 std=5.03e-04 pos=0.50 | enc_conv1: mean=4.55e-15 std=2.68e-04 pos=0.50
[05/14 05:42:52] [GradMonitor step=4740] deep/task: enc_layer4: mean=1.50e-05 std=3.74e-05 | PAM: mean=1.64e-04 std=4.09e-04 | CIAM: mean=1.52e-05 std=3.74e-05
[05/14 05:42:52] [GradMonitor step=4740] param-grad: weight_base: mean=-4.96e-09 std=1.05e-06 | weight_base_open: mean=1.88e-04 std=1.35e-03 | enc_conv1_weight: mean=-3.56e-03 std=5.83e-02
[05/14 05:42:53] [GradMonitor step=4745] near-input: bn0: mean=-1.11e-07 std=3.21e-04 pos=0.50 | enc_conv1: mean=4.55e-15 std=1.76e-04 pos=0.53
[05/14 05:42:53] [GradMonitor step=4745] deep/task: enc_layer4: mean=1.19e-05 std=2.76e-05 | PAM: mean=1.32e-04 std=3.01e-04 | CIAM: mean=1.22e-05 std=2.76e-05
[05/14 05:42:53] [GradMonitor step=4745] param-grad: weight_base: mean=4.83e-08 std=1.07e-06 | weight_base_open: mean=-1.12e-04 std=1.88e-03 | enc_conv1_weight: mean=1.50e-02 std=7.83e-02
[05/14 05:42:53] [GradMonitor step=4750] near-input: bn0: mean=4.27e-07 std=3.20e-04 pos=0.50 | enc_conv1: mean=7.05e-14 std=1.77e-04 pos=0.54
[05/14 05:42:53] [GradMonitor step=4750] deep/task: enc_layer4: mean=1.14e-05 std=2.53e-05 | PAM: mean=1.26e-04 std=2.77e-04 | CIAM: mean=1.16e-05 std=2.54e-05
[05/14 05:42:53] [GradMonitor step=4750] param-grad: weight_base: mean=-4.55e-09 std=7.73e-07 | weight_base_open: mean=-6.40e-05 std=1.30e-03 | enc_conv1_weight: mean=6.23e-03 std=4.55e-02
[05/14 05:42:53] [GradMonitor step=4755] near-input: bn0: mean=8.33e-08 std=3.90e-04 pos=0.50 | enc_conv1: mean=-5.46e-14 std=2.09e-04 pos=0.53
[05/14 05:42:53] [GradMonitor step=4755] deep/task: enc_layer4: mean=1.43e-05 std=2.93e-05 | PAM: mean=1.56e-04 std=3.19e-04 | CIAM: mean=1.45e-05 std=2.94e-05
[05/14 05:42:53] [GradMonitor step=4755] param-grad: weight_base: mean=-1.26e-08 std=4.54e-07 | weight_base_open: mean=-3.94e-05 std=1.52e-03 | enc_conv1_weight: mean=-5.32e-03 std=5.46e-02
[05/14 05:42:54] [GradMonitor step=4760] near-input: bn0: mean=7.28e-07 std=4.97e-04 pos=0.50 | enc_conv1: mean=-2.59e-13 std=2.71e-04 pos=0.46
[05/14 05:42:54] [GradMonitor step=4760] deep/task: enc_layer4: mean=1.65e-05 std=3.45e-05 | PAM: mean=1.80e-04 std=3.75e-04 | CIAM: mean=1.68e-05 std=3.46e-05
[05/14 05:42:54] [GradMonitor step=4760] param-grad: weight_base: mean=-5.03e-09 std=9.70e-07 | weight_base_open: mean=7.84e-05 std=1.27e-03 | enc_conv1_weight: mean=4.74e-03 std=8.80e-02
[05/14 05:42:54] [GradMonitor step=4765] near-input: bn0: mean=-4.34e-07 std=3.68e-04 pos=0.50 | enc_conv1: mean=2.27e-14 std=2.08e-04 pos=0.48
[05/14 05:42:54] [GradMonitor step=4765] deep/task: enc_layer4: mean=1.21e-05 std=3.18e-05 | PAM: mean=1.34e-04 std=3.49e-04 | CIAM: mean=1.23e-05 std=3.19e-05
[05/14 05:42:54] [GradMonitor step=4765] param-grad: weight_base: mean=-1.68e-09 std=1.51e-06 | weight_base_open: mean=1.82e-04 std=2.07e-03 | enc_conv1_weight: mean=-4.16e-03 std=4.07e-02
[05/14 05:42:55] [GradMonitor step=4770] near-input: bn0: mean=5.49e-07 std=4.78e-04 pos=0.50 | enc_conv1: mean=9.09e-15 std=2.66e-04 pos=0.56
[05/14 05:42:55] [GradMonitor step=4770] deep/task: enc_layer4: mean=1.18e-05 std=3.19e-05 | PAM: mean=1.32e-04 std=3.49e-04 | CIAM: mean=1.20e-05 std=3.20e-05
[05/14 05:42:55] [GradMonitor step=4770] param-grad: weight_base: mean=-1.96e-08 std=5.99e-07 | weight_base_open: mean=-7.26e-05 std=1.42e-03 | enc_conv1_weight: mean=-1.69e-02 std=7.04e-02
[05/14 05:42:55] [GradMonitor step=4775] near-input: bn0: mean=-2.26e-08 std=2.95e-04 pos=0.50 | enc_conv1: mean=-9.09e-14 std=1.62e-04 pos=0.53
[05/14 05:42:55] [GradMonitor step=4775] deep/task: enc_layer4: mean=1.26e-05 std=2.29e-05 | PAM: mean=1.38e-04 std=2.47e-04 | CIAM: mean=1.28e-05 std=2.30e-05
[05/14 05:42:55] [GradMonitor step=4775] param-grad: weight_base: mean=3.97e-08 std=1.16e-06 | weight_base_open: mean=1.15e-04 std=1.77e-03 | enc_conv1_weight: mean=-1.05e-02 std=3.80e-02
[05/14 05:42:55] [GradMonitor step=4780] near-input: bn0: mean=2.87e-07 std=5.64e-04 pos=0.50 | enc_conv1: mean=-9.09e-15 std=3.04e-04 pos=0.50
[05/14 05:42:55] [GradMonitor step=4780] deep/task: enc_layer4: mean=1.59e-05 std=3.62e-05 | PAM: mean=1.76e-04 std=3.97e-04 | CIAM: mean=1.62e-05 std=3.63e-05
[05/14 05:42:55] [GradMonitor step=4780] param-grad: weight_base: mean=-1.62e-08 std=8.25e-07 | weight_base_open: mean=-1.18e-04 std=1.21e-03 | enc_conv1_weight: mean=5.23e-03 std=5.51e-02
[05/14 05:42:56] [GradMonitor step=4785] near-input: bn0: mean=5.16e-08 std=4.75e-04 pos=0.50 | enc_conv1: mean=-5.00e-14 std=2.63e-04 pos=0.52
[05/14 05:42:56] [GradMonitor step=4785] deep/task: enc_layer4: mean=1.55e-05 std=3.29e-05 | PAM: mean=1.71e-04 std=3.61e-04 | CIAM: mean=1.57e-05 std=3.29e-05
[05/14 05:42:56] [GradMonitor step=4785] param-grad: weight_base: mean=-5.04e-09 std=5.15e-07 | weight_base_open: mean=5.45e-05 std=1.46e-03 | enc_conv1_weight: mean=3.95e-03 std=5.13e-02
[05/14 05:42:56] [GradMonitor step=4790] near-input: bn0: mean=3.82e-07 std=4.90e-04 pos=0.50 | enc_conv1: mean=3.41e-14 std=2.70e-04 pos=0.46
[05/14 05:42:56] [GradMonitor step=4790] deep/task: enc_layer4: mean=1.60e-05 std=3.37e-05 | PAM: mean=1.77e-04 std=3.69e-04 | CIAM: mean=1.63e-05 std=3.38e-05
[05/14 05:42:56] [GradMonitor step=4790] param-grad: weight_base: mean=-1.80e-08 std=1.02e-06 | weight_base_open: mean=2.11e-04 std=1.88e-03 | enc_conv1_weight: mean=-6.55e-03 std=7.13e-02
[05/14 05:42:56] [GradMonitor step=4795] near-input: bn0: mean=1.58e-08 std=1.89e-04 pos=0.50 | enc_conv1: mean=5.97e-14 std=1.02e-04 pos=0.44
[05/14 05:42:56] [GradMonitor step=4795] deep/task: enc_layer4: mean=1.08e-05 std=1.77e-05 | PAM: mean=1.18e-04 std=1.92e-04 | CIAM: mean=1.10e-05 std=1.78e-05
[05/14 05:42:56] [GradMonitor step=4795] param-grad: weight_base: mean=-3.35e-09 std=3.55e-07 | weight_base_open: mean=6.01e-05 std=1.06e-03 | enc_conv1_weight: mean=-7.28e-04 std=4.75e-02
[05/14 05:42:57] [GradMonitor step=4800] near-input: bn0: mean=9.95e-09 std=6.79e-04 pos=0.50 | enc_conv1: mean=-1.50e-13 std=3.77e-04 pos=0.49
[05/14 05:42:57] [GradMonitor step=4800] deep/task: enc_layer4: mean=1.38e-05 std=4.92e-05 | PAM: mean=1.56e-04 std=5.29e-04 | CIAM: mean=1.40e-05 std=4.92e-05
[05/14 05:42:57] [GradMonitor step=4800] param-grad: weight_base: mean=4.69e-09 std=4.01e-07 | weight_base_open: mean=-1.09e-06 std=1.82e-03 | enc_conv1_weight: mean=1.39e-02 std=7.43e-02
[05/14 05:42:57] 
[05/14 05:42:57] epoch 12/20, iter 4800:
[05/14 05:42:57] train_loss: 1.01185
[05/14 05:42:57] train_acc: 0.971
[05/14 05:42:57] train_auroc: 0.950
[05/14 05:43:03] Summary name val_6-way-5-shot_tpr@tnr95 is illegal; using val_6-way-5-shot_tpr_tnr95 instead.
[05/14 05:43:03] val_6-way-5-shot_acc: 59.700	0.723
[05/14 05:43:03] val_6-way-5-shot_auroc: 48.193	1.936
[05/14 05:43:03] val_6-way-5-shot_fscore: 20.508	0.239
[05/14 05:43:03] val_6-way-5-shot_tpr@tnr95: 4.475	1.447
[05/14 05:43:03] val_6-way-5-shot_osr: 48.930	0.721
[05/14 05:43:03] BEST ACC!
[05/14 05:43:03] [GradMonitor step=4805] near-input: bn0: mean=-5.04e-07 std=3.38e-04 pos=0.50 | enc_conv1: mean=7.73e-14 std=1.85e-04 pos=0.46
[05/14 05:43:03] [GradMonitor step=4805] deep/task: enc_layer4: mean=1.20e-05 std=2.90e-05 | PAM: mean=1.33e-04 std=3.15e-04 | CIAM: mean=1.22e-05 std=2.91e-05
[05/14 05:43:03] [GradMonitor step=4805] param-grad: weight_base: mean=-6.22e-08 std=1.87e-06 | weight_base_open: mean=-9.20e-05 std=1.93e-03 | enc_conv1_weight: mean=-1.09e-03 std=4.80e-02
[05/14 05:43:04] [GradMonitor step=4810] near-input: bn0: mean=1.27e-07 std=2.26e-04 pos=0.50 | enc_conv1: mean=-1.14e-14 std=1.25e-04 pos=0.48
[05/14 05:43:04] [GradMonitor step=4810] deep/task: enc_layer4: mean=1.20e-05 std=2.09e-05 | PAM: mean=1.30e-04 std=2.26e-04 | CIAM: mean=1.22e-05 std=2.10e-05
[05/14 05:43:04] [GradMonitor step=4810] param-grad: weight_base: mean=3.39e-08 std=1.28e-06 | weight_base_open: mean=2.95e-05 std=1.84e-03 | enc_conv1_weight: mean=1.86e-03 std=5.10e-02
[05/14 05:43:04] [GradMonitor step=4815] near-input: bn0: mean=2.72e-07 std=3.57e-04 pos=0.50 | enc_conv1: mean=1.00e-13 std=1.95e-04 pos=0.49
[05/14 05:43:04] [GradMonitor step=4815] deep/task: enc_layer4: mean=1.47e-05 std=2.66e-05 | PAM: mean=1.61e-04 std=2.87e-04 | CIAM: mean=1.50e-05 std=2.67e-05
[05/14 05:43:04] [GradMonitor step=4815] param-grad: weight_base: mean=2.24e-08 std=1.65e-06 | weight_base_open: mean=-5.85e-05 std=1.42e-03 | enc_conv1_weight: mean=3.36e-03 std=5.25e-02
[05/14 05:43:05] [GradMonitor step=4820] near-input: bn0: mean=-5.95e-08 std=4.44e-04 pos=0.50 | enc_conv1: mean=2.27e-14 std=2.48e-04 pos=0.49
[05/14 05:43:05] [GradMonitor step=4820] deep/task: enc_layer4: mean=1.32e-05 std=3.47e-05 | PAM: mean=1.46e-04 std=3.82e-04 | CIAM: mean=1.34e-05 std=3.47e-05
[05/14 05:43:05] [GradMonitor step=4820] param-grad: weight_base: mean=1.19e-09 std=1.55e-06 | weight_base_open: mean=2.84e-05 std=2.25e-03 | enc_conv1_weight: mean=-2.69e-03 std=7.40e-02
[05/14 05:43:05] [GradMonitor step=4825] near-input: bn0: mean=2.36e-07 std=4.90e-04 pos=0.50 | enc_conv1: mean=-5.91e-14 std=2.70e-04 pos=0.58
[05/14 05:43:05] [GradMonitor step=4825] deep/task: enc_layer4: mean=1.88e-05 std=3.62e-05 | PAM: mean=2.08e-04 std=4.01e-04 | CIAM: mean=1.91e-05 std=3.63e-05
[05/14 05:43:05] [GradMonitor step=4825] param-grad: weight_base: mean=-1.10e-08 std=5.25e-07 | weight_base_open: mean=2.13e-05 std=1.54e-03 | enc_conv1_weight: mean=8.16e-03 std=5.70e-02
[05/14 05:43:05] [GradMonitor step=4830] near-input: bn0: mean=6.66e-08 std=2.28e-04 pos=0.50 | enc_conv1: mean=2.33e-14 std=1.29e-04 pos=0.51
[05/14 05:43:05] [GradMonitor step=4830] deep/task: enc_layer4: mean=7.20e-06 std=2.66e-05 | PAM: mean=7.99e-05 std=2.91e-04 | CIAM: mean=7.35e-06 std=2.66e-05
[05/14 05:43:05] [GradMonitor step=4830] param-grad: weight_base: mean=3.72e-09 std=8.58e-07 | weight_base_open: mean=6.25e-05 std=1.68e-03 | enc_conv1_weight: mean=-1.06e-02 std=7.27e-02
[05/14 05:43:06] [GradMonitor step=4835] near-input: bn0: mean=-3.44e-07 std=5.25e-04 pos=0.50 | enc_conv1: mean=4.09e-14 std=2.90e-04 pos=0.47
[05/14 05:43:06] [GradMonitor step=4835] deep/task: enc_layer4: mean=1.44e-05 std=3.82e-05 | PAM: mean=1.59e-04 std=4.20e-04 | CIAM: mean=1.46e-05 std=3.82e-05
[05/14 05:43:06] [GradMonitor step=4835] param-grad: weight_base: mean=-3.48e-08 std=8.38e-07 | weight_base_open: mean=1.81e-05 std=1.15e-03 | enc_conv1_weight: mean=-1.21e-02 std=5.92e-02
[05/14 05:43:06] [GradMonitor step=4840] near-input: bn0: mean=-1.85e-07 std=2.25e-04 pos=0.50 | enc_conv1: mean=0.00e+00 std=1.23e-04 pos=0.47
[05/14 05:43:06] [GradMonitor step=4840] deep/task: enc_layer4: mean=1.19e-05 std=2.21e-05 | PAM: mean=1.30e-04 std=2.39e-04 | CIAM: mean=1.21e-05 std=2.21e-05
[05/14 05:43:06] [GradMonitor step=4840] param-grad: weight_base: mean=2.48e-08 std=6.31e-07 | weight_base_open: mean=-2.48e-05 std=1.17e-03 | enc_conv1_weight: mean=7.10e-04 std=4.38e-02
[05/14 05:43:06] [GradMonitor step=4845] near-input: bn0: mean=3.61e-07 std=3.64e-04 pos=0.50 | enc_conv1: mean=8.19e-14 std=1.94e-04 pos=0.49
[05/14 05:43:06] [GradMonitor step=4845] deep/task: enc_layer4: mean=1.42e-05 std=2.21e-05 | PAM: mean=1.55e-04 std=2.41e-04 | CIAM: mean=1.44e-05 std=2.22e-05
[05/14 05:43:06] [GradMonitor step=4845] param-grad: weight_base: mean=5.21e-08 std=9.36e-07 | weight_base_open: mean=8.64e-05 std=1.37e-03 | enc_conv1_weight: mean=1.33e-02 std=4.21e-02
[05/14 05:43:07] [GradMonitor step=4850] near-input: bn0: mean=2.56e-07 std=4.46e-04 pos=0.50 | enc_conv1: mean=1.05e-13 std=2.43e-04 pos=0.43
[05/14 05:43:07] [GradMonitor step=4850] deep/task: enc_layer4: mean=1.52e-05 std=3.65e-05 | PAM: mean=1.67e-04 std=3.97e-04 | CIAM: mean=1.54e-05 std=3.66e-05
[05/14 05:43:07] [GradMonitor step=4850] param-grad: weight_base: mean=-4.97e-08 std=1.39e-06 | weight_base_open: mean=1.35e-05 std=1.89e-03 | enc_conv1_weight: mean=-4.52e-03 std=7.63e-02
[05/14 05:43:07] [GradMonitor step=4855] near-input: bn0: mean=2.48e-07 std=3.64e-04 pos=0.50 | enc_conv1: mean=-4.55e-15 std=1.96e-04 pos=0.42
[05/14 05:43:07] [GradMonitor step=4855] deep/task: enc_layer4: mean=1.20e-05 std=3.13e-05 | PAM: mean=1.33e-04 std=3.41e-04 | CIAM: mean=1.23e-05 std=3.14e-05
[05/14 05:43:07] [GradMonitor step=4855] param-grad: weight_base: mean=3.10e-08 std=1.11e-06 | weight_base_open: mean=1.78e-05 std=1.43e-03 | enc_conv1_weight: mean=2.22e-03 std=5.34e-02
[05/14 05:43:08] [GradMonitor step=4860] near-input: bn0: mean=-2.82e-07 std=3.16e-04 pos=0.50 | enc_conv1: mean=-2.96e-14 std=1.73e-04 pos=0.58
[05/14 05:43:08] [GradMonitor step=4860] deep/task: enc_layer4: mean=1.58e-05 std=3.02e-05 | PAM: mean=1.75e-04 std=3.32e-04 | CIAM: mean=1.61e-05 std=3.04e-05
[05/14 05:43:08] [GradMonitor step=4860] param-grad: weight_base: mean=-4.56e-08 std=8.97e-07 | weight_base_open: mean=-4.75e-05 std=1.46e-03 | enc_conv1_weight: mean=-1.19e-02 std=6.07e-02
[05/14 05:43:08] [GradMonitor step=4865] near-input: bn0: mean=-1.73e-07 std=2.73e-04 pos=0.50 | enc_conv1: mean=3.75e-14 std=1.49e-04 pos=0.53
[05/14 05:43:08] [GradMonitor step=4865] deep/task: enc_layer4: mean=1.32e-05 std=2.06e-05 | PAM: mean=1.45e-04 std=2.26e-04 | CIAM: mean=1.34e-05 std=2.07e-05
[05/14 05:43:08] [GradMonitor step=4865] param-grad: weight_base: mean=-3.24e-08 std=6.80e-07 | weight_base_open: mean=7.88e-06 std=9.23e-04 | enc_conv1_weight: mean=-3.60e-04 std=5.43e-02
[05/14 05:43:08] [GradMonitor step=4870] near-input: bn0: mean=4.44e-07 std=3.20e-04 pos=0.50 | enc_conv1: mean=4.09e-14 std=1.75e-04 pos=0.46
[05/14 05:43:08] [GradMonitor step=4870] deep/task: enc_layer4: mean=1.49e-05 std=2.37e-05 | PAM: mean=1.64e-04 std=2.60e-04 | CIAM: mean=1.52e-05 std=2.38e-05
[05/14 05:43:08] [GradMonitor step=4870] param-grad: weight_base: mean=-1.65e-08 std=9.18e-07 | weight_base_open: mean=-6.92e-05 std=2.04e-03 | enc_conv1_weight: mean=1.02e-03 std=5.58e-02
[05/14 05:43:09] [GradMonitor step=4875] near-input: bn0: mean=-2.20e-07 std=2.57e-04 pos=0.50 | enc_conv1: mean=2.96e-14 std=1.43e-04 pos=0.52
[05/14 05:43:09] [GradMonitor step=4875] deep/task: enc_layer4: mean=1.25e-05 std=2.16e-05 | PAM: mean=1.36e-04 std=2.33e-04 | CIAM: mean=1.27e-05 std=2.16e-05
[05/14 05:43:09] [GradMonitor step=4875] param-grad: weight_base: mean=-2.88e-09 std=4.13e-07 | weight_base_open: mean=3.97e-06 std=1.33e-03 | enc_conv1_weight: mean=8.52e-03 std=3.90e-02
[05/14 05:43:09] [GradMonitor step=4880] near-input: bn0: mean=2.98e-07 std=4.48e-04 pos=0.50 | enc_conv1: mean=3.41e-14 std=2.49e-04 pos=0.43
[05/14 05:43:09] [GradMonitor step=4880] deep/task: enc_layer4: mean=1.27e-05 std=3.22e-05 | PAM: mean=1.41e-04 std=3.50e-04 | CIAM: mean=1.29e-05 std=3.22e-05
[05/14 05:43:09] [GradMonitor step=4880] param-grad: weight_base: mean=-2.72e-08 std=1.05e-06 | weight_base_open: mean=-1.81e-04 std=1.50e-03 | enc_conv1_weight: mean=9.69e-03 std=3.82e-02
[05/14 05:43:09] [GradMonitor step=4885] near-input: bn0: mean=3.78e-07 std=3.00e-04 pos=0.50 | enc_conv1: mean=-4.77e-14 std=1.65e-04 pos=0.38
[05/14 05:43:09] [GradMonitor step=4885] deep/task: enc_layer4: mean=1.33e-05 std=2.53e-05 | PAM: mean=1.46e-04 std=2.74e-04 | CIAM: mean=1.35e-05 std=2.53e-05
[05/14 05:43:09] [GradMonitor step=4885] param-grad: weight_base: mean=1.18e-09 std=4.01e-07 | weight_base_open: mean=-1.09e-04 std=1.61e-03 | enc_conv1_weight: mean=6.85e-03 std=4.59e-02
[05/14 05:43:10] [GradMonitor step=4890] near-input: bn0: mean=-5.53e-08 std=3.49e-04 pos=0.50 | enc_conv1: mean=-1.14e-14 std=1.97e-04 pos=0.48
[05/14 05:43:10] [GradMonitor step=4890] deep/task: enc_layer4: mean=1.60e-05 std=3.29e-05 | PAM: mean=1.75e-04 std=3.58e-04 | CIAM: mean=1.62e-05 std=3.30e-05
[05/14 05:43:10] [GradMonitor step=4890] param-grad: weight_base: mean=3.01e-09 std=9.79e-07 | weight_base_open: mean=6.65e-05 std=1.54e-03 | enc_conv1_weight: mean=-1.06e-02 std=5.47e-02
[05/14 05:43:10] [GradMonitor step=4895] near-input: bn0: mean=-3.28e-08 std=1.51e-04 pos=0.50 | enc_conv1: mean=2.39e-14 std=8.44e-05 pos=0.49
[05/14 05:43:10] [GradMonitor step=4895] deep/task: enc_layer4: mean=9.61e-06 std=1.76e-05 | PAM: mean=1.05e-04 std=1.90e-04 | CIAM: mean=9.80e-06 std=1.76e-05
[05/14 05:43:10] [GradMonitor step=4895] param-grad: weight_base: mean=-4.85e-10 std=4.30e-07 | weight_base_open: mean=-1.30e-04 std=1.20e-03 | enc_conv1_weight: mean=1.79e-03 std=4.91e-02
[05/14 05:43:11] [GradMonitor step=4900] near-input: bn0: mean=3.70e-07 std=4.26e-04 pos=0.50 | enc_conv1: mean=-1.82e-14 std=2.29e-04 pos=0.53
[05/14 05:43:11] [GradMonitor step=4900] deep/task: enc_layer4: mean=1.53e-05 std=3.43e-05 | PAM: mean=1.68e-04 std=3.78e-04 | CIAM: mean=1.55e-05 std=3.44e-05
[05/14 05:43:11] [GradMonitor step=4900] param-grad: weight_base: mean=1.27e-08 std=1.06e-06 | weight_base_open: mean=5.58e-05 std=1.50e-03 | enc_conv1_weight: mean=-5.47e-03 std=5.84e-02
[05/14 05:43:11] [GradMonitor step=4905] near-input: bn0: mean=-6.73e-08 std=4.17e-04 pos=0.50 | enc_conv1: mean=1.27e-13 std=2.35e-04 pos=0.48
[05/14 05:43:11] [GradMonitor step=4905] deep/task: enc_layer4: mean=1.36e-05 std=3.73e-05 | PAM: mean=1.50e-04 std=4.11e-04 | CIAM: mean=1.38e-05 std=3.73e-05
[05/14 05:43:11] [GradMonitor step=4905] param-grad: weight_base: mean=-2.93e-09 std=4.27e-07 | weight_base_open: mean=1.28e-04 std=1.57e-03 | enc_conv1_weight: mean=-1.77e-02 std=1.06e-01
[05/14 05:43:11] [GradMonitor step=4910] near-input: bn0: mean=2.46e-08 std=5.43e-04 pos=0.50 | enc_conv1: mean=5.46e-14 std=3.00e-04 pos=0.49
[05/14 05:43:11] [GradMonitor step=4910] deep/task: enc_layer4: mean=1.36e-05 std=3.93e-05 | PAM: mean=1.50e-04 std=4.32e-04 | CIAM: mean=1.38e-05 std=3.94e-05
[05/14 05:43:11] [GradMonitor step=4910] param-grad: weight_base: mean=1.65e-08 std=4.45e-07 | weight_base_open: mean=-7.29e-05 std=1.51e-03 | enc_conv1_weight: mean=1.66e-03 std=6.14e-02
[05/14 05:43:12] [GradMonitor step=4915] near-input: bn0: mean=2.36e-07 std=4.12e-04 pos=0.50 | enc_conv1: mean=6.59e-14 std=2.30e-04 pos=0.50
[05/14 05:43:12] [GradMonitor step=4915] deep/task: enc_layer4: mean=1.41e-05 std=3.28e-05 | PAM: mean=1.55e-04 std=3.58e-04 | CIAM: mean=1.44e-05 std=3.28e-05
[05/14 05:43:12] [GradMonitor step=4915] param-grad: weight_base: mean=2.11e-08 std=6.55e-07 | weight_base_open: mean=1.30e-05 std=8.07e-04 | enc_conv1_weight: mean=1.11e-02 std=4.81e-02
[05/14 05:43:12] [GradMonitor step=4920] near-input: bn0: mean=3.79e-08 std=3.17e-04 pos=0.50 | enc_conv1: mean=-2.96e-14 std=1.76e-04 pos=0.58
[05/14 05:43:12] [GradMonitor step=4920] deep/task: enc_layer4: mean=1.55e-05 std=2.94e-05 | PAM: mean=1.71e-04 std=3.22e-04 | CIAM: mean=1.58e-05 std=2.95e-05
[05/14 05:43:12] [GradMonitor step=4920] param-grad: weight_base: mean=-4.95e-09 std=5.57e-07 | weight_base_open: mean=-7.13e-05 std=1.48e-03 | enc_conv1_weight: mean=-8.03e-03 std=5.21e-02
[05/14 05:43:12] [GradMonitor step=4925] near-input: bn0: mean=-2.30e-08 std=1.92e-04 pos=0.50 | enc_conv1: mean=-3.64e-14 std=1.06e-04 pos=0.54
[05/14 05:43:12] [GradMonitor step=4925] deep/task: enc_layer4: mean=8.94e-06 std=1.79e-05 | PAM: mean=9.74e-05 std=1.93e-04 | CIAM: mean=9.10e-06 std=1.79e-05
[05/14 05:43:12] [GradMonitor step=4925] param-grad: weight_base: mean=1.90e-08 std=6.38e-07 | weight_base_open: mean=1.73e-04 std=1.54e-03 | enc_conv1_weight: mean=-1.83e-03 std=4.66e-02
[05/14 05:43:13] [GradMonitor step=4930] near-input: bn0: mean=-6.89e-07 std=3.64e-04 pos=0.50 | enc_conv1: mean=1.57e-13 std=1.99e-04 pos=0.46
[05/14 05:43:13] [GradMonitor step=4930] deep/task: enc_layer4: mean=1.22e-05 std=2.80e-05 | PAM: mean=1.34e-04 std=3.04e-04 | CIAM: mean=1.25e-05 std=2.81e-05
[05/14 05:43:13] [GradMonitor step=4930] param-grad: weight_base: mean=-1.16e-08 std=6.94e-07 | weight_base_open: mean=1.03e-04 std=1.23e-03 | enc_conv1_weight: mean=-1.81e-03 std=5.66e-02
[05/14 05:43:13] [GradMonitor step=4935] near-input: bn0: mean=8.11e-09 std=3.70e-04 pos=0.50 | enc_conv1: mean=-3.18e-14 std=2.01e-04 pos=0.55
[05/14 05:43:13] [GradMonitor step=4935] deep/task: enc_layer4: mean=1.44e-05 std=2.39e-05 | PAM: mean=1.57e-04 std=2.58e-04 | CIAM: mean=1.46e-05 std=2.40e-05
[05/14 05:43:13] [GradMonitor step=4935] param-grad: weight_base: mean=1.68e-08 std=1.20e-06 | weight_base_open: mean=6.19e-05 std=1.44e-03 | enc_conv1_weight: mean=3.31e-03 std=6.39e-02
[05/14 05:43:14] [GradMonitor step=4940] near-input: bn0: mean=-2.17e-07 std=2.76e-04 pos=0.50 | enc_conv1: mean=8.64e-14 std=1.51e-04 pos=0.45
[05/14 05:43:14] [GradMonitor step=4940] deep/task: enc_layer4: mean=1.11e-05 std=2.37e-05 | PAM: mean=1.22e-04 std=2.59e-04 | CIAM: mean=1.13e-05 std=2.38e-05
[05/14 05:43:14] [GradMonitor step=4940] param-grad: weight_base: mean=-6.87e-09 std=1.21e-06 | weight_base_open: mean=-3.74e-05 std=1.21e-03 | enc_conv1_weight: mean=-3.35e-03 std=5.48e-02
[05/14 05:43:14] [GradMonitor step=4945] near-input: bn0: mean=8.75e-08 std=2.66e-04 pos=0.50 | enc_conv1: mean=7.96e-14 std=1.43e-04 pos=0.46
[05/14 05:43:14] [GradMonitor step=4945] deep/task: enc_layer4: mean=1.26e-05 std=2.31e-05 | PAM: mean=1.38e-04 std=2.52e-04 | CIAM: mean=1.29e-05 std=2.32e-05
[05/14 05:43:14] [GradMonitor step=4945] param-grad: weight_base: mean=-1.58e-09 std=4.91e-07 | weight_base_open: mean=7.51e-05 std=1.27e-03 | enc_conv1_weight: mean=-9.22e-03 std=7.49e-02
[05/14 05:43:14] [GradMonitor step=4950] near-input: bn0: mean=-2.49e-07 std=3.27e-04 pos=0.50 | enc_conv1: mean=7.84e-14 std=1.74e-04 pos=0.49
[05/14 05:43:14] [GradMonitor step=4950] deep/task: enc_layer4: mean=1.15e-05 std=2.88e-05 | PAM: mean=1.27e-04 std=3.09e-04 | CIAM: mean=1.17e-05 std=2.89e-05
[05/14 05:43:14] [GradMonitor step=4950] param-grad: weight_base: mean=-1.00e-08 std=6.80e-07 | weight_base_open: mean=-5.77e-05 std=1.34e-03 | enc_conv1_weight: mean=1.87e-02 std=6.58e-02
[05/14 05:43:15] [GradMonitor step=4955] near-input: bn0: mean=1.36e-07 std=3.27e-04 pos=0.50 | enc_conv1: mean=-1.14e-15 std=1.74e-04 pos=0.53
[05/14 05:43:15] [GradMonitor step=4955] deep/task: enc_layer4: mean=9.86e-06 std=3.11e-05 | PAM: mean=1.10e-04 std=3.37e-04 | CIAM: mean=9.99e-06 std=3.11e-05
[05/14 05:43:15] [GradMonitor step=4955] param-grad: weight_base: mean=1.72e-08 std=1.15e-06 | weight_base_open: mean=-1.94e-04 std=2.06e-03 | enc_conv1_weight: mean=2.48e-02 std=7.87e-02
[05/14 05:43:15] [GradMonitor step=4960] near-input: bn0: mean=-1.15e-07 std=2.51e-04 pos=0.50 | enc_conv1: mean=-4.89e-14 std=1.32e-04 pos=0.52
[05/14 05:43:15] [GradMonitor step=4960] deep/task: enc_layer4: mean=1.09e-05 std=1.70e-05 | PAM: mean=1.19e-04 std=1.84e-04 | CIAM: mean=1.11e-05 std=1.71e-05
[05/14 05:43:15] [GradMonitor step=4960] param-grad: weight_base: mean=-8.70e-10 std=1.05e-06 | weight_base_open: mean=-1.11e-04 std=2.06e-03 | enc_conv1_weight: mean=-1.24e-03 std=3.31e-02
[05/14 05:43:15] [GradMonitor step=4965] near-input: bn0: mean=-1.55e-07 std=3.28e-04 pos=0.50 | enc_conv1: mean=3.18e-14 std=1.85e-04 pos=0.52
[05/14 05:43:15] [GradMonitor step=4965] deep/task: enc_layer4: mean=1.59e-05 std=3.10e-05 | PAM: mean=1.74e-04 std=3.38e-04 | CIAM: mean=1.62e-05 std=3.11e-05
[05/14 05:43:15] [GradMonitor step=4965] param-grad: weight_base: mean=-3.99e-09 std=9.67e-07 | weight_base_open: mean=6.50e-05 std=1.50e-03 | enc_conv1_weight: mean=-7.49e-03 std=4.91e-02
[05/14 05:43:16] [GradMonitor step=4970] near-input: bn0: mean=1.82e-07 std=3.62e-04 pos=0.50 | enc_conv1: mean=-4.77e-14 std=1.96e-04 pos=0.52
[05/14 05:43:16] [GradMonitor step=4970] deep/task: enc_layer4: mean=1.13e-05 std=2.71e-05 | PAM: mean=1.24e-04 std=2.94e-04 | CIAM: mean=1.15e-05 std=2.71e-05
[05/14 05:43:16] [GradMonitor step=4970] param-grad: weight_base: mean=2.72e-08 std=8.13e-07 | weight_base_open: mean=4.22e-05 std=1.25e-03 | enc_conv1_weight: mean=-8.40e-03 std=6.23e-02
[05/14 05:43:16] [GradMonitor step=4975] near-input: bn0: mean=3.32e-07 std=4.82e-04 pos=0.50 | enc_conv1: mean=-1.59e-14 std=2.79e-04 pos=0.47
[05/14 05:43:16] [GradMonitor step=4975] deep/task: enc_layer4: mean=1.55e-05 std=3.61e-05 | PAM: mean=1.72e-04 std=3.94e-04 | CIAM: mean=1.58e-05 std=3.61e-05
[05/14 05:43:16] [GradMonitor step=4975] param-grad: weight_base: mean=-6.50e-09 std=4.68e-07 | weight_base_open: mean=-9.81e-08 std=9.75e-04 | enc_conv1_weight: mean=-5.34e-03 std=7.97e-02
[05/14 05:43:17] [GradMonitor step=4980] near-input: bn0: mean=-1.94e-07 std=3.82e-04 pos=0.50 | enc_conv1: mean=5.00e-14 std=2.08e-04 pos=0.52
[05/14 05:43:17] [GradMonitor step=4980] deep/task: enc_layer4: mean=1.48e-05 std=3.21e-05 | PAM: mean=1.62e-04 std=3.49e-04 | CIAM: mean=1.51e-05 std=3.21e-05
[05/14 05:43:17] [GradMonitor step=4980] param-grad: weight_base: mean=3.36e-08 std=7.76e-07 | weight_base_open: mean=-7.51e-05 std=1.46e-03 | enc_conv1_weight: mean=-1.09e-02 std=7.69e-02
[05/14 05:43:17] [GradMonitor step=4985] near-input: bn0: mean=1.07e-07 std=1.98e-04 pos=0.50 | enc_conv1: mean=1.14e-14 std=1.07e-04 pos=0.46
[05/14 05:43:17] [GradMonitor step=4985] deep/task: enc_layer4: mean=1.15e-05 std=1.61e-05 | PAM: mean=1.25e-04 std=1.74e-04 | CIAM: mean=1.17e-05 std=1.61e-05
[05/14 05:43:17] [GradMonitor step=4985] param-grad: weight_base: mean=6.38e-09 std=2.88e-07 | weight_base_open: mean=-1.91e-05 std=8.69e-04 | enc_conv1_weight: mean=3.09e-03 std=3.70e-02
[05/14 05:43:17] [GradMonitor step=4990] near-input: bn0: mean=2.15e-08 std=4.37e-04 pos=0.50 | enc_conv1: mean=4.55e-15 std=2.34e-04 pos=0.53
[05/14 05:43:17] [GradMonitor step=4990] deep/task: enc_layer4: mean=1.75e-05 std=3.16e-05 | PAM: mean=1.93e-04 std=3.47e-04 | CIAM: mean=1.78e-05 std=3.17e-05
[05/14 05:43:17] [GradMonitor step=4990] param-grad: weight_base: mean=-3.75e-08 std=8.17e-07 | weight_base_open: mean=8.99e-05 std=1.30e-03 | enc_conv1_weight: mean=8.37e-03 std=6.49e-02
[05/14 05:43:18] [GradMonitor step=4995] near-input: bn0: mean=-4.18e-07 std=4.60e-04 pos=0.50 | enc_conv1: mean=9.09e-15 std=2.46e-04 pos=0.48
[05/14 05:43:18] [GradMonitor step=4995] deep/task: enc_layer4: mean=1.40e-05 std=3.04e-05 | PAM: mean=1.55e-04 std=3.31e-04 | CIAM: mean=1.43e-05 std=3.05e-05
[05/14 05:43:18] [GradMonitor step=4995] param-grad: weight_base: mean=-2.96e-08 std=5.70e-07 | weight_base_open: mean=-4.87e-05 std=1.24e-03 | enc_conv1_weight: mean=-3.07e-02 std=6.62e-02
[05/14 05:43:18] [GradMonitor step=5000] near-input: bn0: mean=-2.08e-07 std=2.71e-04 pos=0.50 | enc_conv1: mean=-3.30e-14 std=1.49e-04 pos=0.46
[05/14 05:43:18] [GradMonitor step=5000] deep/task: enc_layer4: mean=1.35e-05 std=2.63e-05 | PAM: mean=1.48e-04 std=2.86e-04 | CIAM: mean=1.37e-05 std=2.64e-05
[05/14 05:43:18] [GradMonitor step=5000] param-grad: weight_base: mean=-1.05e-08 std=6.22e-07 | weight_base_open: mean=1.34e-04 std=1.33e-03 | enc_conv1_weight: mean=-3.23e-02 std=8.00e-02
[05/14 05:43:18] [GradMonitor step=5005] near-input: bn0: mean=-8.71e-08 std=2.73e-04 pos=0.50 | enc_conv1: mean=-6.48e-14 std=1.48e-04 pos=0.49
[05/14 05:43:18] [GradMonitor step=5005] deep/task: enc_layer4: mean=1.21e-05 std=2.20e-05 | PAM: mean=1.33e-04 std=2.40e-04 | CIAM: mean=1.23e-05 std=2.21e-05
[05/14 05:43:18] [GradMonitor step=5005] param-grad: weight_base: mean=-5.38e-09 std=1.40e-06 | weight_base_open: mean=1.34e-04 std=1.37e-03 | enc_conv1_weight: mean=7.13e-03 std=6.19e-02
[05/14 05:43:19] [GradMonitor step=5010] near-input: bn0: mean=-7.17e-08 std=4.35e-04 pos=0.50 | enc_conv1: mean=1.82e-14 std=2.36e-04 pos=0.50
[05/14 05:43:19] [GradMonitor step=5010] deep/task: enc_layer4: mean=1.08e-05 std=3.64e-05 | PAM: mean=1.18e-04 std=3.93e-04 | CIAM: mean=1.10e-05 std=3.64e-05
[05/14 05:43:19] [GradMonitor step=5010] param-grad: weight_base: mean=-2.05e-08 std=5.85e-07 | weight_base_open: mean=-8.77e-05 std=1.56e-03 | enc_conv1_weight: mean=-1.16e-02 std=6.75e-02
[05/14 05:43:19] [GradMonitor step=5015] near-input: bn0: mean=6.83e-07 std=6.17e-04 pos=0.50 | enc_conv1: mean=-2.14e-13 std=3.42e-04 pos=0.51
[05/14 05:43:19] [GradMonitor step=5015] deep/task: enc_layer4: mean=1.30e-05 std=4.12e-05 | PAM: mean=1.46e-04 std=4.52e-04 | CIAM: mean=1.33e-05 std=4.12e-05
[05/14 05:43:19] [GradMonitor step=5015] param-grad: weight_base: mean=2.02e-08 std=6.05e-07 | weight_base_open: mean=-2.35e-05 std=1.61e-03 | enc_conv1_weight: mean=-2.47e-02 std=7.43e-02
[05/14 05:43:20] [GradMonitor step=5020] near-input: bn0: mean=-4.16e-07 std=3.20e-04 pos=0.50 | enc_conv1: mean=4.77e-14 std=1.72e-04 pos=0.43
[05/14 05:43:20] [GradMonitor step=5020] deep/task: enc_layer4: mean=1.52e-05 std=2.83e-05 | PAM: mean=1.66e-04 std=3.09e-04 | CIAM: mean=1.54e-05 std=2.84e-05
[05/14 05:43:20] [GradMonitor step=5020] param-grad: weight_base: mean=2.30e-09 std=1.69e-06 | weight_base_open: mean=6.61e-05 std=1.57e-03 | enc_conv1_weight: mean=-3.90e-03 std=5.96e-02
[05/14 05:43:20] [GradMonitor step=5025] near-input: bn0: mean=-1.78e-07 std=3.51e-04 pos=0.50 | enc_conv1: mean=0.00e+00 std=1.90e-04 pos=0.54
[05/14 05:43:20] [GradMonitor step=5025] deep/task: enc_layer4: mean=1.22e-05 std=2.34e-05 | PAM: mean=1.34e-04 std=2.54e-04 | CIAM: mean=1.24e-05 std=2.35e-05
[05/14 05:43:20] [GradMonitor step=5025] param-grad: weight_base: mean=3.65e-08 std=1.35e-06 | weight_base_open: mean=1.39e-04 std=1.32e-03 | enc_conv1_weight: mean=9.65e-03 std=6.77e-02
[05/14 05:43:20] [GradMonitor step=5030] near-input: bn0: mean=-1.97e-07 std=2.45e-04 pos=0.50 | enc_conv1: mean=-2.27e-15 std=1.33e-04 pos=0.46
[05/14 05:43:20] [GradMonitor step=5030] deep/task: enc_layer4: mean=1.34e-05 std=2.22e-05 | PAM: mean=1.48e-04 std=2.44e-04 | CIAM: mean=1.36e-05 std=2.23e-05
[05/14 05:43:20] [GradMonitor step=5030] param-grad: weight_base: mean=-1.67e-08 std=3.28e-07 | weight_base_open: mean=-1.27e-04 std=1.15e-03 | enc_conv1_weight: mean=6.03e-03 std=4.45e-02
[05/14 05:43:21] [GradMonitor step=5035] near-input: bn0: mean=3.52e-07 std=4.54e-04 pos=0.50 | enc_conv1: mean=0.00e+00 std=2.43e-04 pos=0.53
[05/14 05:43:21] [GradMonitor step=5035] deep/task: enc_layer4: mean=1.50e-05 std=2.96e-05 | PAM: mean=1.65e-04 std=3.24e-04 | CIAM: mean=1.52e-05 std=2.97e-05
[05/14 05:43:21] [GradMonitor step=5035] param-grad: weight_base: mean=-1.39e-08 std=7.97e-07 | weight_base_open: mean=-4.67e-05 std=1.34e-03 | enc_conv1_weight: mean=2.82e-03 std=5.99e-02
[05/14 05:43:21] [GradMonitor step=5040] near-input: bn0: mean=2.30e-08 std=2.06e-04 pos=0.50 | enc_conv1: mean=3.87e-14 std=1.14e-04 pos=0.47
[05/14 05:43:21] [GradMonitor step=5040] deep/task: enc_layer4: mean=1.26e-05 std=2.59e-05 | PAM: mean=1.39e-04 std=2.82e-04 | CIAM: mean=1.29e-05 std=2.60e-05
[05/14 05:43:21] [GradMonitor step=5040] param-grad: weight_base: mean=2.23e-09 std=7.25e-07 | weight_base_open: mean=-3.74e-05 std=1.28e-03 | enc_conv1_weight: mean=6.82e-03 std=4.53e-02
[05/14 05:43:21] [GradMonitor step=5045] near-input: bn0: mean=-2.88e-07 std=3.97e-04 pos=0.50 | enc_conv1: mean=-3.64e-14 std=2.16e-04 pos=0.48
[05/14 05:43:21] [GradMonitor step=5045] deep/task: enc_layer4: mean=1.50e-05 std=3.24e-05 | PAM: mean=1.67e-04 std=3.57e-04 | CIAM: mean=1.53e-05 std=3.25e-05
[05/14 05:43:21] [GradMonitor step=5045] param-grad: weight_base: mean=-1.61e-09 std=2.36e-07 | weight_base_open: mean=3.50e-05 std=1.28e-03 | enc_conv1_weight: mean=2.35e-02 std=6.51e-02
[05/14 05:43:22] [GradMonitor step=5050] near-input: bn0: mean=4.47e-07 std=4.48e-04 pos=0.50 | enc_conv1: mean=9.09e-15 std=2.41e-04 pos=0.40
[05/14 05:43:22] [GradMonitor step=5050] deep/task: enc_layer4: mean=1.51e-05 std=3.72e-05 | PAM: mean=1.65e-04 std=4.01e-04 | CIAM: mean=1.53e-05 std=3.72e-05
[05/14 05:43:22] [GradMonitor step=5050] param-grad: weight_base: mean=-4.51e-08 std=1.20e-06 | weight_base_open: mean=-1.48e-05 std=1.27e-03 | enc_conv1_weight: mean=-3.21e-04 std=5.63e-02
[05/14 05:43:22] [GradMonitor step=5055] near-input: bn0: mean=-2.38e-07 std=5.41e-04 pos=0.50 | enc_conv1: mean=-5.46e-14 std=2.93e-04 pos=0.54
[05/14 05:43:22] [GradMonitor step=5055] deep/task: enc_layer4: mean=1.71e-05 std=3.96e-05 | PAM: mean=1.88e-04 std=4.31e-04 | CIAM: mean=1.74e-05 std=3.97e-05
[05/14 05:43:22] [GradMonitor step=5055] param-grad: weight_base: mean=-2.56e-09 std=7.87e-07 | weight_base_open: mean=-8.38e-05 std=1.95e-03 | enc_conv1_weight: mean=-1.44e-03 std=6.09e-02
[05/14 05:43:23] [GradMonitor step=5060] near-input: bn0: mean=-3.30e-07 std=4.55e-04 pos=0.50 | enc_conv1: mean=7.28e-14 std=2.42e-04 pos=0.52
[05/14 05:43:23] [GradMonitor step=5060] deep/task: enc_layer4: mean=1.69e-05 std=3.05e-05 | PAM: mean=1.86e-04 std=3.33e-04 | CIAM: mean=1.72e-05 std=3.05e-05
[05/14 05:43:23] [GradMonitor step=5060] param-grad: weight_base: mean=-2.56e-08 std=6.40e-07 | weight_base_open: mean=-9.65e-05 std=9.77e-04 | enc_conv1_weight: mean=1.59e-02 std=6.59e-02
[05/14 05:43:23] [GradMonitor step=5065] near-input: bn0: mean=-7.04e-08 std=3.19e-04 pos=0.50 | enc_conv1: mean=2.27e-15 std=1.70e-04 pos=0.45
[05/14 05:43:23] [GradMonitor step=5065] deep/task: enc_layer4: mean=1.53e-05 std=2.67e-05 | PAM: mean=1.67e-04 std=2.92e-04 | CIAM: mean=1.55e-05 std=2.68e-05
[05/14 05:43:23] [GradMonitor step=5065] param-grad: weight_base: mean=1.94e-08 std=5.97e-07 | weight_base_open: mean=8.58e-05 std=1.52e-03 | enc_conv1_weight: mean=1.31e-04 std=6.08e-02
[05/14 05:43:23] [GradMonitor step=5070] near-input: bn0: mean=6.72e-08 std=2.54e-04 pos=0.50 | enc_conv1: mean=2.50e-14 std=1.36e-04 pos=0.53
[05/14 05:43:23] [GradMonitor step=5070] deep/task: enc_layer4: mean=8.74e-06 std=1.96e-05 | PAM: mean=9.51e-05 std=2.10e-04 | CIAM: mean=8.95e-06 std=1.97e-05
[05/14 05:43:23] [GradMonitor step=5070] param-grad: weight_base: mean=2.06e-08 std=9.47e-07 | weight_base_open: mean=1.42e-05 std=1.68e-03 | enc_conv1_weight: mean=9.47e-03 std=4.58e-02
[05/14 05:43:24] [GradMonitor step=5075] near-input: bn0: mean=-1.01e-08 std=2.67e-04 pos=0.50 | enc_conv1: mean=-4.55e-15 std=1.49e-04 pos=0.55
[05/14 05:43:24] [GradMonitor step=5075] deep/task: enc_layer4: mean=1.26e-05 std=2.67e-05 | PAM: mean=1.38e-04 std=2.90e-04 | CIAM: mean=1.28e-05 std=2.68e-05
[05/14 05:43:24] [GradMonitor step=5075] param-grad: weight_base: mean=4.76e-09 std=3.55e-07 | weight_base_open: mean=4.92e-06 std=9.92e-04 | enc_conv1_weight: mean=-9.66e-03 std=4.15e-02
[05/14 05:43:24] [GradMonitor step=5080] near-input: bn0: mean=9.71e-08 std=2.45e-04 pos=0.50 | enc_conv1: mean=5.46e-14 std=1.34e-04 pos=0.51
[05/14 05:43:24] [GradMonitor step=5080] deep/task: enc_layer4: mean=1.29e-05 std=2.34e-05 | PAM: mean=1.42e-04 std=2.55e-04 | CIAM: mean=1.32e-05 std=2.35e-05
[05/14 05:43:24] [GradMonitor step=5080] param-grad: weight_base: mean=1.05e-08 std=7.32e-07 | weight_base_open: mean=7.18e-05 std=1.29e-03 | enc_conv1_weight: mean=-9.93e-03 std=5.41e-02
[05/14 05:43:24] [GradMonitor step=5085] near-input: bn0: mean=4.12e-07 std=3.24e-04 pos=0.50 | enc_conv1: mean=3.64e-14 std=1.74e-04 pos=0.48
[05/14 05:43:24] [GradMonitor step=5085] deep/task: enc_layer4: mean=1.38e-05 std=2.20e-05 | PAM: mean=1.51e-04 std=2.40e-04 | CIAM: mean=1.40e-05 std=2.22e-05
[05/14 05:43:24] [GradMonitor step=5085] param-grad: weight_base: mean=1.58e-08 std=5.03e-07 | weight_base_open: mean=-3.25e-06 std=1.25e-03 | enc_conv1_weight: mean=8.23e-04 std=4.51e-02
[05/14 05:43:25] [GradMonitor step=5090] near-input: bn0: mean=3.77e-08 std=1.98e-04 pos=0.50 | enc_conv1: mean=-6.03e-14 std=1.08e-04 pos=0.48
[05/14 05:43:25] [GradMonitor step=5090] deep/task: enc_layer4: mean=1.15e-05 std=1.81e-05 | PAM: mean=1.25e-04 std=1.96e-04 | CIAM: mean=1.17e-05 std=1.82e-05
[05/14 05:43:25] [GradMonitor step=5090] param-grad: weight_base: mean=-8.46e-09 std=9.67e-07 | weight_base_open: mean=9.12e-05 std=1.77e-03 | enc_conv1_weight: mean=-2.86e-03 std=4.73e-02
[05/14 05:43:25] [GradMonitor step=5095] near-input: bn0: mean=1.16e-07 std=4.51e-04 pos=0.50 | enc_conv1: mean=1.05e-13 std=2.50e-04 pos=0.43
[05/14 05:43:25] [GradMonitor step=5095] deep/task: enc_layer4: mean=1.40e-05 std=3.20e-05 | PAM: mean=1.54e-04 std=3.49e-04 | CIAM: mean=1.43e-05 std=3.21e-05
[05/14 05:43:25] [GradMonitor step=5095] param-grad: weight_base: mean=3.24e-08 std=7.09e-07 | weight_base_open: mean=-5.21e-05 std=1.75e-03 | enc_conv1_weight: mean=2.57e-03 std=7.71e-02
[05/14 05:43:25] [GradMonitor step=5100] near-input: bn0: mean=-2.03e-07 std=2.66e-04 pos=0.50 | enc_conv1: mean=-2.50e-14 std=1.47e-04 pos=0.53
[05/14 05:43:25] [GradMonitor step=5100] deep/task: enc_layer4: mean=1.41e-05 std=2.39e-05 | PAM: mean=1.56e-04 std=2.62e-04 | CIAM: mean=1.44e-05 std=2.40e-05
[05/14 05:43:25] [GradMonitor step=5100] param-grad: weight_base: mean=-8.30e-09 std=7.19e-07 | weight_base_open: mean=-1.46e-04 std=1.65e-03 | enc_conv1_weight: mean=-8.02e-03 std=5.25e-02
[05/14 05:43:26] [GradMonitor step=5105] near-input: bn0: mean=-1.08e-07 std=3.03e-04 pos=0.50 | enc_conv1: mean=5.00e-14 std=1.64e-04 pos=0.50
[05/14 05:43:26] [GradMonitor step=5105] deep/task: enc_layer4: mean=1.15e-05 std=2.69e-05 | PAM: mean=1.27e-04 std=2.96e-04 | CIAM: mean=1.17e-05 std=2.70e-05
[05/14 05:43:26] [GradMonitor step=5105] param-grad: weight_base: mean=1.89e-08 std=7.37e-07 | weight_base_open: mean=5.13e-05 std=1.04e-03 | enc_conv1_weight: mean=2.16e-03 std=5.42e-02
[05/14 05:43:26] [GradMonitor step=5110] near-input: bn0: mean=-9.80e-09 std=3.08e-04 pos=0.50 | enc_conv1: mean=2.27e-15 std=1.70e-04 pos=0.45
[05/14 05:43:26] [GradMonitor step=5110] deep/task: enc_layer4: mean=1.42e-05 std=2.96e-05 | PAM: mean=1.57e-04 std=3.29e-04 | CIAM: mean=1.45e-05 std=2.97e-05
[05/14 05:43:26] [GradMonitor step=5110] param-grad: weight_base: mean=9.80e-09 std=5.43e-07 | weight_base_open: mean=2.18e-05 std=1.38e-03 | enc_conv1_weight: mean=1.02e-02 std=5.11e-02
[05/14 05:43:27] [GradMonitor step=5115] near-input: bn0: mean=-1.11e-07 std=1.77e-04 pos=0.50 | enc_conv1: mean=6.48e-14 std=9.83e-05 pos=0.50
[05/14 05:43:27] [GradMonitor step=5115] deep/task: enc_layer4: mean=8.40e-06 std=2.26e-05 | PAM: mean=9.16e-05 std=2.47e-04 | CIAM: mean=8.52e-06 std=2.26e-05
[05/14 05:43:27] [GradMonitor step=5115] param-grad: weight_base: mean=-1.83e-08 std=7.33e-07 | weight_base_open: mean=1.03e-04 std=1.36e-03 | enc_conv1_weight: mean=2.71e-04 std=5.61e-02
[05/14 05:43:27] [GradMonitor step=5120] near-input: bn0: mean=-1.21e-07 std=2.37e-04 pos=0.50 | enc_conv1: mean=5.68e-15 std=1.30e-04 pos=0.50
[05/14 05:43:27] [GradMonitor step=5120] deep/task: enc_layer4: mean=1.32e-05 std=2.34e-05 | PAM: mean=1.46e-04 std=2.55e-04 | CIAM: mean=1.34e-05 std=2.34e-05
[05/14 05:43:27] [GradMonitor step=5120] param-grad: weight_base: mean=1.07e-09 std=3.38e-07 | weight_base_open: mean=-1.88e-05 std=1.60e-03 | enc_conv1_weight: mean=6.10e-03 std=4.81e-02
[05/14 05:43:27] [GradMonitor step=5125] near-input: bn0: mean=1.42e-07 std=2.88e-04 pos=0.50 | enc_conv1: mean=1.11e-13 std=1.60e-04 pos=0.55
[05/14 05:43:27] [GradMonitor step=5125] deep/task: enc_layer4: mean=1.42e-05 std=2.74e-05 | PAM: mean=1.56e-04 std=3.00e-04 | CIAM: mean=1.45e-05 std=2.74e-05
[05/14 05:43:27] [GradMonitor step=5125] param-grad: weight_base: mean=-1.27e-08 std=3.55e-07 | weight_base_open: mean=1.08e-04 std=1.80e-03 | enc_conv1_weight: mean=1.39e-02 std=6.92e-02
[05/14 05:43:28] [GradMonitor step=5130] near-input: bn0: mean=-2.00e-07 std=3.77e-04 pos=0.50 | enc_conv1: mean=6.93e-14 std=2.09e-04 pos=0.38
[05/14 05:43:28] [GradMonitor step=5130] deep/task: enc_layer4: mean=1.16e-05 std=3.05e-05 | PAM: mean=1.27e-04 std=3.31e-04 | CIAM: mean=1.18e-05 std=3.05e-05
[05/14 05:43:28] [GradMonitor step=5130] param-grad: weight_base: mean=-3.80e-08 std=6.98e-07 | weight_base_open: mean=7.04e-05 std=1.27e-03 | enc_conv1_weight: mean=-2.63e-03 std=5.95e-02
[05/14 05:43:28] [GradMonitor step=5135] near-input: bn0: mean=-2.28e-07 std=3.55e-04 pos=0.50 | enc_conv1: mean=3.18e-14 std=2.05e-04 pos=0.45
[05/14 05:43:28] [GradMonitor step=5135] deep/task: enc_layer4: mean=1.72e-05 std=3.06e-05 | PAM: mean=1.91e-04 std=3.35e-04 | CIAM: mean=1.76e-05 std=3.07e-05
[05/14 05:43:28] [GradMonitor step=5135] param-grad: weight_base: mean=-6.93e-09 std=7.00e-07 | weight_base_open: mean=7.83e-05 std=1.38e-03 | enc_conv1_weight: mean=-9.67e-03 std=5.35e-02
[05/14 05:43:28] [GradMonitor step=5140] near-input: bn0: mean=1.81e-07 std=5.34e-04 pos=0.50 | enc_conv1: mean=-1.18e-13 std=2.84e-04 pos=0.55
[05/14 05:43:28] [GradMonitor step=5140] deep/task: enc_layer4: mean=1.58e-05 std=3.79e-05 | PAM: mean=1.72e-04 std=4.14e-04 | CIAM: mean=1.60e-05 std=3.79e-05
[05/14 05:43:28] [GradMonitor step=5140] param-grad: weight_base: mean=-1.29e-08 std=6.18e-07 | weight_base_open: mean=1.11e-04 std=1.31e-03 | enc_conv1_weight: mean=4.45e-05 std=5.70e-02
[05/14 05:43:29] [GradMonitor step=5145] near-input: bn0: mean=-1.54e-08 std=3.19e-04 pos=0.50 | enc_conv1: mean=-1.46e-13 std=1.74e-04 pos=0.47
[05/14 05:43:29] [GradMonitor step=5145] deep/task: enc_layer4: mean=1.22e-05 std=2.70e-05 | PAM: mean=1.35e-04 std=2.95e-04 | CIAM: mean=1.25e-05 std=2.71e-05
[05/14 05:43:29] [GradMonitor step=5145] param-grad: weight_base: mean=4.51e-08 std=7.45e-07 | weight_base_open: mean=1.51e-05 std=1.95e-03 | enc_conv1_weight: mean=3.83e-03 std=5.21e-02
[05/14 05:43:29] [GradMonitor step=5150] near-input: bn0: mean=5.93e-07 std=3.51e-04 pos=0.50 | enc_conv1: mean=7.05e-14 std=1.94e-04 pos=0.53
[05/14 05:43:29] [GradMonitor step=5150] deep/task: enc_layer4: mean=1.23e-05 std=2.66e-05 | PAM: mean=1.36e-04 std=2.91e-04 | CIAM: mean=1.25e-05 std=2.66e-05
[05/14 05:43:29] [GradMonitor step=5150] param-grad: weight_base: mean=3.08e-09 std=5.70e-07 | weight_base_open: mean=9.87e-05 std=1.82e-03 | enc_conv1_weight: mean=4.51e-03 std=6.31e-02
[05/14 05:43:30] [GradMonitor step=5155] near-input: bn0: mean=3.33e-07 std=3.68e-04 pos=0.50 | enc_conv1: mean=3.87e-14 std=1.97e-04 pos=0.53
[05/14 05:43:30] [GradMonitor step=5155] deep/task: enc_layer4: mean=1.40e-05 std=2.85e-05 | PAM: mean=1.53e-04 std=3.10e-04 | CIAM: mean=1.42e-05 std=2.86e-05
[05/14 05:43:30] [GradMonitor step=5155] param-grad: weight_base: mean=-1.58e-08 std=6.45e-07 | weight_base_open: mean=-1.07e-04 std=1.47e-03 | enc_conv1_weight: mean=-8.07e-03 std=4.95e-02
[05/14 05:43:30] [GradMonitor step=5160] near-input: bn0: mean=3.85e-07 std=4.29e-04 pos=0.50 | enc_conv1: mean=-1.02e-13 std=2.33e-04 pos=0.45
[05/14 05:43:30] [GradMonitor step=5160] deep/task: enc_layer4: mean=1.60e-05 std=3.16e-05 | PAM: mean=1.74e-04 std=3.43e-04 | CIAM: mean=1.63e-05 std=3.17e-05
[05/14 05:43:30] [GradMonitor step=5160] param-grad: weight_base: mean=2.84e-08 std=4.90e-07 | weight_base_open: mean=1.13e-04 std=1.32e-03 | enc_conv1_weight: mean=7.98e-03 std=7.21e-02
[05/14 05:43:30] [GradMonitor step=5165] near-input: bn0: mean=-3.93e-07 std=3.97e-04 pos=0.50 | enc_conv1: mean=-1.36e-14 std=2.25e-04 pos=0.48
[05/14 05:43:30] [GradMonitor step=5165] deep/task: enc_layer4: mean=1.18e-05 std=3.23e-05 | PAM: mean=1.32e-04 std=3.54e-04 | CIAM: mean=1.20e-05 std=3.23e-05
[05/14 05:43:30] [GradMonitor step=5165] param-grad: weight_base: mean=-3.57e-08 std=9.73e-07 | weight_base_open: mean=-9.13e-05 std=2.39e-03 | enc_conv1_weight: mean=-8.11e-03 std=5.09e-02
[05/14 05:43:31] [GradMonitor step=5170] near-input: bn0: mean=3.18e-07 std=4.69e-04 pos=0.50 | enc_conv1: mean=-5.23e-14 std=2.60e-04 pos=0.56
[05/14 05:43:31] [GradMonitor step=5170] deep/task: enc_layer4: mean=1.24e-05 std=3.24e-05 | PAM: mean=1.39e-04 std=3.53e-04 | CIAM: mean=1.27e-05 std=3.24e-05
[05/14 05:43:31] [GradMonitor step=5170] param-grad: weight_base: mean=1.76e-09 std=8.89e-07 | weight_base_open: mean=7.79e-05 std=1.69e-03 | enc_conv1_weight: mean=-1.20e-02 std=7.06e-02
[05/14 05:43:31] [GradMonitor step=5175] near-input: bn0: mean=1.50e-07 std=2.84e-04 pos=0.50 | enc_conv1: mean=5.00e-14 std=1.55e-04 pos=0.49
[05/14 05:43:31] [GradMonitor step=5175] deep/task: enc_layer4: mean=1.21e-05 std=2.17e-05 | PAM: mean=1.32e-04 std=2.34e-04 | CIAM: mean=1.23e-05 std=2.17e-05
[05/14 05:43:31] [GradMonitor step=5175] param-grad: weight_base: mean=5.75e-08 std=1.05e-06 | weight_base_open: mean=4.34e-05 std=1.71e-03 | enc_conv1_weight: mean=-7.14e-03 std=4.13e-02
[05/14 05:43:31] [GradMonitor step=5180] near-input: bn0: mean=-1.75e-07 std=5.63e-04 pos=0.50 | enc_conv1: mean=4.09e-14 std=3.05e-04 pos=0.45
[05/14 05:43:31] [GradMonitor step=5180] deep/task: enc_layer4: mean=1.56e-05 std=3.48e-05 | PAM: mean=1.72e-04 std=3.81e-04 | CIAM: mean=1.59e-05 std=3.50e-05
[05/14 05:43:31] [GradMonitor step=5180] param-grad: weight_base: mean=-1.19e-09 std=1.02e-06 | weight_base_open: mean=4.15e-05 std=1.15e-03 | enc_conv1_weight: mean=-4.44e-03 std=5.19e-02
[05/14 05:43:32] [GradMonitor step=5185] near-input: bn0: mean=-4.88e-08 std=4.57e-04 pos=0.50 | enc_conv1: mean=-4.55e-15 std=2.53e-04 pos=0.52
[05/14 05:43:32] [GradMonitor step=5185] deep/task: enc_layer4: mean=1.46e-05 std=3.23e-05 | PAM: mean=1.61e-04 std=3.54e-04 | CIAM: mean=1.48e-05 std=3.24e-05
[05/14 05:43:32] [GradMonitor step=5185] param-grad: weight_base: mean=8.36e-09 std=5.84e-07 | weight_base_open: mean=1.66e-06 std=1.53e-03 | enc_conv1_weight: mean=8.08e-03 std=6.39e-02
[05/14 05:43:32] [GradMonitor step=5190] near-input: bn0: mean=2.54e-07 std=4.64e-04 pos=0.50 | enc_conv1: mean=-2.41e-13 std=2.56e-04 pos=0.43
[05/14 05:43:32] [GradMonitor step=5190] deep/task: enc_layer4: mean=1.67e-05 std=3.06e-05 | PAM: mean=1.85e-04 std=3.35e-04 | CIAM: mean=1.70e-05 std=3.07e-05
[05/14 05:43:32] [GradMonitor step=5190] param-grad: weight_base: mean=6.67e-08 std=1.29e-06 | weight_base_open: mean=4.87e-05 std=1.59e-03 | enc_conv1_weight: mean=-8.16e-03 std=5.23e-02
[05/14 05:43:32] [GradMonitor step=5195] near-input: bn0: mean=-4.41e-08 std=1.93e-04 pos=0.50 | enc_conv1: mean=-1.25e-14 std=1.05e-04 pos=0.40
[05/14 05:43:32] [GradMonitor step=5195] deep/task: enc_layer4: mean=1.08e-05 std=1.72e-05 | PAM: mean=1.18e-04 std=1.86e-04 | CIAM: mean=1.11e-05 std=1.73e-05
[05/14 05:43:32] [GradMonitor step=5195] param-grad: weight_base: mean=3.54e-09 std=3.70e-07 | weight_base_open: mean=1.01e-04 std=9.83e-04 | enc_conv1_weight: mean=-7.03e-03 std=4.48e-02
[05/14 05:43:33] [GradMonitor step=5200] near-input: bn0: mean=1.25e-07 std=6.59e-04 pos=0.50 | enc_conv1: mean=1.23e-13 std=3.65e-04 pos=0.46
[05/14 05:43:33] [GradMonitor step=5200] deep/task: enc_layer4: mean=1.54e-05 std=4.70e-05 | PAM: mean=1.74e-04 std=5.06e-04 | CIAM: mean=1.57e-05 std=4.70e-05
[05/14 05:43:33] [GradMonitor step=5200] param-grad: weight_base: mean=-1.12e-08 std=1.21e-06 | weight_base_open: mean=-5.04e-05 std=1.93e-03 | enc_conv1_weight: mean=6.29e-03 std=6.51e-02
[05/14 05:43:33] 
[05/14 05:43:33] epoch 13/20, iter 5200:
[05/14 05:43:33] train_loss: 0.97437
[05/14 05:43:33] train_acc: 0.976
[05/14 05:43:33] train_auroc: 0.960
[05/14 05:43:39] Summary name val_6-way-5-shot_tpr@tnr95 is illegal; using val_6-way-5-shot_tpr_tnr95 instead.
[05/14 05:43:39] val_6-way-5-shot_acc: 59.306	0.710
[05/14 05:43:39] val_6-way-5-shot_auroc: 46.704	1.867
[05/14 05:43:39] val_6-way-5-shot_fscore: 20.475	0.238
[05/14 05:43:39] val_6-way-5-shot_tpr@tnr95: 2.888	1.134
[05/14 05:43:39] val_6-way-5-shot_osr: 48.210	0.565
[05/14 05:43:40] [GradMonitor step=5205] near-input: bn0: mean=-4.68e-07 std=3.92e-04 pos=0.50 | enc_conv1: mean=0.00e+00 std=2.15e-04 pos=0.46
[05/14 05:43:40] [GradMonitor step=5205] deep/task: enc_layer4: mean=1.17e-05 std=3.10e-05 | PAM: mean=1.30e-04 std=3.37e-04 | CIAM: mean=1.19e-05 std=3.11e-05
[05/14 05:43:40] [GradMonitor step=5205] param-grad: weight_base: mean=-6.98e-08 std=1.97e-06 | weight_base_open: mean=-8.77e-05 std=1.93e-03 | enc_conv1_weight: mean=7.19e-04 std=4.89e-02
[05/14 05:43:40] [GradMonitor step=5210] near-input: bn0: mean=1.85e-07 std=2.04e-04 pos=0.50 | enc_conv1: mean=-2.27e-14 std=1.12e-04 pos=0.47
[05/14 05:43:40] [GradMonitor step=5210] deep/task: enc_layer4: mean=1.17e-05 std=1.99e-05 | PAM: mean=1.28e-04 std=2.15e-04 | CIAM: mean=1.20e-05 std=2.01e-05
[05/14 05:43:40] [GradMonitor step=5210] param-grad: weight_base: mean=1.03e-08 std=1.31e-06 | weight_base_open: mean=1.32e-04 std=1.76e-03 | enc_conv1_weight: mean=3.25e-03 std=4.92e-02
[05/14 05:43:41] [GradMonitor step=5215] near-input: bn0: mean=3.18e-07 std=3.02e-04 pos=0.50 | enc_conv1: mean=-1.10e-13 std=1.64e-04 pos=0.48
[05/14 05:43:41] [GradMonitor step=5215] deep/task: enc_layer4: mean=1.41e-05 std=2.38e-05 | PAM: mean=1.54e-04 std=2.55e-04 | CIAM: mean=1.44e-05 std=2.39e-05
[05/14 05:43:41] [GradMonitor step=5215] param-grad: weight_base: mean=-4.52e-10 std=1.10e-06 | weight_base_open: mean=1.91e-05 std=1.98e-03 | enc_conv1_weight: mean=1.01e-04 std=4.45e-02
[05/14 05:43:41] [GradMonitor step=5220] near-input: bn0: mean=5.00e-08 std=4.69e-04 pos=0.50 | enc_conv1: mean=-1.46e-13 std=2.61e-04 pos=0.50
[05/14 05:43:41] [GradMonitor step=5220] deep/task: enc_layer4: mean=1.34e-05 std=3.59e-05 | PAM: mean=1.48e-04 std=3.95e-04 | CIAM: mean=1.36e-05 std=3.59e-05
[05/14 05:43:41] [GradMonitor step=5220] param-grad: weight_base: mean=-2.32e-08 std=8.98e-07 | weight_base_open: mean=3.70e-05 std=1.96e-03 | enc_conv1_weight: mean=-4.84e-03 std=6.58e-02
[05/14 05:43:41] [GradMonitor step=5225] near-input: bn0: mean=3.01e-07 std=4.89e-04 pos=0.50 | enc_conv1: mean=1.36e-14 std=2.65e-04 pos=0.55
[05/14 05:43:41] [GradMonitor step=5225] deep/task: enc_layer4: mean=1.88e-05 std=3.54e-05 | PAM: mean=2.08e-04 std=3.91e-04 | CIAM: mean=1.92e-05 std=3.55e-05
[05/14 05:43:41] [GradMonitor step=5225] param-grad: weight_base: mean=2.14e-08 std=1.28e-06 | weight_base_open: mean=-7.61e-05 std=1.21e-03 | enc_conv1_weight: mean=1.24e-02 std=6.02e-02
[05/14 05:43:42] [GradMonitor step=5230] near-input: bn0: mean=-1.00e-08 std=2.40e-04 pos=0.50 | enc_conv1: mean=-4.55e-14 std=1.34e-04 pos=0.43
[05/14 05:43:42] [GradMonitor step=5230] deep/task: enc_layer4: mean=8.07e-06 std=2.62e-05 | PAM: mean=8.96e-05 std=2.87e-04 | CIAM: mean=8.24e-06 std=2.62e-05
[05/14 05:43:42] [GradMonitor step=5230] param-grad: weight_base: mean=-1.41e-08 std=9.62e-07 | weight_base_open: mean=-3.27e-05 std=1.77e-03 | enc_conv1_weight: mean=3.36e-03 std=5.99e-02
[05/14 05:43:42] [GradMonitor step=5235] near-input: bn0: mean=-3.41e-07 std=5.08e-04 pos=0.50 | enc_conv1: mean=-5.91e-14 std=2.81e-04 pos=0.49
[05/14 05:43:42] [GradMonitor step=5235] deep/task: enc_layer4: mean=1.40e-05 std=3.65e-05 | PAM: mean=1.54e-04 std=4.01e-04 | CIAM: mean=1.42e-05 std=3.65e-05
[05/14 05:43:42] [GradMonitor step=5235] param-grad: weight_base: mean=-4.10e-08 std=7.59e-07 | weight_base_open: mean=-1.89e-05 std=1.37e-03 | enc_conv1_weight: mean=-1.81e-02 std=5.48e-02
[05/14 05:43:43] [GradMonitor step=5240] near-input: bn0: mean=-2.92e-07 std=2.33e-04 pos=0.50 | enc_conv1: mean=1.71e-14 std=1.27e-04 pos=0.46
[05/14 05:43:43] [GradMonitor step=5240] deep/task: enc_layer4: mean=1.28e-05 std=2.17e-05 | PAM: mean=1.40e-04 std=2.34e-04 | CIAM: mean=1.30e-05 std=2.17e-05
[05/14 05:43:43] [GradMonitor step=5240] param-grad: weight_base: mean=-1.49e-08 std=3.88e-07 | weight_base_open: mean=-5.56e-05 std=1.24e-03 | enc_conv1_weight: mean=-7.43e-03 std=4.61e-02
[05/14 05:43:43] [GradMonitor step=5245] near-input: bn0: mean=1.88e-07 std=2.97e-04 pos=0.50 | enc_conv1: mean=6.82e-15 std=1.58e-04 pos=0.50
[05/14 05:43:43] [GradMonitor step=5245] deep/task: enc_layer4: mean=1.36e-05 std=2.00e-05 | PAM: mean=1.49e-04 std=2.19e-04 | CIAM: mean=1.39e-05 std=2.01e-05
[05/14 05:43:43] [GradMonitor step=5245] param-grad: weight_base: mean=1.12e-08 std=1.31e-06 | weight_base_open: mean=4.89e-05 std=1.58e-03 | enc_conv1_weight: mean=3.24e-03 std=3.33e-02
[05/14 05:43:43] [GradMonitor step=5250] near-input: bn0: mean=1.42e-07 std=4.07e-04 pos=0.50 | enc_conv1: mean=-5.00e-14 std=2.22e-04 pos=0.43
[05/14 05:43:43] [GradMonitor step=5250] deep/task: enc_layer4: mean=1.44e-05 std=3.53e-05 | PAM: mean=1.59e-04 std=3.84e-04 | CIAM: mean=1.47e-05 std=3.53e-05
[05/14 05:43:43] [GradMonitor step=5250] param-grad: weight_base: mean=-1.92e-08 std=1.40e-06 | weight_base_open: mean=9.56e-05 std=1.64e-03 | enc_conv1_weight: mean=5.60e-04 std=8.18e-02
[05/14 05:43:44] [GradMonitor step=5255] near-input: bn0: mean=2.88e-07 std=3.66e-04 pos=0.50 | enc_conv1: mean=-1.64e-13 std=1.96e-04 pos=0.43
[05/14 05:43:44] [GradMonitor step=5255] deep/task: enc_layer4: mean=1.26e-05 std=3.09e-05 | PAM: mean=1.40e-04 std=3.38e-04 | CIAM: mean=1.29e-05 std=3.10e-05
[05/14 05:43:44] [GradMonitor step=5255] param-grad: weight_base: mean=1.83e-08 std=9.15e-07 | weight_base_open: mean=2.93e-05 std=1.23e-03 | enc_conv1_weight: mean=3.94e-03 std=4.61e-02
[05/14 05:43:44] [GradMonitor step=5260] near-input: bn0: mean=-2.47e-07 std=2.79e-04 pos=0.50 | enc_conv1: mean=-1.14e-14 std=1.54e-04 pos=0.54
[05/14 05:43:44] [GradMonitor step=5260] deep/task: enc_layer4: mean=1.52e-05 std=2.76e-05 | PAM: mean=1.68e-04 std=3.02e-04 | CIAM: mean=1.55e-05 std=2.77e-05
[05/14 05:43:44] [GradMonitor step=5260] param-grad: weight_base: mean=-2.08e-08 std=8.85e-07 | weight_base_open: mean=6.59e-05 std=1.39e-03 | enc_conv1_weight: mean=-1.49e-02 std=5.67e-02
[05/14 05:43:44] [GradMonitor step=5265] near-input: bn0: mean=-7.23e-09 std=2.33e-04 pos=0.50 | enc_conv1: mean=-4.55e-14 std=1.27e-04 pos=0.51
[05/14 05:43:44] [GradMonitor step=5265] deep/task: enc_layer4: mean=1.29e-05 std=1.99e-05 | PAM: mean=1.42e-04 std=2.17e-04 | CIAM: mean=1.31e-05 std=2.00e-05
[05/14 05:43:44] [GradMonitor step=5265] param-grad: weight_base: mean=1.36e-08 std=9.03e-07 | weight_base_open: mean=3.73e-05 std=1.03e-03 | enc_conv1_weight: mean=-1.15e-02 std=4.45e-02
[05/14 05:43:45] [GradMonitor step=5270] near-input: bn0: mean=4.53e-07 std=2.76e-04 pos=0.50 | enc_conv1: mean=5.68e-15 std=1.51e-04 pos=0.49
[05/14 05:43:45] [GradMonitor step=5270] deep/task: enc_layer4: mean=1.47e-05 std=2.26e-05 | PAM: mean=1.62e-04 std=2.46e-04 | CIAM: mean=1.50e-05 std=2.27e-05
[05/14 05:43:45] [GradMonitor step=5270] param-grad: weight_base: mean=-1.59e-08 std=1.19e-06 | weight_base_open: mean=4.47e-05 std=1.91e-03 | enc_conv1_weight: mean=-5.85e-03 std=6.12e-02
[05/14 05:43:45] [GradMonitor step=5275] near-input: bn0: mean=-1.14e-07 std=2.43e-04 pos=0.50 | enc_conv1: mean=4.55e-14 std=1.34e-04 pos=0.53
[05/14 05:43:45] [GradMonitor step=5275] deep/task: enc_layer4: mean=1.22e-05 std=2.12e-05 | PAM: mean=1.32e-04 std=2.30e-04 | CIAM: mean=1.24e-05 std=2.13e-05
[05/14 05:43:45] [GradMonitor step=5275] param-grad: weight_base: mean=-1.08e-08 std=8.73e-07 | weight_base_open: mean=-1.64e-04 std=1.21e-03 | enc_conv1_weight: mean=1.24e-02 std=4.27e-02
[05/14 05:43:46] [GradMonitor step=5280] near-input: bn0: mean=3.50e-07 std=4.36e-04 pos=0.50 | enc_conv1: mean=-9.55e-14 std=2.41e-04 pos=0.47
[05/14 05:43:46] [GradMonitor step=5280] deep/task: enc_layer4: mean=1.32e-05 std=3.19e-05 | PAM: mean=1.46e-04 std=3.47e-04 | CIAM: mean=1.34e-05 std=3.19e-05
[05/14 05:43:46] [GradMonitor step=5280] param-grad: weight_base: mean=-2.38e-08 std=9.61e-07 | weight_base_open: mean=8.08e-05 std=1.86e-03 | enc_conv1_weight: mean=1.37e-02 std=3.91e-02
[05/14 05:43:46] [GradMonitor step=5285] near-input: bn0: mean=3.53e-07 std=2.46e-04 pos=0.50 | enc_conv1: mean=-1.82e-14 std=1.35e-04 pos=0.43
[05/14 05:43:46] [GradMonitor step=5285] deep/task: enc_layer4: mean=1.33e-05 std=2.30e-05 | PAM: mean=1.46e-04 std=2.50e-04 | CIAM: mean=1.35e-05 std=2.30e-05
[05/14 05:43:46] [GradMonitor step=5285] param-grad: weight_base: mean=1.75e-08 std=6.78e-07 | weight_base_open: mean=-3.58e-05 std=1.36e-03 | enc_conv1_weight: mean=1.63e-02 std=5.30e-02
[05/14 05:43:46] [GradMonitor step=5290] near-input: bn0: mean=7.96e-09 std=3.63e-04 pos=0.50 | enc_conv1: mean=1.96e-13 std=2.03e-04 pos=0.47
[05/14 05:43:46] [GradMonitor step=5290] deep/task: enc_layer4: mean=1.66e-05 std=3.18e-05 | PAM: mean=1.82e-04 std=3.47e-04 | CIAM: mean=1.69e-05 std=3.19e-05
[05/14 05:43:46] [GradMonitor step=5290] param-grad: weight_base: mean=-6.58e-10 std=1.03e-06 | weight_base_open: mean=1.03e-04 std=1.41e-03 | enc_conv1_weight: mean=-2.86e-03 std=5.28e-02
[05/14 05:43:47] [GradMonitor step=5295] near-input: bn0: mean=-9.29e-08 std=1.48e-04 pos=0.50 | enc_conv1: mean=2.27e-15 std=8.30e-05 pos=0.49
[05/14 05:43:47] [GradMonitor step=5295] deep/task: enc_layer4: mean=1.00e-05 std=1.77e-05 | PAM: mean=1.10e-04 std=1.91e-04 | CIAM: mean=1.02e-05 std=1.78e-05
[05/14 05:43:47] [GradMonitor step=5295] param-grad: weight_base: mean=-2.06e-09 std=5.42e-07 | weight_base_open: mean=1.22e-06 std=1.19e-03 | enc_conv1_weight: mean=2.03e-03 std=5.27e-02
[05/14 05:43:47] [GradMonitor step=5300] near-input: bn0: mean=3.26e-08 std=4.14e-04 pos=0.50 | enc_conv1: mean=-4.55e-15 std=2.22e-04 pos=0.52
[05/14 05:43:47] [GradMonitor step=5300] deep/task: enc_layer4: mean=1.54e-05 std=3.31e-05 | PAM: mean=1.70e-04 std=3.64e-04 | CIAM: mean=1.57e-05 std=3.32e-05
[05/14 05:43:47] [GradMonitor step=5300] param-grad: weight_base: mean=-2.79e-08 std=7.74e-07 | weight_base_open: mean=1.34e-04 std=1.48e-03 | enc_conv1_weight: mean=-6.25e-03 std=6.40e-02
[05/14 05:43:47] [GradMonitor step=5305] near-input: bn0: mean=7.65e-08 std=4.19e-04 pos=0.50 | enc_conv1: mean=1.82e-14 std=2.35e-04 pos=0.48
[05/14 05:43:47] [GradMonitor step=5305] deep/task: enc_layer4: mean=1.42e-05 std=3.67e-05 | PAM: mean=1.57e-04 std=4.05e-04 | CIAM: mean=1.44e-05 std=3.68e-05
[05/14 05:43:47] [GradMonitor step=5305] param-grad: weight_base: mean=-1.67e-08 std=7.79e-07 | weight_base_open: mean=7.00e-05 std=1.50e-03 | enc_conv1_weight: mean=-1.25e-02 std=8.45e-02
[05/14 05:43:48] [GradMonitor step=5310] near-input: bn0: mean=1.26e-07 std=5.83e-04 pos=0.50 | enc_conv1: mean=1.93e-13 std=3.20e-04 pos=0.46
[05/14 05:43:48] [GradMonitor step=5310] deep/task: enc_layer4: mean=1.45e-05 std=3.97e-05 | PAM: mean=1.60e-04 std=4.36e-04 | CIAM: mean=1.47e-05 std=3.98e-05
[05/14 05:43:48] [GradMonitor step=5310] param-grad: weight_base: mean=-2.27e-09 std=7.70e-07 | weight_base_open: mean=3.42e-05 std=1.78e-03 | enc_conv1_weight: mean=2.33e-03 std=6.36e-02
[05/14 05:43:48] [GradMonitor step=5315] near-input: bn0: mean=-2.02e-08 std=3.96e-04 pos=0.50 | enc_conv1: mean=2.27e-15 std=2.19e-04 pos=0.46
[05/14 05:43:48] [GradMonitor step=5315] deep/task: enc_layer4: mean=1.35e-05 std=3.20e-05 | PAM: mean=1.48e-04 std=3.48e-04 | CIAM: mean=1.38e-05 std=3.20e-05
[05/14 05:43:48] [GradMonitor step=5315] param-grad: weight_base: mean=4.13e-09 std=6.80e-07 | weight_base_open: mean=-1.45e-05 std=9.35e-04 | enc_conv1_weight: mean=7.55e-03 std=4.80e-02
[05/14 05:43:49] [GradMonitor step=5320] near-input: bn0: mean=-4.45e-08 std=3.16e-04 pos=0.50 | enc_conv1: mean=1.36e-14 std=1.74e-04 pos=0.60
[05/14 05:43:49] [GradMonitor step=5320] deep/task: enc_layer4: mean=1.62e-05 std=2.95e-05 | PAM: mean=1.78e-04 std=3.23e-04 | CIAM: mean=1.64e-05 std=2.96e-05
[05/14 05:43:49] [GradMonitor step=5320] param-grad: weight_base: mean=2.08e-08 std=1.06e-06 | weight_base_open: mean=7.92e-06 std=1.37e-03 | enc_conv1_weight: mean=-4.19e-03 std=4.90e-02
[05/14 05:43:49] [GradMonitor step=5325] near-input: bn0: mean=-2.59e-08 std=2.08e-04 pos=0.50 | enc_conv1: mean=-5.57e-14 std=1.14e-04 pos=0.54
[05/14 05:43:49] [GradMonitor step=5325] deep/task: enc_layer4: mean=8.66e-06 std=1.82e-05 | PAM: mean=9.43e-05 std=1.96e-04 | CIAM: mean=8.82e-06 std=1.83e-05
[05/14 05:43:49] [GradMonitor step=5325] param-grad: weight_base: mean=1.48e-09 std=9.55e-07 | weight_base_open: mean=9.19e-06 std=1.60e-03 | enc_conv1_weight: mean=-1.05e-03 std=4.10e-02
[05/14 05:43:49] [GradMonitor step=5330] near-input: bn0: mean=-6.43e-07 std=3.40e-04 pos=0.50 | enc_conv1: mean=-3.41e-14 std=1.85e-04 pos=0.49
[05/14 05:43:49] [GradMonitor step=5330] deep/task: enc_layer4: mean=1.24e-05 std=2.70e-05 | PAM: mean=1.37e-04 std=2.93e-04 | CIAM: mean=1.27e-05 std=2.71e-05
[05/14 05:43:49] [GradMonitor step=5330] param-grad: weight_base: mean=-4.70e-09 std=8.90e-07 | weight_base_open: mean=-3.34e-05 std=1.17e-03 | enc_conv1_weight: mean=-2.51e-03 std=5.48e-02
[05/14 05:43:50] [GradMonitor step=5335] near-input: bn0: mean=1.43e-07 std=3.81e-04 pos=0.50 | enc_conv1: mean=-1.59e-14 std=2.04e-04 pos=0.55
[05/14 05:43:50] [GradMonitor step=5335] deep/task: enc_layer4: mean=1.50e-05 std=2.40e-05 | PAM: mean=1.64e-04 std=2.59e-04 | CIAM: mean=1.53e-05 std=2.41e-05
[05/14 05:43:50] [GradMonitor step=5335] param-grad: weight_base: mean=1.70e-08 std=8.30e-07 | weight_base_open: mean=1.43e-04 std=1.37e-03 | enc_conv1_weight: mean=4.38e-03 std=5.50e-02
[05/14 05:43:50] [GradMonitor step=5340] near-input: bn0: mean=-2.26e-07 std=2.55e-04 pos=0.50 | enc_conv1: mean=7.62e-14 std=1.39e-04 pos=0.50
[05/14 05:43:50] [GradMonitor step=5340] deep/task: enc_layer4: mean=1.08e-05 std=2.27e-05 | PAM: mean=1.19e-04 std=2.48e-04 | CIAM: mean=1.10e-05 std=2.27e-05
[05/14 05:43:50] [GradMonitor step=5340] param-grad: weight_base: mean=-2.43e-09 std=5.39e-07 | weight_base_open: mean=-2.79e-05 std=1.15e-03 | enc_conv1_weight: mean=-5.04e-03 std=4.93e-02
[05/14 05:43:50] [GradMonitor step=5345] near-input: bn0: mean=-1.91e-08 std=2.53e-04 pos=0.50 | enc_conv1: mean=-1.76e-14 std=1.36e-04 pos=0.46
[05/14 05:43:50] [GradMonitor step=5345] deep/task: enc_layer4: mean=1.28e-05 std=2.15e-05 | PAM: mean=1.40e-04 std=2.34e-04 | CIAM: mean=1.31e-05 std=2.16e-05
[05/14 05:43:50] [GradMonitor step=5345] param-grad: weight_base: mean=-4.44e-09 std=3.35e-07 | weight_base_open: mean=2.57e-06 std=1.15e-03 | enc_conv1_weight: mean=-5.14e-03 std=6.83e-02
[05/14 05:43:51] [GradMonitor step=5350] near-input: bn0: mean=-6.07e-08 std=3.05e-04 pos=0.50 | enc_conv1: mean=-4.55e-14 std=1.61e-04 pos=0.52
[05/14 05:43:51] [GradMonitor step=5350] deep/task: enc_layer4: mean=1.19e-05 std=2.82e-05 | PAM: mean=1.31e-04 std=3.03e-04 | CIAM: mean=1.21e-05 std=2.83e-05
[05/14 05:43:51] [GradMonitor step=5350] param-grad: weight_base: mean=-5.00e-08 std=1.25e-06 | weight_base_open: mean=-5.72e-05 std=1.43e-03 | enc_conv1_weight: mean=5.28e-03 std=5.62e-02
[05/14 05:43:51] [GradMonitor step=5355] near-input: bn0: mean=1.73e-07 std=3.20e-04 pos=0.50 | enc_conv1: mean=4.32e-14 std=1.69e-04 pos=0.50
[05/14 05:43:51] [GradMonitor step=5355] deep/task: enc_layer4: mean=9.34e-06 std=3.00e-05 | PAM: mean=1.04e-04 std=3.24e-04 | CIAM: mean=9.47e-06 std=3.00e-05
[05/14 05:43:51] [GradMonitor step=5355] param-grad: weight_base: mean=8.60e-09 std=8.31e-07 | weight_base_open: mean=-2.46e-05 std=1.75e-03 | enc_conv1_weight: mean=2.78e-02 std=7.88e-02
[05/14 05:43:52] [GradMonitor step=5360] near-input: bn0: mean=-2.12e-08 std=2.42e-04 pos=0.50 | enc_conv1: mean=-5.68e-16 std=1.27e-04 pos=0.46
[05/14 05:43:52] [GradMonitor step=5360] deep/task: enc_layer4: mean=1.11e-05 std=1.65e-05 | PAM: mean=1.22e-04 std=1.79e-04 | CIAM: mean=1.14e-05 std=1.66e-05
[05/14 05:43:52] [GradMonitor step=5360] param-grad: weight_base: mean=4.85e-08 std=1.69e-06 | weight_base_open: mean=1.75e-05 std=2.33e-03 | enc_conv1_weight: mean=1.85e-04 std=3.64e-02
[05/14 05:43:52] [GradMonitor step=5365] near-input: bn0: mean=-1.99e-07 std=3.20e-04 pos=0.50 | enc_conv1: mean=-5.46e-14 std=1.79e-04 pos=0.50
[05/14 05:43:52] [GradMonitor step=5365] deep/task: enc_layer4: mean=1.58e-05 std=3.06e-05 | PAM: mean=1.72e-04 std=3.33e-04 | CIAM: mean=1.60e-05 std=3.07e-05
[05/14 05:43:52] [GradMonitor step=5365] param-grad: weight_base: mean=-4.38e-08 std=1.29e-06 | weight_base_open: mean=-5.69e-05 std=1.43e-03 | enc_conv1_weight: mean=-1.00e-03 std=5.02e-02
[05/14 05:43:52] [GradMonitor step=5370] near-input: bn0: mean=2.84e-07 std=3.64e-04 pos=0.50 | enc_conv1: mean=-2.27e-15 std=1.95e-04 pos=0.49
[05/14 05:43:52] [GradMonitor step=5370] deep/task: enc_layer4: mean=1.15e-05 std=2.65e-05 | PAM: mean=1.27e-04 std=2.87e-04 | CIAM: mean=1.18e-05 std=2.66e-05
[05/14 05:43:52] [GradMonitor step=5370] param-grad: weight_base: mean=-2.79e-09 std=6.51e-07 | weight_base_open: mean=-5.19e-05 std=1.39e-03 | enc_conv1_weight: mean=-3.00e-03 std=5.15e-02
[05/14 05:43:53] [GradMonitor step=5375] near-input: bn0: mean=3.09e-07 std=4.38e-04 pos=0.50 | enc_conv1: mean=-8.64e-14 std=2.54e-04 pos=0.49
[05/14 05:43:53] [GradMonitor step=5375] deep/task: enc_layer4: mean=1.55e-05 std=3.43e-05 | PAM: mean=1.72e-04 std=3.76e-04 | CIAM: mean=1.58e-05 std=3.44e-05
[05/14 05:43:53] [GradMonitor step=5375] param-grad: weight_base: mean=-3.06e-09 std=2.57e-07 | weight_base_open: mean=2.87e-05 std=9.07e-04 | enc_conv1_weight: mean=-4.43e-03 std=7.13e-02
[05/14 05:43:53] [GradMonitor step=5380] near-input: bn0: mean=-7.90e-08 std=4.31e-04 pos=0.50 | enc_conv1: mean=1.06e-13 std=2.34e-04 pos=0.47
[05/14 05:43:53] [GradMonitor step=5380] deep/task: enc_layer4: mean=1.49e-05 std=3.36e-05 | PAM: mean=1.63e-04 std=3.65e-04 | CIAM: mean=1.52e-05 std=3.37e-05
[05/14 05:43:53] [GradMonitor step=5380] param-grad: weight_base: mean=-2.85e-08 std=6.02e-07 | weight_base_open: mean=-5.22e-05 std=1.74e-03 | enc_conv1_weight: mean=-1.63e-02 std=7.76e-02
[05/14 05:43:54] [GradMonitor step=5385] near-input: bn0: mean=8.58e-08 std=1.82e-04 pos=0.50 | enc_conv1: mean=-3.64e-14 std=9.80e-05 pos=0.49
[05/14 05:43:54] [GradMonitor step=5385] deep/task: enc_layer4: mean=1.16e-05 std=1.57e-05 | PAM: mean=1.26e-04 std=1.70e-04 | CIAM: mean=1.18e-05 std=1.58e-05
[05/14 05:43:54] [GradMonitor step=5385] param-grad: weight_base: mean=6.77e-09 std=2.56e-07 | weight_base_open: mean=-3.41e-06 std=8.55e-04 | enc_conv1_weight: mean=-3.30e-03 std=4.34e-02
[05/14 05:43:54] [GradMonitor step=5390] near-input: bn0: mean=-1.77e-08 std=3.91e-04 pos=0.50 | enc_conv1: mean=-8.64e-14 std=2.09e-04 pos=0.52
[05/14 05:43:54] [GradMonitor step=5390] deep/task: enc_layer4: mean=1.67e-05 std=2.98e-05 | PAM: mean=1.84e-04 std=3.27e-04 | CIAM: mean=1.70e-05 std=2.99e-05
[05/14 05:43:54] [GradMonitor step=5390] param-grad: weight_base: mean=-2.04e-08 std=7.99e-07 | weight_base_open: mean=-1.47e-04 std=1.53e-03 | enc_conv1_weight: mean=1.02e-02 std=5.91e-02
[05/14 05:43:54] [GradMonitor step=5395] near-input: bn0: mean=-2.95e-07 std=4.28e-04 pos=0.50 | enc_conv1: mean=5.00e-14 std=2.29e-04 pos=0.45
[05/14 05:43:54] [GradMonitor step=5395] deep/task: enc_layer4: mean=1.38e-05 std=2.91e-05 | PAM: mean=1.53e-04 std=3.17e-04 | CIAM: mean=1.40e-05 std=2.92e-05
[05/14 05:43:54] [GradMonitor step=5395] param-grad: weight_base: mean=-7.68e-09 std=3.22e-07 | weight_base_open: mean=3.01e-05 std=1.38e-03 | enc_conv1_weight: mean=-1.72e-02 std=5.25e-02
[05/14 05:43:55] [GradMonitor step=5400] near-input: bn0: mean=-2.91e-07 std=2.65e-04 pos=0.50 | enc_conv1: mean=-1.00e-13 std=1.46e-04 pos=0.48
[05/14 05:43:55] [GradMonitor step=5400] deep/task: enc_layer4: mean=1.37e-05 std=2.61e-05 | PAM: mean=1.50e-04 std=2.84e-04 | CIAM: mean=1.39e-05 std=2.62e-05
[05/14 05:43:55] [GradMonitor step=5400] param-grad: weight_base: mean=-1.40e-08 std=6.54e-07 | weight_base_open: mean=-2.00e-05 std=1.41e-03 | enc_conv1_weight: mean=-2.90e-02 std=7.84e-02
[05/14 05:43:55] [GradMonitor step=5405] near-input: bn0: mean=-1.86e-07 std=3.11e-04 pos=0.50 | enc_conv1: mean=-3.41e-15 std=1.66e-04 pos=0.56
[05/14 05:43:55] [GradMonitor step=5405] deep/task: enc_layer4: mean=1.22e-05 std=2.29e-05 | PAM: mean=1.33e-04 std=2.49e-04 | CIAM: mean=1.24e-05 std=2.29e-05
[05/14 05:43:55] [GradMonitor step=5405] param-grad: weight_base: mean=-3.16e-08 std=1.38e-06 | weight_base_open: mean=-6.49e-05 std=1.90e-03 | enc_conv1_weight: mean=-8.88e-03 std=6.11e-02
[05/14 05:43:55] [GradMonitor step=5410] near-input: bn0: mean=6.14e-08 std=4.17e-04 pos=0.50 | enc_conv1: mean=3.18e-14 std=2.25e-04 pos=0.50
[05/14 05:43:55] [GradMonitor step=5410] deep/task: enc_layer4: mean=1.01e-05 std=3.54e-05 | PAM: mean=1.10e-04 std=3.82e-04 | CIAM: mean=1.04e-05 std=3.54e-05
[05/14 05:43:55] [GradMonitor step=5410] param-grad: weight_base: mean=-3.23e-08 std=7.07e-07 | weight_base_open: mean=-2.66e-05 std=1.36e-03 | enc_conv1_weight: mean=-9.43e-03 std=6.18e-02
[05/14 05:43:56] [GradMonitor step=5415] near-input: bn0: mean=6.68e-07 std=5.85e-04 pos=0.50 | enc_conv1: mean=-1.50e-13 std=3.25e-04 pos=0.51
[05/14 05:43:56] [GradMonitor step=5415] deep/task: enc_layer4: mean=1.35e-05 std=4.01e-05 | PAM: mean=1.51e-04 std=4.41e-04 | CIAM: mean=1.37e-05 std=4.02e-05
[05/14 05:43:56] [GradMonitor step=5415] param-grad: weight_base: mean=8.29e-08 std=1.74e-06 | weight_base_open: mean=-4.53e-05 std=1.75e-03 | enc_conv1_weight: mean=-8.73e-03 std=4.80e-02
[05/14 05:43:56] [GradMonitor step=5420] near-input: bn0: mean=-3.81e-07 std=2.85e-04 pos=0.50 | enc_conv1: mean=9.32e-14 std=1.53e-04 pos=0.42
[05/14 05:43:56] [GradMonitor step=5420] deep/task: enc_layer4: mean=1.44e-05 std=2.56e-05 | PAM: mean=1.58e-04 std=2.79e-04 | CIAM: mean=1.46e-05 std=2.57e-05
[05/14 05:43:56] [GradMonitor step=5420] param-grad: weight_base: mean=-3.49e-08 std=1.31e-06 | weight_base_open: mean=1.88e-05 std=1.54e-03 | enc_conv1_weight: mean=-1.05e-02 std=6.82e-02
[05/14 05:43:57] [GradMonitor step=5425] near-input: bn0: mean=-9.43e-08 std=3.02e-04 pos=0.50 | enc_conv1: mean=6.59e-14 std=1.63e-04 pos=0.50
[05/14 05:43:57] [GradMonitor step=5425] deep/task: enc_layer4: mean=1.15e-05 std=2.17e-05 | PAM: mean=1.26e-04 std=2.35e-04 | CIAM: mean=1.18e-05 std=2.18e-05
[05/14 05:43:57] [GradMonitor step=5425] param-grad: weight_base: mean=1.94e-08 std=6.24e-07 | weight_base_open: mean=-3.93e-05 std=1.76e-03 | enc_conv1_weight: mean=4.16e-03 std=5.87e-02
[05/14 05:43:57] [GradMonitor step=5430] near-input: bn0: mean=-1.75e-07 std=2.21e-04 pos=0.50 | enc_conv1: mean=3.75e-14 std=1.20e-04 pos=0.42
[05/14 05:43:57] [GradMonitor step=5430] deep/task: enc_layer4: mean=1.24e-05 std=2.10e-05 | PAM: mean=1.37e-04 std=2.30e-04 | CIAM: mean=1.27e-05 std=2.11e-05
[05/14 05:43:57] [GradMonitor step=5430] param-grad: weight_base: mean=-2.10e-08 std=7.11e-07 | weight_base_open: mean=-1.39e-05 std=1.07e-03 | enc_conv1_weight: mean=3.74e-03 std=4.60e-02
[05/14 05:43:57] [GradMonitor step=5435] near-input: bn0: mean=1.51e-07 std=4.45e-04 pos=0.50 | enc_conv1: mean=-1.18e-13 std=2.39e-04 pos=0.51
[05/14 05:43:57] [GradMonitor step=5435] deep/task: enc_layer4: mean=1.54e-05 std=2.89e-05 | PAM: mean=1.70e-04 std=3.17e-04 | CIAM: mean=1.57e-05 std=2.90e-05
[05/14 05:43:57] [GradMonitor step=5435] param-grad: weight_base: mean=-1.71e-08 std=1.27e-06 | weight_base_open: mean=3.20e-05 std=1.30e-03 | enc_conv1_weight: mean=6.73e-03 std=5.05e-02
[05/14 05:43:58] [GradMonitor step=5440] near-input: bn0: mean=-9.41e-09 std=2.27e-04 pos=0.50 | enc_conv1: mean=-3.52e-14 std=1.25e-04 pos=0.45
[05/14 05:43:58] [GradMonitor step=5440] deep/task: enc_layer4: mean=1.31e-05 std=2.52e-05 | PAM: mean=1.44e-04 std=2.74e-04 | CIAM: mean=1.34e-05 std=2.53e-05
[05/14 05:43:58] [GradMonitor step=5440] param-grad: weight_base: mean=1.52e-09 std=1.08e-06 | weight_base_open: mean=1.11e-04 std=1.20e-03 | enc_conv1_weight: mean=1.06e-02 std=4.38e-02
[05/14 05:43:58] [GradMonitor step=5445] near-input: bn0: mean=-2.11e-07 std=3.75e-04 pos=0.50 | enc_conv1: mean=2.27e-14 std=2.01e-04 pos=0.47
[05/14 05:43:58] [GradMonitor step=5445] deep/task: enc_layer4: mean=1.46e-05 std=3.13e-05 | PAM: mean=1.62e-04 std=3.44e-04 | CIAM: mean=1.49e-05 std=3.13e-05
[05/14 05:43:58] [GradMonitor step=5445] param-grad: weight_base: mean=-5.81e-09 std=8.57e-07 | weight_base_open: mean=-3.45e-05 std=1.39e-03 | enc_conv1_weight: mean=2.74e-02 std=7.54e-02
[05/14 05:43:58] [GradMonitor step=5450] near-input: bn0: mean=4.62e-07 std=4.14e-04 pos=0.50 | enc_conv1: mean=-8.64e-14 std=2.22e-04 pos=0.45
[05/14 05:43:58] [GradMonitor step=5450] deep/task: enc_layer4: mean=1.49e-05 std=3.48e-05 | PAM: mean=1.62e-04 std=3.75e-04 | CIAM: mean=1.51e-05 std=3.49e-05
[05/14 05:43:58] [GradMonitor step=5450] param-grad: weight_base: mean=-1.14e-08 std=1.18e-06 | weight_base_open: mean=3.16e-05 std=1.27e-03 | enc_conv1_weight: mean=1.13e-02 std=5.80e-02
[05/14 05:43:59] [GradMonitor step=5455] near-input: bn0: mean=-6.62e-08 std=5.83e-04 pos=0.50 | enc_conv1: mean=6.37e-14 std=3.14e-04 pos=0.56
[05/14 05:43:59] [GradMonitor step=5455] deep/task: enc_layer4: mean=1.75e-05 std=4.00e-05 | PAM: mean=1.92e-04 std=4.35e-04 | CIAM: mean=1.78e-05 std=4.01e-05
[05/14 05:43:59] [GradMonitor step=5455] param-grad: weight_base: mean=5.50e-08 std=1.33e-06 | weight_base_open: mean=-5.54e-05 std=1.90e-03 | enc_conv1_weight: mean=3.11e-03 std=6.70e-02
[05/14 05:43:59] [GradMonitor step=5460] near-input: bn0: mean=-3.65e-07 std=3.98e-04 pos=0.50 | enc_conv1: mean=1.05e-13 std=2.12e-04 pos=0.50
[05/14 05:43:59] [GradMonitor step=5460] deep/task: enc_layer4: mean=1.60e-05 std=2.82e-05 | PAM: mean=1.76e-04 std=3.08e-04 | CIAM: mean=1.63e-05 std=2.83e-05
[05/14 05:43:59] [GradMonitor step=5460] param-grad: weight_base: mean=-3.69e-08 std=8.41e-07 | weight_base_open: mean=5.45e-06 std=1.08e-03 | enc_conv1_weight: mean=4.68e-03 std=4.19e-02
[05/14 05:44:00] [GradMonitor step=5465] near-input: bn0: mean=-9.68e-08 std=3.02e-04 pos=0.50 | enc_conv1: mean=-4.55e-15 std=1.61e-04 pos=0.45
[05/14 05:44:00] [GradMonitor step=5465] deep/task: enc_layer4: mean=1.51e-05 std=2.50e-05 | PAM: mean=1.66e-04 std=2.73e-04 | CIAM: mean=1.54e-05 std=2.51e-05
[05/14 05:44:00] [GradMonitor step=5465] param-grad: weight_base: mean=-8.66e-09 std=1.05e-06 | weight_base_open: mean=1.92e-05 std=1.74e-03 | enc_conv1_weight: mean=2.49e-04 std=5.81e-02
[05/14 05:44:00] [GradMonitor step=5470] near-input: bn0: mean=-1.25e-07 std=2.26e-04 pos=0.50 | enc_conv1: mean=3.64e-14 std=1.21e-04 pos=0.55
[05/14 05:44:00] [GradMonitor step=5470] deep/task: enc_layer4: mean=8.59e-06 std=1.75e-05 | PAM: mean=9.36e-05 std=1.88e-04 | CIAM: mean=8.81e-06 std=1.76e-05
[05/14 05:44:00] [GradMonitor step=5470] param-grad: weight_base: mean=4.42e-08 std=9.82e-07 | weight_base_open: mean=7.69e-05 std=1.86e-03 | enc_conv1_weight: mean=8.66e-03 std=4.79e-02
[05/14 05:44:00] [GradMonitor step=5475] near-input: bn0: mean=1.01e-07 std=2.46e-04 pos=0.50 | enc_conv1: mean=4.66e-14 std=1.36e-04 pos=0.55
[05/14 05:44:00] [GradMonitor step=5475] deep/task: enc_layer4: mean=1.20e-05 std=2.49e-05 | PAM: mean=1.31e-04 std=2.71e-04 | CIAM: mean=1.22e-05 std=2.50e-05
[05/14 05:44:00] [GradMonitor step=5475] param-grad: weight_base: mean=4.14e-08 std=1.40e-06 | weight_base_open: mean=3.96e-05 std=1.23e-03 | enc_conv1_weight: mean=-1.05e-02 std=4.06e-02
[05/14 05:44:01] [GradMonitor step=5480] near-input: bn0: mean=5.89e-08 std=2.17e-04 pos=0.50 | enc_conv1: mean=1.71e-14 std=1.18e-04 pos=0.53
[05/14 05:44:01] [GradMonitor step=5480] deep/task: enc_layer4: mean=1.26e-05 std=2.15e-05 | PAM: mean=1.38e-04 std=2.34e-04 | CIAM: mean=1.29e-05 std=2.16e-05
[05/14 05:44:01] [GradMonitor step=5480] param-grad: weight_base: mean=-2.45e-08 std=1.40e-06 | weight_base_open: mean=5.44e-07 std=1.54e-03 | enc_conv1_weight: mean=-9.58e-03 std=5.17e-02
[05/14 05:44:01] [GradMonitor step=5485] near-input: bn0: mean=3.74e-07 std=3.00e-04 pos=0.50 | enc_conv1: mean=0.00e+00 std=1.60e-04 pos=0.49
[05/14 05:44:01] [GradMonitor step=5485] deep/task: enc_layer4: mean=1.36e-05 std=2.06e-05 | PAM: mean=1.49e-04 std=2.24e-04 | CIAM: mean=1.39e-05 std=2.07e-05
[05/14 05:44:01] [GradMonitor step=5485] param-grad: weight_base: mean=-7.77e-09 std=5.67e-07 | weight_base_open: mean=5.29e-05 std=1.17e-03 | enc_conv1_weight: mean=1.46e-03 std=3.22e-02
[05/14 05:44:01] [GradMonitor step=5490] near-input: bn0: mean=2.87e-08 std=1.79e-04 pos=0.50 | enc_conv1: mean=1.14e-15 std=9.77e-05 pos=0.52
[05/14 05:44:01] [GradMonitor step=5490] deep/task: enc_layer4: mean=1.14e-05 std=1.60e-05 | PAM: mean=1.25e-04 std=1.74e-04 | CIAM: mean=1.16e-05 std=1.61e-05
[05/14 05:44:01] [GradMonitor step=5490] param-grad: weight_base: mean=2.80e-09 std=1.17e-06 | weight_base_open: mean=9.24e-05 std=2.03e-03 | enc_conv1_weight: mean=1.20e-03 std=2.94e-02
[05/14 05:44:02] [GradMonitor step=5495] near-input: bn0: mean=4.67e-08 std=3.86e-04 pos=0.50 | enc_conv1: mean=9.78e-14 std=2.14e-04 pos=0.43
[05/14 05:44:02] [GradMonitor step=5495] deep/task: enc_layer4: mean=1.38e-05 std=2.90e-05 | PAM: mean=1.52e-04 std=3.17e-04 | CIAM: mean=1.41e-05 std=2.91e-05
[05/14 05:44:02] [GradMonitor step=5495] param-grad: weight_base: mean=-2.24e-08 std=9.37e-07 | weight_base_open: mean=-1.23e-05 std=2.31e-03 | enc_conv1_weight: mean=-3.19e-03 std=6.15e-02
[05/14 05:44:02] [GradMonitor step=5500] near-input: bn0: mean=-2.17e-07 std=2.53e-04 pos=0.50 | enc_conv1: mean=5.23e-14 std=1.39e-04 pos=0.52
[05/14 05:44:02] [GradMonitor step=5500] deep/task: enc_layer4: mean=1.40e-05 std=2.36e-05 | PAM: mean=1.55e-04 std=2.58e-04 | CIAM: mean=1.43e-05 std=2.37e-05
[05/14 05:44:02] [GradMonitor step=5500] param-grad: weight_base: mean=7.61e-09 std=8.19e-07 | weight_base_open: mean=-8.97e-06 std=1.49e-03 | enc_conv1_weight: mean=-1.03e-02 std=4.63e-02
[05/14 05:44:03] [GradMonitor step=5505] near-input: bn0: mean=-1.40e-07 std=2.28e-04 pos=0.50 | enc_conv1: mean=-5.34e-14 std=1.23e-04 pos=0.53
[05/14 05:44:03] [GradMonitor step=5505] deep/task: enc_layer4: mean=1.07e-05 std=2.29e-05 | PAM: mean=1.18e-04 std=2.51e-04 | CIAM: mean=1.09e-05 std=2.30e-05
[05/14 05:44:03] [GradMonitor step=5505] param-grad: weight_base: mean=9.85e-09 std=8.31e-07 | weight_base_open: mean=-1.13e-05 std=1.18e-03 | enc_conv1_weight: mean=1.23e-03 std=4.07e-02
[05/14 05:44:03] [GradMonitor step=5510] near-input: bn0: mean=8.86e-08 std=2.77e-04 pos=0.50 | enc_conv1: mean=-5.68e-14 std=1.52e-04 pos=0.46
[05/14 05:44:03] [GradMonitor step=5510] deep/task: enc_layer4: mean=1.38e-05 std=2.85e-05 | PAM: mean=1.53e-04 std=3.17e-04 | CIAM: mean=1.41e-05 std=2.86e-05
[05/14 05:44:03] [GradMonitor step=5510] param-grad: weight_base: mean=8.94e-09 std=1.11e-06 | weight_base_open: mean=-4.23e-05 std=1.45e-03 | enc_conv1_weight: mean=7.93e-03 std=5.39e-02
[05/14 05:44:03] [GradMonitor step=5515] near-input: bn0: mean=-1.14e-07 std=1.80e-04 pos=0.50 | enc_conv1: mean=2.27e-15 std=9.97e-05 pos=0.45
[05/14 05:44:03] [GradMonitor step=5515] deep/task: enc_layer4: mean=8.17e-06 std=2.25e-05 | PAM: mean=8.89e-05 std=2.47e-04 | CIAM: mean=8.29e-06 std=2.26e-05
[05/14 05:44:03] [GradMonitor step=5515] param-grad: weight_base: mean=-1.71e-08 std=1.01e-06 | weight_base_open: mean=9.34e-05 std=1.35e-03 | enc_conv1_weight: mean=1.09e-03 std=5.33e-02
[05/14 05:44:04] [GradMonitor step=5520] near-input: bn0: mean=1.68e-08 std=2.41e-04 pos=0.50 | enc_conv1: mean=5.68e-14 std=1.32e-04 pos=0.46
[05/14 05:44:04] [GradMonitor step=5520] deep/task: enc_layer4: mean=1.33e-05 std=2.37e-05 | PAM: mean=1.47e-04 std=2.60e-04 | CIAM: mean=1.35e-05 std=2.38e-05
[05/14 05:44:04] [GradMonitor step=5520] param-grad: weight_base: mean=-3.36e-08 std=8.89e-07 | weight_base_open: mean=9.93e-05 std=1.68e-03 | enc_conv1_weight: mean=6.13e-03 std=5.10e-02
[05/14 05:44:04] [GradMonitor step=5525] near-input: bn0: mean=7.72e-08 std=2.76e-04 pos=0.50 | enc_conv1: mean=6.14e-14 std=1.52e-04 pos=0.52
[05/14 05:44:04] [GradMonitor step=5525] deep/task: enc_layer4: mean=1.42e-05 std=2.63e-05 | PAM: mean=1.57e-04 std=2.89e-04 | CIAM: mean=1.45e-05 std=2.64e-05
[05/14 05:44:04] [GradMonitor step=5525] param-grad: weight_base: mean=-6.33e-08 std=1.08e-06 | weight_base_open: mean=-8.04e-05 std=1.84e-03 | enc_conv1_weight: mean=1.46e-02 std=6.63e-02
[05/14 05:44:04] [GradMonitor step=5530] near-input: bn0: mean=-8.91e-08 std=3.58e-04 pos=0.50 | enc_conv1: mean=-5.68e-14 std=1.97e-04 pos=0.44
[05/14 05:44:04] [GradMonitor step=5530] deep/task: enc_layer4: mean=1.05e-05 std=2.98e-05 | PAM: mean=1.15e-04 std=3.24e-04 | CIAM: mean=1.07e-05 std=2.98e-05
[05/14 05:44:04] [GradMonitor step=5530] param-grad: weight_base: mean=-2.92e-08 std=6.60e-07 | weight_base_open: mean=-8.37e-05 std=1.18e-03 | enc_conv1_weight: mean=4.91e-03 std=6.56e-02
[05/14 05:44:05] [GradMonitor step=5535] near-input: bn0: mean=-3.17e-07 std=2.96e-04 pos=0.50 | enc_conv1: mean=6.59e-14 std=1.70e-04 pos=0.43
[05/14 05:44:05] [GradMonitor step=5535] deep/task: enc_layer4: mean=1.66e-05 std=2.73e-05 | PAM: mean=1.85e-04 std=2.99e-04 | CIAM: mean=1.70e-05 std=2.74e-05
[05/14 05:44:05] [GradMonitor step=5535] param-grad: weight_base: mean=-3.80e-09 std=8.83e-07 | weight_base_open: mean=2.06e-05 std=1.37e-03 | enc_conv1_weight: mean=-3.61e-03 std=4.17e-02
[05/14 05:44:05] [GradMonitor step=5540] near-input: bn0: mean=-5.11e-08 std=5.47e-04 pos=0.50 | enc_conv1: mean=1.49e-13 std=2.92e-04 pos=0.56
[05/14 05:44:05] [GradMonitor step=5540] deep/task: enc_layer4: mean=1.54e-05 std=3.80e-05 | PAM: mean=1.69e-04 std=4.15e-04 | CIAM: mean=1.56e-05 std=3.80e-05
[05/14 05:44:05] [GradMonitor step=5540] param-grad: weight_base: mean=-8.42e-09 std=5.80e-07 | weight_base_open: mean=3.75e-05 std=1.29e-03 | enc_conv1_weight: mean=-1.04e-02 std=6.25e-02
[05/14 05:44:06] [GradMonitor step=5545] near-input: bn0: mean=9.22e-08 std=2.69e-04 pos=0.50 | enc_conv1: mean=4.55e-15 std=1.47e-04 pos=0.53
[05/14 05:44:06] [GradMonitor step=5545] deep/task: enc_layer4: mean=1.17e-05 std=2.54e-05 | PAM: mean=1.30e-04 std=2.77e-04 | CIAM: mean=1.20e-05 std=2.54e-05
[05/14 05:44:06] [GradMonitor step=5545] param-grad: weight_base: mean=1.58e-08 std=1.28e-06 | weight_base_open: mean=1.55e-05 std=2.17e-03 | enc_conv1_weight: mean=-1.59e-03 std=5.29e-02
[05/14 05:44:06] [GradMonitor step=5550] near-input: bn0: mean=5.68e-07 std=3.45e-04 pos=0.50 | enc_conv1: mean=-4.66e-14 std=1.90e-04 pos=0.54
[05/14 05:44:06] [GradMonitor step=5550] deep/task: enc_layer4: mean=1.29e-05 std=2.70e-05 | PAM: mean=1.43e-04 std=2.96e-04 | CIAM: mean=1.32e-05 std=2.71e-05
[05/14 05:44:06] [GradMonitor step=5550] param-grad: weight_base: mean=-6.59e-09 std=5.69e-07 | weight_base_open: mean=3.48e-05 std=1.65e-03 | enc_conv1_weight: mean=4.73e-03 std=6.07e-02
[05/14 05:44:06] [GradMonitor step=5555] near-input: bn0: mean=3.87e-07 std=3.78e-04 pos=0.50 | enc_conv1: mean=4.66e-14 std=2.02e-04 pos=0.50
[05/14 05:44:06] [GradMonitor step=5555] deep/task: enc_layer4: mean=1.36e-05 std=2.84e-05 | PAM: mean=1.49e-04 std=3.08e-04 | CIAM: mean=1.38e-05 std=2.84e-05
[05/14 05:44:06] [GradMonitor step=5555] param-grad: weight_base: mean=-1.91e-08 std=4.83e-07 | weight_base_open: mean=-9.66e-05 std=1.45e-03 | enc_conv1_weight: mean=-4.35e-03 std=4.90e-02
[05/14 05:44:07] [GradMonitor step=5560] near-input: bn0: mean=3.53e-07 std=3.81e-04 pos=0.50 | enc_conv1: mean=-2.50e-14 std=2.07e-04 pos=0.42
[05/14 05:44:07] [GradMonitor step=5560] deep/task: enc_layer4: mean=1.59e-05 std=2.78e-05 | PAM: mean=1.73e-04 std=3.02e-04 | CIAM: mean=1.62e-05 std=2.79e-05
[05/14 05:44:07] [GradMonitor step=5560] param-grad: weight_base: mean=-1.33e-09 std=3.39e-07 | weight_base_open: mean=1.65e-04 std=1.35e-03 | enc_conv1_weight: mean=1.44e-02 std=6.37e-02
[05/14 05:44:07] [GradMonitor step=5565] near-input: bn0: mean=-2.73e-07 std=3.87e-04 pos=0.50 | enc_conv1: mean=-1.36e-14 std=2.17e-04 pos=0.47
[05/14 05:44:07] [GradMonitor step=5565] deep/task: enc_layer4: mean=1.14e-05 std=3.17e-05 | PAM: mean=1.27e-04 std=3.48e-04 | CIAM: mean=1.16e-05 std=3.17e-05
[05/14 05:44:07] [GradMonitor step=5565] param-grad: weight_base: mean=5.30e-08 std=1.74e-06 | weight_base_open: mean=6.76e-05 std=2.48e-03 | enc_conv1_weight: mean=-5.49e-03 std=5.34e-02
[05/14 05:44:07] [GradMonitor step=5570] near-input: bn0: mean=1.02e-07 std=4.38e-04 pos=0.50 | enc_conv1: mean=0.00e+00 std=2.41e-04 pos=0.55
[05/14 05:44:07] [GradMonitor step=5570] deep/task: enc_layer4: mean=1.19e-05 std=3.12e-05 | PAM: mean=1.34e-04 std=3.38e-04 | CIAM: mean=1.22e-05 std=3.12e-05
[05/14 05:44:07] [GradMonitor step=5570] param-grad: weight_base: mean=1.21e-08 std=2.20e-07 | weight_base_open: mean=-6.20e-06 std=1.54e-03 | enc_conv1_weight: mean=-9.33e-03 std=6.39e-02
[05/14 05:44:08] [GradMonitor step=5575] near-input: bn0: mean=5.40e-08 std=2.51e-04 pos=0.50 | enc_conv1: mean=-5.91e-14 std=1.37e-04 pos=0.51
[05/14 05:44:08] [GradMonitor step=5575] deep/task: enc_layer4: mean=1.18e-05 std=1.96e-05 | PAM: mean=1.29e-04 std=2.12e-04 | CIAM: mean=1.20e-05 std=1.97e-05
[05/14 05:44:08] [GradMonitor step=5575] param-grad: weight_base: mean=8.39e-08 std=1.90e-06 | weight_base_open: mean=-7.22e-05 std=1.51e-03 | enc_conv1_weight: mean=-4.26e-03 std=4.81e-02
[05/14 05:44:08] [GradMonitor step=5580] near-input: bn0: mean=1.83e-07 std=5.20e-04 pos=0.50 | enc_conv1: mean=1.11e-13 std=2.82e-04 pos=0.47
[05/14 05:44:08] [GradMonitor step=5580] deep/task: enc_layer4: mean=1.51e-05 std=3.23e-05 | PAM: mean=1.67e-04 std=3.53e-04 | CIAM: mean=1.54e-05 std=3.24e-05
[05/14 05:44:08] [GradMonitor step=5580] param-grad: weight_base: mean=-3.77e-08 std=9.47e-07 | weight_base_open: mean=6.18e-05 std=1.15e-03 | enc_conv1_weight: mean=-7.93e-03 std=5.71e-02
[05/14 05:44:08] [GradMonitor step=5585] near-input: bn0: mean=-1.60e-07 std=4.77e-04 pos=0.50 | enc_conv1: mean=-1.11e-13 std=2.63e-04 pos=0.52
[05/14 05:44:08] [GradMonitor step=5585] deep/task: enc_layer4: mean=1.47e-05 std=3.22e-05 | PAM: mean=1.63e-04 std=3.53e-04 | CIAM: mean=1.50e-05 std=3.22e-05
[05/14 05:44:08] [GradMonitor step=5585] param-grad: weight_base: mean=1.19e-08 std=1.65e-06 | weight_base_open: mean=1.32e-04 std=1.73e-03 | enc_conv1_weight: mean=2.69e-03 std=7.75e-02
[05/14 05:44:09] [GradMonitor step=5590] near-input: bn0: mean=4.12e-07 std=4.44e-04 pos=0.50 | enc_conv1: mean=1.09e-13 std=2.43e-04 pos=0.46
[05/14 05:44:09] [GradMonitor step=5590] deep/task: enc_layer4: mean=1.69e-05 std=2.92e-05 | PAM: mean=1.87e-04 std=3.20e-04 | CIAM: mean=1.72e-05 std=2.93e-05
[05/14 05:44:09] [GradMonitor step=5590] param-grad: weight_base: mean=4.13e-08 std=1.43e-06 | weight_base_open: mean=1.04e-04 std=1.77e-03 | enc_conv1_weight: mean=-1.38e-02 std=5.36e-02
[05/14 05:44:09] [GradMonitor step=5595] near-input: bn0: mean=-3.24e-08 std=1.78e-04 pos=0.50 | enc_conv1: mean=-1.05e-14 std=9.63e-05 pos=0.43
[05/14 05:44:09] [GradMonitor step=5595] deep/task: enc_layer4: mean=1.07e-05 std=1.72e-05 | PAM: mean=1.17e-04 std=1.86e-04 | CIAM: mean=1.10e-05 std=1.73e-05
[05/14 05:44:09] [GradMonitor step=5595] param-grad: weight_base: mean=-6.79e-10 std=4.53e-07 | weight_base_open: mean=1.40e-04 std=1.21e-03 | enc_conv1_weight: mean=-7.83e-03 std=3.95e-02
[05/14 05:44:09] [GradMonitor step=5600] near-input: bn0: mean=4.08e-07 std=6.41e-04 pos=0.50 | enc_conv1: mean=-1.86e-13 std=3.56e-04 pos=0.45
[05/14 05:44:09] [GradMonitor step=5600] deep/task: enc_layer4: mean=1.55e-05 std=4.64e-05 | PAM: mean=1.74e-04 std=5.00e-04 | CIAM: mean=1.57e-05 std=4.64e-05
[05/14 05:44:09] [GradMonitor step=5600] param-grad: weight_base: mean=-3.35e-08 std=7.76e-07 | weight_base_open: mean=5.52e-05 std=2.34e-03 | enc_conv1_weight: mean=8.34e-03 std=6.90e-02
[05/14 05:44:09] 
[05/14 05:44:09] epoch 14/20, iter 5600:
[05/14 05:44:09] train_loss: 0.94421
[05/14 05:44:09] train_acc: 0.980
[05/14 05:44:09] train_auroc: 0.967
[05/14 05:44:15] Summary name val_6-way-5-shot_tpr@tnr95 is illegal; using val_6-way-5-shot_tpr_tnr95 instead.
[05/14 05:44:15] val_6-way-5-shot_acc: 59.289	0.739
[05/14 05:44:15] val_6-way-5-shot_auroc: 47.264	1.905
[05/14 05:44:15] val_6-way-5-shot_fscore: 20.409	0.247
[05/14 05:44:15] val_6-way-5-shot_tpr@tnr95: 3.938	1.374
[05/14 05:44:15] val_6-way-5-shot_osr: 48.733	0.680
[05/14 05:44:16] [GradMonitor step=5605] near-input: bn0: mean=-7.55e-07 std=4.58e-04 pos=0.50 | enc_conv1: mean=1.36e-14 std=2.51e-04 pos=0.43
[05/14 05:44:16] [GradMonitor step=5605] deep/task: enc_layer4: mean=1.17e-05 std=3.41e-05 | PAM: mean=1.30e-04 std=3.69e-04 | CIAM: mean=1.19e-05 std=3.42e-05
[05/14 05:44:16] [GradMonitor step=5605] param-grad: weight_base: mean=-6.69e-08 std=2.05e-06 | weight_base_open: mean=-4.07e-05 std=1.68e-03 | enc_conv1_weight: mean=1.21e-03 std=5.04e-02
[05/14 05:44:16] [GradMonitor step=5610] near-input: bn0: mean=1.06e-07 std=1.69e-04 pos=0.50 | enc_conv1: mean=3.75e-14 std=9.31e-05 pos=0.47
[05/14 05:44:16] [GradMonitor step=5610] deep/task: enc_layer4: mean=1.17e-05 std=1.91e-05 | PAM: mean=1.27e-04 std=2.07e-04 | CIAM: mean=1.19e-05 std=1.93e-05
[05/14 05:44:16] [GradMonitor step=5610] param-grad: weight_base: mean=6.59e-08 std=1.41e-06 | weight_base_open: mean=4.85e-05 std=1.77e-03 | enc_conv1_weight: mean=1.08e-02 std=5.02e-02
[05/14 05:44:17] [GradMonitor step=5615] near-input: bn0: mean=2.78e-07 std=2.82e-04 pos=0.50 | enc_conv1: mean=6.59e-14 std=1.53e-04 pos=0.50
[05/14 05:44:17] [GradMonitor step=5615] deep/task: enc_layer4: mean=1.38e-05 std=2.33e-05 | PAM: mean=1.51e-04 std=2.50e-04 | CIAM: mean=1.41e-05 std=2.34e-05
[05/14 05:44:17] [GradMonitor step=5615] param-grad: weight_base: mean=-2.07e-08 std=8.52e-07 | weight_base_open: mean=-1.30e-04 std=1.65e-03 | enc_conv1_weight: mean=2.83e-03 std=3.96e-02
[05/14 05:44:17] [GradMonitor step=5620] near-input: bn0: mean=-5.20e-08 std=4.36e-04 pos=0.50 | enc_conv1: mean=1.59e-14 std=2.41e-04 pos=0.55
[05/14 05:44:17] [GradMonitor step=5620] deep/task: enc_layer4: mean=1.29e-05 std=3.51e-05 | PAM: mean=1.43e-04 std=3.87e-04 | CIAM: mean=1.31e-05 std=3.51e-05
[05/14 05:44:17] [GradMonitor step=5620] param-grad: weight_base: mean=-3.50e-08 std=1.77e-06 | weight_base_open: mean=1.63e-04 std=2.28e-03 | enc_conv1_weight: mean=-8.10e-03 std=7.08e-02
[05/14 05:44:17] [GradMonitor step=5625] near-input: bn0: mean=3.27e-07 std=4.19e-04 pos=0.50 | enc_conv1: mean=-1.11e-13 std=2.27e-04 pos=0.54
[05/14 05:44:17] [GradMonitor step=5625] deep/task: enc_layer4: mean=1.87e-05 std=3.37e-05 | PAM: mean=2.08e-04 std=3.73e-04 | CIAM: mean=1.91e-05 std=3.38e-05
[05/14 05:44:17] [GradMonitor step=5625] param-grad: weight_base: mean=6.46e-09 std=7.62e-07 | weight_base_open: mean=3.15e-06 std=1.30e-03 | enc_conv1_weight: mean=9.38e-03 std=5.97e-02
[05/14 05:44:18] [GradMonitor step=5630] near-input: bn0: mean=-9.92e-09 std=2.96e-04 pos=0.50 | enc_conv1: mean=3.64e-14 std=1.63e-04 pos=0.49
[05/14 05:44:18] [GradMonitor step=5630] deep/task: enc_layer4: mean=8.76e-06 std=2.76e-05 | PAM: mean=9.72e-05 std=3.01e-04 | CIAM: mean=8.95e-06 std=2.76e-05
[05/14 05:44:18] [GradMonitor step=5630] param-grad: weight_base: mean=-2.00e-08 std=4.44e-07 | weight_base_open: mean=1.13e-04 std=2.32e-03 | enc_conv1_weight: mean=1.41e-02 std=5.61e-02
[05/14 05:44:18] [GradMonitor step=5635] near-input: bn0: mean=-3.55e-07 std=4.77e-04 pos=0.50 | enc_conv1: mean=-1.66e-13 std=2.63e-04 pos=0.48
[05/14 05:44:18] [GradMonitor step=5635] deep/task: enc_layer4: mean=1.42e-05 std=3.46e-05 | PAM: mean=1.57e-04 std=3.81e-04 | CIAM: mean=1.44e-05 std=3.47e-05
[05/14 05:44:18] [GradMonitor step=5635] param-grad: weight_base: mean=-2.87e-08 std=7.02e-07 | weight_base_open: mean=-4.46e-05 std=1.37e-03 | enc_conv1_weight: mean=-1.18e-02 std=4.85e-02
[05/14 05:44:19] [GradMonitor step=5640] near-input: bn0: mean=-2.70e-07 std=2.30e-04 pos=0.50 | enc_conv1: mean=-7.96e-15 std=1.24e-04 pos=0.49
[05/14 05:44:19] [GradMonitor step=5640] deep/task: enc_layer4: mean=1.30e-05 std=2.09e-05 | PAM: mean=1.42e-04 std=2.26e-04 | CIAM: mean=1.32e-05 std=2.10e-05
[05/14 05:44:19] [GradMonitor step=5640] param-grad: weight_base: mean=4.00e-08 std=1.07e-06 | weight_base_open: mean=-4.68e-05 std=1.44e-03 | enc_conv1_weight: mean=-7.29e-03 std=4.12e-02
[05/14 05:44:19] [GradMonitor step=5645] near-input: bn0: mean=1.25e-07 std=2.54e-04 pos=0.50 | enc_conv1: mean=-1.71e-14 std=1.35e-04 pos=0.51
[05/14 05:44:19] [GradMonitor step=5645] deep/task: enc_layer4: mean=1.25e-05 std=1.90e-05 | PAM: mean=1.37e-04 std=2.07e-04 | CIAM: mean=1.27e-05 std=1.91e-05
[05/14 05:44:19] [GradMonitor step=5645] param-grad: weight_base: mean=2.60e-08 std=9.36e-07 | weight_base_open: mean=-1.37e-04 std=1.64e-03 | enc_conv1_weight: mean=-2.16e-03 std=3.33e-02
[05/14 05:44:19] [GradMonitor step=5650] near-input: bn0: mean=1.03e-07 std=3.78e-04 pos=0.50 | enc_conv1: mean=-4.09e-14 std=2.05e-04 pos=0.46
[05/14 05:44:19] [GradMonitor step=5650] deep/task: enc_layer4: mean=1.48e-05 std=3.44e-05 | PAM: mean=1.63e-04 std=3.75e-04 | CIAM: mean=1.51e-05 std=3.44e-05
[05/14 05:44:19] [GradMonitor step=5650] param-grad: weight_base: mean=-1.33e-08 std=1.90e-06 | weight_base_open: mean=-2.92e-05 std=2.08e-03 | enc_conv1_weight: mean=-4.88e-03 std=7.29e-02
[05/14 05:44:20] [GradMonitor step=5655] near-input: bn0: mean=2.80e-07 std=3.49e-04 pos=0.50 | enc_conv1: mean=-9.55e-14 std=1.87e-04 pos=0.45
[05/14 05:44:20] [GradMonitor step=5655] deep/task: enc_layer4: mean=1.26e-05 std=2.98e-05 | PAM: mean=1.40e-04 std=3.26e-04 | CIAM: mean=1.29e-05 std=2.98e-05
[05/14 05:44:20] [GradMonitor step=5655] param-grad: weight_base: mean=5.36e-08 std=1.09e-06 | weight_base_open: mean=-5.52e-05 std=1.29e-03 | enc_conv1_weight: mean=-1.79e-03 std=4.29e-02
[05/14 05:44:20] [GradMonitor step=5660] near-input: bn0: mean=-1.82e-07 std=2.55e-04 pos=0.50 | enc_conv1: mean=-3.41e-14 std=1.40e-04 pos=0.56
[05/14 05:44:20] [GradMonitor step=5660] deep/task: enc_layer4: mean=1.46e-05 std=2.56e-05 | PAM: mean=1.61e-04 std=2.80e-04 | CIAM: mean=1.49e-05 std=2.57e-05
[05/14 05:44:20] [GradMonitor step=5660] param-grad: weight_base: mean=6.59e-09 std=9.93e-07 | weight_base_open: mean=-2.45e-05 std=1.54e-03 | enc_conv1_weight: mean=-1.40e-02 std=6.41e-02
[05/14 05:44:20] [GradMonitor step=5665] near-input: bn0: mean=3.17e-08 std=2.42e-04 pos=0.50 | enc_conv1: mean=-2.27e-15 std=1.31e-04 pos=0.46
[05/14 05:44:20] [GradMonitor step=5665] deep/task: enc_layer4: mean=1.31e-05 std=1.94e-05 | PAM: mean=1.44e-04 std=2.11e-04 | CIAM: mean=1.34e-05 std=1.95e-05
[05/14 05:44:20] [GradMonitor step=5665] param-grad: weight_base: mean=5.42e-09 std=6.29e-07 | weight_base_open: mean=-7.02e-05 std=9.14e-04 | enc_conv1_weight: mean=-7.27e-03 std=3.92e-02
[05/14 05:44:21] [GradMonitor step=5670] near-input: bn0: mean=4.17e-07 std=2.79e-04 pos=0.50 | enc_conv1: mean=3.64e-14 std=1.52e-04 pos=0.48
[05/14 05:44:21] [GradMonitor step=5670] deep/task: enc_layer4: mean=1.45e-05 std=2.22e-05 | PAM: mean=1.60e-04 std=2.42e-04 | CIAM: mean=1.48e-05 std=2.24e-05
[05/14 05:44:21] [GradMonitor step=5670] param-grad: weight_base: mean=2.88e-08 std=6.32e-07 | weight_base_open: mean=-7.91e-05 std=1.61e-03 | enc_conv1_weight: mean=-9.60e-03 std=6.13e-02
[05/14 05:44:21] [GradMonitor step=5675] near-input: bn0: mean=-1.41e-07 std=2.35e-04 pos=0.50 | enc_conv1: mean=2.27e-14 std=1.30e-04 pos=0.51
[05/14 05:44:21] [GradMonitor step=5675] deep/task: enc_layer4: mean=1.18e-05 std=2.07e-05 | PAM: mean=1.28e-04 std=2.24e-04 | CIAM: mean=1.20e-05 std=2.08e-05
[05/14 05:44:21] [GradMonitor step=5675] param-grad: weight_base: mean=1.84e-08 std=5.52e-07 | weight_base_open: mean=5.78e-05 std=1.12e-03 | enc_conv1_weight: mean=5.02e-03 std=3.81e-02
[05/14 05:44:22] [GradMonitor step=5680] near-input: bn0: mean=2.70e-07 std=4.36e-04 pos=0.50 | enc_conv1: mean=-1.82e-14 std=2.41e-04 pos=0.52
[05/14 05:44:22] [GradMonitor step=5680] deep/task: enc_layer4: mean=1.35e-05 std=3.20e-05 | PAM: mean=1.50e-04 std=3.48e-04 | CIAM: mean=1.37e-05 std=3.20e-05
[05/14 05:44:22] [GradMonitor step=5680] param-grad: weight_base: mean=-2.55e-08 std=1.32e-06 | weight_base_open: mean=-1.42e-04 std=2.38e-03 | enc_conv1_weight: mean=1.49e-02 std=3.85e-02
[05/14 05:44:22] [GradMonitor step=5685] near-input: bn0: mean=4.23e-07 std=2.33e-04 pos=0.50 | enc_conv1: mean=4.49e-14 std=1.27e-04 pos=0.40
[05/14 05:44:22] [GradMonitor step=5685] deep/task: enc_layer4: mean=1.33e-05 std=2.17e-05 | PAM: mean=1.47e-04 std=2.36e-04 | CIAM: mean=1.36e-05 std=2.18e-05
[05/14 05:44:22] [GradMonitor step=5685] param-grad: weight_base: mean=2.29e-10 std=7.13e-07 | weight_base_open: mean=-1.04e-05 std=1.22e-03 | enc_conv1_weight: mean=1.60e-02 std=4.51e-02
[05/14 05:44:22] [GradMonitor step=5690] near-input: bn0: mean=-9.42e-08 std=3.92e-04 pos=0.50 | enc_conv1: mean=-8.19e-14 std=2.19e-04 pos=0.48
[05/14 05:44:22] [GradMonitor step=5690] deep/task: enc_layer4: mean=1.69e-05 std=3.19e-05 | PAM: mean=1.87e-04 std=3.48e-04 | CIAM: mean=1.73e-05 std=3.20e-05
[05/14 05:44:22] [GradMonitor step=5690] param-grad: weight_base: mean=3.63e-09 std=7.15e-07 | weight_base_open: mean=1.59e-04 std=1.45e-03 | enc_conv1_weight: mean=-1.67e-03 std=5.99e-02
[05/14 05:44:23] [GradMonitor step=5695] near-input: bn0: mean=-1.86e-08 std=1.51e-04 pos=0.50 | enc_conv1: mean=1.59e-14 std=8.36e-05 pos=0.47
[05/14 05:44:23] [GradMonitor step=5695] deep/task: enc_layer4: mean=1.08e-05 std=1.76e-05 | PAM: mean=1.19e-04 std=1.91e-04 | CIAM: mean=1.11e-05 std=1.77e-05
[05/14 05:44:23] [GradMonitor step=5695] param-grad: weight_base: mean=6.16e-09 std=5.15e-07 | weight_base_open: mean=-3.42e-05 std=1.36e-03 | enc_conv1_weight: mean=4.15e-03 std=4.57e-02
[05/14 05:44:23] [GradMonitor step=5700] near-input: bn0: mean=4.64e-08 std=3.62e-04 pos=0.50 | enc_conv1: mean=5.91e-14 std=1.94e-04 pos=0.55
[05/14 05:44:23] [GradMonitor step=5700] deep/task: enc_layer4: mean=1.50e-05 std=3.18e-05 | PAM: mean=1.65e-04 std=3.49e-04 | CIAM: mean=1.52e-05 std=3.19e-05
[05/14 05:44:23] [GradMonitor step=5700] param-grad: weight_base: mean=-4.63e-08 std=1.48e-06 | weight_base_open: mean=7.20e-05 std=1.77e-03 | enc_conv1_weight: mean=-8.07e-03 std=6.65e-02
[05/14 05:44:23] [GradMonitor step=5705] near-input: bn0: mean=-2.07e-09 std=4.15e-04 pos=0.50 | enc_conv1: mean=9.55e-14 std=2.33e-04 pos=0.51
[05/14 05:44:23] [GradMonitor step=5705] deep/task: enc_layer4: mean=1.45e-05 std=3.59e-05 | PAM: mean=1.61e-04 std=3.97e-04 | CIAM: mean=1.48e-05 std=3.60e-05
[05/14 05:44:23] [GradMonitor step=5705] param-grad: weight_base: mean=-1.29e-08 std=1.13e-06 | weight_base_open: mean=3.74e-05 std=1.38e-03 | enc_conv1_weight: mean=-1.61e-02 std=6.74e-02
[05/14 05:44:24] [GradMonitor step=5710] near-input: bn0: mean=3.80e-07 std=5.72e-04 pos=0.50 | enc_conv1: mean=2.73e-14 std=3.16e-04 pos=0.48
[05/14 05:44:24] [GradMonitor step=5710] deep/task: enc_layer4: mean=1.50e-05 std=3.93e-05 | PAM: mean=1.65e-04 std=4.31e-04 | CIAM: mean=1.52e-05 std=3.93e-05
[05/14 05:44:24] [GradMonitor step=5710] param-grad: weight_base: mean=7.07e-09 std=1.82e-06 | weight_base_open: mean=9.86e-05 std=1.63e-03 | enc_conv1_weight: mean=3.26e-03 std=6.70e-02
[05/14 05:44:24] [GradMonitor step=5715] near-input: bn0: mean=1.38e-07 std=4.28e-04 pos=0.50 | enc_conv1: mean=-1.27e-13 std=2.35e-04 pos=0.47
[05/14 05:44:24] [GradMonitor step=5715] deep/task: enc_layer4: mean=1.33e-05 std=3.30e-05 | PAM: mean=1.47e-04 std=3.60e-04 | CIAM: mean=1.37e-05 std=3.31e-05
[05/14 05:44:24] [GradMonitor step=5715] param-grad: weight_base: mean=-1.80e-08 std=9.06e-07 | weight_base_open: mean=-4.28e-06 std=1.01e-03 | enc_conv1_weight: mean=4.12e-03 std=5.26e-02
[05/14 05:44:25] [GradMonitor step=5720] near-input: bn0: mean=1.51e-10 std=3.21e-04 pos=0.50 | enc_conv1: mean=-3.87e-14 std=1.77e-04 pos=0.56
[05/14 05:44:25] [GradMonitor step=5720] deep/task: enc_layer4: mean=1.63e-05 std=2.93e-05 | PAM: mean=1.79e-04 std=3.21e-04 | CIAM: mean=1.66e-05 std=2.94e-05
[05/14 05:44:25] [GradMonitor step=5720] param-grad: weight_base: mean=-5.38e-09 std=1.18e-06 | weight_base_open: mean=5.95e-05 std=1.40e-03 | enc_conv1_weight: mean=-4.96e-03 std=4.57e-02
[05/14 05:44:25] [GradMonitor step=5725] near-input: bn0: mean=-7.08e-08 std=2.02e-04 pos=0.50 | enc_conv1: mean=1.25e-14 std=1.11e-04 pos=0.53
[05/14 05:44:25] [GradMonitor step=5725] deep/task: enc_layer4: mean=8.61e-06 std=1.82e-05 | PAM: mean=9.39e-05 std=1.96e-04 | CIAM: mean=8.78e-06 std=1.82e-05
[05/14 05:44:25] [GradMonitor step=5725] param-grad: weight_base: mean=-8.76e-09 std=7.47e-07 | weight_base_open: mean=2.69e-05 std=1.58e-03 | enc_conv1_weight: mean=3.61e-03 std=4.38e-02
[05/14 05:44:25] [GradMonitor step=5730] near-input: bn0: mean=-4.28e-07 std=3.20e-04 pos=0.50 | enc_conv1: mean=4.43e-14 std=1.75e-04 pos=0.53
[05/14 05:44:25] [GradMonitor step=5730] deep/task: enc_layer4: mean=1.27e-05 std=2.67e-05 | PAM: mean=1.40e-04 std=2.89e-04 | CIAM: mean=1.30e-05 std=2.68e-05
[05/14 05:44:25] [GradMonitor step=5730] param-grad: weight_base: mean=-2.49e-08 std=6.59e-07 | weight_base_open: mean=-3.53e-05 std=1.35e-03 | enc_conv1_weight: mean=3.23e-03 std=5.55e-02
[05/14 05:44:26] [GradMonitor step=5735] near-input: bn0: mean=6.60e-08 std=3.42e-04 pos=0.50 | enc_conv1: mean=4.55e-15 std=1.83e-04 pos=0.59
[05/14 05:44:26] [GradMonitor step=5735] deep/task: enc_layer4: mean=1.54e-05 std=2.38e-05 | PAM: mean=1.68e-04 std=2.58e-04 | CIAM: mean=1.57e-05 std=2.40e-05
[05/14 05:44:26] [GradMonitor step=5735] param-grad: weight_base: mean=3.16e-08 std=8.66e-07 | weight_base_open: mean=-1.57e-04 std=1.30e-03 | enc_conv1_weight: mean=2.30e-03 std=4.89e-02
[05/14 05:44:26] [GradMonitor step=5740] near-input: bn0: mean=-3.91e-07 std=2.51e-04 pos=0.50 | enc_conv1: mean=2.50e-14 std=1.37e-04 pos=0.46
[05/14 05:44:26] [GradMonitor step=5740] deep/task: enc_layer4: mean=1.10e-05 std=2.23e-05 | PAM: mean=1.22e-04 std=2.45e-04 | CIAM: mean=1.13e-05 std=2.25e-05
[05/14 05:44:26] [GradMonitor step=5740] param-grad: weight_base: mean=1.47e-08 std=7.50e-07 | weight_base_open: mean=2.06e-05 std=1.40e-03 | enc_conv1_weight: mean=-4.60e-03 std=4.52e-02
[05/14 05:44:26] [GradMonitor step=5745] near-input: bn0: mean=-5.71e-08 std=2.51e-04 pos=0.50 | enc_conv1: mean=-7.05e-14 std=1.35e-04 pos=0.46
[05/14 05:44:26] [GradMonitor step=5745] deep/task: enc_layer4: mean=1.25e-05 std=2.10e-05 | PAM: mean=1.36e-04 std=2.28e-04 | CIAM: mean=1.28e-05 std=2.10e-05
[05/14 05:44:26] [GradMonitor step=5745] param-grad: weight_base: mean=2.30e-08 std=7.73e-07 | weight_base_open: mean=6.58e-05 std=1.24e-03 | enc_conv1_weight: mean=-6.29e-05 std=6.96e-02
[05/14 05:44:27] [GradMonitor step=5750] near-input: bn0: mean=-1.72e-07 std=3.03e-04 pos=0.50 | enc_conv1: mean=-1.71e-14 std=1.60e-04 pos=0.55
[05/14 05:44:27] [GradMonitor step=5750] deep/task: enc_layer4: mean=1.23e-05 std=2.77e-05 | PAM: mean=1.36e-04 std=2.97e-04 | CIAM: mean=1.25e-05 std=2.78e-05
[05/14 05:44:27] [GradMonitor step=5750] param-grad: weight_base: mean=-5.61e-08 std=1.09e-06 | weight_base_open: mean=-1.47e-05 std=1.44e-03 | enc_conv1_weight: mean=7.02e-03 std=6.31e-02
[05/14 05:44:27] [GradMonitor step=5755] near-input: bn0: mean=1.32e-07 std=3.17e-04 pos=0.50 | enc_conv1: mean=-2.27e-14 std=1.68e-04 pos=0.48
[05/14 05:44:27] [GradMonitor step=5755] deep/task: enc_layer4: mean=9.71e-06 std=2.98e-05 | PAM: mean=1.08e-04 std=3.23e-04 | CIAM: mean=9.83e-06 std=2.98e-05
[05/14 05:44:27] [GradMonitor step=5755] param-grad: weight_base: mean=2.24e-08 std=1.48e-06 | weight_base_open: mean=1.16e-05 std=2.28e-03 | enc_conv1_weight: mean=2.14e-02 std=6.58e-02
[05/14 05:44:28] [GradMonitor step=5760] near-input: bn0: mean=-9.70e-08 std=2.22e-04 pos=0.50 | enc_conv1: mean=-1.14e-14 std=1.16e-04 pos=0.43
[05/14 05:44:28] [GradMonitor step=5760] deep/task: enc_layer4: mean=1.11e-05 std=1.56e-05 | PAM: mean=1.21e-04 std=1.70e-04 | CIAM: mean=1.13e-05 std=1.57e-05
[05/14 05:44:28] [GradMonitor step=5760] param-grad: weight_base: mean=4.34e-08 std=8.93e-07 | weight_base_open: mean=-9.07e-05 std=1.99e-03 | enc_conv1_weight: mean=-6.40e-04 std=3.46e-02
[05/14 05:44:28] [GradMonitor step=5765] near-input: bn0: mean=-1.65e-07 std=3.18e-04 pos=0.50 | enc_conv1: mean=-2.96e-14 std=1.78e-04 pos=0.48
[05/14 05:44:28] [GradMonitor step=5765] deep/task: enc_layer4: mean=1.56e-05 std=3.02e-05 | PAM: mean=1.71e-04 std=3.28e-04 | CIAM: mean=1.59e-05 std=3.02e-05
[05/14 05:44:28] [GradMonitor step=5765] param-grad: weight_base: mean=-3.53e-08 std=7.27e-07 | weight_base_open: mean=1.29e-04 std=1.60e-03 | enc_conv1_weight: mean=1.57e-03 std=4.58e-02
[05/14 05:44:28] [GradMonitor step=5770] near-input: bn0: mean=7.02e-08 std=3.44e-04 pos=0.50 | enc_conv1: mean=1.36e-14 std=1.84e-04 pos=0.50
[05/14 05:44:28] [GradMonitor step=5770] deep/task: enc_layer4: mean=1.10e-05 std=2.57e-05 | PAM: mean=1.21e-04 std=2.78e-04 | CIAM: mean=1.13e-05 std=2.57e-05
[05/14 05:44:28] [GradMonitor step=5770] param-grad: weight_base: mean=-4.68e-08 std=8.31e-07 | weight_base_open: mean=-1.21e-04 std=1.35e-03 | enc_conv1_weight: mean=-2.43e-03 std=4.62e-02
[05/14 05:44:29] [GradMonitor step=5775] near-input: bn0: mean=3.41e-07 std=4.03e-04 pos=0.50 | enc_conv1: mean=2.50e-14 std=2.33e-04 pos=0.46
[05/14 05:44:29] [GradMonitor step=5775] deep/task: enc_layer4: mean=1.52e-05 std=3.21e-05 | PAM: mean=1.68e-04 std=3.52e-04 | CIAM: mean=1.54e-05 std=3.22e-05
[05/14 05:44:29] [GradMonitor step=5775] param-grad: weight_base: mean=3.95e-09 std=7.98e-07 | weight_base_open: mean=3.53e-05 std=1.10e-03 | enc_conv1_weight: mean=-6.75e-03 std=6.27e-02
[05/14 05:44:29] [GradMonitor step=5780] near-input: bn0: mean=-3.74e-07 std=3.61e-04 pos=0.50 | enc_conv1: mean=-2.73e-14 std=1.96e-04 pos=0.51
[05/14 05:44:29] [GradMonitor step=5780] deep/task: enc_layer4: mean=1.49e-05 std=2.94e-05 | PAM: mean=1.63e-04 std=3.19e-04 | CIAM: mean=1.52e-05 std=2.95e-05
[05/14 05:44:29] [GradMonitor step=5780] param-grad: weight_base: mean=-3.37e-08 std=1.65e-06 | weight_base_open: mean=-2.76e-05 std=1.66e-03 | enc_conv1_weight: mean=-1.32e-02 std=5.95e-02
[05/14 05:44:29] [GradMonitor step=5785] near-input: bn0: mean=4.28e-08 std=1.80e-04 pos=0.50 | enc_conv1: mean=-5.57e-14 std=9.71e-05 pos=0.44
[05/14 05:44:29] [GradMonitor step=5785] deep/task: enc_layer4: mean=1.18e-05 std=1.66e-05 | PAM: mean=1.29e-04 std=1.80e-04 | CIAM: mean=1.21e-05 std=1.67e-05
[05/14 05:44:29] [GradMonitor step=5785] param-grad: weight_base: mean=1.00e-08 std=5.38e-07 | weight_base_open: mean=5.59e-05 std=8.77e-04 | enc_conv1_weight: mean=-4.96e-03 std=5.32e-02
[05/14 05:44:30] [GradMonitor step=5790] near-input: bn0: mean=1.92e-08 std=3.50e-04 pos=0.50 | enc_conv1: mean=1.11e-13 std=1.87e-04 pos=0.53
[05/14 05:44:30] [GradMonitor step=5790] deep/task: enc_layer4: mean=1.63e-05 std=2.78e-05 | PAM: mean=1.80e-04 std=3.06e-04 | CIAM: mean=1.66e-05 std=2.80e-05
[05/14 05:44:30] [GradMonitor step=5790] param-grad: weight_base: mean=-1.50e-08 std=5.75e-07 | weight_base_open: mean=6.60e-05 std=1.49e-03 | enc_conv1_weight: mean=1.32e-02 std=5.47e-02
[05/14 05:44:30] [GradMonitor step=5795] near-input: bn0: mean=-2.08e-07 std=4.03e-04 pos=0.50 | enc_conv1: mean=4.55e-14 std=2.15e-04 pos=0.40
[05/14 05:44:30] [GradMonitor step=5795] deep/task: enc_layer4: mean=1.37e-05 std=2.78e-05 | PAM: mean=1.51e-04 std=3.03e-04 | CIAM: mean=1.39e-05 std=2.79e-05
[05/14 05:44:30] [GradMonitor step=5795] param-grad: weight_base: mean=-9.60e-10 std=7.85e-07 | weight_base_open: mean=2.98e-05 std=1.17e-03 | enc_conv1_weight: mean=-7.55e-03 std=5.11e-02
[05/14 05:44:31] [GradMonitor step=5800] near-input: bn0: mean=-2.55e-07 std=2.37e-04 pos=0.50 | enc_conv1: mean=3.18e-14 std=1.30e-04 pos=0.42
[05/14 05:44:31] [GradMonitor step=5800] deep/task: enc_layer4: mean=1.32e-05 std=2.30e-05 | PAM: mean=1.45e-04 std=2.50e-04 | CIAM: mean=1.35e-05 std=2.31e-05
[05/14 05:44:31] [GradMonitor step=5800] param-grad: weight_base: mean=-4.84e-09 std=8.83e-07 | weight_base_open: mean=3.29e-05 std=1.49e-03 | enc_conv1_weight: mean=-1.26e-02 std=5.15e-02
[05/14 05:44:31] [GradMonitor step=5805] near-input: bn0: mean=-1.42e-07 std=2.42e-04 pos=0.50 | enc_conv1: mean=-9.09e-15 std=1.29e-04 pos=0.52
[05/14 05:44:31] [GradMonitor step=5805] deep/task: enc_layer4: mean=1.17e-05 std=2.04e-05 | PAM: mean=1.28e-04 std=2.22e-04 | CIAM: mean=1.19e-05 std=2.04e-05
[05/14 05:44:31] [GradMonitor step=5805] param-grad: weight_base: mean=-7.36e-09 std=1.35e-06 | weight_base_open: mean=1.88e-04 std=2.06e-03 | enc_conv1_weight: mean=-1.50e-02 std=5.74e-02
[05/14 05:44:31] [GradMonitor step=5810] near-input: bn0: mean=1.18e-07 std=4.15e-04 pos=0.50 | enc_conv1: mean=-9.55e-14 std=2.23e-04 pos=0.52
[05/14 05:44:31] [GradMonitor step=5810] deep/task: enc_layer4: mean=9.81e-06 std=3.46e-05 | PAM: mean=1.07e-04 std=3.73e-04 | CIAM: mean=1.01e-05 std=3.46e-05
[05/14 05:44:31] [GradMonitor step=5810] param-grad: weight_base: mean=-2.32e-09 std=5.85e-07 | weight_base_open: mean=9.48e-06 std=1.38e-03 | enc_conv1_weight: mean=-2.33e-02 std=5.50e-02
[05/14 05:44:32] [GradMonitor step=5815] near-input: bn0: mean=7.32e-07 std=5.77e-04 pos=0.50 | enc_conv1: mean=-1.55e-13 std=3.20e-04 pos=0.51
[05/14 05:44:32] [GradMonitor step=5815] deep/task: enc_layer4: mean=1.34e-05 std=3.93e-05 | PAM: mean=1.51e-04 std=4.31e-04 | CIAM: mean=1.37e-05 std=3.94e-05
[05/14 05:44:32] [GradMonitor step=5815] param-grad: weight_base: mean=2.94e-08 std=5.61e-07 | weight_base_open: mean=2.63e-06 std=1.79e-03 | enc_conv1_weight: mean=-6.76e-03 std=5.53e-02
[05/14 05:44:32] [GradMonitor step=5820] near-input: bn0: mean=-3.94e-07 std=2.49e-04 pos=0.50 | enc_conv1: mean=1.14e-14 std=1.32e-04 pos=0.46
[05/14 05:44:32] [GradMonitor step=5820] deep/task: enc_layer4: mean=1.43e-05 std=2.29e-05 | PAM: mean=1.57e-04 std=2.50e-04 | CIAM: mean=1.45e-05 std=2.30e-05
[05/14 05:44:32] [GradMonitor step=5820] param-grad: weight_base: mean=8.50e-09 std=9.00e-07 | weight_base_open: mean=-9.65e-05 std=2.27e-03 | enc_conv1_weight: mean=-7.18e-03 std=5.50e-02
[05/14 05:44:33] [GradMonitor step=5825] near-input: bn0: mean=-5.45e-08 std=2.62e-04 pos=0.50 | enc_conv1: mean=-1.82e-14 std=1.41e-04 pos=0.52
[05/14 05:44:33] [GradMonitor step=5825] deep/task: enc_layer4: mean=1.13e-05 std=1.98e-05 | PAM: mean=1.24e-04 std=2.15e-04 | CIAM: mean=1.16e-05 std=1.99e-05
[05/14 05:44:33] [GradMonitor step=5825] param-grad: weight_base: mean=-1.27e-08 std=8.49e-07 | weight_base_open: mean=9.06e-06 std=1.49e-03 | enc_conv1_weight: mean=2.45e-03 std=3.76e-02
[05/14 05:44:33] [GradMonitor step=5830] near-input: bn0: mean=-1.07e-07 std=2.31e-04 pos=0.50 | enc_conv1: mean=2.27e-15 std=1.25e-04 pos=0.44
[05/14 05:44:33] [GradMonitor step=5830] deep/task: enc_layer4: mean=1.23e-05 std=2.06e-05 | PAM: mean=1.36e-04 std=2.25e-04 | CIAM: mean=1.26e-05 std=2.07e-05
[05/14 05:44:33] [GradMonitor step=5830] param-grad: weight_base: mean=-5.29e-10 std=1.02e-06 | weight_base_open: mean=3.92e-05 std=1.15e-03 | enc_conv1_weight: mean=9.72e-04 std=4.25e-02
[05/14 05:44:33] [GradMonitor step=5835] near-input: bn0: mean=1.08e-07 std=4.23e-04 pos=0.50 | enc_conv1: mean=-5.68e-14 std=2.28e-04 pos=0.54
[05/14 05:44:33] [GradMonitor step=5835] deep/task: enc_layer4: mean=1.59e-05 std=2.72e-05 | PAM: mean=1.75e-04 std=2.99e-04 | CIAM: mean=1.62e-05 std=2.74e-05
[05/14 05:44:33] [GradMonitor step=5835] param-grad: weight_base: mean=-3.17e-08 std=7.42e-07 | weight_base_open: mean=-4.74e-05 std=1.36e-03 | enc_conv1_weight: mean=3.90e-03 std=4.97e-02
[05/14 05:44:34] [GradMonitor step=5840] near-input: bn0: mean=-1.52e-07 std=2.26e-04 pos=0.50 | enc_conv1: mean=-5.23e-14 std=1.25e-04 pos=0.49
[05/14 05:44:34] [GradMonitor step=5840] deep/task: enc_layer4: mean=1.24e-05 std=2.34e-05 | PAM: mean=1.36e-04 std=2.55e-04 | CIAM: mean=1.27e-05 std=2.35e-05
[05/14 05:44:34] [GradMonitor step=5840] param-grad: weight_base: mean=-3.20e-08 std=8.91e-07 | weight_base_open: mean=8.21e-05 std=1.19e-03 | enc_conv1_weight: mean=6.32e-03 std=3.83e-02
[05/14 05:44:34] [GradMonitor step=5845] near-input: bn0: mean=-2.01e-07 std=3.57e-04 pos=0.50 | enc_conv1: mean=-2.27e-14 std=1.93e-04 pos=0.45
[05/14 05:44:34] [GradMonitor step=5845] deep/task: enc_layer4: mean=1.47e-05 std=3.06e-05 | PAM: mean=1.63e-04 std=3.36e-04 | CIAM: mean=1.50e-05 std=3.06e-05
[05/14 05:44:34] [GradMonitor step=5845] param-grad: weight_base: mean=-3.52e-08 std=1.16e-06 | weight_base_open: mean=-3.19e-05 std=1.38e-03 | enc_conv1_weight: mean=2.50e-02 std=7.17e-02
[05/14 05:44:34] [GradMonitor step=5850] near-input: bn0: mean=3.81e-07 std=3.69e-04 pos=0.50 | enc_conv1: mean=5.68e-14 std=1.97e-04 pos=0.44
[05/14 05:44:34] [GradMonitor step=5850] deep/task: enc_layer4: mean=1.45e-05 std=3.21e-05 | PAM: mean=1.59e-04 std=3.46e-04 | CIAM: mean=1.48e-05 std=3.21e-05
[05/14 05:44:34] [GradMonitor step=5850] param-grad: weight_base: mean=-2.10e-08 std=9.79e-07 | weight_base_open: mean=1.02e-04 std=1.26e-03 | enc_conv1_weight: mean=1.90e-02 std=6.29e-02
[05/14 05:44:35] [GradMonitor step=5855] near-input: bn0: mean=-1.42e-08 std=5.92e-04 pos=0.50 | enc_conv1: mean=-1.52e-13 std=3.17e-04 pos=0.59
[05/14 05:44:35] [GradMonitor step=5855] deep/task: enc_layer4: mean=1.77e-05 std=4.01e-05 | PAM: mean=1.93e-04 std=4.35e-04 | CIAM: mean=1.80e-05 std=4.02e-05
[05/14 05:44:35] [GradMonitor step=5855] param-grad: weight_base: mean=4.86e-08 std=1.63e-06 | weight_base_open: mean=8.00e-05 std=2.42e-03 | enc_conv1_weight: mean=3.47e-03 std=6.57e-02
[05/14 05:44:35] [GradMonitor step=5860] near-input: bn0: mean=-3.01e-07 std=3.77e-04 pos=0.50 | enc_conv1: mean=-4.55e-14 std=2.01e-04 pos=0.51
[05/14 05:44:35] [GradMonitor step=5860] deep/task: enc_layer4: mean=1.54e-05 std=2.72e-05 | PAM: mean=1.69e-04 std=2.97e-04 | CIAM: mean=1.57e-05 std=2.73e-05
[05/14 05:44:35] [GradMonitor step=5860] param-grad: weight_base: mean=-2.18e-08 std=9.14e-07 | weight_base_open: mean=1.92e-04 std=1.31e-03 | enc_conv1_weight: mean=3.33e-03 std=3.90e-02
[05/14 05:44:35] [GradMonitor step=5865] near-input: bn0: mean=1.82e-08 std=2.67e-04 pos=0.50 | enc_conv1: mean=-5.68e-14 std=1.42e-04 pos=0.46
[05/14 05:44:35] [GradMonitor step=5865] deep/task: enc_layer4: mean=1.45e-05 std=2.23e-05 | PAM: mean=1.60e-04 std=2.44e-04 | CIAM: mean=1.48e-05 std=2.24e-05
[05/14 05:44:35] [GradMonitor step=5865] param-grad: weight_base: mean=3.28e-09 std=3.26e-07 | weight_base_open: mean=-2.54e-05 std=2.15e-03 | enc_conv1_weight: mean=1.62e-03 std=4.89e-02
[05/14 05:44:36] [GradMonitor step=5870] near-input: bn0: mean=-1.31e-07 std=2.26e-04 pos=0.50 | enc_conv1: mean=6.59e-14 std=1.21e-04 pos=0.57
[05/14 05:44:36] [GradMonitor step=5870] deep/task: enc_layer4: mean=8.60e-06 std=1.67e-05 | PAM: mean=9.39e-05 std=1.80e-04 | CIAM: mean=8.83e-06 std=1.68e-05
[05/14 05:44:36] [GradMonitor step=5870] param-grad: weight_base: mean=3.85e-09 std=9.00e-07 | weight_base_open: mean=-3.14e-05 std=1.82e-03 | enc_conv1_weight: mean=3.13e-03 std=4.50e-02
[05/14 05:44:36] [GradMonitor step=5875] near-input: bn0: mean=2.01e-08 std=2.19e-04 pos=0.50 | enc_conv1: mean=7.62e-14 std=1.21e-04 pos=0.51
[05/14 05:44:36] [GradMonitor step=5875] deep/task: enc_layer4: mean=1.14e-05 std=2.34e-05 | PAM: mean=1.26e-04 std=2.55e-04 | CIAM: mean=1.17e-05 std=2.35e-05
[05/14 05:44:36] [GradMonitor step=5875] param-grad: weight_base: mean=2.82e-09 std=5.56e-07 | weight_base_open: mean=-2.63e-05 std=1.12e-03 | enc_conv1_weight: mean=-1.29e-02 std=4.00e-02
[05/14 05:44:37] [GradMonitor step=5880] near-input: bn0: mean=1.03e-07 std=1.97e-04 pos=0.50 | enc_conv1: mean=-4.55e-15 std=1.07e-04 pos=0.49
[05/14 05:44:37] [GradMonitor step=5880] deep/task: enc_layer4: mean=1.19e-05 std=2.04e-05 | PAM: mean=1.30e-04 std=2.22e-04 | CIAM: mean=1.21e-05 std=2.05e-05
[05/14 05:44:37] [GradMonitor step=5880] param-grad: weight_base: mean=-7.10e-09 std=2.71e-07 | weight_base_open: mean=1.08e-04 std=1.41e-03 | enc_conv1_weight: mean=-6.02e-03 std=4.02e-02
[05/14 05:44:37] [GradMonitor step=5885] near-input: bn0: mean=2.58e-07 std=2.62e-04 pos=0.50 | enc_conv1: mean=1.02e-14 std=1.41e-04 pos=0.51
[05/14 05:44:37] [GradMonitor step=5885] deep/task: enc_layer4: mean=1.31e-05 std=1.91e-05 | PAM: mean=1.44e-04 std=2.08e-04 | CIAM: mean=1.34e-05 std=1.93e-05
[05/14 05:44:37] [GradMonitor step=5885] param-grad: weight_base: mean=-4.63e-09 std=7.74e-07 | weight_base_open: mean=-4.90e-06 std=9.92e-04 | enc_conv1_weight: mean=5.00e-03 std=3.66e-02
[05/14 05:44:37] [GradMonitor step=5890] near-input: bn0: mean=4.05e-08 std=1.75e-04 pos=0.50 | enc_conv1: mean=1.71e-14 std=9.56e-05 pos=0.49
[05/14 05:44:37] [GradMonitor step=5890] deep/task: enc_layer4: mean=1.14e-05 std=1.54e-05 | PAM: mean=1.24e-04 std=1.68e-04 | CIAM: mean=1.16e-05 std=1.55e-05
[05/14 05:44:37] [GradMonitor step=5890] param-grad: weight_base: mean=3.14e-08 std=1.18e-06 | weight_base_open: mean=-2.39e-05 std=2.09e-03 | enc_conv1_weight: mean=3.06e-03 std=2.41e-02
[05/14 05:44:38] [GradMonitor step=5895] near-input: bn0: mean=1.25e-08 std=3.47e-04 pos=0.50 | enc_conv1: mean=-9.78e-14 std=1.91e-04 pos=0.45
[05/14 05:44:38] [GradMonitor step=5895] deep/task: enc_layer4: mean=1.33e-05 std=2.70e-05 | PAM: mean=1.46e-04 std=2.95e-04 | CIAM: mean=1.36e-05 std=2.71e-05
[05/14 05:44:38] [GradMonitor step=5895] param-grad: weight_base: mean=7.11e-09 std=1.38e-06 | weight_base_open: mean=-2.53e-05 std=2.00e-03 | enc_conv1_weight: mean=2.32e-03 std=5.58e-02
[05/14 05:44:38] [GradMonitor step=5900] near-input: bn0: mean=-8.70e-08 std=2.37e-04 pos=0.50 | enc_conv1: mean=5.34e-14 std=1.31e-04 pos=0.52
[05/14 05:44:38] [GradMonitor step=5900] deep/task: enc_layer4: mean=1.37e-05 std=2.22e-05 | PAM: mean=1.52e-04 std=2.43e-04 | CIAM: mean=1.40e-05 std=2.23e-05
[05/14 05:44:38] [GradMonitor step=5900] param-grad: weight_base: mean=3.67e-08 std=7.68e-07 | weight_base_open: mean=-2.02e-05 std=1.50e-03 | enc_conv1_weight: mean=-1.22e-02 std=3.95e-02
[05/14 05:44:38] [GradMonitor step=5905] near-input: bn0: mean=-9.66e-08 std=1.84e-04 pos=0.50 | enc_conv1: mean=2.67e-14 std=9.94e-05 pos=0.53
[05/14 05:44:38] [GradMonitor step=5905] deep/task: enc_layer4: mean=1.05e-05 std=2.08e-05 | PAM: mean=1.16e-04 std=2.28e-04 | CIAM: mean=1.07e-05 std=2.09e-05
[05/14 05:44:38] [GradMonitor step=5905] param-grad: weight_base: mean=-2.80e-08 std=6.53e-07 | weight_base_open: mean=8.55e-05 std=1.18e-03 | enc_conv1_weight: mean=9.82e-04 std=3.78e-02
[05/14 05:44:39] [GradMonitor step=5910] near-input: bn0: mean=-3.03e-08 std=2.39e-04 pos=0.50 | enc_conv1: mean=1.05e-13 std=1.31e-04 pos=0.47
[05/14 05:44:39] [GradMonitor step=5910] deep/task: enc_layer4: mean=1.29e-05 std=2.63e-05 | PAM: mean=1.43e-04 std=2.91e-04 | CIAM: mean=1.32e-05 std=2.63e-05
[05/14 05:44:39] [GradMonitor step=5910] param-grad: weight_base: mean=-1.50e-08 std=5.23e-07 | weight_base_open: mean=-8.18e-05 std=1.22e-03 | enc_conv1_weight: mean=3.13e-03 std=4.50e-02
[05/14 05:44:39] [GradMonitor step=5915] near-input: bn0: mean=-8.11e-08 std=1.74e-04 pos=0.50 | enc_conv1: mean=-3.98e-14 std=9.55e-05 pos=0.47
[05/14 05:44:39] [GradMonitor step=5915] deep/task: enc_layer4: mean=8.01e-06 std=2.16e-05 | PAM: mean=8.71e-05 std=2.37e-04 | CIAM: mean=8.13e-06 std=2.17e-05
[05/14 05:44:39] [GradMonitor step=5915] param-grad: weight_base: mean=1.15e-08 std=5.33e-07 | weight_base_open: mean=9.02e-06 std=1.39e-03 | enc_conv1_weight: mean=1.33e-03 std=4.29e-02
[05/14 05:44:40] [GradMonitor step=5920] near-input: bn0: mean=-1.53e-08 std=2.47e-04 pos=0.50 | enc_conv1: mean=-2.27e-14 std=1.35e-04 pos=0.46
[05/14 05:44:40] [GradMonitor step=5920] deep/task: enc_layer4: mean=1.35e-05 std=2.39e-05 | PAM: mean=1.48e-04 std=2.61e-04 | CIAM: mean=1.37e-05 std=2.40e-05
[05/14 05:44:40] [GradMonitor step=5920] param-grad: weight_base: mean=-2.07e-08 std=1.46e-06 | weight_base_open: mean=6.09e-05 std=1.51e-03 | enc_conv1_weight: mean=8.46e-03 std=5.43e-02
[05/14 05:44:40] [GradMonitor step=5925] near-input: bn0: mean=-3.47e-08 std=2.62e-04 pos=0.50 | enc_conv1: mean=-6.37e-14 std=1.44e-04 pos=0.52
[05/14 05:44:40] [GradMonitor step=5925] deep/task: enc_layer4: mean=1.40e-05 std=2.50e-05 | PAM: mean=1.54e-04 std=2.74e-04 | CIAM: mean=1.43e-05 std=2.51e-05
[05/14 05:44:40] [GradMonitor step=5925] param-grad: weight_base: mean=-3.54e-08 std=8.10e-07 | weight_base_open: mean=-6.96e-05 std=2.31e-03 | enc_conv1_weight: mean=1.39e-02 std=5.05e-02
[05/14 05:44:40] [GradMonitor step=5930] near-input: bn0: mean=-1.71e-10 std=3.10e-04 pos=0.50 | enc_conv1: mean=1.71e-14 std=1.69e-04 pos=0.45
[05/14 05:44:40] [GradMonitor step=5930] deep/task: enc_layer4: mean=1.01e-05 std=2.82e-05 | PAM: mean=1.11e-04 std=3.08e-04 | CIAM: mean=1.04e-05 std=2.83e-05
[05/14 05:44:40] [GradMonitor step=5930] param-grad: weight_base: mean=-2.59e-08 std=6.70e-07 | weight_base_open: mean=6.23e-05 std=1.33e-03 | enc_conv1_weight: mean=1.76e-02 std=6.90e-02
[05/14 05:44:41] [GradMonitor step=5935] near-input: bn0: mean=-2.93e-07 std=2.46e-04 pos=0.50 | enc_conv1: mean=4.55e-15 std=1.41e-04 pos=0.41
[05/14 05:44:41] [GradMonitor step=5935] deep/task: enc_layer4: mean=1.54e-05 std=2.50e-05 | PAM: mean=1.71e-04 std=2.74e-04 | CIAM: mean=1.57e-05 std=2.51e-05
[05/14 05:44:41] [GradMonitor step=5935] param-grad: weight_base: mean=-4.78e-08 std=1.38e-06 | weight_base_open: mean=-1.27e-06 std=1.55e-03 | enc_conv1_weight: mean=-6.88e-03 std=4.27e-02
[05/14 05:44:41] [GradMonitor step=5940] near-input: bn0: mean=-1.07e-07 std=5.75e-04 pos=0.50 | enc_conv1: mean=8.19e-14 std=3.08e-04 pos=0.55
[05/14 05:44:41] [GradMonitor step=5940] deep/task: enc_layer4: mean=1.48e-05 std=3.67e-05 | PAM: mean=1.63e-04 std=4.00e-04 | CIAM: mean=1.51e-05 std=3.67e-05
[05/14 05:44:41] [GradMonitor step=5940] param-grad: weight_base: mean=-1.37e-08 std=4.86e-07 | weight_base_open: mean=9.94e-05 std=1.41e-03 | enc_conv1_weight: mean=-1.44e-02 std=6.44e-02
[05/14 05:44:41] [GradMonitor step=5945] near-input: bn0: mean=1.06e-08 std=2.57e-04 pos=0.50 | enc_conv1: mean=9.44e-14 std=1.41e-04 pos=0.47
[05/14 05:44:41] [GradMonitor step=5945] deep/task: enc_layer4: mean=1.20e-05 std=2.49e-05 | PAM: mean=1.33e-04 std=2.72e-04 | CIAM: mean=1.23e-05 std=2.50e-05
[05/14 05:44:41] [GradMonitor step=5945] param-grad: weight_base: mean=1.09e-07 std=2.17e-06 | weight_base_open: mean=-2.31e-04 std=2.43e-03 | enc_conv1_weight: mean=-9.74e-03 std=4.98e-02
[05/14 05:44:42] [GradMonitor step=5950] near-input: bn0: mean=3.64e-07 std=3.33e-04 pos=0.50 | enc_conv1: mean=-7.39e-14 std=1.84e-04 pos=0.47
[05/14 05:44:42] [GradMonitor step=5950] deep/task: enc_layer4: mean=1.30e-05 std=2.67e-05 | PAM: mean=1.45e-04 std=2.93e-04 | CIAM: mean=1.33e-05 std=2.68e-05
[05/14 05:44:42] [GradMonitor step=5950] param-grad: weight_base: mean=2.48e-08 std=6.77e-07 | weight_base_open: mean=-2.44e-05 std=1.43e-03 | enc_conv1_weight: mean=3.22e-03 std=5.40e-02
[05/14 05:44:42] [GradMonitor step=5955] near-input: bn0: mean=5.09e-07 std=4.07e-04 pos=0.50 | enc_conv1: mean=3.87e-14 std=2.17e-04 pos=0.50
[05/14 05:44:42] [GradMonitor step=5955] deep/task: enc_layer4: mean=1.38e-05 std=3.02e-05 | PAM: mean=1.52e-04 std=3.27e-04 | CIAM: mean=1.40e-05 std=3.02e-05
[05/14 05:44:42] [GradMonitor step=5955] param-grad: weight_base: mean=-3.76e-08 std=9.29e-07 | weight_base_open: mean=-1.94e-04 std=1.56e-03 | enc_conv1_weight: mean=-2.40e-03 std=4.84e-02
[05/14 05:44:43] [GradMonitor step=5960] near-input: bn0: mean=9.65e-08 std=3.70e-04 pos=0.50 | enc_conv1: mean=5.00e-14 std=2.00e-04 pos=0.40
[05/14 05:44:43] [GradMonitor step=5960] deep/task: enc_layer4: mean=1.57e-05 std=2.63e-05 | PAM: mean=1.72e-04 std=2.85e-04 | CIAM: mean=1.61e-05 std=2.64e-05
[05/14 05:44:43] [GradMonitor step=5960] param-grad: weight_base: mean=4.00e-08 std=8.13e-07 | weight_base_open: mean=-1.69e-04 std=1.44e-03 | enc_conv1_weight: mean=4.13e-03 std=6.18e-02
[05/14 05:44:43] [GradMonitor step=5965] near-input: bn0: mean=-2.65e-07 std=3.81e-04 pos=0.50 | enc_conv1: mean=7.50e-14 std=2.14e-04 pos=0.48
[05/14 05:44:43] [GradMonitor step=5965] deep/task: enc_layer4: mean=1.17e-05 std=3.15e-05 | PAM: mean=1.30e-04 std=3.46e-04 | CIAM: mean=1.19e-05 std=3.15e-05
[05/14 05:44:43] [GradMonitor step=5965] param-grad: weight_base: mean=3.74e-08 std=7.50e-07 | weight_base_open: mean=1.05e-04 std=2.30e-03 | enc_conv1_weight: mean=-3.09e-03 std=5.69e-02
[05/14 05:44:43] [GradMonitor step=5970] near-input: bn0: mean=1.93e-07 std=4.32e-04 pos=0.50 | enc_conv1: mean=-2.27e-15 std=2.37e-04 pos=0.54
[05/14 05:44:43] [GradMonitor step=5970] deep/task: enc_layer4: mean=1.14e-05 std=3.13e-05 | PAM: mean=1.28e-04 std=3.40e-04 | CIAM: mean=1.16e-05 std=3.14e-05
[05/14 05:44:43] [GradMonitor step=5970] param-grad: weight_base: mean=1.48e-08 std=5.78e-07 | weight_base_open: mean=-1.04e-06 std=1.56e-03 | enc_conv1_weight: mean=-1.18e-02 std=6.73e-02
[05/14 05:44:44] [GradMonitor step=5975] near-input: bn0: mean=-1.78e-08 std=2.52e-04 pos=0.50 | enc_conv1: mean=6.71e-14 std=1.36e-04 pos=0.47
[05/14 05:44:44] [GradMonitor step=5975] deep/task: enc_layer4: mean=1.20e-05 std=1.91e-05 | PAM: mean=1.31e-04 std=2.06e-04 | CIAM: mean=1.22e-05 std=1.92e-05
[05/14 05:44:44] [GradMonitor step=5975] param-grad: weight_base: mean=6.51e-08 std=1.14e-06 | weight_base_open: mean=8.81e-06 std=1.96e-03 | enc_conv1_weight: mean=-1.14e-03 std=4.56e-02
[05/14 05:44:44] [GradMonitor step=5980] near-input: bn0: mean=2.60e-07 std=4.55e-04 pos=0.50 | enc_conv1: mean=1.00e-13 std=2.47e-04 pos=0.50
[05/14 05:44:44] [GradMonitor step=5980] deep/task: enc_layer4: mean=1.49e-05 std=3.00e-05 | PAM: mean=1.64e-04 std=3.29e-04 | CIAM: mean=1.52e-05 std=3.02e-05
[05/14 05:44:44] [GradMonitor step=5980] param-grad: weight_base: mean=-2.66e-08 std=7.85e-07 | weight_base_open: mean=-5.08e-06 std=1.37e-03 | enc_conv1_weight: mean=-5.13e-03 std=5.43e-02
[05/14 05:44:45] [GradMonitor step=5985] near-input: bn0: mean=1.72e-07 std=4.84e-04 pos=0.50 | enc_conv1: mean=7.50e-14 std=2.66e-04 pos=0.55
[05/14 05:44:45] [GradMonitor step=5985] deep/task: enc_layer4: mean=1.50e-05 std=3.19e-05 | PAM: mean=1.65e-04 std=3.49e-04 | CIAM: mean=1.52e-05 std=3.20e-05
[05/14 05:44:45] [GradMonitor step=5985] param-grad: weight_base: mean=7.86e-08 std=1.79e-06 | weight_base_open: mean=1.46e-05 std=2.18e-03 | enc_conv1_weight: mean=-9.36e-03 std=6.86e-02
[05/14 05:44:45] [GradMonitor step=5990] near-input: bn0: mean=3.61e-07 std=4.10e-04 pos=0.50 | enc_conv1: mean=9.09e-14 std=2.24e-04 pos=0.46
[05/14 05:44:45] [GradMonitor step=5990] deep/task: enc_layer4: mean=1.64e-05 std=2.74e-05 | PAM: mean=1.82e-04 std=3.00e-04 | CIAM: mean=1.68e-05 std=2.76e-05
[05/14 05:44:45] [GradMonitor step=5990] param-grad: weight_base: mean=4.73e-08 std=1.35e-06 | weight_base_open: mean=8.36e-05 std=1.69e-03 | enc_conv1_weight: mean=-8.24e-03 std=4.90e-02
[05/14 05:44:45] [GradMonitor step=5995] near-input: bn0: mean=-9.33e-08 std=1.74e-04 pos=0.50 | enc_conv1: mean=9.04e-14 std=9.37e-05 pos=0.43
[05/14 05:44:45] [GradMonitor step=5995] deep/task: enc_layer4: mean=1.07e-05 std=1.76e-05 | PAM: mean=1.17e-04 std=1.90e-04 | CIAM: mean=1.10e-05 std=1.77e-05
[05/14 05:44:45] [GradMonitor step=5995] param-grad: weight_base: mean=1.31e-10 std=6.05e-07 | weight_base_open: mean=-6.12e-05 std=1.16e-03 | enc_conv1_weight: mean=-7.78e-03 std=4.14e-02
[05/14 05:44:46] [GradMonitor step=6000] near-input: bn0: mean=1.32e-07 std=6.37e-04 pos=0.50 | enc_conv1: mean=-6.82e-14 std=3.53e-04 pos=0.47
[05/14 05:44:46] [GradMonitor step=6000] deep/task: enc_layer4: mean=1.52e-05 std=4.80e-05 | PAM: mean=1.72e-04 std=5.15e-04 | CIAM: mean=1.55e-05 std=4.80e-05
[05/14 05:44:46] [GradMonitor step=6000] param-grad: weight_base: mean=-5.77e-08 std=9.32e-07 | weight_base_open: mean=2.70e-06 std=1.83e-03 | enc_conv1_weight: mean=8.29e-03 std=7.36e-02
[05/14 05:44:46] 
[05/14 05:44:46] epoch 15/20, iter 6000:
[05/14 05:44:46] train_loss: 0.92056
[05/14 05:44:46] train_acc: 0.984
[05/14 05:44:46] train_auroc: 0.972
[05/14 05:44:52] Summary name val_6-way-5-shot_tpr@tnr95 is illegal; using val_6-way-5-shot_tpr_tnr95 instead.
[05/14 05:44:52] val_6-way-5-shot_acc: 59.678	0.705
[05/14 05:44:52] val_6-way-5-shot_auroc: 48.883	1.966
[05/14 05:44:52] val_6-way-5-shot_fscore: 20.344	0.254
[05/14 05:44:52] val_6-way-5-shot_tpr@tnr95: 4.600	1.425
[05/14 05:44:52] val_6-way-5-shot_osr: 49.083	0.705
[05/14 05:44:53] [GradMonitor step=6005] near-input: bn0: mean=-5.38e-07 std=4.63e-04 pos=0.50 | enc_conv1: mean=-8.53e-14 std=2.53e-04 pos=0.46
[05/14 05:44:53] [GradMonitor step=6005] deep/task: enc_layer4: mean=1.19e-05 std=3.44e-05 | PAM: mean=1.32e-04 std=3.71e-04 | CIAM: mean=1.21e-05 std=3.45e-05
[05/14 05:44:53] [GradMonitor step=6005] param-grad: weight_base: mean=-2.10e-08 std=6.26e-07 | weight_base_open: mean=-3.80e-05 std=1.90e-03 | enc_conv1_weight: mean=5.42e-03 std=5.56e-02
[05/14 05:44:53] [GradMonitor step=6010] near-input: bn0: mean=7.30e-08 std=1.62e-04 pos=0.50 | enc_conv1: mean=4.55e-14 std=8.95e-05 pos=0.47
[05/14 05:44:53] [GradMonitor step=6010] deep/task: enc_layer4: mean=1.16e-05 std=1.93e-05 | PAM: mean=1.27e-04 std=2.08e-04 | CIAM: mean=1.19e-05 std=1.94e-05
[05/14 05:44:53] [GradMonitor step=6010] param-grad: weight_base: mean=1.57e-08 std=8.22e-07 | weight_base_open: mean=5.18e-05 std=1.77e-03 | enc_conv1_weight: mean=1.06e-02 std=5.51e-02
[05/14 05:44:53] [GradMonitor step=6015] near-input: bn0: mean=2.13e-07 std=2.42e-04 pos=0.50 | enc_conv1: mean=3.41e-15 std=1.31e-04 pos=0.49
[05/14 05:44:53] [GradMonitor step=6015] deep/task: enc_layer4: mean=1.30e-05 std=2.14e-05 | PAM: mean=1.42e-04 std=2.30e-04 | CIAM: mean=1.33e-05 std=2.15e-05
[05/14 05:44:53] [GradMonitor step=6015] param-grad: weight_base: mean=-2.06e-08 std=9.32e-07 | weight_base_open: mean=5.29e-05 std=2.20e-03 | enc_conv1_weight: mean=6.84e-03 std=4.18e-02
[05/14 05:44:54] [GradMonitor step=6020] near-input: bn0: mean=1.79e-07 std=3.98e-04 pos=0.50 | enc_conv1: mean=6.03e-14 std=2.20e-04 pos=0.52
[05/14 05:44:54] [GradMonitor step=6020] deep/task: enc_layer4: mean=1.28e-05 std=3.37e-05 | PAM: mean=1.42e-04 std=3.72e-04 | CIAM: mean=1.31e-05 std=3.38e-05
[05/14 05:44:54] [GradMonitor step=6020] param-grad: weight_base: mean=-1.71e-08 std=8.14e-07 | weight_base_open: mean=7.13e-05 std=2.61e-03 | enc_conv1_weight: mean=-8.25e-03 std=6.28e-02
[05/14 05:44:54] [GradMonitor step=6025] near-input: bn0: mean=1.38e-07 std=4.04e-04 pos=0.50 | enc_conv1: mean=-7.96e-15 std=2.19e-04 pos=0.54
[05/14 05:44:54] [GradMonitor step=6025] deep/task: enc_layer4: mean=1.86e-05 std=3.25e-05 | PAM: mean=2.06e-04 std=3.61e-04 | CIAM: mean=1.90e-05 std=3.27e-05
[05/14 05:44:54] [GradMonitor step=6025] param-grad: weight_base: mean=1.33e-08 std=4.57e-07 | weight_base_open: mean=4.28e-05 std=1.16e-03 | enc_conv1_weight: mean=-8.53e-04 std=5.69e-02
[05/14 05:44:55] [GradMonitor step=6030] near-input: bn0: mean=7.06e-08 std=3.21e-04 pos=0.50 | enc_conv1: mean=-3.18e-14 std=1.76e-04 pos=0.52
[05/14 05:44:55] [GradMonitor step=6030] deep/task: enc_layer4: mean=8.70e-06 std=2.85e-05 | PAM: mean=9.62e-05 std=3.11e-04 | CIAM: mean=8.87e-06 std=2.85e-05
[05/14 05:44:55] [GradMonitor step=6030] param-grad: weight_base: mean=-3.39e-08 std=9.44e-07 | weight_base_open: mean=7.92e-05 std=2.30e-03 | enc_conv1_weight: mean=1.04e-02 std=5.82e-02
[05/14 05:44:55] [GradMonitor step=6035] near-input: bn0: mean=-2.12e-07 std=4.78e-04 pos=0.50 | enc_conv1: mean=-5.46e-14 std=2.64e-04 pos=0.50
[05/14 05:44:55] [GradMonitor step=6035] deep/task: enc_layer4: mean=1.42e-05 std=3.43e-05 | PAM: mean=1.57e-04 std=3.78e-04 | CIAM: mean=1.44e-05 std=3.44e-05
[05/14 05:44:55] [GradMonitor step=6035] param-grad: weight_base: mean=-2.42e-08 std=5.36e-07 | weight_base_open: mean=-4.00e-05 std=1.25e-03 | enc_conv1_weight: mean=-9.69e-03 std=4.04e-02
[05/14 05:44:55] [GradMonitor step=6040] near-input: bn0: mean=-2.61e-07 std=2.16e-04 pos=0.50 | enc_conv1: mean=-9.32e-14 std=1.17e-04 pos=0.48
[05/14 05:44:55] [GradMonitor step=6040] deep/task: enc_layer4: mean=1.23e-05 std=1.91e-05 | PAM: mean=1.35e-04 std=2.07e-04 | CIAM: mean=1.26e-05 std=1.92e-05
[05/14 05:44:55] [GradMonitor step=6040] param-grad: weight_base: mean=2.61e-08 std=1.41e-06 | weight_base_open: mean=3.58e-05 std=1.32e-03 | enc_conv1_weight: mean=-6.03e-03 std=3.53e-02
[05/14 05:44:56] [GradMonitor step=6045] near-input: bn0: mean=-4.44e-08 std=2.42e-04 pos=0.50 | enc_conv1: mean=7.39e-15 std=1.29e-04 pos=0.49
[05/14 05:44:56] [GradMonitor step=6045] deep/task: enc_layer4: mean=1.22e-05 std=1.88e-05 | PAM: mean=1.34e-04 std=2.06e-04 | CIAM: mean=1.25e-05 std=1.89e-05
[05/14 05:44:56] [GradMonitor step=6045] param-grad: weight_base: mean=3.16e-08 std=5.28e-07 | weight_base_open: mean=8.45e-06 std=1.30e-03 | enc_conv1_weight: mean=4.20e-03 std=3.83e-02
[05/14 05:44:56] [GradMonitor step=6050] near-input: bn0: mean=6.09e-08 std=3.51e-04 pos=0.50 | enc_conv1: mean=1.16e-13 std=1.90e-04 pos=0.45
[05/14 05:44:56] [GradMonitor step=6050] deep/task: enc_layer4: mean=1.48e-05 std=3.26e-05 | PAM: mean=1.63e-04 std=3.55e-04 | CIAM: mean=1.51e-05 std=3.27e-05
[05/14 05:44:56] [GradMonitor step=6050] param-grad: weight_base: mean=-5.17e-08 std=1.64e-06 | weight_base_open: mean=2.08e-05 std=2.51e-03 | enc_conv1_weight: mean=-2.03e-03 std=6.34e-02
[05/14 05:44:56] [GradMonitor step=6055] near-input: bn0: mean=2.97e-07 std=3.24e-04 pos=0.50 | enc_conv1: mean=-2.73e-14 std=1.74e-04 pos=0.53
[05/14 05:44:56] [GradMonitor step=6055] deep/task: enc_layer4: mean=1.14e-05 std=2.83e-05 | PAM: mean=1.27e-04 std=3.09e-04 | CIAM: mean=1.17e-05 std=2.84e-05
[05/14 05:44:56] [GradMonitor step=6055] param-grad: weight_base: mean=5.59e-08 std=1.13e-06 | weight_base_open: mean=-7.57e-05 std=1.56e-03 | enc_conv1_weight: mean=-5.85e-03 std=4.98e-02
[05/14 05:44:57] [GradMonitor step=6060] near-input: bn0: mean=-1.24e-07 std=2.43e-04 pos=0.50 | enc_conv1: mean=1.88e-14 std=1.33e-04 pos=0.51
[05/14 05:44:57] [GradMonitor step=6060] deep/task: enc_layer4: mean=1.43e-05 std=2.47e-05 | PAM: mean=1.59e-04 std=2.70e-04 | CIAM: mean=1.47e-05 std=2.48e-05
[05/14 05:44:57] [GradMonitor step=6060] param-grad: weight_base: mean=-4.18e-08 std=1.95e-06 | weight_base_open: mean=-2.12e-04 std=1.77e-03 | enc_conv1_weight: mean=-1.04e-02 std=5.89e-02
[05/14 05:44:57] [GradMonitor step=6065] near-input: bn0: mean=2.05e-08 std=2.24e-04 pos=0.50 | enc_conv1: mean=-2.50e-14 std=1.21e-04 pos=0.45
[05/14 05:44:57] [GradMonitor step=6065] deep/task: enc_layer4: mean=1.25e-05 std=1.82e-05 | PAM: mean=1.37e-04 std=1.98e-04 | CIAM: mean=1.28e-05 std=1.83e-05
[05/14 05:44:57] [GradMonitor step=6065] param-grad: weight_base: mean=1.58e-08 std=3.18e-07 | weight_base_open: mean=3.30e-05 std=1.17e-03 | enc_conv1_weight: mean=-6.06e-03 std=4.11e-02
[05/14 05:44:58] [GradMonitor step=6070] near-input: bn0: mean=4.19e-07 std=2.63e-04 pos=0.50 | enc_conv1: mean=-2.27e-14 std=1.44e-04 pos=0.49
[05/14 05:44:58] [GradMonitor step=6070] deep/task: enc_layer4: mean=1.40e-05 std=2.11e-05 | PAM: mean=1.54e-04 std=2.29e-04 | CIAM: mean=1.43e-05 std=2.12e-05
[05/14 05:44:58] [GradMonitor step=6070] param-grad: weight_base: mean=5.74e-10 std=1.09e-06 | weight_base_open: mean=4.53e-05 std=1.43e-03 | enc_conv1_weight: mean=-8.50e-03 std=4.77e-02
[05/14 05:44:58] [GradMonitor step=6075] near-input: bn0: mean=-2.12e-07 std=2.13e-04 pos=0.50 | enc_conv1: mean=-1.25e-14 std=1.18e-04 pos=0.51
[05/14 05:44:58] [GradMonitor step=6075] deep/task: enc_layer4: mean=1.18e-05 std=1.94e-05 | PAM: mean=1.28e-04 std=2.10e-04 | CIAM: mean=1.20e-05 std=1.95e-05
[05/14 05:44:58] [GradMonitor step=6075] param-grad: weight_base: mean=7.54e-09 std=4.29e-07 | weight_base_open: mean=3.82e-05 std=1.29e-03 | enc_conv1_weight: mean=1.97e-03 std=3.67e-02
[05/14 05:44:58] [GradMonitor step=6080] near-input: bn0: mean=2.54e-07 std=4.51e-04 pos=0.50 | enc_conv1: mean=1.21e-13 std=2.50e-04 pos=0.53
[05/14 05:44:58] [GradMonitor step=6080] deep/task: enc_layer4: mean=1.37e-05 std=3.24e-05 | PAM: mean=1.53e-04 std=3.53e-04 | CIAM: mean=1.40e-05 std=3.25e-05
[05/14 05:44:58] [GradMonitor step=6080] param-grad: weight_base: mean=-6.92e-09 std=1.11e-06 | weight_base_open: mean=-3.98e-05 std=2.14e-03 | enc_conv1_weight: mean=5.00e-03 std=4.33e-02
[05/14 05:44:59] [GradMonitor step=6085] near-input: bn0: mean=4.07e-07 std=2.29e-04 pos=0.50 | enc_conv1: mean=6.82e-15 std=1.25e-04 pos=0.38
[05/14 05:44:59] [GradMonitor step=6085] deep/task: enc_layer4: mean=1.32e-05 std=2.10e-05 | PAM: mean=1.45e-04 std=2.28e-04 | CIAM: mean=1.35e-05 std=2.11e-05
[05/14 05:44:59] [GradMonitor step=6085] param-grad: weight_base: mean=2.17e-08 std=9.83e-07 | weight_base_open: mean=-4.69e-05 std=1.38e-03 | enc_conv1_weight: mean=1.26e-02 std=4.44e-02
[05/14 05:44:59] [GradMonitor step=6090] near-input: bn0: mean=2.64e-08 std=3.36e-04 pos=0.50 | enc_conv1: mean=-5.68e-15 std=1.88e-04 pos=0.49
[05/14 05:44:59] [GradMonitor step=6090] deep/task: enc_layer4: mean=1.62e-05 std=2.86e-05 | PAM: mean=1.78e-04 std=3.12e-04 | CIAM: mean=1.65e-05 std=2.87e-05
[05/14 05:44:59] [GradMonitor step=6090] param-grad: weight_base: mean=-1.92e-08 std=6.16e-07 | weight_base_open: mean=-2.90e-05 std=1.42e-03 | enc_conv1_weight: mean=-2.23e-03 std=4.57e-02
[05/14 05:44:59] [GradMonitor step=6095] near-input: bn0: mean=-5.46e-08 std=1.41e-04 pos=0.50 | enc_conv1: mean=-1.93e-14 std=7.83e-05 pos=0.46
[05/14 05:44:59] [GradMonitor step=6095] deep/task: enc_layer4: mean=1.10e-05 std=1.72e-05 | PAM: mean=1.21e-04 std=1.86e-04 | CIAM: mean=1.13e-05 std=1.73e-05
[05/14 05:44:59] [GradMonitor step=6095] param-grad: weight_base: mean=2.16e-08 std=8.12e-07 | weight_base_open: mean=9.32e-06 std=1.52e-03 | enc_conv1_weight: mean=6.29e-03 std=4.40e-02
[05/14 05:45:00] [GradMonitor step=6100] near-input: bn0: mean=1.72e-08 std=3.53e-04 pos=0.50 | enc_conv1: mean=0.00e+00 std=1.88e-04 pos=0.55
[05/14 05:45:00] [GradMonitor step=6100] deep/task: enc_layer4: mean=1.52e-05 std=3.12e-05 | PAM: mean=1.68e-04 std=3.43e-04 | CIAM: mean=1.55e-05 std=3.14e-05
[05/14 05:45:00] [GradMonitor step=6100] param-grad: weight_base: mean=-1.60e-08 std=1.27e-06 | weight_base_open: mean=-2.52e-04 std=1.86e-03 | enc_conv1_weight: mean=-9.18e-03 std=5.30e-02
[05/14 05:45:00] [GradMonitor step=6105] near-input: bn0: mean=-2.83e-07 std=4.08e-04 pos=0.50 | enc_conv1: mean=-9.78e-14 std=2.29e-04 pos=0.47
[05/14 05:45:00] [GradMonitor step=6105] deep/task: enc_layer4: mean=1.45e-05 std=3.48e-05 | PAM: mean=1.62e-04 std=3.84e-04 | CIAM: mean=1.48e-05 std=3.49e-05
[05/14 05:45:00] [GradMonitor step=6105] param-grad: weight_base: mean=-1.49e-09 std=7.88e-07 | weight_base_open: mean=1.85e-05 std=1.31e-03 | enc_conv1_weight: mean=-5.93e-03 std=5.31e-02
[05/14 05:45:01] [GradMonitor step=6110] near-input: bn0: mean=4.19e-07 std=5.44e-04 pos=0.50 | enc_conv1: mean=1.36e-13 std=3.00e-04 pos=0.47
[05/14 05:45:01] [GradMonitor step=6110] deep/task: enc_layer4: mean=1.47e-05 std=3.78e-05 | PAM: mean=1.63e-04 std=4.14e-04 | CIAM: mean=1.50e-05 std=3.78e-05
[05/14 05:45:01] [GradMonitor step=6110] param-grad: weight_base: mean=1.71e-08 std=1.27e-06 | weight_base_open: mean=7.11e-06 std=1.81e-03 | enc_conv1_weight: mean=3.04e-03 std=6.15e-02
[05/14 05:45:01] [GradMonitor step=6115] near-input: bn0: mean=-2.43e-08 std=4.37e-04 pos=0.50 | enc_conv1: mean=-7.96e-14 std=2.39e-04 pos=0.50
[05/14 05:45:01] [GradMonitor step=6115] deep/task: enc_layer4: mean=1.32e-05 std=3.37e-05 | PAM: mean=1.45e-04 std=3.67e-04 | CIAM: mean=1.35e-05 std=3.37e-05
[05/14 05:45:01] [GradMonitor step=6115] param-grad: weight_base: mean=2.36e-08 std=7.16e-07 | weight_base_open: mean=2.23e-05 std=9.84e-04 | enc_conv1_weight: mean=-5.44e-03 std=5.78e-02
[05/14 05:45:01] [GradMonitor step=6120] near-input: bn0: mean=1.30e-08 std=3.16e-04 pos=0.50 | enc_conv1: mean=-1.88e-14 std=1.73e-04 pos=0.56
[05/14 05:45:01] [GradMonitor step=6120] deep/task: enc_layer4: mean=1.64e-05 std=2.90e-05 | PAM: mean=1.80e-04 std=3.18e-04 | CIAM: mean=1.67e-05 std=2.91e-05
[05/14 05:45:01] [GradMonitor step=6120] param-grad: weight_base: mean=4.92e-09 std=8.06e-07 | weight_base_open: mean=-4.90e-06 std=1.42e-03 | enc_conv1_weight: mean=2.39e-03 std=3.94e-02
[05/14 05:45:02] [GradMonitor step=6125] near-input: bn0: mean=1.34e-08 std=2.06e-04 pos=0.50 | enc_conv1: mean=2.16e-14 std=1.13e-04 pos=0.52
[05/14 05:45:02] [GradMonitor step=6125] deep/task: enc_layer4: mean=8.33e-06 std=1.82e-05 | PAM: mean=9.09e-05 std=1.96e-04 | CIAM: mean=8.51e-06 std=1.83e-05
[05/14 05:45:02] [GradMonitor step=6125] param-grad: weight_base: mean=6.27e-09 std=1.05e-06 | weight_base_open: mean=9.47e-05 std=1.82e-03 | enc_conv1_weight: mean=5.34e-03 std=3.98e-02
[05/14 05:45:02] [GradMonitor step=6130] near-input: bn0: mean=-4.76e-07 std=3.32e-04 pos=0.50 | enc_conv1: mean=-1.14e-15 std=1.81e-04 pos=0.52
[05/14 05:45:02] [GradMonitor step=6130] deep/task: enc_layer4: mean=1.25e-05 std=2.57e-05 | PAM: mean=1.38e-04 std=2.78e-04 | CIAM: mean=1.28e-05 std=2.58e-05
[05/14 05:45:02] [GradMonitor step=6130] param-grad: weight_base: mean=-3.31e-08 std=1.08e-06 | weight_base_open: mean=-6.76e-06 std=1.16e-03 | enc_conv1_weight: mean=6.19e-03 std=4.96e-02
[05/14 05:45:02] [GradMonitor step=6135] near-input: bn0: mean=-9.59e-08 std=3.27e-04 pos=0.50 | enc_conv1: mean=-9.09e-15 std=1.75e-04 pos=0.54
[05/14 05:45:02] [GradMonitor step=6135] deep/task: enc_layer4: mean=1.54e-05 std=2.37e-05 | PAM: mean=1.69e-04 std=2.57e-04 | CIAM: mean=1.57e-05 std=2.39e-05
[05/14 05:45:02] [GradMonitor step=6135] param-grad: weight_base: mean=-1.09e-08 std=4.61e-07 | weight_base_open: mean=3.95e-05 std=1.16e-03 | enc_conv1_weight: mean=8.51e-03 std=5.69e-02
[05/14 05:45:03] [GradMonitor step=6140] near-input: bn0: mean=-3.36e-07 std=2.60e-04 pos=0.50 | enc_conv1: mean=-7.28e-14 std=1.41e-04 pos=0.48
[05/14 05:45:03] [GradMonitor step=6140] deep/task: enc_layer4: mean=1.16e-05 std=2.23e-05 | PAM: mean=1.28e-04 std=2.44e-04 | CIAM: mean=1.19e-05 std=2.24e-05
[05/14 05:45:03] [GradMonitor step=6140] param-grad: weight_base: mean=2.99e-08 std=1.10e-06 | weight_base_open: mean=7.56e-05 std=1.54e-03 | enc_conv1_weight: mean=-2.97e-03 std=5.38e-02
[05/14 05:45:03] [GradMonitor step=6145] near-input: bn0: mean=-1.59e-07 std=2.36e-04 pos=0.50 | enc_conv1: mean=-1.18e-13 std=1.29e-04 pos=0.44
[05/14 05:45:03] [GradMonitor step=6145] deep/task: enc_layer4: mean=1.24e-05 std=2.06e-05 | PAM: mean=1.36e-04 std=2.24e-04 | CIAM: mean=1.27e-05 std=2.07e-05
[05/14 05:45:03] [GradMonitor step=6145] param-grad: weight_base: mean=2.67e-08 std=6.41e-07 | weight_base_open: mean=-3.14e-06 std=1.08e-03 | enc_conv1_weight: mean=-6.89e-03 std=6.93e-02
[05/14 05:45:04] [GradMonitor step=6150] near-input: bn0: mean=-3.82e-08 std=3.07e-04 pos=0.50 | enc_conv1: mean=-1.36e-14 std=1.61e-04 pos=0.54
[05/14 05:45:04] [GradMonitor step=6150] deep/task: enc_layer4: mean=1.25e-05 std=2.69e-05 | PAM: mean=1.38e-04 std=2.89e-04 | CIAM: mean=1.28e-05 std=2.71e-05
[05/14 05:45:04] [GradMonitor step=6150] param-grad: weight_base: mean=-1.96e-08 std=4.12e-07 | weight_base_open: mean=5.74e-06 std=1.39e-03 | enc_conv1_weight: mean=2.11e-03 std=5.37e-02
[05/14 05:45:04] [GradMonitor step=6155] near-input: bn0: mean=1.20e-07 std=3.34e-04 pos=0.50 | enc_conv1: mean=-1.36e-14 std=1.77e-04 pos=0.46
[05/14 05:45:04] [GradMonitor step=6155] deep/task: enc_layer4: mean=1.02e-05 std=3.03e-05 | PAM: mean=1.12e-04 std=3.29e-04 | CIAM: mean=1.03e-05 std=3.03e-05
[05/14 05:45:04] [GradMonitor step=6155] param-grad: weight_base: mean=4.89e-08 std=1.05e-06 | weight_base_open: mean=-1.20e-04 std=1.99e-03 | enc_conv1_weight: mean=2.18e-02 std=7.14e-02
[05/14 05:45:04] [GradMonitor step=6160] near-input: bn0: mean=-1.12e-07 std=2.02e-04 pos=0.50 | enc_conv1: mean=-4.55e-15 std=1.04e-04 pos=0.41
[05/14 05:45:04] [GradMonitor step=6160] deep/task: enc_layer4: mean=9.73e-06 std=1.38e-05 | PAM: mean=1.07e-04 std=1.50e-04 | CIAM: mean=9.98e-06 std=1.39e-05
[05/14 05:45:04] [GradMonitor step=6160] param-grad: weight_base: mean=2.52e-08 std=9.61e-07 | weight_base_open: mean=-5.01e-05 std=1.91e-03 | enc_conv1_weight: mean=-3.56e-03 std=3.70e-02
[05/14 05:45:05] [GradMonitor step=6165] near-input: bn0: mean=-8.24e-08 std=3.03e-04 pos=0.50 | enc_conv1: mean=-1.48e-13 std=1.69e-04 pos=0.51
[05/14 05:45:05] [GradMonitor step=6165] deep/task: enc_layer4: mean=1.57e-05 std=2.89e-05 | PAM: mean=1.72e-04 std=3.14e-04 | CIAM: mean=1.60e-05 std=2.90e-05
[05/14 05:45:05] [GradMonitor step=6165] param-grad: weight_base: mean=-5.68e-08 std=1.16e-06 | weight_base_open: mean=5.38e-05 std=1.53e-03 | enc_conv1_weight: mean=1.58e-03 std=4.11e-02
[05/14 05:45:05] [GradMonitor step=6170] near-input: bn0: mean=4.70e-08 std=3.07e-04 pos=0.50 | enc_conv1: mean=-9.09e-14 std=1.63e-04 pos=0.53
[05/14 05:45:05] [GradMonitor step=6170] deep/task: enc_layer4: mean=1.06e-05 std=2.42e-05 | PAM: mean=1.17e-04 std=2.63e-04 | CIAM: mean=1.09e-05 std=2.43e-05
[05/14 05:45:05] [GradMonitor step=6170] param-grad: weight_base: mean=1.83e-08 std=5.37e-07 | weight_base_open: mean=7.77e-05 std=1.45e-03 | enc_conv1_weight: mean=2.26e-04 std=4.51e-02
[05/14 05:45:05] [GradMonitor step=6175] near-input: bn0: mean=3.59e-07 std=3.68e-04 pos=0.50 | enc_conv1: mean=5.46e-14 std=2.13e-04 pos=0.46
[05/14 05:45:05] [GradMonitor step=6175] deep/task: enc_layer4: mean=1.48e-05 std=3.04e-05 | PAM: mean=1.64e-04 std=3.33e-04 | CIAM: mean=1.51e-05 std=3.05e-05
[05/14 05:45:05] [GradMonitor step=6175] param-grad: weight_base: mean=3.49e-09 std=4.71e-07 | weight_base_open: mean=3.49e-05 std=1.04e-03 | enc_conv1_weight: mean=-2.59e-05 std=4.49e-02
[05/14 05:45:06] [GradMonitor step=6180] near-input: bn0: mean=-2.59e-07 std=3.17e-04 pos=0.50 | enc_conv1: mean=-4.77e-14 std=1.72e-04 pos=0.46
[05/14 05:45:06] [GradMonitor step=6180] deep/task: enc_layer4: mean=1.47e-05 std=2.75e-05 | PAM: mean=1.61e-04 std=2.97e-04 | CIAM: mean=1.50e-05 std=2.75e-05
[05/14 05:45:06] [GradMonitor step=6180] param-grad: weight_base: mean=-4.67e-08 std=1.08e-06 | weight_base_open: mean=1.06e-05 std=1.61e-03 | enc_conv1_weight: mean=-1.51e-02 std=5.54e-02
[05/14 05:45:06] [GradMonitor step=6185] near-input: bn0: mean=2.60e-08 std=1.76e-04 pos=0.50 | enc_conv1: mean=4.89e-14 std=9.48e-05 pos=0.45
[05/14 05:45:06] [GradMonitor step=6185] deep/task: enc_layer4: mean=1.17e-05 std=1.63e-05 | PAM: mean=1.28e-04 std=1.77e-04 | CIAM: mean=1.20e-05 std=1.64e-05
[05/14 05:45:06] [GradMonitor step=6185] param-grad: weight_base: mean=1.24e-08 std=9.83e-07 | weight_base_open: mean=-2.00e-05 std=1.06e-03 | enc_conv1_weight: mean=-5.64e-03 std=5.17e-02
[05/14 05:45:07] [GradMonitor step=6190] near-input: bn0: mean=2.84e-08 std=3.63e-04 pos=0.50 | enc_conv1: mean=1.14e-13 std=1.95e-04 pos=0.55
[05/14 05:45:07] [GradMonitor step=6190] deep/task: enc_layer4: mean=1.60e-05 std=2.87e-05 | PAM: mean=1.76e-04 std=3.15e-04 | CIAM: mean=1.63e-05 std=2.89e-05
[05/14 05:45:07] [GradMonitor step=6190] param-grad: weight_base: mean=-3.62e-08 std=8.91e-07 | weight_base_open: mean=9.47e-05 std=1.51e-03 | enc_conv1_weight: mean=5.59e-03 std=5.44e-02
[05/14 05:45:07] [GradMonitor step=6195] near-input: bn0: mean=-9.22e-08 std=3.99e-04 pos=0.50 | enc_conv1: mean=-9.09e-15 std=2.14e-04 pos=0.48
[05/14 05:45:07] [GradMonitor step=6195] deep/task: enc_layer4: mean=1.33e-05 std=2.74e-05 | PAM: mean=1.46e-04 std=2.99e-04 | CIAM: mean=1.35e-05 std=2.75e-05
[05/14 05:45:07] [GradMonitor step=6195] param-grad: weight_base: mean=3.00e-09 std=3.71e-07 | weight_base_open: mean=3.69e-05 std=1.28e-03 | enc_conv1_weight: mean=-3.18e-03 std=5.25e-02
[05/14 05:45:07] [GradMonitor step=6200] near-input: bn0: mean=-2.47e-07 std=2.41e-04 pos=0.50 | enc_conv1: mean=-3.41e-14 std=1.34e-04 pos=0.48
[05/14 05:45:07] [GradMonitor step=6200] deep/task: enc_layer4: mean=1.29e-05 std=2.21e-05 | PAM: mean=1.42e-04 std=2.41e-04 | CIAM: mean=1.32e-05 std=2.22e-05
[05/14 05:45:07] [GradMonitor step=6200] param-grad: weight_base: mean=2.11e-08 std=9.35e-07 | weight_base_open: mean=2.11e-05 std=1.34e-03 | enc_conv1_weight: mean=-1.51e-02 std=5.37e-02
[05/14 05:45:08] [GradMonitor step=6205] near-input: bn0: mean=-1.08e-07 std=2.04e-04 pos=0.50 | enc_conv1: mean=6.59e-14 std=1.10e-04 pos=0.48
[05/14 05:45:08] [GradMonitor step=6205] deep/task: enc_layer4: mean=1.12e-05 std=1.77e-05 | PAM: mean=1.23e-04 std=1.93e-04 | CIAM: mean=1.15e-05 std=1.78e-05
[05/14 05:45:08] [GradMonitor step=6205] param-grad: weight_base: mean=-2.51e-08 std=1.30e-06 | weight_base_open: mean=2.19e-04 std=1.79e-03 | enc_conv1_weight: mean=-9.48e-03 std=4.02e-02
[05/14 05:45:08] [GradMonitor step=6210] near-input: bn0: mean=1.53e-07 std=4.11e-04 pos=0.50 | enc_conv1: mean=-2.27e-14 std=2.23e-04 pos=0.52
[05/14 05:45:08] [GradMonitor step=6210] deep/task: enc_layer4: mean=1.02e-05 std=3.37e-05 | PAM: mean=1.12e-04 std=3.63e-04 | CIAM: mean=1.06e-05 std=3.37e-05
[05/14 05:45:08] [GradMonitor step=6210] param-grad: weight_base: mean=-6.21e-09 std=6.12e-07 | weight_base_open: mean=-6.55e-06 std=1.37e-03 | enc_conv1_weight: mean=-3.39e-02 std=6.73e-02
[05/14 05:45:08] [GradMonitor step=6215] near-input: bn0: mean=5.23e-07 std=5.88e-04 pos=0.50 | enc_conv1: mean=9.09e-15 std=3.24e-04 pos=0.52
[05/14 05:45:08] [GradMonitor step=6215] deep/task: enc_layer4: mean=1.39e-05 std=4.02e-05 | PAM: mean=1.56e-04 std=4.40e-04 | CIAM: mean=1.42e-05 std=4.03e-05
[05/14 05:45:08] [GradMonitor step=6215] param-grad: weight_base: mean=-6.63e-09 std=8.65e-07 | weight_base_open: mean=4.56e-05 std=1.97e-03 | enc_conv1_weight: mean=-1.72e-02 std=5.53e-02
[05/14 05:45:09] [GradMonitor step=6220] near-input: bn0: mean=-3.31e-07 std=2.28e-04 pos=0.50 | enc_conv1: mean=8.64e-14 std=1.22e-04 pos=0.45
[05/14 05:45:09] [GradMonitor step=6220] deep/task: enc_layer4: mean=1.44e-05 std=2.17e-05 | PAM: mean=1.58e-04 std=2.36e-04 | CIAM: mean=1.47e-05 std=2.18e-05
[05/14 05:45:09] [GradMonitor step=6220] param-grad: weight_base: mean=-4.53e-08 std=1.37e-06 | weight_base_open: mean=6.05e-05 std=2.10e-03 | enc_conv1_weight: mean=-9.52e-03 std=4.80e-02
[05/14 05:45:09] [GradMonitor step=6225] near-input: bn0: mean=-1.03e-07 std=2.44e-04 pos=0.50 | enc_conv1: mean=-4.55e-15 std=1.31e-04 pos=0.53
[05/14 05:45:09] [GradMonitor step=6225] deep/task: enc_layer4: mean=1.13e-05 std=1.98e-05 | PAM: mean=1.24e-04 std=2.15e-04 | CIAM: mean=1.16e-05 std=1.99e-05
[05/14 05:45:09] [GradMonitor step=6225] param-grad: weight_base: mean=-1.61e-08 std=4.49e-07 | weight_base_open: mean=1.89e-04 std=1.60e-03 | enc_conv1_weight: mean=5.07e-03 std=4.21e-02
[05/14 05:45:10] [GradMonitor step=6230] near-input: bn0: mean=-6.76e-08 std=2.19e-04 pos=0.50 | enc_conv1: mean=-3.69e-14 std=1.19e-04 pos=0.48
[05/14 05:45:10] [GradMonitor step=6230] deep/task: enc_layer4: mean=1.16e-05 std=1.98e-05 | PAM: mean=1.28e-04 std=2.16e-04 | CIAM: mean=1.18e-05 std=1.99e-05
[05/14 05:45:10] [GradMonitor step=6230] param-grad: weight_base: mean=-2.65e-08 std=8.04e-07 | weight_base_open: mean=-9.19e-05 std=1.23e-03 | enc_conv1_weight: mean=-2.16e-03 std=3.85e-02
[05/14 05:45:10] [GradMonitor step=6235] near-input: bn0: mean=-3.88e-08 std=3.64e-04 pos=0.50 | enc_conv1: mean=-3.64e-14 std=1.95e-04 pos=0.58
[05/14 05:45:10] [GradMonitor step=6235] deep/task: enc_layer4: mean=1.58e-05 std=2.51e-05 | PAM: mean=1.75e-04 std=2.76e-04 | CIAM: mean=1.62e-05 std=2.53e-05
[05/14 05:45:10] [GradMonitor step=6235] param-grad: weight_base: mean=8.72e-09 std=8.04e-07 | weight_base_open: mean=3.07e-05 std=1.39e-03 | enc_conv1_weight: mean=-2.43e-03 std=3.93e-02
[05/14 05:45:10] [GradMonitor step=6240] near-input: bn0: mean=-9.29e-08 std=2.03e-04 pos=0.50 | enc_conv1: mean=-3.41e-15 std=1.12e-04 pos=0.49
[05/14 05:45:10] [GradMonitor step=6240] deep/task: enc_layer4: mean=1.17e-05 std=2.22e-05 | PAM: mean=1.29e-04 std=2.41e-04 | CIAM: mean=1.20e-05 std=2.23e-05
[05/14 05:45:10] [GradMonitor step=6240] param-grad: weight_base: mean=4.22e-08 std=8.48e-07 | weight_base_open: mean=-6.89e-05 std=1.21e-03 | enc_conv1_weight: mean=6.71e-04 std=4.26e-02
[05/14 05:45:11] [GradMonitor step=6245] near-input: bn0: mean=-2.52e-07 std=3.39e-04 pos=0.50 | enc_conv1: mean=8.87e-14 std=1.84e-04 pos=0.43
[05/14 05:45:11] [GradMonitor step=6245] deep/task: enc_layer4: mean=1.50e-05 std=2.92e-05 | PAM: mean=1.67e-04 std=3.22e-04 | CIAM: mean=1.53e-05 std=2.93e-05
[05/14 05:45:11] [GradMonitor step=6245] param-grad: weight_base: mean=5.99e-09 std=6.78e-07 | weight_base_open: mean=-3.66e-06 std=1.22e-03 | enc_conv1_weight: mean=1.77e-02 std=5.34e-02
[05/14 05:45:11] [GradMonitor step=6250] near-input: bn0: mean=3.01e-07 std=3.26e-04 pos=0.50 | enc_conv1: mean=1.36e-14 std=1.74e-04 pos=0.42
[05/14 05:45:11] [GradMonitor step=6250] deep/task: enc_layer4: mean=1.40e-05 std=2.98e-05 | PAM: mean=1.53e-04 std=3.21e-04 | CIAM: mean=1.42e-05 std=2.99e-05
[05/14 05:45:11] [GradMonitor step=6250] param-grad: weight_base: mean=-1.54e-08 std=4.36e-07 | weight_base_open: mean=5.62e-05 std=1.10e-03 | enc_conv1_weight: mean=2.07e-02 std=5.67e-02
[05/14 05:45:11] [GradMonitor step=6255] near-input: bn0: mean=-7.96e-09 std=5.63e-04 pos=0.50 | enc_conv1: mean=-8.19e-14 std=3.01e-04 pos=0.57
[05/14 05:45:11] [GradMonitor step=6255] deep/task: enc_layer4: mean=1.75e-05 std=3.85e-05 | PAM: mean=1.91e-04 std=4.18e-04 | CIAM: mean=1.78e-05 std=3.86e-05
[05/14 05:45:11] [GradMonitor step=6255] param-grad: weight_base: mean=1.32e-08 std=8.01e-07 | weight_base_open: mean=-1.26e-04 std=1.84e-03 | enc_conv1_weight: mean=1.07e-02 std=7.41e-02
[05/14 05:45:12] [GradMonitor step=6260] near-input: bn0: mean=-5.39e-08 std=3.65e-04 pos=0.50 | enc_conv1: mean=1.82e-14 std=1.95e-04 pos=0.52
[05/14 05:45:12] [GradMonitor step=6260] deep/task: enc_layer4: mean=1.55e-05 std=2.72e-05 | PAM: mean=1.71e-04 std=2.97e-04 | CIAM: mean=1.59e-05 std=2.73e-05
[05/14 05:45:12] [GradMonitor step=6260] param-grad: weight_base: mean=9.44e-09 std=9.27e-07 | weight_base_open: mean=2.86e-05 std=1.31e-03 | enc_conv1_weight: mean=7.43e-03 std=4.20e-02
[05/14 05:45:12] [GradMonitor step=6265] near-input: bn0: mean=1.29e-08 std=2.40e-04 pos=0.50 | enc_conv1: mean=4.55e-14 std=1.28e-04 pos=0.45
[05/14 05:45:12] [GradMonitor step=6265] deep/task: enc_layer4: mean=1.40e-05 std=2.07e-05 | PAM: mean=1.54e-04 std=2.26e-04 | CIAM: mean=1.43e-05 std=2.08e-05
[05/14 05:45:12] [GradMonitor step=6265] param-grad: weight_base: mean=-8.99e-09 std=8.40e-07 | weight_base_open: mean=2.01e-05 std=1.68e-03 | enc_conv1_weight: mean=5.95e-03 std=3.99e-02
[05/14 05:45:12] [GradMonitor step=6270] near-input: bn0: mean=-2.15e-07 std=2.22e-04 pos=0.50 | enc_conv1: mean=5.68e-14 std=1.18e-04 pos=0.53
[05/14 05:45:12] [GradMonitor step=6270] deep/task: enc_layer4: mean=8.41e-06 std=1.58e-05 | PAM: mean=9.19e-05 std=1.69e-04 | CIAM: mean=8.65e-06 std=1.59e-05
[05/14 05:45:12] [GradMonitor step=6270] param-grad: weight_base: mean=3.99e-08 std=1.03e-06 | weight_base_open: mean=6.03e-05 std=1.81e-03 | enc_conv1_weight: mean=4.18e-03 std=4.02e-02
[05/14 05:45:13] [GradMonitor step=6275] near-input: bn0: mean=4.62e-08 std=2.12e-04 pos=0.50 | enc_conv1: mean=1.90e-14 std=1.17e-04 pos=0.50
[05/14 05:45:13] [GradMonitor step=6275] deep/task: enc_layer4: mean=1.14e-05 std=2.32e-05 | PAM: mean=1.25e-04 std=2.52e-04 | CIAM: mean=1.17e-05 std=2.32e-05
[05/14 05:45:13] [GradMonitor step=6275] param-grad: weight_base: mean=1.30e-08 std=9.08e-07 | weight_base_open: mean=-1.35e-09 std=1.04e-03 | enc_conv1_weight: mean=-1.10e-02 std=4.08e-02
[05/14 05:45:13] [GradMonitor step=6280] near-input: bn0: mean=8.16e-08 std=1.96e-04 pos=0.50 | enc_conv1: mean=1.02e-14 std=1.06e-04 pos=0.53
[05/14 05:45:13] [GradMonitor step=6280] deep/task: enc_layer4: mean=1.18e-05 std=2.00e-05 | PAM: mean=1.30e-04 std=2.18e-04 | CIAM: mean=1.21e-05 std=2.01e-05
[05/14 05:45:13] [GradMonitor step=6280] param-grad: weight_base: mean=-1.20e-08 std=4.24e-07 | weight_base_open: mean=-7.32e-05 std=1.21e-03 | enc_conv1_weight: mean=-5.53e-03 std=3.81e-02
[05/14 05:45:14] [GradMonitor step=6285] near-input: bn0: mean=2.74e-07 std=2.73e-04 pos=0.50 | enc_conv1: mean=-2.27e-14 std=1.47e-04 pos=0.52
[05/14 05:45:14] [GradMonitor step=6285] deep/task: enc_layer4: mean=1.33e-05 std=1.95e-05 | PAM: mean=1.46e-04 std=2.13e-04 | CIAM: mean=1.36e-05 std=1.97e-05
[05/14 05:45:14] [GradMonitor step=6285] param-grad: weight_base: mean=2.72e-08 std=6.03e-07 | weight_base_open: mean=1.16e-05 std=9.23e-04 | enc_conv1_weight: mean=2.01e-03 std=3.42e-02
[05/14 05:45:14] [GradMonitor step=6290] near-input: bn0: mean=9.51e-08 std=1.67e-04 pos=0.50 | enc_conv1: mean=-2.61e-14 std=9.10e-05 pos=0.47
[05/14 05:45:14] [GradMonitor step=6290] deep/task: enc_layer4: mean=1.13e-05 std=1.50e-05 | PAM: mean=1.23e-04 std=1.63e-04 | CIAM: mean=1.15e-05 std=1.51e-05
[05/14 05:45:14] [GradMonitor step=6290] param-grad: weight_base: mean=6.85e-08 std=1.66e-06 | weight_base_open: mean=-1.44e-04 std=1.90e-03 | enc_conv1_weight: mean=-1.08e-03 std=2.22e-02
[05/14 05:45:14] [GradMonitor step=6295] near-input: bn0: mean=-1.29e-07 std=3.27e-04 pos=0.50 | enc_conv1: mean=-9.55e-14 std=1.81e-04 pos=0.44
[05/14 05:45:14] [GradMonitor step=6295] deep/task: enc_layer4: mean=1.31e-05 std=2.58e-05 | PAM: mean=1.45e-04 std=2.82e-04 | CIAM: mean=1.34e-05 std=2.59e-05
[05/14 05:45:14] [GradMonitor step=6295] param-grad: weight_base: mean=3.32e-08 std=1.13e-06 | weight_base_open: mean=1.06e-04 std=1.64e-03 | enc_conv1_weight: mean=3.72e-03 std=4.83e-02
[05/14 05:45:15] [GradMonitor step=6300] near-input: bn0: mean=-1.00e-07 std=2.29e-04 pos=0.50 | enc_conv1: mean=-1.82e-14 std=1.26e-04 pos=0.47
[05/14 05:45:15] [GradMonitor step=6300] deep/task: enc_layer4: mean=1.36e-05 std=2.12e-05 | PAM: mean=1.51e-04 std=2.32e-04 | CIAM: mean=1.39e-05 std=2.13e-05
[05/14 05:45:15] [GradMonitor step=6300] param-grad: weight_base: mean=3.76e-08 std=8.07e-07 | weight_base_open: mean=-1.34e-04 std=1.53e-03 | enc_conv1_weight: mean=-7.33e-03 std=3.38e-02
[05/14 05:45:15] [GradMonitor step=6305] near-input: bn0: mean=-1.33e-07 std=1.66e-04 pos=0.50 | enc_conv1: mean=6.82e-15 std=8.99e-05 pos=0.56
[05/14 05:45:15] [GradMonitor step=6305] deep/task: enc_layer4: mean=1.05e-05 std=1.94e-05 | PAM: mean=1.17e-04 std=2.13e-04 | CIAM: mean=1.08e-05 std=1.96e-05
[05/14 05:45:15] [GradMonitor step=6305] param-grad: weight_base: mean=-2.31e-08 std=1.35e-06 | weight_base_open: mean=5.79e-05 std=1.18e-03 | enc_conv1_weight: mean=-7.32e-04 std=3.15e-02
[05/14 05:45:15] [GradMonitor step=6310] near-input: bn0: mean=1.92e-08 std=2.15e-04 pos=0.50 | enc_conv1: mean=-9.09e-15 std=1.18e-04 pos=0.46
[05/14 05:45:15] [GradMonitor step=6310] deep/task: enc_layer4: mean=1.27e-05 std=2.48e-05 | PAM: mean=1.41e-04 std=2.75e-04 | CIAM: mean=1.30e-05 std=2.49e-05
[05/14 05:45:15] [GradMonitor step=6310] param-grad: weight_base: mean=-1.65e-08 std=5.93e-07 | weight_base_open: mean=-9.57e-05 std=1.45e-03 | enc_conv1_weight: mean=-1.38e-04 std=4.64e-02
[05/14 05:45:16] [GradMonitor step=6315] near-input: bn0: mean=-9.34e-08 std=1.62e-04 pos=0.50 | enc_conv1: mean=-3.38e-14 std=8.89e-05 pos=0.47
[05/14 05:45:16] [GradMonitor step=6315] deep/task: enc_layer4: mean=7.87e-06 std=2.04e-05 | PAM: mean=8.56e-05 std=2.24e-04 | CIAM: mean=8.00e-06 std=2.05e-05
[05/14 05:45:16] [GradMonitor step=6315] param-grad: weight_base: mean=-1.57e-08 std=6.75e-07 | weight_base_open: mean=-2.53e-05 std=1.45e-03 | enc_conv1_weight: mean=1.69e-03 std=3.63e-02
[05/14 05:45:16] [GradMonitor step=6320] near-input: bn0: mean=-1.14e-08 std=2.38e-04 pos=0.50 | enc_conv1: mean=-3.64e-14 std=1.30e-04 pos=0.51
[05/14 05:45:16] [GradMonitor step=6320] deep/task: enc_layer4: mean=1.36e-05 std=2.39e-05 | PAM: mean=1.50e-04 std=2.61e-04 | CIAM: mean=1.39e-05 std=2.40e-05
[05/14 05:45:16] [GradMonitor step=6320] param-grad: weight_base: mean=-1.80e-08 std=6.33e-07 | weight_base_open: mean=5.18e-05 std=1.74e-03 | enc_conv1_weight: mean=6.51e-03 std=5.53e-02
[05/14 05:45:17] [GradMonitor step=6325] near-input: bn0: mean=8.23e-08 std=2.58e-04 pos=0.50 | enc_conv1: mean=-4.55e-15 std=1.42e-04 pos=0.49
[05/14 05:45:17] [GradMonitor step=6325] deep/task: enc_layer4: mean=1.40e-05 std=2.41e-05 | PAM: mean=1.54e-04 std=2.64e-04 | CIAM: mean=1.43e-05 std=2.42e-05
[05/14 05:45:17] [GradMonitor step=6325] param-grad: weight_base: mean=-4.65e-09 std=7.54e-07 | weight_base_open: mean=-7.18e-05 std=1.78e-03 | enc_conv1_weight: mean=1.62e-02 std=4.50e-02
[05/14 05:45:17] [GradMonitor step=6330] near-input: bn0: mean=3.89e-08 std=3.01e-04 pos=0.50 | enc_conv1: mean=3.18e-14 std=1.63e-04 pos=0.44
[05/14 05:45:17] [GradMonitor step=6330] deep/task: enc_layer4: mean=1.00e-05 std=2.75e-05 | PAM: mean=1.10e-04 std=3.00e-04 | CIAM: mean=1.03e-05 std=2.76e-05
[05/14 05:45:17] [GradMonitor step=6330] param-grad: weight_base: mean=-2.65e-08 std=5.77e-07 | weight_base_open: mean=3.93e-05 std=1.27e-03 | enc_conv1_weight: mean=1.61e-02 std=5.99e-02
[05/14 05:45:17] [GradMonitor step=6335] near-input: bn0: mean=-2.21e-07 std=2.34e-04 pos=0.50 | enc_conv1: mean=1.07e-13 std=1.34e-04 pos=0.41
[05/14 05:45:17] [GradMonitor step=6335] deep/task: enc_layer4: mean=1.49e-05 std=2.48e-05 | PAM: mean=1.65e-04 std=2.71e-04 | CIAM: mean=1.52e-05 std=2.49e-05
[05/14 05:45:17] [GradMonitor step=6335] param-grad: weight_base: mean=-1.42e-08 std=1.38e-06 | weight_base_open: mean=7.84e-05 std=1.58e-03 | enc_conv1_weight: mean=-6.92e-03 std=5.08e-02
[05/14 05:45:18] [GradMonitor step=6340] near-input: bn0: mean=-5.31e-07 std=5.91e-04 pos=0.50 | enc_conv1: mean=1.50e-13 std=3.16e-04 pos=0.55
[05/14 05:45:18] [GradMonitor step=6340] deep/task: enc_layer4: mean=1.43e-05 std=3.61e-05 | PAM: mean=1.57e-04 std=3.92e-04 | CIAM: mean=1.46e-05 std=3.60e-05
[05/14 05:45:18] [GradMonitor step=6340] param-grad: weight_base: mean=-4.35e-09 std=3.64e-07 | weight_base_open: mean=8.97e-06 std=1.38e-03 | enc_conv1_weight: mean=-1.10e-02 std=5.86e-02
[05/14 05:45:18] [GradMonitor step=6345] near-input: bn0: mean=9.22e-08 std=2.57e-04 pos=0.50 | enc_conv1: mean=1.14e-14 std=1.41e-04 pos=0.43
[05/14 05:45:18] [GradMonitor step=6345] deep/task: enc_layer4: mean=1.23e-05 std=2.46e-05 | PAM: mean=1.37e-04 std=2.70e-04 | CIAM: mean=1.27e-05 std=2.47e-05
[05/14 05:45:18] [GradMonitor step=6345] param-grad: weight_base: mean=3.35e-08 std=1.57e-06 | weight_base_open: mean=6.28e-05 std=2.15e-03 | enc_conv1_weight: mean=-4.88e-03 std=4.70e-02
[05/14 05:45:19] [GradMonitor step=6350] near-input: bn0: mean=1.70e-07 std=3.30e-04 pos=0.50 | enc_conv1: mean=7.28e-14 std=1.83e-04 pos=0.51
[05/14 05:45:19] [GradMonitor step=6350] deep/task: enc_layer4: mean=1.30e-05 std=2.68e-05 | PAM: mean=1.45e-04 std=2.93e-04 | CIAM: mean=1.34e-05 std=2.69e-05
[05/14 05:45:19] [GradMonitor step=6350] param-grad: weight_base: mean=-3.91e-09 std=1.08e-06 | weight_base_open: mean=1.35e-04 std=1.59e-03 | enc_conv1_weight: mean=-6.49e-03 std=5.28e-02
[05/14 05:45:19] [GradMonitor step=6355] near-input: bn0: mean=5.33e-07 std=4.66e-04 pos=0.50 | enc_conv1: mean=-4.32e-14 std=2.49e-04 pos=0.49
[05/14 05:45:19] [GradMonitor step=6355] deep/task: enc_layer4: mean=1.41e-05 std=3.27e-05 | PAM: mean=1.55e-04 std=3.54e-04 | CIAM: mean=1.44e-05 std=3.27e-05
[05/14 05:45:19] [GradMonitor step=6355] param-grad: weight_base: mean=-4.82e-08 std=9.37e-07 | weight_base_open: mean=-1.28e-04 std=1.44e-03 | enc_conv1_weight: mean=-4.81e-03 std=5.34e-02
[05/14 05:45:19] [GradMonitor step=6360] near-input: bn0: mean=3.56e-08 std=3.57e-04 pos=0.50 | enc_conv1: mean=-6.82e-15 std=1.92e-04 pos=0.39
[05/14 05:45:19] [GradMonitor step=6360] deep/task: enc_layer4: mean=1.55e-05 std=2.57e-05 | PAM: mean=1.70e-04 std=2.79e-04 | CIAM: mean=1.59e-05 std=2.58e-05
[05/14 05:45:19] [GradMonitor step=6360] param-grad: weight_base: mean=1.39e-08 std=1.22e-06 | weight_base_open: mean=1.44e-06 std=1.44e-03 | enc_conv1_weight: mean=2.97e-03 std=4.87e-02
[05/14 05:45:20] [GradMonitor step=6365] near-input: bn0: mean=-4.45e-07 std=3.86e-04 pos=0.50 | enc_conv1: mean=9.78e-14 std=2.17e-04 pos=0.45
[05/14 05:45:20] [GradMonitor step=6365] deep/task: enc_layer4: mean=1.22e-05 std=3.21e-05 | PAM: mean=1.35e-04 std=3.53e-04 | CIAM: mean=1.24e-05 std=3.21e-05
[05/14 05:45:20] [GradMonitor step=6365] param-grad: weight_base: mean=1.34e-08 std=9.51e-07 | weight_base_open: mean=-2.26e-05 std=2.09e-03 | enc_conv1_weight: mean=9.38e-04 std=5.73e-02
[05/14 05:45:20] [GradMonitor step=6370] near-input: bn0: mean=-5.08e-08 std=4.43e-04 pos=0.50 | enc_conv1: mean=0.00e+00 std=2.42e-04 pos=0.59
[05/14 05:45:20] [GradMonitor step=6370] deep/task: enc_layer4: mean=1.15e-05 std=3.12e-05 | PAM: mean=1.29e-04 std=3.38e-04 | CIAM: mean=1.17e-05 std=3.13e-05
[05/14 05:45:20] [GradMonitor step=6370] param-grad: weight_base: mean=-1.20e-08 std=4.49e-07 | weight_base_open: mean=-1.95e-05 std=1.66e-03 | enc_conv1_weight: mean=-1.18e-03 std=5.85e-02
[05/14 05:45:20] [GradMonitor step=6375] near-input: bn0: mean=2.34e-08 std=2.44e-04 pos=0.50 | enc_conv1: mean=-6.14e-14 std=1.32e-04 pos=0.47
[05/14 05:45:20] [GradMonitor step=6375] deep/task: enc_layer4: mean=1.19e-05 std=1.91e-05 | PAM: mean=1.30e-04 std=2.06e-04 | CIAM: mean=1.21e-05 std=1.92e-05
[05/14 05:45:20] [GradMonitor step=6375] param-grad: weight_base: mean=-9.20e-09 std=6.76e-07 | weight_base_open: mean=1.54e-04 std=1.97e-03 | enc_conv1_weight: mean=1.82e-03 std=4.98e-02
[05/14 05:45:21] [GradMonitor step=6380] near-input: bn0: mean=3.91e-07 std=3.99e-04 pos=0.50 | enc_conv1: mean=1.00e-13 std=2.15e-04 pos=0.49
[05/14 05:45:21] [GradMonitor step=6380] deep/task: enc_layer4: mean=1.52e-05 std=2.86e-05 | PAM: mean=1.68e-04 std=3.13e-04 | CIAM: mean=1.55e-05 std=2.87e-05
[05/14 05:45:21] [GradMonitor step=6380] param-grad: weight_base: mean=-1.50e-09 std=4.21e-07 | weight_base_open: mean=1.74e-05 std=1.30e-03 | enc_conv1_weight: mean=-2.12e-03 std=4.66e-02
[05/14 05:45:21] [GradMonitor step=6385] near-input: bn0: mean=5.61e-08 std=4.53e-04 pos=0.50 | enc_conv1: mean=-1.59e-13 std=2.48e-04 pos=0.45
[05/14 05:45:21] [GradMonitor step=6385] deep/task: enc_layer4: mean=1.48e-05 std=3.04e-05 | PAM: mean=1.63e-04 std=3.33e-04 | CIAM: mean=1.50e-05 std=3.04e-05
[05/14 05:45:21] [GradMonitor step=6385] param-grad: weight_base: mean=7.31e-09 std=1.18e-06 | weight_base_open: mean=2.05e-04 std=1.63e-03 | enc_conv1_weight: mean=-3.61e-03 std=6.82e-02
[05/14 05:45:22] [GradMonitor step=6390] near-input: bn0: mean=3.17e-07 std=3.70e-04 pos=0.50 | enc_conv1: mean=-1.41e-13 std=2.02e-04 pos=0.43
[05/14 05:45:22] [GradMonitor step=6390] deep/task: enc_layer4: mean=1.59e-05 std=2.57e-05 | PAM: mean=1.76e-04 std=2.81e-04 | CIAM: mean=1.63e-05 std=2.58e-05
[05/14 05:45:22] [GradMonitor step=6390] param-grad: weight_base: mean=1.00e-07 std=2.14e-06 | weight_base_open: mean=5.61e-05 std=1.84e-03 | enc_conv1_weight: mean=-9.73e-03 std=4.85e-02
[05/14 05:45:22] [GradMonitor step=6395] near-input: bn0: mean=-1.00e-07 std=1.73e-04 pos=0.50 | enc_conv1: mean=-7.11e-15 std=9.32e-05 pos=0.43
[05/14 05:45:22] [GradMonitor step=6395] deep/task: enc_layer4: mean=1.07e-05 std=1.72e-05 | PAM: mean=1.17e-04 std=1.86e-04 | CIAM: mean=1.09e-05 std=1.73e-05
[05/14 05:45:22] [GradMonitor step=6395] param-grad: weight_base: mean=-1.36e-08 std=3.90e-07 | weight_base_open: mean=-5.64e-05 std=1.27e-03 | enc_conv1_weight: mean=-1.15e-02 std=4.11e-02
[05/14 05:45:22] [GradMonitor step=6400] near-input: bn0: mean=4.16e-07 std=6.43e-04 pos=0.50 | enc_conv1: mean=1.36e-14 std=3.56e-04 pos=0.49
[05/14 05:45:22] [GradMonitor step=6400] deep/task: enc_layer4: mean=1.50e-05 std=4.88e-05 | PAM: mean=1.70e-04 std=5.23e-04 | CIAM: mean=1.53e-05 std=4.88e-05
[05/14 05:45:22] [GradMonitor step=6400] param-grad: weight_base: mean=2.10e-08 std=8.56e-07 | weight_base_open: mean=9.08e-05 std=1.85e-03 | enc_conv1_weight: mean=5.48e-03 std=7.88e-02
[05/14 05:45:22] 
[05/14 05:45:22] epoch 16/20, iter 6400:
[05/14 05:45:22] train_loss: 0.90263
[05/14 05:45:22] train_acc: 0.986
[05/14 05:45:22] train_auroc: 0.976
[05/14 05:45:28] Summary name val_6-way-5-shot_tpr@tnr95 is illegal; using val_6-way-5-shot_tpr_tnr95 instead.
[05/14 05:45:28] val_6-way-5-shot_acc: 60.167	0.699
[05/14 05:45:28] val_6-way-5-shot_auroc: 49.562	2.011
[05/14 05:45:28] val_6-way-5-shot_fscore: 20.420	0.251
[05/14 05:45:28] val_6-way-5-shot_tpr@tnr95: 5.150	1.509
[05/14 05:45:28] val_6-way-5-shot_osr: 49.366	0.747
[05/14 05:45:28] BEST ACC!
[05/14 05:45:29] [GradMonitor step=6405] near-input: bn0: mean=-6.37e-07 std=4.49e-04 pos=0.50 | enc_conv1: mean=-2.05e-13 std=2.45e-04 pos=0.45
[05/14 05:45:29] [GradMonitor step=6405] deep/task: enc_layer4: mean=1.28e-05 std=3.40e-05 | PAM: mean=1.41e-04 std=3.66e-04 | CIAM: mean=1.30e-05 std=3.41e-05
[05/14 05:45:29] [GradMonitor step=6405] param-grad: weight_base: mean=-1.04e-07 std=2.08e-06 | weight_base_open: mean=4.08e-05 std=1.92e-03 | enc_conv1_weight: mean=3.46e-03 std=5.86e-02
[05/14 05:45:29] [GradMonitor step=6410] near-input: bn0: mean=4.28e-09 std=1.64e-04 pos=0.50 | enc_conv1: mean=-2.39e-14 std=9.02e-05 pos=0.47
[05/14 05:45:29] [GradMonitor step=6410] deep/task: enc_layer4: mean=1.12e-05 std=1.94e-05 | PAM: mean=1.23e-04 std=2.10e-04 | CIAM: mean=1.15e-05 std=1.95e-05
[05/14 05:45:29] [GradMonitor step=6410] param-grad: weight_base: mean=1.95e-08 std=9.42e-07 | weight_base_open: mean=1.71e-04 std=1.51e-03 | enc_conv1_weight: mean=7.04e-03 std=5.11e-02
[05/14 05:45:30] [GradMonitor step=6415] near-input: bn0: mean=6.65e-08 std=2.07e-04 pos=0.50 | enc_conv1: mean=2.05e-14 std=1.13e-04 pos=0.47
[05/14 05:45:30] [GradMonitor step=6415] deep/task: enc_layer4: mean=1.25e-05 std=2.00e-05 | PAM: mean=1.37e-04 std=2.15e-04 | CIAM: mean=1.28e-05 std=2.01e-05
[05/14 05:45:30] [GradMonitor step=6415] param-grad: weight_base: mean=2.70e-08 std=8.98e-07 | weight_base_open: mean=-1.64e-05 std=1.72e-03 | enc_conv1_weight: mean=1.12e-02 std=4.44e-02
[05/14 05:45:30] [GradMonitor step=6420] near-input: bn0: mean=1.23e-07 std=3.79e-04 pos=0.50 | enc_conv1: mean=1.15e-13 std=2.09e-04 pos=0.50
[05/14 05:45:30] [GradMonitor step=6420] deep/task: enc_layer4: mean=1.30e-05 std=3.24e-05 | PAM: mean=1.44e-04 std=3.58e-04 | CIAM: mean=1.32e-05 std=3.25e-05
[05/14 05:45:30] [GradMonitor step=6420] param-grad: weight_base: mean=1.78e-08 std=1.24e-06 | weight_base_open: mean=-3.61e-05 std=3.13e-03 | enc_conv1_weight: mean=-3.13e-03 std=5.80e-02
[05/14 05:45:30] [GradMonitor step=6425] near-input: bn0: mean=9.65e-08 std=3.84e-04 pos=0.50 | enc_conv1: mean=-3.87e-14 std=2.08e-04 pos=0.57
[05/14 05:45:30] [GradMonitor step=6425] deep/task: enc_layer4: mean=1.82e-05 std=3.07e-05 | PAM: mean=2.02e-04 std=3.39e-04 | CIAM: mean=1.86e-05 std=3.08e-05
[05/14 05:45:30] [GradMonitor step=6425] param-grad: weight_base: mean=-3.29e-08 std=7.61e-07 | weight_base_open: mean=-1.31e-05 std=1.26e-03 | enc_conv1_weight: mean=2.37e-03 std=4.81e-02
[05/14 05:45:31] [GradMonitor step=6430] near-input: bn0: mean=3.32e-08 std=3.03e-04 pos=0.50 | enc_conv1: mean=-7.96e-14 std=1.66e-04 pos=0.43
[05/14 05:45:31] [GradMonitor step=6430] deep/task: enc_layer4: mean=8.90e-06 std=2.81e-05 | PAM: mean=9.83e-05 std=3.06e-04 | CIAM: mean=9.08e-06 std=2.81e-05
[05/14 05:45:31] [GradMonitor step=6430] param-grad: weight_base: mean=-6.84e-08 std=1.28e-06 | weight_base_open: mean=-6.38e-05 std=2.04e-03 | enc_conv1_weight: mean=8.67e-03 std=5.69e-02
[05/14 05:45:31] [GradMonitor step=6435] near-input: bn0: mean=-2.18e-07 std=4.52e-04 pos=0.50 | enc_conv1: mean=8.19e-14 std=2.49e-04 pos=0.48
[05/14 05:45:31] [GradMonitor step=6435] deep/task: enc_layer4: mean=1.41e-05 std=3.32e-05 | PAM: mean=1.56e-04 std=3.66e-04 | CIAM: mean=1.43e-05 std=3.32e-05
[05/14 05:45:31] [GradMonitor step=6435] param-grad: weight_base: mean=-3.94e-08 std=8.72e-07 | weight_base_open: mean=-8.05e-06 std=1.41e-03 | enc_conv1_weight: mean=-1.33e-02 std=4.96e-02
[05/14 05:45:32] [GradMonitor step=6440] near-input: bn0: mean=-3.09e-07 std=2.02e-04 pos=0.50 | enc_conv1: mean=-2.96e-14 std=1.09e-04 pos=0.47
[05/14 05:45:32] [GradMonitor step=6440] deep/task: enc_layer4: mean=1.18e-05 std=1.84e-05 | PAM: mean=1.30e-04 std=1.98e-04 | CIAM: mean=1.21e-05 std=1.84e-05
[05/14 05:45:32] [GradMonitor step=6440] param-grad: weight_base: mean=1.72e-08 std=1.18e-06 | weight_base_open: mean=-1.31e-04 std=1.22e-03 | enc_conv1_weight: mean=-8.84e-03 std=3.42e-02
[05/14 05:45:32] [GradMonitor step=6445] near-input: bn0: mean=-1.72e-08 std=2.39e-04 pos=0.50 | enc_conv1: mean=1.93e-14 std=1.28e-04 pos=0.50
[05/14 05:45:32] [GradMonitor step=6445] deep/task: enc_layer4: mean=1.22e-05 std=1.84e-05 | PAM: mean=1.34e-04 std=2.01e-04 | CIAM: mean=1.24e-05 std=1.85e-05
[05/14 05:45:32] [GradMonitor step=6445] param-grad: weight_base: mean=3.52e-08 std=6.57e-07 | weight_base_open: mean=-4.56e-05 std=1.20e-03 | enc_conv1_weight: mean=1.39e-03 std=3.09e-02
[05/14 05:45:32] [GradMonitor step=6450] near-input: bn0: mean=7.58e-08 std=3.39e-04 pos=0.50 | enc_conv1: mean=3.52e-14 std=1.84e-04 pos=0.46
[05/14 05:45:32] [GradMonitor step=6450] deep/task: enc_layer4: mean=1.48e-05 std=3.16e-05 | PAM: mean=1.63e-04 std=3.45e-04 | CIAM: mean=1.52e-05 std=3.17e-05
[05/14 05:45:32] [GradMonitor step=6450] param-grad: weight_base: mean=-6.58e-08 std=2.11e-06 | weight_base_open: mean=-1.74e-04 std=2.11e-03 | enc_conv1_weight: mean=-8.45e-03 std=6.11e-02
[05/14 05:45:33] [GradMonitor step=6455] near-input: bn0: mean=2.19e-07 std=3.23e-04 pos=0.50 | enc_conv1: mean=-3.41e-14 std=1.74e-04 pos=0.52
[05/14 05:45:33] [GradMonitor step=6455] deep/task: enc_layer4: mean=1.11e-05 std=2.81e-05 | PAM: mean=1.24e-04 std=3.06e-04 | CIAM: mean=1.15e-05 std=2.81e-05
[05/14 05:45:33] [GradMonitor step=6455] param-grad: weight_base: mean=1.50e-08 std=6.62e-07 | weight_base_open: mean=-3.29e-05 std=1.17e-03 | enc_conv1_weight: mean=-1.40e-03 std=6.12e-02
[05/14 05:45:33] [GradMonitor step=6460] near-input: bn0: mean=-1.80e-07 std=2.25e-04 pos=0.50 | enc_conv1: mean=2.50e-14 std=1.22e-04 pos=0.50
[05/14 05:45:33] [GradMonitor step=6460] deep/task: enc_layer4: mean=1.43e-05 std=2.35e-05 | PAM: mean=1.58e-04 std=2.57e-04 | CIAM: mean=1.46e-05 std=2.37e-05
[05/14 05:45:33] [GradMonitor step=6460] param-grad: weight_base: mean=-1.78e-09 std=8.01e-07 | weight_base_open: mean=-5.52e-05 std=1.74e-03 | enc_conv1_weight: mean=-9.11e-03 std=4.73e-02
[05/14 05:45:33] [GradMonitor step=6465] near-input: bn0: mean=3.78e-08 std=2.12e-04 pos=0.50 | enc_conv1: mean=-1.36e-14 std=1.15e-04 pos=0.55
[05/14 05:45:33] [GradMonitor step=6465] deep/task: enc_layer4: mean=1.22e-05 std=1.71e-05 | PAM: mean=1.34e-04 std=1.86e-04 | CIAM: mean=1.25e-05 std=1.72e-05
[05/14 05:45:33] [GradMonitor step=6465] param-grad: weight_base: mean=-8.02e-09 std=6.63e-07 | weight_base_open: mean=-8.79e-05 std=9.97e-04 | enc_conv1_weight: mean=-5.98e-03 std=3.94e-02
[05/14 05:45:34] [GradMonitor step=6470] near-input: bn0: mean=3.55e-07 std=2.55e-04 pos=0.50 | enc_conv1: mean=-9.32e-14 std=1.39e-04 pos=0.47
[05/14 05:45:34] [GradMonitor step=6470] deep/task: enc_layer4: mean=1.38e-05 std=2.05e-05 | PAM: mean=1.51e-04 std=2.23e-04 | CIAM: mean=1.41e-05 std=2.06e-05
[05/14 05:45:34] [GradMonitor step=6470] param-grad: weight_base: mean=-1.26e-09 std=6.37e-07 | weight_base_open: mean=1.46e-04 std=1.55e-03 | enc_conv1_weight: mean=-7.34e-03 std=4.09e-02
[05/14 05:45:34] [GradMonitor step=6475] near-input: bn0: mean=-2.22e-07 std=2.05e-04 pos=0.50 | enc_conv1: mean=2.50e-14 std=1.13e-04 pos=0.53
[05/14 05:45:34] [GradMonitor step=6475] deep/task: enc_layer4: mean=1.20e-05 std=1.89e-05 | PAM: mean=1.30e-04 std=2.05e-04 | CIAM: mean=1.22e-05 std=1.90e-05
[05/14 05:45:34] [GradMonitor step=6475] param-grad: weight_base: mean=-2.50e-08 std=9.60e-07 | weight_base_open: mean=3.89e-05 std=1.04e-03 | enc_conv1_weight: mean=-1.41e-03 std=3.28e-02
[05/14 05:45:34] [GradMonitor step=6480] near-input: bn0: mean=1.92e-07 std=4.57e-04 pos=0.50 | enc_conv1: mean=4.09e-14 std=2.54e-04 pos=0.55
[05/14 05:45:34] [GradMonitor step=6480] deep/task: enc_layer4: mean=1.38e-05 std=3.22e-05 | PAM: mean=1.54e-04 std=3.51e-04 | CIAM: mean=1.40e-05 std=3.23e-05
[05/14 05:45:34] [GradMonitor step=6480] param-grad: weight_base: mean=-1.68e-09 std=8.83e-07 | weight_base_open: mean=-5.37e-05 std=2.02e-03 | enc_conv1_weight: mean=-4.81e-04 std=4.72e-02
[05/14 05:45:35] [GradMonitor step=6485] near-input: bn0: mean=4.02e-07 std=2.24e-04 pos=0.50 | enc_conv1: mean=-4.89e-14 std=1.22e-04 pos=0.39
[05/14 05:45:35] [GradMonitor step=6485] deep/task: enc_layer4: mean=1.31e-05 std=2.06e-05 | PAM: mean=1.44e-04 std=2.23e-04 | CIAM: mean=1.35e-05 std=2.07e-05
[05/14 05:45:35] [GradMonitor step=6485] param-grad: weight_base: mean=-2.33e-08 std=7.70e-07 | weight_base_open: mean=-1.65e-04 std=1.46e-03 | enc_conv1_weight: mean=1.99e-03 std=4.40e-02
[05/14 05:45:35] [GradMonitor step=6490] near-input: bn0: mean=-2.78e-09 std=3.04e-04 pos=0.50 | enc_conv1: mean=-2.05e-14 std=1.69e-04 pos=0.47
[05/14 05:45:35] [GradMonitor step=6490] deep/task: enc_layer4: mean=1.58e-05 std=2.69e-05 | PAM: mean=1.74e-04 std=2.94e-04 | CIAM: mean=1.61e-05 std=2.71e-05
[05/14 05:45:35] [GradMonitor step=6490] param-grad: weight_base: mean=-8.18e-09 std=5.80e-07 | weight_base_open: mean=6.38e-05 std=1.36e-03 | enc_conv1_weight: mean=-6.92e-03 std=4.06e-02
[05/14 05:45:36] [GradMonitor step=6495] near-input: bn0: mean=-2.58e-08 std=1.38e-04 pos=0.50 | enc_conv1: mean=-1.25e-14 std=7.66e-05 pos=0.43
[05/14 05:45:36] [GradMonitor step=6495] deep/task: enc_layer4: mean=1.10e-05 std=1.66e-05 | PAM: mean=1.21e-04 std=1.80e-04 | CIAM: mean=1.13e-05 std=1.67e-05
[05/14 05:45:36] [GradMonitor step=6495] param-grad: weight_base: mean=7.02e-09 std=4.90e-07 | weight_base_open: mean=-1.20e-04 std=1.54e-03 | enc_conv1_weight: mean=7.30e-03 std=4.54e-02
[05/14 05:45:36] [GradMonitor step=6500] near-input: bn0: mean=-3.36e-08 std=3.40e-04 pos=0.50 | enc_conv1: mean=-6.37e-14 std=1.82e-04 pos=0.53
[05/14 05:45:36] [GradMonitor step=6500] deep/task: enc_layer4: mean=1.54e-05 std=3.09e-05 | PAM: mean=1.69e-04 std=3.40e-04 | CIAM: mean=1.57e-05 std=3.10e-05
[05/14 05:45:36] [GradMonitor step=6500] param-grad: weight_base: mean=-1.33e-08 std=8.34e-07 | weight_base_open: mean=2.19e-04 std=1.68e-03 | enc_conv1_weight: mean=-4.84e-03 std=5.33e-02
[05/14 05:45:36] [GradMonitor step=6505] near-input: bn0: mean=-3.27e-07 std=4.01e-04 pos=0.50 | enc_conv1: mean=-7.50e-14 std=2.25e-04 pos=0.53
[05/14 05:45:36] [GradMonitor step=6505] deep/task: enc_layer4: mean=1.43e-05 std=3.45e-05 | PAM: mean=1.59e-04 std=3.81e-04 | CIAM: mean=1.46e-05 std=3.45e-05
[05/14 05:45:36] [GradMonitor step=6505] param-grad: weight_base: mean=-1.67e-08 std=5.38e-07 | weight_base_open: mean=-3.67e-05 std=1.23e-03 | enc_conv1_weight: mean=6.94e-04 std=4.91e-02
[05/14 05:45:37] [GradMonitor step=6510] near-input: bn0: mean=3.78e-07 std=5.13e-04 pos=0.50 | enc_conv1: mean=5.46e-14 std=2.82e-04 pos=0.48
[05/14 05:45:37] [GradMonitor step=6510] deep/task: enc_layer4: mean=1.40e-05 std=3.65e-05 | PAM: mean=1.54e-04 std=4.00e-04 | CIAM: mean=1.42e-05 std=3.65e-05
[05/14 05:45:37] [GradMonitor step=6510] param-grad: weight_base: mean=3.84e-09 std=1.37e-06 | weight_base_open: mean=-1.34e-04 std=1.82e-03 | enc_conv1_weight: mean=7.63e-03 std=6.03e-02
[05/14 05:45:37] [GradMonitor step=6515] near-input: bn0: mean=5.55e-09 std=4.18e-04 pos=0.50 | enc_conv1: mean=5.68e-14 std=2.28e-04 pos=0.47
[05/14 05:45:37] [GradMonitor step=6515] deep/task: enc_layer4: mean=1.32e-05 std=3.34e-05 | PAM: mean=1.46e-04 std=3.64e-04 | CIAM: mean=1.36e-05 std=3.34e-05
[05/14 05:45:37] [GradMonitor step=6515] param-grad: weight_base: mean=-3.45e-11 std=4.80e-07 | weight_base_open: mean=8.19e-06 std=1.01e-03 | enc_conv1_weight: mean=-9.76e-03 std=6.53e-02
[05/14 05:45:37] [GradMonitor step=6520] near-input: bn0: mean=8.47e-08 std=3.21e-04 pos=0.50 | enc_conv1: mean=-1.36e-14 std=1.75e-04 pos=0.56
[05/14 05:45:37] [GradMonitor step=6520] deep/task: enc_layer4: mean=1.66e-05 std=2.91e-05 | PAM: mean=1.83e-04 std=3.19e-04 | CIAM: mean=1.69e-05 std=2.92e-05
[05/14 05:45:37] [GradMonitor step=6520] param-grad: weight_base: mean=-5.82e-09 std=4.53e-07 | weight_base_open: mean=1.48e-04 std=1.46e-03 | enc_conv1_weight: mean=1.93e-03 std=3.92e-02
[05/14 05:45:38] [GradMonitor step=6525] near-input: bn0: mean=2.83e-08 std=2.03e-04 pos=0.50 | enc_conv1: mean=-3.30e-14 std=1.11e-04 pos=0.48
[05/14 05:45:38] [GradMonitor step=6525] deep/task: enc_layer4: mean=7.94e-06 std=1.79e-05 | PAM: mean=8.68e-05 std=1.93e-04 | CIAM: mean=8.12e-06 std=1.80e-05
[05/14 05:45:38] [GradMonitor step=6525] param-grad: weight_base: mean=1.18e-09 std=4.94e-07 | weight_base_open: mean=3.94e-05 std=1.60e-03 | enc_conv1_weight: mean=3.52e-04 std=3.23e-02
[05/14 05:45:38] [GradMonitor step=6530] near-input: bn0: mean=-6.31e-07 std=3.41e-04 pos=0.50 | enc_conv1: mean=6.82e-15 std=1.85e-04 pos=0.45
[05/14 05:45:38] [GradMonitor step=6530] deep/task: enc_layer4: mean=1.20e-05 std=2.47e-05 | PAM: mean=1.32e-04 std=2.67e-04 | CIAM: mean=1.23e-05 std=2.48e-05
[05/14 05:45:38] [GradMonitor step=6530] param-grad: weight_base: mean=-3.04e-08 std=1.55e-06 | weight_base_open: mean=6.50e-06 std=1.18e-03 | enc_conv1_weight: mean=5.35e-03 std=4.47e-02
[05/14 05:45:39] [GradMonitor step=6535] near-input: bn0: mean=-1.18e-07 std=3.13e-04 pos=0.50 | enc_conv1: mean=1.07e-13 std=1.67e-04 pos=0.54
[05/14 05:45:39] [GradMonitor step=6535] deep/task: enc_layer4: mean=1.52e-05 std=2.35e-05 | PAM: mean=1.66e-04 std=2.55e-04 | CIAM: mean=1.55e-05 std=2.37e-05
[05/14 05:45:39] [GradMonitor step=6535] param-grad: weight_base: mean=-1.72e-09 std=4.97e-07 | weight_base_open: mean=-6.73e-05 std=1.34e-03 | enc_conv1_weight: mean=8.42e-03 std=5.94e-02
[05/14 05:45:39] [GradMonitor step=6540] near-input: bn0: mean=-3.40e-07 std=2.86e-04 pos=0.50 | enc_conv1: mean=-2.27e-14 std=1.55e-04 pos=0.46
[05/14 05:45:39] [GradMonitor step=6540] deep/task: enc_layer4: mean=1.19e-05 std=2.36e-05 | PAM: mean=1.32e-04 std=2.58e-04 | CIAM: mean=1.23e-05 std=2.38e-05
[05/14 05:45:39] [GradMonitor step=6540] param-grad: weight_base: mean=2.74e-08 std=6.14e-07 | weight_base_open: mean=8.71e-06 std=1.30e-03 | enc_conv1_weight: mean=3.25e-03 std=6.25e-02
[05/14 05:45:39] [GradMonitor step=6545] near-input: bn0: mean=-5.82e-08 std=2.20e-04 pos=0.50 | enc_conv1: mean=-1.36e-14 std=1.20e-04 pos=0.45
[05/14 05:45:39] [GradMonitor step=6545] deep/task: enc_layer4: mean=1.19e-05 std=2.06e-05 | PAM: mean=1.30e-04 std=2.25e-04 | CIAM: mean=1.22e-05 std=2.08e-05
[05/14 05:45:39] [GradMonitor step=6545] param-grad: weight_base: mean=1.73e-08 std=2.88e-07 | weight_base_open: mean=3.43e-05 std=1.10e-03 | enc_conv1_weight: mean=-8.24e-04 std=7.22e-02
[05/14 05:45:40] [GradMonitor step=6550] near-input: bn0: mean=-1.06e-07 std=3.08e-04 pos=0.50 | enc_conv1: mean=8.64e-14 std=1.62e-04 pos=0.57
[05/14 05:45:40] [GradMonitor step=6550] deep/task: enc_layer4: mean=1.27e-05 std=2.66e-05 | PAM: mean=1.40e-04 std=2.85e-04 | CIAM: mean=1.30e-05 std=2.67e-05
[05/14 05:45:40] [GradMonitor step=6550] param-grad: weight_base: mean=-2.36e-08 std=1.15e-06 | weight_base_open: mean=-9.58e-06 std=1.27e-03 | enc_conv1_weight: mean=1.16e-02 std=5.31e-02
[05/14 05:45:40] [GradMonitor step=6555] near-input: bn0: mean=1.44e-07 std=3.35e-04 pos=0.50 | enc_conv1: mean=6.37e-14 std=1.77e-04 pos=0.54
[05/14 05:45:40] [GradMonitor step=6555] deep/task: enc_layer4: mean=1.04e-05 std=2.98e-05 | PAM: mean=1.16e-04 std=3.22e-04 | CIAM: mean=1.06e-05 std=2.98e-05
[05/14 05:45:40] [GradMonitor step=6555] param-grad: weight_base: mean=-1.92e-08 std=1.31e-06 | weight_base_open: mean=-1.98e-04 std=1.97e-03 | enc_conv1_weight: mean=1.21e-02 std=6.20e-02
[05/14 05:45:40] [GradMonitor step=6560] near-input: bn0: mean=-1.01e-08 std=1.99e-04 pos=0.50 | enc_conv1: mean=-3.87e-14 std=1.02e-04 pos=0.49
[05/14 05:45:40] [GradMonitor step=6560] deep/task: enc_layer4: mean=9.17e-06 std=1.33e-05 | PAM: mean=1.01e-04 std=1.44e-04 | CIAM: mean=9.42e-06 std=1.34e-05
[05/14 05:45:40] [GradMonitor step=6560] param-grad: weight_base: mean=9.76e-08 std=1.80e-06 | weight_base_open: mean=1.40e-04 std=1.98e-03 | enc_conv1_weight: mean=-2.81e-03 std=3.24e-02
[05/14 05:45:41] [GradMonitor step=6565] near-input: bn0: mean=6.15e-09 std=2.95e-04 pos=0.50 | enc_conv1: mean=-1.33e-13 std=1.64e-04 pos=0.54
[05/14 05:45:41] [GradMonitor step=6565] deep/task: enc_layer4: mean=1.60e-05 std=2.78e-05 | PAM: mean=1.76e-04 std=3.02e-04 | CIAM: mean=1.64e-05 std=2.79e-05
[05/14 05:45:41] [GradMonitor step=6565] param-grad: weight_base: mean=-1.86e-08 std=1.06e-06 | weight_base_open: mean=4.34e-05 std=1.51e-03 | enc_conv1_weight: mean=-3.49e-04 std=3.38e-02
[05/14 05:45:41] [GradMonitor step=6570] near-input: bn0: mean=8.03e-08 std=2.47e-04 pos=0.50 | enc_conv1: mean=-7.16e-14 std=1.31e-04 pos=0.54
[05/14 05:45:41] [GradMonitor step=6570] deep/task: enc_layer4: mean=9.88e-06 std=2.19e-05 | PAM: mean=1.09e-04 std=2.37e-04 | CIAM: mean=1.02e-05 std=2.19e-05
[05/14 05:45:41] [GradMonitor step=6570] param-grad: weight_base: mean=4.23e-08 std=7.66e-07 | weight_base_open: mean=1.94e-05 std=1.33e-03 | enc_conv1_weight: mean=2.28e-04 std=3.65e-02
[05/14 05:45:42] [GradMonitor step=6575] near-input: bn0: mean=2.58e-07 std=3.49e-04 pos=0.50 | enc_conv1: mean=-3.75e-14 std=2.01e-04 pos=0.47
[05/14 05:45:42] [GradMonitor step=6575] deep/task: enc_layer4: mean=1.46e-05 std=2.97e-05 | PAM: mean=1.62e-04 std=3.25e-04 | CIAM: mean=1.49e-05 std=2.98e-05
[05/14 05:45:42] [GradMonitor step=6575] param-grad: weight_base: mean=4.85e-09 std=5.97e-07 | weight_base_open: mean=1.81e-05 std=1.02e-03 | enc_conv1_weight: mean=6.66e-03 std=5.09e-02
[05/14 05:45:42] [GradMonitor step=6580] near-input: bn0: mean=-2.30e-07 std=2.97e-04 pos=0.50 | enc_conv1: mean=-3.13e-14 std=1.59e-04 pos=0.45
[05/14 05:45:42] [GradMonitor step=6580] deep/task: enc_layer4: mean=1.43e-05 std=2.67e-05 | PAM: mean=1.57e-04 std=2.89e-04 | CIAM: mean=1.46e-05 std=2.68e-05
[05/14 05:45:42] [GradMonitor step=6580] param-grad: weight_base: mean=-1.72e-08 std=1.03e-06 | weight_base_open: mean=-2.26e-04 std=1.68e-03 | enc_conv1_weight: mean=-1.37e-02 std=5.33e-02
[05/14 05:45:42] [GradMonitor step=6585] near-input: bn0: mean=6.48e-08 std=1.66e-04 pos=0.50 | enc_conv1: mean=2.84e-15 std=9.00e-05 pos=0.44
[05/14 05:45:42] [GradMonitor step=6585] deep/task: enc_layer4: mean=1.15e-05 std=1.55e-05 | PAM: mean=1.26e-04 std=1.67e-04 | CIAM: mean=1.18e-05 std=1.56e-05
[05/14 05:45:42] [GradMonitor step=6585] param-grad: weight_base: mean=-4.58e-10 std=3.41e-07 | weight_base_open: mean=-6.99e-05 std=8.14e-04 | enc_conv1_weight: mean=-4.43e-03 std=4.58e-02
[05/14 05:45:43] [GradMonitor step=6590] near-input: bn0: mean=6.55e-08 std=3.10e-04 pos=0.50 | enc_conv1: mean=3.87e-14 std=1.67e-04 pos=0.58
[05/14 05:45:43] [GradMonitor step=6590] deep/task: enc_layer4: mean=1.57e-05 std=2.62e-05 | PAM: mean=1.74e-04 std=2.88e-04 | CIAM: mean=1.60e-05 std=2.63e-05
[05/14 05:45:43] [GradMonitor step=6590] param-grad: weight_base: mean=-2.82e-08 std=6.38e-07 | weight_base_open: mean=-1.00e-04 std=1.59e-03 | enc_conv1_weight: mean=2.63e-03 std=4.61e-02
[05/14 05:45:43] [GradMonitor step=6595] near-input: bn0: mean=-2.28e-07 std=4.08e-04 pos=0.50 | enc_conv1: mean=0.00e+00 std=2.20e-04 pos=0.50
[05/14 05:45:43] [GradMonitor step=6595] deep/task: enc_layer4: mean=1.32e-05 std=2.76e-05 | PAM: mean=1.46e-04 std=3.02e-04 | CIAM: mean=1.35e-05 std=2.78e-05
[05/14 05:45:43] [GradMonitor step=6595] param-grad: weight_base: mean=6.07e-09 std=5.88e-07 | weight_base_open: mean=-3.11e-05 std=1.19e-03 | enc_conv1_weight: mean=-3.58e-03 std=5.45e-02
[05/14 05:45:44] [GradMonitor step=6600] near-input: bn0: mean=-1.65e-07 std=2.51e-04 pos=0.50 | enc_conv1: mean=7.73e-14 std=1.38e-04 pos=0.46
[05/14 05:45:44] [GradMonitor step=6600] deep/task: enc_layer4: mean=1.28e-05 std=2.12e-05 | PAM: mean=1.41e-04 std=2.31e-04 | CIAM: mean=1.31e-05 std=2.12e-05
[05/14 05:45:44] [GradMonitor step=6600] param-grad: weight_base: mean=-2.28e-08 std=1.07e-06 | weight_base_open: mean=1.41e-04 std=1.35e-03 | enc_conv1_weight: mean=-7.92e-03 std=4.89e-02
[05/14 05:45:44] [GradMonitor step=6605] near-input: bn0: mean=-4.94e-08 std=2.02e-04 pos=0.50 | enc_conv1: mean=-3.18e-14 std=1.08e-04 pos=0.50
[05/14 05:45:44] [GradMonitor step=6605] deep/task: enc_layer4: mean=1.11e-05 std=1.69e-05 | PAM: mean=1.22e-04 std=1.84e-04 | CIAM: mean=1.13e-05 std=1.70e-05
[05/14 05:45:44] [GradMonitor step=6605] param-grad: weight_base: mean=-2.81e-09 std=7.55e-07 | weight_base_open: mean=5.60e-05 std=1.98e-03 | enc_conv1_weight: mean=3.06e-03 std=3.59e-02
[05/14 05:45:44] [GradMonitor step=6610] near-input: bn0: mean=-2.41e-08 std=4.07e-04 pos=0.50 | enc_conv1: mean=-6.14e-14 std=2.21e-04 pos=0.48
[05/14 05:45:44] [GradMonitor step=6610] deep/task: enc_layer4: mean=1.10e-05 std=3.23e-05 | PAM: mean=1.21e-04 std=3.49e-04 | CIAM: mean=1.13e-05 std=3.24e-05
[05/14 05:45:44] [GradMonitor step=6610] param-grad: weight_base: mean=-3.08e-08 std=7.52e-07 | weight_base_open: mean=-4.14e-05 std=1.50e-03 | enc_conv1_weight: mean=-2.71e-02 std=5.37e-02
[05/14 05:45:45] [GradMonitor step=6615] near-input: bn0: mean=5.06e-07 std=5.92e-04 pos=0.50 | enc_conv1: mean=-8.19e-14 std=3.27e-04 pos=0.50
[05/14 05:45:45] [GradMonitor step=6615] deep/task: enc_layer4: mean=1.41e-05 std=3.98e-05 | PAM: mean=1.59e-04 std=4.37e-04 | CIAM: mean=1.44e-05 std=3.99e-05
[05/14 05:45:45] [GradMonitor step=6615] param-grad: weight_base: mean=1.04e-08 std=8.75e-07 | weight_base_open: mean=2.77e-06 std=1.70e-03 | enc_conv1_weight: mean=-1.92e-02 std=4.86e-02
[05/14 05:45:45] [GradMonitor step=6620] near-input: bn0: mean=-3.86e-07 std=2.16e-04 pos=0.50 | enc_conv1: mean=4.77e-14 std=1.15e-04 pos=0.48
[05/14 05:45:45] [GradMonitor step=6620] deep/task: enc_layer4: mean=1.42e-05 std=2.14e-05 | PAM: mean=1.56e-04 std=2.33e-04 | CIAM: mean=1.45e-05 std=2.15e-05
[05/14 05:45:45] [GradMonitor step=6620] param-grad: weight_base: mean=1.38e-08 std=3.56e-07 | weight_base_open: mean=-9.32e-05 std=2.19e-03 | enc_conv1_weight: mean=-1.31e-02 std=5.59e-02
[05/14 05:45:45] [GradMonitor step=6625] near-input: bn0: mean=-5.62e-08 std=2.33e-04 pos=0.50 | enc_conv1: mean=3.18e-14 std=1.25e-04 pos=0.51
[05/14 05:45:45] [GradMonitor step=6625] deep/task: enc_layer4: mean=1.13e-05 std=2.03e-05 | PAM: mean=1.24e-04 std=2.20e-04 | CIAM: mean=1.16e-05 std=2.04e-05
[05/14 05:45:45] [GradMonitor step=6625] param-grad: weight_base: mean=8.23e-09 std=4.99e-07 | weight_base_open: mean=-2.08e-05 std=1.35e-03 | enc_conv1_weight: mean=6.67e-03 std=4.78e-02
[05/14 05:45:46] [GradMonitor step=6630] near-input: bn0: mean=-2.20e-08 std=2.08e-04 pos=0.50 | enc_conv1: mean=2.96e-14 std=1.12e-04 pos=0.47
[05/14 05:45:46] [GradMonitor step=6630] deep/task: enc_layer4: mean=1.07e-05 std=1.95e-05 | PAM: mean=1.18e-04 std=2.13e-04 | CIAM: mean=1.09e-05 std=1.96e-05
[05/14 05:45:46] [GradMonitor step=6630] param-grad: weight_base: mean=-3.35e-08 std=7.76e-07 | weight_base_open: mean=-3.26e-05 std=1.16e-03 | enc_conv1_weight: mean=-3.12e-05 std=4.19e-02
[05/14 05:45:46] [GradMonitor step=6635] near-input: bn0: mean=-5.48e-08 std=3.33e-04 pos=0.50 | enc_conv1: mean=-1.71e-13 std=1.79e-04 pos=0.54
[05/14 05:45:46] [GradMonitor step=6635] deep/task: enc_layer4: mean=1.57e-05 std=2.43e-05 | PAM: mean=1.74e-04 std=2.67e-04 | CIAM: mean=1.61e-05 std=2.45e-05
[05/14 05:45:46] [GradMonitor step=6635] param-grad: weight_base: mean=-1.81e-08 std=1.38e-06 | weight_base_open: mean=5.96e-05 std=1.53e-03 | enc_conv1_weight: mean=-1.30e-03 std=4.31e-02
[05/14 05:45:47] [GradMonitor step=6640] near-input: bn0: mean=6.63e-09 std=1.93e-04 pos=0.50 | enc_conv1: mean=-1.18e-13 std=1.06e-04 pos=0.52
[05/14 05:45:47] [GradMonitor step=6640] deep/task: enc_layer4: mean=1.13e-05 std=2.19e-05 | PAM: mean=1.24e-04 std=2.37e-04 | CIAM: mean=1.16e-05 std=2.19e-05
[05/14 05:45:47] [GradMonitor step=6640] param-grad: weight_base: mean=2.21e-08 std=6.74e-07 | weight_base_open: mean=1.45e-04 std=1.22e-03 | enc_conv1_weight: mean=3.14e-03 std=4.21e-02
[05/14 05:45:47] [GradMonitor step=6645] near-input: bn0: mean=-2.55e-07 std=3.40e-04 pos=0.50 | enc_conv1: mean=2.05e-14 std=1.84e-04 pos=0.46
[05/14 05:45:47] [GradMonitor step=6645] deep/task: enc_layer4: mean=1.51e-05 std=2.94e-05 | PAM: mean=1.69e-04 std=3.24e-04 | CIAM: mean=1.55e-05 std=2.94e-05
[05/14 05:45:47] [GradMonitor step=6645] param-grad: weight_base: mean=-3.88e-08 std=9.59e-07 | weight_base_open: mean=-3.06e-05 std=1.23e-03 | enc_conv1_weight: mean=1.86e-02 std=4.57e-02
[05/14 05:45:47] [GradMonitor step=6650] near-input: bn0: mean=3.23e-07 std=3.01e-04 pos=0.50 | enc_conv1: mean=-4.55e-15 std=1.61e-04 pos=0.40
[05/14 05:45:47] [GradMonitor step=6650] deep/task: enc_layer4: mean=1.35e-05 std=2.87e-05 | PAM: mean=1.48e-04 std=3.10e-04 | CIAM: mean=1.38e-05 std=2.88e-05
[05/14 05:45:47] [GradMonitor step=6650] param-grad: weight_base: mean=2.19e-09 std=1.97e-07 | weight_base_open: mean=-5.52e-05 std=9.94e-04 | enc_conv1_weight: mean=1.52e-02 std=4.75e-02
[05/14 05:45:48] [GradMonitor step=6655] near-input: bn0: mean=-6.75e-08 std=5.34e-04 pos=0.50 | enc_conv1: mean=-1.36e-14 std=2.87e-04 pos=0.58
[05/14 05:45:48] [GradMonitor step=6655] deep/task: enc_layer4: mean=1.73e-05 std=3.65e-05 | PAM: mean=1.89e-04 std=3.96e-04 | CIAM: mean=1.76e-05 std=3.66e-05
[05/14 05:45:48] [GradMonitor step=6655] param-grad: weight_base: mean=4.06e-08 std=1.13e-06 | weight_base_open: mean=7.26e-05 std=2.13e-03 | enc_conv1_weight: mean=6.45e-03 std=6.82e-02
[05/14 05:45:48] [GradMonitor step=6660] near-input: bn0: mean=-1.11e-07 std=3.59e-04 pos=0.50 | enc_conv1: mean=-5.46e-14 std=1.92e-04 pos=0.52
[05/14 05:45:48] [GradMonitor step=6660] deep/task: enc_layer4: mean=1.55e-05 std=2.70e-05 | PAM: mean=1.71e-04 std=2.95e-04 | CIAM: mean=1.58e-05 std=2.71e-05
[05/14 05:45:48] [GradMonitor step=6660] param-grad: weight_base: mean=-1.70e-08 std=9.52e-07 | weight_base_open: mean=1.08e-04 std=1.41e-03 | enc_conv1_weight: mean=8.65e-03 std=3.59e-02
[05/14 05:45:48] [GradMonitor step=6665] near-input: bn0: mean=-7.15e-08 std=2.26e-04 pos=0.50 | enc_conv1: mean=-2.05e-14 std=1.20e-04 pos=0.47
[05/14 05:45:48] [GradMonitor step=6665] deep/task: enc_layer4: mean=1.36e-05 std=2.00e-05 | PAM: mean=1.50e-04 std=2.18e-04 | CIAM: mean=1.39e-05 std=2.01e-05
[05/14 05:45:48] [GradMonitor step=6665] param-grad: weight_base: mean=-2.90e-08 std=6.42e-07 | weight_base_open: mean=-1.08e-04 std=1.83e-03 | enc_conv1_weight: mean=7.14e-03 std=4.34e-02
[05/14 05:45:49] [GradMonitor step=6670] near-input: bn0: mean=-1.16e-07 std=2.17e-04 pos=0.50 | enc_conv1: mean=-1.36e-14 std=1.15e-04 pos=0.49
[05/14 05:45:49] [GradMonitor step=6670] deep/task: enc_layer4: mean=8.09e-06 std=1.48e-05 | PAM: mean=8.83e-05 std=1.59e-04 | CIAM: mean=8.32e-06 std=1.49e-05
[05/14 05:45:49] [GradMonitor step=6670] param-grad: weight_base: mean=6.30e-09 std=7.34e-07 | weight_base_open: mean=-1.12e-04 std=1.84e-03 | enc_conv1_weight: mean=6.10e-03 std=3.24e-02
[05/14 05:45:49] [GradMonitor step=6675] near-input: bn0: mean=6.35e-08 std=2.11e-04 pos=0.50 | enc_conv1: mean=-1.25e-14 std=1.16e-04 pos=0.53
[05/14 05:45:49] [GradMonitor step=6675] deep/task: enc_layer4: mean=1.18e-05 std=2.28e-05 | PAM: mean=1.30e-04 std=2.48e-04 | CIAM: mean=1.21e-05 std=2.29e-05
[05/14 05:45:49] [GradMonitor step=6675] param-grad: weight_base: mean=-2.38e-09 std=5.59e-07 | weight_base_open: mean=-1.97e-05 std=1.12e-03 | enc_conv1_weight: mean=-5.11e-03 std=3.72e-02
[05/14 05:45:50] [GradMonitor step=6680] near-input: bn0: mean=1.20e-08 std=1.82e-04 pos=0.50 | enc_conv1: mean=4.60e-14 std=9.86e-05 pos=0.50
[05/14 05:45:50] [GradMonitor step=6680] deep/task: enc_layer4: mean=1.20e-05 std=1.94e-05 | PAM: mean=1.32e-04 std=2.11e-04 | CIAM: mean=1.23e-05 std=1.96e-05
[05/14 05:45:50] [GradMonitor step=6680] param-grad: weight_base: mean=2.45e-08 std=4.24e-07 | weight_base_open: mean=-2.32e-05 std=1.52e-03 | enc_conv1_weight: mean=-4.73e-03 std=4.02e-02
[05/14 05:45:50] [GradMonitor step=6685] near-input: bn0: mean=3.57e-07 std=2.86e-04 pos=0.50 | enc_conv1: mean=-9.78e-14 std=1.53e-04 pos=0.51
[05/14 05:45:50] [GradMonitor step=6685] deep/task: enc_layer4: mean=1.35e-05 std=1.99e-05 | PAM: mean=1.49e-04 std=2.17e-04 | CIAM: mean=1.39e-05 std=2.00e-05
[05/14 05:45:50] [GradMonitor step=6685] param-grad: weight_base: mean=2.84e-08 std=7.85e-07 | weight_base_open: mean=1.78e-05 std=1.10e-03 | enc_conv1_weight: mean=3.78e-03 std=3.56e-02
[05/14 05:45:50] [GradMonitor step=6690] near-input: bn0: mean=8.61e-08 std=1.59e-04 pos=0.50 | enc_conv1: mean=9.09e-15 std=8.65e-05 pos=0.48
[05/14 05:45:50] [GradMonitor step=6690] deep/task: enc_layer4: mean=1.09e-05 std=1.41e-05 | PAM: mean=1.19e-04 std=1.53e-04 | CIAM: mean=1.11e-05 std=1.41e-05
[05/14 05:45:50] [GradMonitor step=6690] param-grad: weight_base: mean=1.59e-08 std=7.69e-07 | weight_base_open: mean=1.25e-04 std=1.58e-03 | enc_conv1_weight: mean=6.55e-04 std=2.70e-02
[05/14 05:45:51] [GradMonitor step=6695] near-input: bn0: mean=-4.50e-08 std=3.11e-04 pos=0.50 | enc_conv1: mean=-1.02e-14 std=1.72e-04 pos=0.44
[05/14 05:45:51] [GradMonitor step=6695] deep/task: enc_layer4: mean=1.28e-05 std=2.45e-05 | PAM: mean=1.42e-04 std=2.68e-04 | CIAM: mean=1.32e-05 std=2.46e-05
[05/14 05:45:51] [GradMonitor step=6695] param-grad: weight_base: mean=-1.19e-09 std=1.48e-06 | weight_base_open: mean=-1.73e-04 std=1.73e-03 | enc_conv1_weight: mean=5.14e-03 std=4.50e-02
[05/14 05:45:51] [GradMonitor step=6700] near-input: bn0: mean=-8.31e-08 std=2.26e-04 pos=0.50 | enc_conv1: mean=-3.18e-14 std=1.24e-04 pos=0.50
[05/14 05:45:51] [GradMonitor step=6700] deep/task: enc_layer4: mean=1.34e-05 std=2.08e-05 | PAM: mean=1.48e-04 std=2.28e-04 | CIAM: mean=1.37e-05 std=2.09e-05
[05/14 05:45:51] [GradMonitor step=6700] param-grad: weight_base: mean=1.64e-08 std=2.09e-06 | weight_base_open: mean=4.91e-05 std=1.70e-03 | enc_conv1_weight: mean=-6.89e-03 std=3.27e-02
[05/14 05:45:51] [GradMonitor step=6705] near-input: bn0: mean=-1.12e-07 std=1.72e-04 pos=0.50 | enc_conv1: mean=-3.41e-14 std=9.29e-05 pos=0.57
[05/14 05:45:51] [GradMonitor step=6705] deep/task: enc_layer4: mean=1.07e-05 std=1.97e-05 | PAM: mean=1.18e-04 std=2.15e-04 | CIAM: mean=1.10e-05 std=1.98e-05
[05/14 05:45:51] [GradMonitor step=6705] param-grad: weight_base: mean=-1.38e-08 std=1.53e-06 | weight_base_open: mean=-9.82e-05 std=1.30e-03 | enc_conv1_weight: mean=-1.31e-03 std=3.20e-02
[05/14 05:45:52] [GradMonitor step=6710] near-input: bn0: mean=-3.18e-08 std=2.01e-04 pos=0.50 | enc_conv1: mean=2.05e-14 std=1.10e-04 pos=0.49
[05/14 05:45:52] [GradMonitor step=6710] deep/task: enc_layer4: mean=1.22e-05 std=2.43e-05 | PAM: mean=1.35e-04 std=2.68e-04 | CIAM: mean=1.25e-05 std=2.43e-05
[05/14 05:45:52] [GradMonitor step=6710] param-grad: weight_base: mean=-1.61e-08 std=6.37e-07 | weight_base_open: mean=-1.60e-04 std=1.12e-03 | enc_conv1_weight: mean=1.95e-04 std=5.28e-02
[05/14 05:45:52] [GradMonitor step=6715] near-input: bn0: mean=-5.95e-08 std=1.57e-04 pos=0.50 | enc_conv1: mean=-3.87e-14 std=8.65e-05 pos=0.47
[05/14 05:45:52] [GradMonitor step=6715] deep/task: enc_layer4: mean=7.72e-06 std=2.00e-05 | PAM: mean=8.39e-05 std=2.19e-04 | CIAM: mean=7.85e-06 std=2.01e-05
[05/14 05:45:52] [GradMonitor step=6715] param-grad: weight_base: mean=-3.29e-08 std=1.05e-06 | weight_base_open: mean=-1.12e-04 std=1.44e-03 | enc_conv1_weight: mean=5.03e-05 std=3.44e-02
[05/14 05:45:52] [GradMonitor step=6720] near-input: bn0: mean=-1.15e-08 std=2.14e-04 pos=0.50 | enc_conv1: mean=3.07e-14 std=1.16e-04 pos=0.50
[05/14 05:45:52] [GradMonitor step=6720] deep/task: enc_layer4: mean=1.35e-05 std=2.30e-05 | PAM: mean=1.49e-04 std=2.51e-04 | CIAM: mean=1.38e-05 std=2.31e-05
[05/14 05:45:52] [GradMonitor step=6720] param-grad: weight_base: mean=-3.27e-08 std=1.16e-06 | weight_base_open: mean=4.04e-05 std=2.01e-03 | enc_conv1_weight: mean=3.76e-03 std=4.92e-02
[05/14 05:45:53] [GradMonitor step=6725] near-input: bn0: mean=6.37e-08 std=2.52e-04 pos=0.50 | enc_conv1: mean=4.77e-14 std=1.38e-04 pos=0.52
[05/14 05:45:53] [GradMonitor step=6725] deep/task: enc_layer4: mean=1.40e-05 std=2.36e-05 | PAM: mean=1.54e-04 std=2.57e-04 | CIAM: mean=1.43e-05 std=2.36e-05
[05/14 05:45:53] [GradMonitor step=6725] param-grad: weight_base: mean=-1.03e-09 std=1.09e-06 | weight_base_open: mean=-9.17e-05 std=2.05e-03 | enc_conv1_weight: mean=1.62e-02 std=4.12e-02
[05/14 05:45:53] [GradMonitor step=6730] near-input: bn0: mean=2.07e-08 std=2.99e-04 pos=0.50 | enc_conv1: mean=4.09e-14 std=1.61e-04 pos=0.42
[05/14 05:45:53] [GradMonitor step=6730] deep/task: enc_layer4: mean=1.02e-05 std=2.72e-05 | PAM: mean=1.12e-04 std=2.97e-04 | CIAM: mean=1.05e-05 std=2.73e-05
[05/14 05:45:53] [GradMonitor step=6730] param-grad: weight_base: mean=-8.47e-08 std=1.37e-06 | weight_base_open: mean=3.01e-05 std=1.40e-03 | enc_conv1_weight: mean=1.66e-02 std=5.15e-02
[05/14 05:45:54] [GradMonitor step=6735] near-input: bn0: mean=-2.13e-07 std=2.26e-04 pos=0.50 | enc_conv1: mean=5.68e-14 std=1.29e-04 pos=0.41
[05/14 05:45:54] [GradMonitor step=6735] deep/task: enc_layer4: mean=1.47e-05 std=2.46e-05 | PAM: mean=1.63e-04 std=2.69e-04 | CIAM: mean=1.51e-05 std=2.47e-05
[05/14 05:45:54] [GradMonitor step=6735] param-grad: weight_base: mean=-3.06e-08 std=6.67e-07 | weight_base_open: mean=2.23e-05 std=1.42e-03 | enc_conv1_weight: mean=-2.39e-03 std=4.41e-02
[05/14 05:45:54] [GradMonitor step=6740] near-input: bn0: mean=-6.04e-07 std=5.74e-04 pos=0.50 | enc_conv1: mean=5.46e-14 std=3.07e-04 pos=0.55
[05/14 05:45:54] [GradMonitor step=6740] deep/task: enc_layer4: mean=1.44e-05 std=3.49e-05 | PAM: mean=1.58e-04 std=3.79e-04 | CIAM: mean=1.46e-05 std=3.49e-05
[05/14 05:45:54] [GradMonitor step=6740] param-grad: weight_base: mean=-8.96e-09 std=5.27e-07 | weight_base_open: mean=3.63e-05 std=1.35e-03 | enc_conv1_weight: mean=-1.51e-03 std=5.56e-02
[05/14 05:45:54] [GradMonitor step=6745] near-input: bn0: mean=1.55e-07 std=2.55e-04 pos=0.50 | enc_conv1: mean=0.00e+00 std=1.39e-04 pos=0.43
[05/14 05:45:54] [GradMonitor step=6745] deep/task: enc_layer4: mean=1.24e-05 std=2.42e-05 | PAM: mean=1.38e-04 std=2.65e-04 | CIAM: mean=1.27e-05 std=2.43e-05
[05/14 05:45:54] [GradMonitor step=6745] param-grad: weight_base: mean=4.75e-08 std=1.29e-06 | weight_base_open: mean=-2.76e-05 std=2.35e-03 | enc_conv1_weight: mean=-1.47e-03 std=5.02e-02
[05/14 05:45:55] [GradMonitor step=6750] near-input: bn0: mean=1.68e-07 std=3.17e-04 pos=0.50 | enc_conv1: mean=-1.51e-13 std=1.76e-04 pos=0.56
[05/14 05:45:55] [GradMonitor step=6750] deep/task: enc_layer4: mean=1.28e-05 std=2.61e-05 | PAM: mean=1.43e-04 std=2.86e-04 | CIAM: mean=1.32e-05 std=2.62e-05
[05/14 05:45:55] [GradMonitor step=6750] param-grad: weight_base: mean=1.66e-09 std=6.54e-07 | weight_base_open: mean=1.82e-04 std=1.49e-03 | enc_conv1_weight: mean=-1.43e-02 std=5.62e-02
[05/14 05:45:55] [GradMonitor step=6755] near-input: bn0: mean=4.38e-07 std=4.91e-04 pos=0.50 | enc_conv1: mean=1.82e-13 std=2.61e-04 pos=0.48
[05/14 05:45:55] [GradMonitor step=6755] deep/task: enc_layer4: mean=1.41e-05 std=3.32e-05 | PAM: mean=1.55e-04 std=3.59e-04 | CIAM: mean=1.43e-05 std=3.33e-05
[05/14 05:45:55] [GradMonitor step=6755] param-grad: weight_base: mean=-2.28e-09 std=4.74e-07 | weight_base_open: mean=3.18e-05 std=1.46e-03 | enc_conv1_weight: mean=-7.43e-03 std=5.85e-02
[05/14 05:45:55] [GradMonitor step=6760] near-input: bn0: mean=2.45e-08 std=3.46e-04 pos=0.50 | enc_conv1: mean=2.96e-14 std=1.87e-04 pos=0.42
[05/14 05:45:55] [GradMonitor step=6760] deep/task: enc_layer4: mean=1.55e-05 std=2.54e-05 | PAM: mean=1.70e-04 std=2.77e-04 | CIAM: mean=1.59e-05 std=2.56e-05
[05/14 05:45:55] [GradMonitor step=6760] param-grad: weight_base: mean=2.40e-08 std=1.26e-06 | weight_base_open: mean=1.75e-04 std=1.48e-03 | enc_conv1_weight: mean=1.80e-03 std=4.36e-02
[05/14 05:45:56] [GradMonitor step=6765] near-input: bn0: mean=-4.28e-07 std=3.79e-04 pos=0.50 | enc_conv1: mean=1.82e-14 std=2.13e-04 pos=0.44
[05/14 05:45:56] [GradMonitor step=6765] deep/task: enc_layer4: mean=1.25e-05 std=3.22e-05 | PAM: mean=1.39e-04 std=3.55e-04 | CIAM: mean=1.27e-05 std=3.23e-05
[05/14 05:45:56] [GradMonitor step=6765] param-grad: weight_base: mean=6.53e-08 std=1.65e-06 | weight_base_open: mean=9.93e-05 std=2.63e-03 | enc_conv1_weight: mean=2.05e-04 std=5.77e-02
[05/14 05:45:56] [GradMonitor step=6770] near-input: bn0: mean=-1.95e-08 std=4.12e-04 pos=0.50 | enc_conv1: mean=3.64e-14 std=2.25e-04 pos=0.55
[05/14 05:45:56] [GradMonitor step=6770] deep/task: enc_layer4: mean=1.18e-05 std=3.01e-05 | PAM: mean=1.32e-04 std=3.26e-04 | CIAM: mean=1.20e-05 std=3.02e-05
[05/14 05:45:56] [GradMonitor step=6770] param-grad: weight_base: mean=2.89e-08 std=1.15e-06 | weight_base_open: mean=6.79e-05 std=1.92e-03 | enc_conv1_weight: mean=-6.31e-03 std=5.11e-02
[05/14 05:45:57] [GradMonitor step=6775] near-input: bn0: mean=-6.86e-08 std=2.11e-04 pos=0.50 | enc_conv1: mean=-6.14e-14 std=1.15e-04 pos=0.49
[05/14 05:45:57] [GradMonitor step=6775] deep/task: enc_layer4: mean=1.14e-05 std=1.75e-05 | PAM: mean=1.25e-04 std=1.89e-04 | CIAM: mean=1.17e-05 std=1.76e-05
[05/14 05:45:57] [GradMonitor step=6775] param-grad: weight_base: mean=-4.60e-09 std=4.49e-07 | weight_base_open: mean=-4.31e-05 std=2.27e-03 | enc_conv1_weight: mean=5.42e-04 std=4.33e-02
[05/14 05:45:57] [GradMonitor step=6780] near-input: bn0: mean=4.00e-07 std=3.64e-04 pos=0.50 | enc_conv1: mean=-4.55e-15 std=1.97e-04 pos=0.51
[05/14 05:45:57] [GradMonitor step=6780] deep/task: enc_layer4: mean=1.47e-05 std=2.69e-05 | PAM: mean=1.62e-04 std=2.94e-04 | CIAM: mean=1.50e-05 std=2.70e-05
[05/14 05:45:57] [GradMonitor step=6780] param-grad: weight_base: mean=-4.73e-08 std=9.54e-07 | weight_base_open: mean=1.15e-04 std=1.37e-03 | enc_conv1_weight: mean=3.30e-03 std=5.05e-02
[05/14 05:45:58] [GradMonitor step=6785] near-input: bn0: mean=8.15e-08 std=4.26e-04 pos=0.50 | enc_conv1: mean=-3.18e-14 std=2.33e-04 pos=0.50
[05/14 05:45:58] [GradMonitor step=6785] deep/task: enc_layer4: mean=1.45e-05 std=2.94e-05 | PAM: mean=1.60e-04 std=3.22e-04 | CIAM: mean=1.48e-05 std=2.95e-05
[05/14 05:45:58] [GradMonitor step=6785] param-grad: weight_base: mean=-3.47e-09 std=6.84e-07 | weight_base_open: mean=-6.40e-05 std=1.89e-03 | enc_conv1_weight: mean=-4.13e-03 std=6.77e-02
[05/14 05:45:58] [GradMonitor step=6790] near-input: bn0: mean=2.19e-07 std=3.36e-04 pos=0.50 | enc_conv1: mean=7.73e-14 std=1.82e-04 pos=0.42
[05/14 05:45:58] [GradMonitor step=6790] deep/task: enc_layer4: mean=1.54e-05 std=2.37e-05 | PAM: mean=1.70e-04 std=2.60e-04 | CIAM: mean=1.58e-05 std=2.39e-05
[05/14 05:45:58] [GradMonitor step=6790] param-grad: weight_base: mean=2.16e-08 std=9.72e-07 | weight_base_open: mean=-1.04e-04 std=1.91e-03 | enc_conv1_weight: mean=-5.07e-03 std=4.65e-02
[05/14 05:45:58] [GradMonitor step=6795] near-input: bn0: mean=-8.20e-08 std=1.72e-04 pos=0.50 | enc_conv1: mean=2.44e-14 std=9.21e-05 pos=0.46
[05/14 05:45:58] [GradMonitor step=6795] deep/task: enc_layer4: mean=1.05e-05 std=1.67e-05 | PAM: mean=1.15e-04 std=1.81e-04 | CIAM: mean=1.08e-05 std=1.68e-05
[05/14 05:45:58] [GradMonitor step=6795] param-grad: weight_base: mean=-2.92e-08 std=7.51e-07 | weight_base_open: mean=-1.39e-04 std=1.21e-03 | enc_conv1_weight: mean=-1.09e-02 std=3.71e-02
[05/14 05:45:59] [GradMonitor step=6800] near-input: bn0: mean=8.20e-08 std=6.34e-04 pos=0.50 | enc_conv1: mean=3.64e-14 std=3.52e-04 pos=0.50
[05/14 05:45:59] [GradMonitor step=6800] deep/task: enc_layer4: mean=1.47e-05 std=4.95e-05 | PAM: mean=1.67e-04 std=5.29e-04 | CIAM: mean=1.50e-05 std=4.95e-05
[05/14 05:45:59] [GradMonitor step=6800] param-grad: weight_base: mean=-1.79e-08 std=6.66e-07 | weight_base_open: mean=1.27e-04 std=1.72e-03 | enc_conv1_weight: mean=-4.62e-03 std=7.97e-02
[05/14 05:45:59] 
[05/14 05:45:59] epoch 17/20, iter 6800:
[05/14 05:45:59] train_loss: 0.88929
[05/14 05:45:59] train_acc: 0.988
[05/14 05:45:59] train_auroc: 0.978
[05/14 05:46:05] Summary name val_6-way-5-shot_tpr@tnr95 is illegal; using val_6-way-5-shot_tpr_tnr95 instead.
[05/14 05:46:05] val_6-way-5-shot_acc: 60.422	0.670
[05/14 05:46:05] val_6-way-5-shot_auroc: 49.878	2.002
[05/14 05:46:05] val_6-way-5-shot_fscore: 20.420	0.247
[05/14 05:46:05] val_6-way-5-shot_tpr@tnr95: 5.712	1.498
[05/14 05:46:05] val_6-way-5-shot_osr: 49.642	0.747
[05/14 05:46:05] BEST ACC!
[05/14 05:46:06] [GradMonitor step=6805] near-input: bn0: mean=-5.86e-07 std=3.92e-04 pos=0.50 | enc_conv1: mean=-2.50e-14 std=2.14e-04 pos=0.42
[05/14 05:46:06] [GradMonitor step=6805] deep/task: enc_layer4: mean=1.31e-05 std=3.17e-05 | PAM: mean=1.45e-04 std=3.41e-04 | CIAM: mean=1.33e-05 std=3.18e-05
[05/14 05:46:06] [GradMonitor step=6805] param-grad: weight_base: mean=-2.87e-08 std=1.17e-06 | weight_base_open: mean=-1.71e-05 std=1.48e-03 | enc_conv1_weight: mean=-4.15e-03 std=4.97e-02
[05/14 05:46:06] [GradMonitor step=6810] near-input: bn0: mean=2.96e-08 std=1.67e-04 pos=0.50 | enc_conv1: mean=-1.14e-15 std=9.22e-05 pos=0.47
[05/14 05:46:06] [GradMonitor step=6810] deep/task: enc_layer4: mean=1.11e-05 std=1.93e-05 | PAM: mean=1.22e-04 std=2.08e-04 | CIAM: mean=1.14e-05 std=1.94e-05
[05/14 05:46:06] [GradMonitor step=6810] param-grad: weight_base: mean=-1.73e-08 std=4.76e-07 | weight_base_open: mean=-1.42e-04 std=1.79e-03 | enc_conv1_weight: mean=8.51e-03 std=5.39e-02
[05/14 05:46:06] [GradMonitor step=6815] near-input: bn0: mean=6.51e-08 std=1.99e-04 pos=0.50 | enc_conv1: mean=-2.96e-14 std=1.08e-04 pos=0.44
[05/14 05:46:06] [GradMonitor step=6815] deep/task: enc_layer4: mean=1.23e-05 std=1.96e-05 | PAM: mean=1.35e-04 std=2.10e-04 | CIAM: mean=1.26e-05 std=1.97e-05
[05/14 05:46:06] [GradMonitor step=6815] param-grad: weight_base: mean=-2.70e-08 std=1.05e-06 | weight_base_open: mean=-1.89e-04 std=1.79e-03 | enc_conv1_weight: mean=1.02e-02 std=4.28e-02
[05/14 05:46:07] [GradMonitor step=6820] near-input: bn0: mean=1.92e-07 std=3.70e-04 pos=0.50 | enc_conv1: mean=7.62e-14 std=2.05e-04 pos=0.48
[05/14 05:46:07] [GradMonitor step=6820] deep/task: enc_layer4: mean=1.31e-05 std=3.17e-05 | PAM: mean=1.45e-04 std=3.50e-04 | CIAM: mean=1.33e-05 std=3.17e-05
[05/14 05:46:07] [GradMonitor step=6820] param-grad: weight_base: mean=-6.29e-09 std=1.13e-06 | weight_base_open: mean=1.39e-04 std=2.65e-03 | enc_conv1_weight: mean=-2.71e-03 std=5.43e-02
[05/14 05:46:07] [GradMonitor step=6825] near-input: bn0: mean=1.12e-07 std=3.74e-04 pos=0.50 | enc_conv1: mean=-9.09e-15 std=2.02e-04 pos=0.59
[05/14 05:46:07] [GradMonitor step=6825] deep/task: enc_layer4: mean=1.79e-05 std=2.99e-05 | PAM: mean=1.99e-04 std=3.30e-04 | CIAM: mean=1.84e-05 std=3.01e-05
[05/14 05:46:07] [GradMonitor step=6825] param-grad: weight_base: mean=-1.82e-08 std=8.70e-07 | weight_base_open: mean=-1.96e-05 std=1.06e-03 | enc_conv1_weight: mean=5.93e-03 std=4.44e-02
[05/14 05:46:08] [GradMonitor step=6830] near-input: bn0: mean=8.53e-08 std=3.14e-04 pos=0.50 | enc_conv1: mean=3.52e-14 std=1.72e-04 pos=0.43
[05/14 05:46:08] [GradMonitor step=6830] deep/task: enc_layer4: mean=9.21e-06 std=2.83e-05 | PAM: mean=1.02e-04 std=3.09e-04 | CIAM: mean=9.40e-06 std=2.84e-05
[05/14 05:46:08] [GradMonitor step=6830] param-grad: weight_base: mean=-1.97e-08 std=1.12e-06 | weight_base_open: mean=-1.09e-04 std=1.76e-03 | enc_conv1_weight: mean=1.12e-02 std=6.15e-02
[05/14 05:46:08] [GradMonitor step=6835] near-input: bn0: mean=-1.94e-07 std=4.18e-04 pos=0.50 | enc_conv1: mean=-9.55e-14 std=2.30e-04 pos=0.50
[05/14 05:46:08] [GradMonitor step=6835] deep/task: enc_layer4: mean=1.40e-05 std=3.16e-05 | PAM: mean=1.55e-04 std=3.49e-04 | CIAM: mean=1.42e-05 std=3.17e-05
[05/14 05:46:08] [GradMonitor step=6835] param-grad: weight_base: mean=-2.47e-08 std=7.02e-07 | weight_base_open: mean=-7.48e-06 std=1.35e-03 | enc_conv1_weight: mean=-7.62e-03 std=4.63e-02
[05/14 05:46:08] [GradMonitor step=6840] near-input: bn0: mean=-3.20e-07 std=2.00e-04 pos=0.50 | enc_conv1: mean=-7.16e-14 std=1.08e-04 pos=0.49
[05/14 05:46:08] [GradMonitor step=6840] deep/task: enc_layer4: mean=1.16e-05 std=1.83e-05 | PAM: mean=1.27e-04 std=1.97e-04 | CIAM: mean=1.18e-05 std=1.84e-05
[05/14 05:46:08] [GradMonitor step=6840] param-grad: weight_base: mean=-1.41e-08 std=7.99e-07 | weight_base_open: mean=-1.32e-04 std=1.37e-03 | enc_conv1_weight: mean=-6.72e-03 std=3.83e-02
[05/14 05:46:09] [GradMonitor step=6845] near-input: bn0: mean=-5.97e-08 std=2.53e-04 pos=0.50 | enc_conv1: mean=9.66e-15 std=1.35e-04 pos=0.50
[05/14 05:46:09] [GradMonitor step=6845] deep/task: enc_layer4: mean=1.23e-05 std=1.85e-05 | PAM: mean=1.35e-04 std=2.03e-04 | CIAM: mean=1.26e-05 std=1.86e-05
[05/14 05:46:09] [GradMonitor step=6845] param-grad: weight_base: mean=4.49e-08 std=8.21e-07 | weight_base_open: mean=-3.62e-05 std=1.44e-03 | enc_conv1_weight: mean=3.46e-03 std=3.10e-02
[05/14 05:46:09] [GradMonitor step=6850] near-input: bn0: mean=8.84e-08 std=3.50e-04 pos=0.50 | enc_conv1: mean=1.14e-14 std=1.90e-04 pos=0.48
[05/14 05:46:09] [GradMonitor step=6850] deep/task: enc_layer4: mean=1.51e-05 std=3.16e-05 | PAM: mean=1.66e-04 std=3.44e-04 | CIAM: mean=1.54e-05 std=3.17e-05
[05/14 05:46:09] [GradMonitor step=6850] param-grad: weight_base: mean=-1.43e-09 std=1.44e-06 | weight_base_open: mean=-1.98e-05 std=1.97e-03 | enc_conv1_weight: mean=-1.36e-02 std=5.33e-02
[05/14 05:46:09] [GradMonitor step=6855] near-input: bn0: mean=1.26e-07 std=3.24e-04 pos=0.50 | enc_conv1: mean=-1.41e-13 std=1.74e-04 pos=0.46
[05/14 05:46:09] [GradMonitor step=6855] deep/task: enc_layer4: mean=1.13e-05 std=2.78e-05 | PAM: mean=1.26e-04 std=3.03e-04 | CIAM: mean=1.17e-05 std=2.79e-05
[05/14 05:46:09] [GradMonitor step=6855] param-grad: weight_base: mean=3.45e-08 std=1.16e-06 | weight_base_open: mean=-5.14e-05 std=1.43e-03 | enc_conv1_weight: mean=-1.70e-03 std=5.90e-02
[05/14 05:46:10] [GradMonitor step=6860] near-input: bn0: mean=-2.61e-07 std=2.14e-04 pos=0.50 | enc_conv1: mean=2.27e-14 std=1.17e-04 pos=0.55
[05/14 05:46:10] [GradMonitor step=6860] deep/task: enc_layer4: mean=1.41e-05 std=2.27e-05 | PAM: mean=1.56e-04 std=2.48e-04 | CIAM: mean=1.44e-05 std=2.29e-05
[05/14 05:46:10] [GradMonitor step=6860] param-grad: weight_base: mean=-2.40e-08 std=9.57e-07 | weight_base_open: mean=1.76e-05 std=1.79e-03 | enc_conv1_weight: mean=-9.13e-03 std=4.56e-02
[05/14 05:46:10] [GradMonitor step=6865] near-input: bn0: mean=1.18e-08 std=2.05e-04 pos=0.50 | enc_conv1: mean=3.41e-14 std=1.10e-04 pos=0.52
[05/14 05:46:10] [GradMonitor step=6865] deep/task: enc_layer4: mean=1.22e-05 std=1.74e-05 | PAM: mean=1.34e-04 std=1.89e-04 | CIAM: mean=1.25e-05 std=1.75e-05
[05/14 05:46:10] [GradMonitor step=6865] param-grad: weight_base: mean=2.56e-08 std=9.96e-07 | weight_base_open: mean=7.62e-05 std=1.00e-03 | enc_conv1_weight: mean=-8.09e-03 std=4.36e-02
[05/14 05:46:11] [GradMonitor step=6870] near-input: bn0: mean=2.30e-07 std=2.58e-04 pos=0.50 | enc_conv1: mean=2.73e-14 std=1.40e-04 pos=0.48
[05/14 05:46:11] [GradMonitor step=6870] deep/task: enc_layer4: mean=1.36e-05 std=2.10e-05 | PAM: mean=1.50e-04 std=2.28e-04 | CIAM: mean=1.39e-05 std=2.11e-05
[05/14 05:46:11] [GradMonitor step=6870] param-grad: weight_base: mean=-2.51e-08 std=6.00e-07 | weight_base_open: mean=3.69e-05 std=1.55e-03 | enc_conv1_weight: mean=-1.10e-02 std=4.28e-02
[05/14 05:46:11] [GradMonitor step=6875] near-input: bn0: mean=-1.82e-07 std=1.93e-04 pos=0.50 | enc_conv1: mean=3.30e-14 std=1.06e-04 pos=0.55
[05/14 05:46:11] [GradMonitor step=6875] deep/task: enc_layer4: mean=1.18e-05 std=1.85e-05 | PAM: mean=1.28e-04 std=2.01e-04 | CIAM: mean=1.20e-05 std=1.86e-05
[05/14 05:46:11] [GradMonitor step=6875] param-grad: weight_base: mean=3.00e-08 std=5.01e-07 | weight_base_open: mean=8.71e-05 std=1.03e-03 | enc_conv1_weight: mean=2.04e-03 std=2.97e-02
[05/14 05:46:11] [GradMonitor step=6880] near-input: bn0: mean=1.40e-07 std=4.37e-04 pos=0.50 | enc_conv1: mean=0.00e+00 std=2.43e-04 pos=0.54
[05/14 05:46:11] [GradMonitor step=6880] deep/task: enc_layer4: mean=1.38e-05 std=3.18e-05 | PAM: mean=1.54e-04 std=3.46e-04 | CIAM: mean=1.41e-05 std=3.18e-05
[05/14 05:46:11] [GradMonitor step=6880] param-grad: weight_base: mean=-5.65e-09 std=1.39e-06 | weight_base_open: mean=3.84e-05 std=2.29e-03 | enc_conv1_weight: mean=4.62e-04 std=4.33e-02
[05/14 05:46:12] [GradMonitor step=6885] near-input: bn0: mean=4.33e-07 std=2.18e-04 pos=0.50 | enc_conv1: mean=-3.52e-14 std=1.19e-04 pos=0.42
[05/14 05:46:12] [GradMonitor step=6885] deep/task: enc_layer4: mean=1.29e-05 std=2.01e-05 | PAM: mean=1.42e-04 std=2.18e-04 | CIAM: mean=1.32e-05 std=2.02e-05
[05/14 05:46:12] [GradMonitor step=6885] param-grad: weight_base: mean=8.32e-10 std=7.17e-07 | weight_base_open: mean=-1.29e-07 std=1.48e-03 | enc_conv1_weight: mean=4.91e-04 std=4.43e-02
[05/14 05:46:12] [GradMonitor step=6890] near-input: bn0: mean=1.12e-07 std=3.11e-04 pos=0.50 | enc_conv1: mean=-3.18e-14 std=1.74e-04 pos=0.52
[05/14 05:46:12] [GradMonitor step=6890] deep/task: enc_layer4: mean=1.58e-05 std=2.76e-05 | PAM: mean=1.74e-04 std=3.00e-04 | CIAM: mean=1.61e-05 std=2.77e-05
[05/14 05:46:12] [GradMonitor step=6890] param-grad: weight_base: mean=-7.53e-09 std=9.48e-07 | weight_base_open: mean=1.28e-04 std=1.45e-03 | enc_conv1_weight: mean=-8.09e-03 std=3.99e-02
[05/14 05:46:12] [GradMonitor step=6895] near-input: bn0: mean=-4.43e-09 std=1.36e-04 pos=0.50 | enc_conv1: mean=0.00e+00 std=7.53e-05 pos=0.48
[05/14 05:46:12] [GradMonitor step=6895] deep/task: enc_layer4: mean=1.09e-05 std=1.62e-05 | PAM: mean=1.20e-04 std=1.76e-04 | CIAM: mean=1.11e-05 std=1.63e-05
[05/14 05:46:12] [GradMonitor step=6895] param-grad: weight_base: mean=3.73e-09 std=5.02e-07 | weight_base_open: mean=-1.51e-05 std=1.45e-03 | enc_conv1_weight: mean=4.53e-03 std=4.89e-02
[05/14 05:46:13] [GradMonitor step=6900] near-input: bn0: mean=-4.86e-08 std=3.33e-04 pos=0.50 | enc_conv1: mean=-2.05e-14 std=1.78e-04 pos=0.56
[05/14 05:46:13] [GradMonitor step=6900] deep/task: enc_layer4: mean=1.54e-05 std=3.03e-05 | PAM: mean=1.70e-04 std=3.33e-04 | CIAM: mean=1.57e-05 std=3.05e-05
[05/14 05:46:13] [GradMonitor step=6900] param-grad: weight_base: mean=-2.41e-08 std=6.71e-07 | weight_base_open: mean=-2.73e-05 std=1.64e-03 | enc_conv1_weight: mean=-4.20e-03 std=5.82e-02
[05/14 05:46:13] [GradMonitor step=6905] near-input: bn0: mean=-1.46e-07 std=3.91e-04 pos=0.50 | enc_conv1: mean=-3.64e-14 std=2.20e-04 pos=0.48
[05/14 05:46:13] [GradMonitor step=6905] deep/task: enc_layer4: mean=1.41e-05 std=3.40e-05 | PAM: mean=1.57e-04 std=3.76e-04 | CIAM: mean=1.43e-05 std=3.40e-05
[05/14 05:46:13] [GradMonitor step=6905] param-grad: weight_base: mean=-5.23e-09 std=7.04e-07 | weight_base_open: mean=-3.19e-05 std=1.33e-03 | enc_conv1_weight: mean=-1.51e-03 std=5.28e-02
[05/14 05:46:14] [GradMonitor step=6910] near-input: bn0: mean=4.02e-08 std=4.81e-04 pos=0.50 | enc_conv1: mean=1.14e-15 std=2.65e-04 pos=0.51
[05/14 05:46:14] [GradMonitor step=6910] deep/task: enc_layer4: mean=1.35e-05 std=3.52e-05 | PAM: mean=1.49e-04 std=3.86e-04 | CIAM: mean=1.37e-05 std=3.52e-05
[05/14 05:46:14] [GradMonitor step=6910] param-grad: weight_base: mean=2.26e-08 std=1.18e-06 | weight_base_open: mean=-7.94e-05 std=1.52e-03 | enc_conv1_weight: mean=9.91e-03 std=5.70e-02
[05/14 05:46:14] [GradMonitor step=6915] near-input: bn0: mean=-1.49e-07 std=3.85e-04 pos=0.50 | enc_conv1: mean=-1.05e-13 std=2.11e-04 pos=0.46
[05/14 05:46:14] [GradMonitor step=6915] deep/task: enc_layer4: mean=1.33e-05 std=3.21e-05 | PAM: mean=1.47e-04 std=3.50e-04 | CIAM: mean=1.37e-05 std=3.21e-05
[05/14 05:46:14] [GradMonitor step=6915] param-grad: weight_base: mean=1.84e-09 std=8.02e-07 | weight_base_open: mean=-3.58e-05 std=1.03e-03 | enc_conv1_weight: mean=-5.74e-03 std=5.88e-02
[05/14 05:46:14] [GradMonitor step=6920] near-input: bn0: mean=4.06e-08 std=3.18e-04 pos=0.50 | enc_conv1: mean=-2.27e-15 std=1.73e-04 pos=0.54
[05/14 05:46:14] [GradMonitor step=6920] deep/task: enc_layer4: mean=1.68e-05 std=2.89e-05 | PAM: mean=1.85e-04 std=3.16e-04 | CIAM: mean=1.71e-05 std=2.90e-05
[05/14 05:46:14] [GradMonitor step=6920] param-grad: weight_base: mean=3.82e-09 std=1.23e-06 | weight_base_open: mean=-3.63e-06 std=1.87e-03 | enc_conv1_weight: mean=-1.70e-03 std=4.37e-02
[05/14 05:46:15] [GradMonitor step=6925] near-input: bn0: mean=-2.76e-08 std=2.09e-04 pos=0.50 | enc_conv1: mean=6.76e-14 std=1.15e-04 pos=0.50
[05/14 05:46:15] [GradMonitor step=6925] deep/task: enc_layer4: mean=7.74e-06 std=1.85e-05 | PAM: mean=8.46e-05 std=1.99e-04 | CIAM: mean=7.93e-06 std=1.86e-05
[05/14 05:46:15] [GradMonitor step=6925] param-grad: weight_base: mean=9.60e-09 std=7.49e-07 | weight_base_open: mean=8.65e-05 std=1.55e-03 | enc_conv1_weight: mean=-2.60e-03 std=3.70e-02
[05/14 05:46:15] [GradMonitor step=6930] near-input: bn0: mean=-6.81e-07 std=3.43e-04 pos=0.50 | enc_conv1: mean=1.59e-14 std=1.86e-04 pos=0.46
[05/14 05:46:15] [GradMonitor step=6930] deep/task: enc_layer4: mean=1.11e-05 std=2.41e-05 | PAM: mean=1.23e-04 std=2.60e-04 | CIAM: mean=1.14e-05 std=2.42e-05
[05/14 05:46:15] [GradMonitor step=6930] param-grad: weight_base: mean=-1.19e-08 std=1.07e-06 | weight_base_open: mean=7.89e-05 std=1.18e-03 | enc_conv1_weight: mean=-4.89e-04 std=3.59e-02
[05/14 05:46:15] [GradMonitor step=6935] near-input: bn0: mean=-9.44e-08 std=2.98e-04 pos=0.50 | enc_conv1: mean=-2.39e-14 std=1.59e-04 pos=0.49
[05/14 05:46:15] [GradMonitor step=6935] deep/task: enc_layer4: mean=1.49e-05 std=2.26e-05 | PAM: mean=1.63e-04 std=2.45e-04 | CIAM: mean=1.52e-05 std=2.28e-05
[05/14 05:46:15] [GradMonitor step=6935] param-grad: weight_base: mean=5.40e-09 std=6.41e-07 | weight_base_open: mean=-4.66e-05 std=1.27e-03 | enc_conv1_weight: mean=6.41e-03 std=4.91e-02
[05/14 05:46:16] [GradMonitor step=6940] near-input: bn0: mean=-4.47e-07 std=2.97e-04 pos=0.50 | enc_conv1: mean=4.55e-14 std=1.60e-04 pos=0.46
[05/14 05:46:16] [GradMonitor step=6940] deep/task: enc_layer4: mean=1.23e-05 std=2.31e-05 | PAM: mean=1.36e-04 std=2.51e-04 | CIAM: mean=1.26e-05 std=2.32e-05
[05/14 05:46:16] [GradMonitor step=6940] param-grad: weight_base: mean=3.52e-08 std=9.36e-07 | weight_base_open: mean=8.61e-05 std=1.14e-03 | enc_conv1_weight: mean=3.56e-03 std=5.87e-02
[05/14 05:46:16] [GradMonitor step=6945] near-input: bn0: mean=-9.56e-08 std=2.12e-04 pos=0.50 | enc_conv1: mean=4.89e-14 std=1.15e-04 pos=0.42
[05/14 05:46:16] [GradMonitor step=6945] deep/task: enc_layer4: mean=1.17e-05 std=2.15e-05 | PAM: mean=1.29e-04 std=2.35e-04 | CIAM: mean=1.20e-05 std=2.17e-05
[05/14 05:46:16] [GradMonitor step=6945] param-grad: weight_base: mean=3.08e-08 std=6.53e-07 | weight_base_open: mean=1.39e-05 std=1.16e-03 | enc_conv1_weight: mean=9.77e-04 std=7.36e-02
[05/14 05:46:17] [GradMonitor step=6950] near-input: bn0: mean=-8.80e-08 std=3.15e-04 pos=0.50 | enc_conv1: mean=-7.28e-14 std=1.67e-04 pos=0.52
[05/14 05:46:17] [GradMonitor step=6950] deep/task: enc_layer4: mean=1.25e-05 std=2.65e-05 | PAM: mean=1.39e-04 std=2.84e-04 | CIAM: mean=1.28e-05 std=2.66e-05
[05/14 05:46:17] [GradMonitor step=6950] param-grad: weight_base: mean=-2.72e-08 std=8.16e-07 | weight_base_open: mean=-1.17e-05 std=1.47e-03 | enc_conv1_weight: mean=9.73e-03 std=4.75e-02
[05/14 05:46:17] [GradMonitor step=6955] near-input: bn0: mean=2.17e-07 std=3.06e-04 pos=0.50 | enc_conv1: mean=-3.87e-14 std=1.63e-04 pos=0.51
[05/14 05:46:17] [GradMonitor step=6955] deep/task: enc_layer4: mean=1.04e-05 std=2.87e-05 | PAM: mean=1.15e-04 std=3.10e-04 | CIAM: mean=1.06e-05 std=2.87e-05
[05/14 05:46:17] [GradMonitor step=6955] param-grad: weight_base: mean=-3.83e-08 std=9.78e-07 | weight_base_open: mean=3.09e-05 std=2.15e-03 | enc_conv1_weight: mean=1.69e-02 std=5.65e-02
[05/14 05:46:17] [GradMonitor step=6960] near-input: bn0: mean=-3.99e-08 std=1.79e-04 pos=0.50 | enc_conv1: mean=1.36e-14 std=9.29e-05 pos=0.48
[05/14 05:46:17] [GradMonitor step=6960] deep/task: enc_layer4: mean=9.03e-06 std=1.25e-05 | PAM: mean=9.90e-05 std=1.35e-04 | CIAM: mean=9.27e-06 std=1.26e-05
[05/14 05:46:17] [GradMonitor step=6960] param-grad: weight_base: mean=1.63e-08 std=1.16e-06 | weight_base_open: mean=-4.00e-05 std=1.65e-03 | enc_conv1_weight: mean=-1.56e-03 std=2.97e-02
[05/14 05:46:18] [GradMonitor step=6965] near-input: bn0: mean=1.05e-08 std=2.98e-04 pos=0.50 | enc_conv1: mean=-1.05e-13 std=1.65e-04 pos=0.48
[05/14 05:46:18] [GradMonitor step=6965] deep/task: enc_layer4: mean=1.61e-05 std=2.75e-05 | PAM: mean=1.77e-04 std=2.99e-04 | CIAM: mean=1.65e-05 std=2.76e-05
[05/14 05:46:18] [GradMonitor step=6965] param-grad: weight_base: mean=-1.55e-08 std=7.50e-07 | weight_base_open: mean=-1.41e-05 std=1.44e-03 | enc_conv1_weight: mean=-1.39e-03 std=3.44e-02
[05/14 05:46:18] [GradMonitor step=6970] near-input: bn0: mean=7.81e-09 std=2.26e-04 pos=0.50 | enc_conv1: mean=4.21e-14 std=1.20e-04 pos=0.52
[05/14 05:46:18] [GradMonitor step=6970] deep/task: enc_layer4: mean=9.46e-06 std=2.06e-05 | PAM: mean=1.04e-04 std=2.23e-04 | CIAM: mean=9.73e-06 std=2.06e-05
[05/14 05:46:18] [GradMonitor step=6970] param-grad: weight_base: mean=-5.13e-10 std=1.29e-06 | weight_base_open: mean=1.02e-04 std=1.53e-03 | enc_conv1_weight: mean=-1.06e-03 std=3.49e-02
[05/14 05:46:18] [GradMonitor step=6975] near-input: bn0: mean=1.64e-07 std=3.49e-04 pos=0.50 | enc_conv1: mean=8.64e-14 std=2.01e-04 pos=0.42
[05/14 05:46:18] [GradMonitor step=6975] deep/task: enc_layer4: mean=1.45e-05 std=3.03e-05 | PAM: mean=1.61e-04 std=3.32e-04 | CIAM: mean=1.48e-05 std=3.04e-05
[05/14 05:46:18] [GradMonitor step=6975] param-grad: weight_base: mean=1.45e-08 std=5.96e-07 | weight_base_open: mean=5.17e-05 std=9.98e-04 | enc_conv1_weight: mean=1.09e-03 std=6.16e-02
[05/14 05:46:19] [GradMonitor step=6980] near-input: bn0: mean=-2.86e-07 std=2.76e-04 pos=0.50 | enc_conv1: mean=-5.80e-14 std=1.47e-04 pos=0.46
[05/14 05:46:19] [GradMonitor step=6980] deep/task: enc_layer4: mean=1.41e-05 std=2.56e-05 | PAM: mean=1.55e-04 std=2.77e-04 | CIAM: mean=1.44e-05 std=2.57e-05
[05/14 05:46:19] [GradMonitor step=6980] param-grad: weight_base: mean=-2.04e-08 std=7.84e-07 | weight_base_open: mean=1.23e-04 std=1.83e-03 | enc_conv1_weight: mean=-1.13e-02 std=6.34e-02
[05/14 05:46:19] [GradMonitor step=6985] near-input: bn0: mean=8.76e-08 std=1.58e-04 pos=0.50 | enc_conv1: mean=-1.02e-14 std=8.54e-05 pos=0.43
[05/14 05:46:19] [GradMonitor step=6985] deep/task: enc_layer4: mean=1.13e-05 std=1.48e-05 | PAM: mean=1.23e-04 std=1.60e-04 | CIAM: mean=1.16e-05 std=1.49e-05
[05/14 05:46:19] [GradMonitor step=6985] param-grad: weight_base: mean=1.81e-09 std=2.88e-07 | weight_base_open: mean=4.30e-05 std=9.35e-04 | enc_conv1_weight: mean=-5.91e-03 std=4.11e-02
[05/14 05:46:19] [GradMonitor step=6990] near-input: bn0: mean=3.49e-08 std=2.95e-04 pos=0.50 | enc_conv1: mean=3.18e-14 std=1.59e-04 pos=0.55
[05/14 05:46:19] [GradMonitor step=6990] deep/task: enc_layer4: mean=1.52e-05 std=2.46e-05 | PAM: mean=1.68e-04 std=2.69e-04 | CIAM: mean=1.56e-05 std=2.47e-05
[05/14 05:46:19] [GradMonitor step=6990] param-grad: weight_base: mean=1.95e-09 std=9.25e-07 | weight_base_open: mean=2.69e-04 std=1.53e-03 | enc_conv1_weight: mean=3.06e-03 std=4.19e-02
[05/14 05:46:20] [GradMonitor step=6995] near-input: bn0: mean=-2.40e-07 std=4.02e-04 pos=0.50 | enc_conv1: mean=-6.82e-14 std=2.16e-04 pos=0.50
[05/14 05:46:20] [GradMonitor step=6995] deep/task: enc_layer4: mean=1.35e-05 std=2.72e-05 | PAM: mean=1.49e-04 std=2.97e-04 | CIAM: mean=1.37e-05 std=2.73e-05
[05/14 05:46:20] [GradMonitor step=6995] param-grad: weight_base: mean=-1.40e-08 std=3.94e-07 | weight_base_open: mean=4.06e-05 std=1.10e-03 | enc_conv1_weight: mean=-1.04e-02 std=5.64e-02
[05/14 05:46:20] [GradMonitor step=7000] near-input: bn0: mean=-2.09e-07 std=2.75e-04 pos=0.50 | enc_conv1: mean=3.18e-14 std=1.51e-04 pos=0.48
[05/14 05:46:20] [GradMonitor step=7000] deep/task: enc_layer4: mean=1.27e-05 std=2.12e-05 | PAM: mean=1.40e-04 std=2.32e-04 | CIAM: mean=1.30e-05 std=2.13e-05
[05/14 05:46:20] [GradMonitor step=7000] param-grad: weight_base: mean=2.44e-08 std=1.68e-06 | weight_base_open: mean=9.65e-05 std=1.53e-03 | enc_conv1_weight: mean=-6.06e-03 std=5.51e-02
[05/14 05:46:21] [GradMonitor step=7005] near-input: bn0: mean=1.26e-09 std=2.05e-04 pos=0.50 | enc_conv1: mean=3.87e-14 std=1.10e-04 pos=0.48
[05/14 05:46:21] [GradMonitor step=7005] deep/task: enc_layer4: mean=1.12e-05 std=1.70e-05 | PAM: mean=1.23e-04 std=1.85e-04 | CIAM: mean=1.15e-05 std=1.71e-05
[05/14 05:46:21] [GradMonitor step=7005] param-grad: weight_base: mean=5.11e-09 std=1.08e-06 | weight_base_open: mean=-1.30e-04 std=1.86e-03 | enc_conv1_weight: mean=3.72e-03 std=4.20e-02
[05/14 05:46:21] [GradMonitor step=7010] near-input: bn0: mean=-2.59e-08 std=3.92e-04 pos=0.50 | enc_conv1: mean=-4.55e-14 std=2.14e-04 pos=0.48
[05/14 05:46:21] [GradMonitor step=7010] deep/task: enc_layer4: mean=1.18e-05 std=3.14e-05 | PAM: mean=1.30e-04 std=3.39e-04 | CIAM: mean=1.22e-05 std=3.15e-05
[05/14 05:46:21] [GradMonitor step=7010] param-grad: weight_base: mean=-1.49e-08 std=8.45e-07 | weight_base_open: mean=-8.55e-05 std=1.51e-03 | enc_conv1_weight: mean=-1.47e-02 std=4.35e-02
[05/14 05:46:21] [GradMonitor step=7015] near-input: bn0: mean=3.80e-07 std=5.76e-04 pos=0.50 | enc_conv1: mean=-1.46e-13 std=3.19e-04 pos=0.50
[05/14 05:46:21] [GradMonitor step=7015] deep/task: enc_layer4: mean=1.42e-05 std=3.89e-05 | PAM: mean=1.59e-04 std=4.26e-04 | CIAM: mean=1.44e-05 std=3.89e-05
[05/14 05:46:21] [GradMonitor step=7015] param-grad: weight_base: mean=1.06e-08 std=8.73e-07 | weight_base_open: mean=-5.84e-05 std=1.81e-03 | enc_conv1_weight: mean=-2.25e-02 std=4.75e-02
[05/14 05:46:22] [GradMonitor step=7020] near-input: bn0: mean=-3.77e-07 std=2.08e-04 pos=0.50 | enc_conv1: mean=-5.00e-14 std=1.10e-04 pos=0.49
[05/14 05:46:22] [GradMonitor step=7020] deep/task: enc_layer4: mean=1.40e-05 std=2.07e-05 | PAM: mean=1.54e-04 std=2.25e-04 | CIAM: mean=1.43e-05 std=2.08e-05
[05/14 05:46:22] [GradMonitor step=7020] param-grad: weight_base: mean=5.67e-09 std=8.75e-07 | weight_base_open: mean=-5.23e-05 std=2.54e-03 | enc_conv1_weight: mean=-1.23e-02 std=5.07e-02
[05/14 05:46:22] [GradMonitor step=7025] near-input: bn0: mean=-3.29e-08 std=2.27e-04 pos=0.50 | enc_conv1: mean=-9.09e-15 std=1.22e-04 pos=0.53
[05/14 05:46:22] [GradMonitor step=7025] deep/task: enc_layer4: mean=1.12e-05 std=2.00e-05 | PAM: mean=1.23e-04 std=2.18e-04 | CIAM: mean=1.15e-05 std=2.01e-05
[05/14 05:46:22] [GradMonitor step=7025] param-grad: weight_base: mean=-3.98e-09 std=5.14e-07 | weight_base_open: mean=-1.04e-04 std=1.45e-03 | enc_conv1_weight: mean=6.66e-03 std=4.46e-02
[05/14 05:46:22] [GradMonitor step=7030] near-input: bn0: mean=-3.65e-08 std=1.98e-04 pos=0.50 | enc_conv1: mean=-9.09e-15 std=1.06e-04 pos=0.47
[05/14 05:46:22] [GradMonitor step=7030] deep/task: enc_layer4: mean=1.06e-05 std=1.92e-05 | PAM: mean=1.16e-04 std=2.08e-04 | CIAM: mean=1.08e-05 std=1.92e-05
[05/14 05:46:22] [GradMonitor step=7030] param-grad: weight_base: mean=-1.36e-08 std=7.84e-07 | weight_base_open: mean=1.02e-04 std=1.08e-03 | enc_conv1_weight: mean=-3.64e-03 std=3.90e-02
[05/14 05:46:23] [GradMonitor step=7035] near-input: bn0: mean=5.56e-08 std=3.33e-04 pos=0.50 | enc_conv1: mean=1.11e-13 std=1.78e-04 pos=0.52
[05/14 05:46:23] [GradMonitor step=7035] deep/task: enc_layer4: mean=1.59e-05 std=2.47e-05 | PAM: mean=1.75e-04 std=2.71e-04 | CIAM: mean=1.62e-05 std=2.48e-05
[05/14 05:46:23] [GradMonitor step=7035] param-grad: weight_base: mean=-4.37e-08 std=1.54e-06 | weight_base_open: mean=-1.92e-05 std=1.67e-03 | enc_conv1_weight: mean=-1.65e-03 std=3.85e-02
[05/14 05:46:23] [GradMonitor step=7040] near-input: bn0: mean=2.01e-09 std=1.94e-04 pos=0.50 | enc_conv1: mean=1.36e-14 std=1.07e-04 pos=0.49
[05/14 05:46:23] [GradMonitor step=7040] deep/task: enc_layer4: mean=1.12e-05 std=2.12e-05 | PAM: mean=1.22e-04 std=2.30e-04 | CIAM: mean=1.14e-05 std=2.13e-05
[05/14 05:46:23] [GradMonitor step=7040] param-grad: weight_base: mean=-1.75e-08 std=7.19e-07 | weight_base_open: mean=1.35e-04 std=1.28e-03 | enc_conv1_weight: mean=2.46e-03 std=4.39e-02
[05/14 05:46:24] [GradMonitor step=7045] near-input: bn0: mean=-2.13e-07 std=3.37e-04 pos=0.50 | enc_conv1: mean=-7.16e-14 std=1.82e-04 pos=0.47
[05/14 05:46:24] [GradMonitor step=7045] deep/task: enc_layer4: mean=1.53e-05 std=2.91e-05 | PAM: mean=1.70e-04 std=3.21e-04 | CIAM: mean=1.56e-05 std=2.92e-05
[05/14 05:46:24] [GradMonitor step=7045] param-grad: weight_base: mean=-2.49e-08 std=7.12e-07 | weight_base_open: mean=9.59e-05 std=1.42e-03 | enc_conv1_weight: mean=2.01e-02 std=4.67e-02
[05/14 05:46:24] [GradMonitor step=7050] near-input: bn0: mean=4.23e-07 std=2.85e-04 pos=0.50 | enc_conv1: mean=6.82e-15 std=1.52e-04 pos=0.42
[05/14 05:46:24] [GradMonitor step=7050] deep/task: enc_layer4: mean=1.33e-05 std=2.71e-05 | PAM: mean=1.46e-04 std=2.92e-04 | CIAM: mean=1.36e-05 std=2.71e-05
[05/14 05:46:24] [GradMonitor step=7050] param-grad: weight_base: mean=1.65e-10 std=9.03e-07 | weight_base_open: mean=2.43e-05 std=1.18e-03 | enc_conv1_weight: mean=1.05e-02 std=3.89e-02
[05/14 05:46:24] [GradMonitor step=7055] near-input: bn0: mean=-1.83e-07 std=5.00e-04 pos=0.50 | enc_conv1: mean=1.82e-14 std=2.70e-04 pos=0.55
[05/14 05:46:24] [GradMonitor step=7055] deep/task: enc_layer4: mean=1.68e-05 std=3.43e-05 | PAM: mean=1.84e-04 std=3.72e-04 | CIAM: mean=1.71e-05 std=3.44e-05
[05/14 05:46:24] [GradMonitor step=7055] param-grad: weight_base: mean=4.07e-08 std=1.25e-06 | weight_base_open: mean=1.50e-04 std=2.09e-03 | enc_conv1_weight: mean=6.04e-03 std=5.58e-02
[05/14 05:46:25] [GradMonitor step=7060] near-input: bn0: mean=-1.14e-07 std=3.45e-04 pos=0.50 | enc_conv1: mean=1.46e-13 std=1.84e-04 pos=0.54
[05/14 05:46:25] [GradMonitor step=7060] deep/task: enc_layer4: mean=1.56e-05 std=2.61e-05 | PAM: mean=1.72e-04 std=2.85e-04 | CIAM: mean=1.59e-05 std=2.62e-05
[05/14 05:46:25] [GradMonitor step=7060] param-grad: weight_base: mean=-2.83e-08 std=1.02e-06 | weight_base_open: mean=-4.56e-05 std=1.50e-03 | enc_conv1_weight: mean=8.63e-03 std=3.77e-02
[05/14 05:46:25] [GradMonitor step=7065] near-input: bn0: mean=-8.11e-08 std=2.13e-04 pos=0.50 | enc_conv1: mean=4.32e-14 std=1.14e-04 pos=0.53
[05/14 05:46:25] [GradMonitor step=7065] deep/task: enc_layer4: mean=1.34e-05 std=1.93e-05 | PAM: mean=1.47e-04 std=2.11e-04 | CIAM: mean=1.37e-05 std=1.95e-05
[05/14 05:46:25] [GradMonitor step=7065] param-grad: weight_base: mean=2.99e-08 std=2.25e-06 | weight_base_open: mean=1.05e-04 std=1.96e-03 | enc_conv1_weight: mean=7.34e-03 std=3.96e-02
[05/14 05:46:25] [GradMonitor step=7070] near-input: bn0: mean=-2.09e-07 std=1.93e-04 pos=0.50 | enc_conv1: mean=2.96e-14 std=1.03e-04 pos=0.45
[05/14 05:46:25] [GradMonitor step=7070] deep/task: enc_layer4: mean=7.87e-06 std=1.39e-05 | PAM: mean=8.59e-05 std=1.48e-04 | CIAM: mean=8.09e-06 std=1.39e-05
[05/14 05:46:25] [GradMonitor step=7070] param-grad: weight_base: mean=5.07e-08 std=8.71e-07 | weight_base_open: mean=7.76e-06 std=2.08e-03 | enc_conv1_weight: mean=9.70e-03 std=3.26e-02
[05/14 05:46:26] [GradMonitor step=7075] near-input: bn0: mean=5.74e-08 std=2.19e-04 pos=0.50 | enc_conv1: mean=9.09e-15 std=1.21e-04 pos=0.52
[05/14 05:46:26] [GradMonitor step=7075] deep/task: enc_layer4: mean=1.23e-05 std=2.28e-05 | PAM: mean=1.35e-04 std=2.49e-04 | CIAM: mean=1.26e-05 std=2.29e-05
[05/14 05:46:26] [GradMonitor step=7075] param-grad: weight_base: mean=2.23e-08 std=8.24e-07 | weight_base_open: mean=-1.10e-04 std=1.10e-03 | enc_conv1_weight: mean=-2.54e-03 std=4.22e-02
[05/14 05:46:26] [GradMonitor step=7080] near-input: bn0: mean=1.99e-09 std=1.84e-04 pos=0.50 | enc_conv1: mean=-1.14e-15 std=9.93e-05 pos=0.51
[05/14 05:46:26] [GradMonitor step=7080] deep/task: enc_layer4: mean=1.21e-05 std=1.93e-05 | PAM: mean=1.33e-04 std=2.10e-04 | CIAM: mean=1.24e-05 std=1.94e-05
[05/14 05:46:26] [GradMonitor step=7080] param-grad: weight_base: mean=-1.27e-08 std=7.05e-07 | weight_base_open: mean=-3.61e-05 std=1.32e-03 | enc_conv1_weight: mean=-4.08e-03 std=3.54e-02
[05/14 05:46:27] [GradMonitor step=7085] near-input: bn0: mean=3.76e-07 std=2.83e-04 pos=0.50 | enc_conv1: mean=1.82e-13 std=1.52e-04 pos=0.48
[05/14 05:46:27] [GradMonitor step=7085] deep/task: enc_layer4: mean=1.35e-05 std=1.94e-05 | PAM: mean=1.49e-04 std=2.12e-04 | CIAM: mean=1.38e-05 std=1.96e-05
[05/14 05:46:27] [GradMonitor step=7085] param-grad: weight_base: mean=2.10e-08 std=8.87e-07 | weight_base_open: mean=-3.53e-05 std=1.24e-03 | enc_conv1_weight: mean=2.61e-03 std=3.55e-02
[05/14 05:46:27] [GradMonitor step=7090] near-input: bn0: mean=2.15e-08 std=1.52e-04 pos=0.50 | enc_conv1: mean=-3.87e-14 std=8.32e-05 pos=0.49
[05/14 05:46:27] [GradMonitor step=7090] deep/task: enc_layer4: mean=1.06e-05 std=1.40e-05 | PAM: mean=1.16e-04 std=1.52e-04 | CIAM: mean=1.08e-05 std=1.41e-05
[05/14 05:46:27] [GradMonitor step=7090] param-grad: weight_base: mean=3.45e-08 std=1.21e-06 | weight_base_open: mean=2.35e-05 std=2.05e-03 | enc_conv1_weight: mean=-2.33e-03 std=3.26e-02
[05/14 05:46:27] [GradMonitor step=7095] near-input: bn0: mean=-6.53e-08 std=2.92e-04 pos=0.50 | enc_conv1: mean=-3.75e-14 std=1.61e-04 pos=0.40
[05/14 05:46:27] [GradMonitor step=7095] deep/task: enc_layer4: mean=1.27e-05 std=2.35e-05 | PAM: mean=1.41e-04 std=2.57e-04 | CIAM: mean=1.31e-05 std=2.36e-05
[05/14 05:46:27] [GradMonitor step=7095] param-grad: weight_base: mean=-2.59e-08 std=1.12e-06 | weight_base_open: mean=1.80e-04 std=1.72e-03 | enc_conv1_weight: mean=3.28e-03 std=4.39e-02
[05/14 05:46:28] [GradMonitor step=7100] near-input: bn0: mean=-9.60e-08 std=2.31e-04 pos=0.50 | enc_conv1: mean=-5.68e-15 std=1.26e-04 pos=0.50
[05/14 05:46:28] [GradMonitor step=7100] deep/task: enc_layer4: mean=1.34e-05 std=2.05e-05 | PAM: mean=1.48e-04 std=2.25e-04 | CIAM: mean=1.37e-05 std=2.06e-05
[05/14 05:46:28] [GradMonitor step=7100] param-grad: weight_base: mean=1.46e-08 std=3.98e-07 | weight_base_open: mean=2.27e-05 std=1.76e-03 | enc_conv1_weight: mean=-9.19e-03 std=2.95e-02
[05/14 05:46:28] [GradMonitor step=7105] near-input: bn0: mean=-1.37e-07 std=1.79e-04 pos=0.50 | enc_conv1: mean=6.82e-15 std=9.61e-05 pos=0.55
[05/14 05:46:28] [GradMonitor step=7105] deep/task: enc_layer4: mean=1.10e-05 std=2.02e-05 | PAM: mean=1.22e-04 std=2.22e-04 | CIAM: mean=1.13e-05 std=2.04e-05
[05/14 05:46:28] [GradMonitor step=7105] param-grad: weight_base: mean=1.23e-08 std=7.23e-07 | weight_base_open: mean=6.57e-05 std=1.35e-03 | enc_conv1_weight: mean=-8.05e-04 std=3.03e-02
[05/14 05:46:28] [GradMonitor step=7110] near-input: bn0: mean=-1.09e-08 std=1.87e-04 pos=0.50 | enc_conv1: mean=-4.09e-14 std=1.02e-04 pos=0.48
[05/14 05:46:28] [GradMonitor step=7110] deep/task: enc_layer4: mean=1.19e-05 std=2.38e-05 | PAM: mean=1.31e-04 std=2.63e-04 | CIAM: mean=1.21e-05 std=2.39e-05
[05/14 05:46:28] [GradMonitor step=7110] param-grad: weight_base: mean=4.05e-11 std=9.47e-07 | weight_base_open: mean=-1.08e-04 std=1.47e-03 | enc_conv1_weight: mean=-5.40e-04 std=5.45e-02
[05/14 05:46:29] [GradMonitor step=7115] near-input: bn0: mean=-1.33e-07 std=1.59e-04 pos=0.50 | enc_conv1: mean=-3.41e-14 std=8.76e-05 pos=0.46
[05/14 05:46:29] [GradMonitor step=7115] deep/task: enc_layer4: mean=7.71e-06 std=2.02e-05 | PAM: mean=8.37e-05 std=2.21e-04 | CIAM: mean=7.83e-06 std=2.02e-05
[05/14 05:46:29] [GradMonitor step=7115] param-grad: weight_base: mean=-9.00e-09 std=7.29e-07 | weight_base_open: mean=-4.34e-05 std=1.34e-03 | enc_conv1_weight: mean=1.51e-03 std=3.23e-02
[05/14 05:46:29] [GradMonitor step=7120] near-input: bn0: mean=-1.94e-08 std=2.12e-04 pos=0.50 | enc_conv1: mean=-5.91e-14 std=1.15e-04 pos=0.53
[05/14 05:46:29] [GradMonitor step=7120] deep/task: enc_layer4: mean=1.32e-05 std=2.28e-05 | PAM: mean=1.46e-04 std=2.48e-04 | CIAM: mean=1.35e-05 std=2.29e-05
[05/14 05:46:29] [GradMonitor step=7120] param-grad: weight_base: mean=-3.33e-08 std=1.02e-06 | weight_base_open: mean=-1.13e-04 std=1.86e-03 | enc_conv1_weight: mean=4.39e-03 std=4.53e-02
[05/14 05:46:30] [GradMonitor step=7125] near-input: bn0: mean=8.30e-08 std=2.56e-04 pos=0.50 | enc_conv1: mean=-7.05e-14 std=1.39e-04 pos=0.53
[05/14 05:46:30] [GradMonitor step=7125] deep/task: enc_layer4: mean=1.41e-05 std=2.34e-05 | PAM: mean=1.55e-04 std=2.56e-04 | CIAM: mean=1.44e-05 std=2.35e-05
[05/14 05:46:30] [GradMonitor step=7125] param-grad: weight_base: mean=-3.18e-08 std=1.19e-06 | weight_base_open: mean=-1.79e-04 std=1.97e-03 | enc_conv1_weight: mean=1.67e-02 std=3.64e-02
[05/14 05:46:30] [GradMonitor step=7130] near-input: bn0: mean=-8.84e-08 std=2.81e-04 pos=0.50 | enc_conv1: mean=-9.09e-14 std=1.52e-04 pos=0.42
[05/14 05:46:30] [GradMonitor step=7130] deep/task: enc_layer4: mean=1.03e-05 std=2.69e-05 | PAM: mean=1.13e-04 std=2.94e-04 | CIAM: mean=1.05e-05 std=2.70e-05
[05/14 05:46:30] [GradMonitor step=7130] param-grad: weight_base: mean=-5.15e-08 std=1.27e-06 | weight_base_open: mean=-1.16e-04 std=1.32e-03 | enc_conv1_weight: mean=1.66e-02 std=4.95e-02
[05/14 05:46:30] [GradMonitor step=7135] near-input: bn0: mean=-1.24e-07 std=2.17e-04 pos=0.50 | enc_conv1: mean=2.84e-14 std=1.24e-04 pos=0.40
[05/14 05:46:30] [GradMonitor step=7135] deep/task: enc_layer4: mean=1.45e-05 std=2.47e-05 | PAM: mean=1.61e-04 std=2.71e-04 | CIAM: mean=1.48e-05 std=2.49e-05
[05/14 05:46:30] [GradMonitor step=7135] param-grad: weight_base: mean=-3.48e-08 std=1.27e-06 | weight_base_open: mean=-9.31e-05 std=1.38e-03 | enc_conv1_weight: mean=1.57e-03 std=4.41e-02
[05/14 05:46:31] [GradMonitor step=7140] near-input: bn0: mean=-6.62e-07 std=5.41e-04 pos=0.50 | enc_conv1: mean=3.18e-14 std=2.86e-04 pos=0.58
[05/14 05:46:31] [GradMonitor step=7140] deep/task: enc_layer4: mean=1.48e-05 std=3.44e-05 | PAM: mean=1.62e-04 std=3.75e-04 | CIAM: mean=1.50e-05 std=3.44e-05
[05/14 05:46:31] [GradMonitor step=7140] param-grad: weight_base: mean=1.06e-08 std=8.76e-07 | weight_base_open: mean=2.45e-04 std=1.29e-03 | enc_conv1_weight: mean=3.48e-03 std=5.60e-02
[05/14 05:46:31] [GradMonitor step=7145] near-input: bn0: mean=1.84e-07 std=2.58e-04 pos=0.50 | enc_conv1: mean=-1.18e-13 std=1.40e-04 pos=0.45
[05/14 05:46:31] [GradMonitor step=7145] deep/task: enc_layer4: mean=1.24e-05 std=2.43e-05 | PAM: mean=1.38e-04 std=2.65e-04 | CIAM: mean=1.28e-05 std=2.44e-05
[05/14 05:46:31] [GradMonitor step=7145] param-grad: weight_base: mean=-1.43e-08 std=8.00e-07 | weight_base_open: mean=4.25e-05 std=2.21e-03 | enc_conv1_weight: mean=1.19e-04 std=5.43e-02
[05/14 05:46:31] [GradMonitor step=7150] near-input: bn0: mean=1.77e-07 std=3.05e-04 pos=0.50 | enc_conv1: mean=-1.23e-13 std=1.70e-04 pos=0.55
[05/14 05:46:31] [GradMonitor step=7150] deep/task: enc_layer4: mean=1.25e-05 std=2.54e-05 | PAM: mean=1.40e-04 std=2.78e-04 | CIAM: mean=1.29e-05 std=2.55e-05
[05/14 05:46:31] [GradMonitor step=7150] param-grad: weight_base: mean=-1.90e-09 std=1.16e-06 | weight_base_open: mean=1.07e-04 std=1.76e-03 | enc_conv1_weight: mean=-3.55e-03 std=4.98e-02
[05/14 05:46:32] [GradMonitor step=7155] near-input: bn0: mean=2.88e-07 std=5.01e-04 pos=0.50 | enc_conv1: mean=9.78e-14 std=2.65e-04 pos=0.50
[05/14 05:46:32] [GradMonitor step=7155] deep/task: enc_layer4: mean=1.40e-05 std=3.28e-05 | PAM: mean=1.55e-04 std=3.54e-04 | CIAM: mean=1.43e-05 std=3.29e-05
[05/14 05:46:32] [GradMonitor step=7155] param-grad: weight_base: mean=-2.58e-08 std=8.66e-07 | weight_base_open: mean=-3.27e-05 std=1.59e-03 | enc_conv1_weight: mean=-6.71e-03 std=5.88e-02
[05/14 05:46:32] [GradMonitor step=7160] near-input: bn0: mean=-2.09e-08 std=3.36e-04 pos=0.50 | enc_conv1: mean=-4.43e-14 std=1.82e-04 pos=0.40
[05/14 05:46:32] [GradMonitor step=7160] deep/task: enc_layer4: mean=1.54e-05 std=2.44e-05 | PAM: mean=1.70e-04 std=2.67e-04 | CIAM: mean=1.58e-05 std=2.46e-05
[05/14 05:46:32] [GradMonitor step=7160] param-grad: weight_base: mean=2.65e-08 std=6.51e-07 | weight_base_open: mean=8.41e-05 std=1.62e-03 | enc_conv1_weight: mean=-1.07e-03 std=4.42e-02
[05/14 05:46:33] [GradMonitor step=7165] near-input: bn0: mean=-2.53e-07 std=3.70e-04 pos=0.50 | enc_conv1: mean=2.50e-14 std=2.07e-04 pos=0.47
[05/14 05:46:33] [GradMonitor step=7165] deep/task: enc_layer4: mean=1.27e-05 std=3.20e-05 | PAM: mean=1.42e-04 std=3.52e-04 | CIAM: mean=1.30e-05 std=3.21e-05
[05/14 05:46:33] [GradMonitor step=7165] param-grad: weight_base: mean=6.07e-08 std=1.56e-06 | weight_base_open: mean=2.68e-04 std=2.95e-03 | enc_conv1_weight: mean=-5.12e-03 std=6.53e-02
[05/14 05:46:33] [GradMonitor step=7170] near-input: bn0: mean=-2.69e-08 std=3.96e-04 pos=0.50 | enc_conv1: mean=-1.06e-13 std=2.17e-04 pos=0.53
[05/14 05:46:33] [GradMonitor step=7170] deep/task: enc_layer4: mean=1.18e-05 std=2.95e-05 | PAM: mean=1.33e-04 std=3.20e-04 | CIAM: mean=1.21e-05 std=2.95e-05
[05/14 05:46:33] [GradMonitor step=7170] param-grad: weight_base: mean=6.99e-09 std=9.72e-07 | weight_base_open: mean=1.04e-04 std=1.82e-03 | enc_conv1_weight: mean=-6.45e-03 std=5.03e-02
[05/14 05:46:33] [GradMonitor step=7175] near-input: bn0: mean=-4.61e-08 std=1.98e-04 pos=0.50 | enc_conv1: mean=6.37e-14 std=1.07e-04 pos=0.51
[05/14 05:46:33] [GradMonitor step=7175] deep/task: enc_layer4: mean=1.13e-05 std=1.62e-05 | PAM: mean=1.24e-04 std=1.75e-04 | CIAM: mean=1.16e-05 std=1.63e-05
[05/14 05:46:33] [GradMonitor step=7175] param-grad: weight_base: mean=1.56e-09 std=7.09e-07 | weight_base_open: mean=-9.82e-05 std=1.79e-03 | enc_conv1_weight: mean=2.75e-03 std=3.34e-02
[05/14 05:46:34] [GradMonitor step=7180] near-input: bn0: mean=2.79e-07 std=3.37e-04 pos=0.50 | enc_conv1: mean=3.41e-15 std=1.83e-04 pos=0.51
[05/14 05:46:34] [GradMonitor step=7180] deep/task: enc_layer4: mean=1.42e-05 std=2.54e-05 | PAM: mean=1.57e-04 std=2.78e-04 | CIAM: mean=1.45e-05 std=2.56e-05
[05/14 05:46:34] [GradMonitor step=7180] param-grad: weight_base: mean=-1.70e-08 std=7.48e-07 | weight_base_open: mean=2.06e-04 std=1.39e-03 | enc_conv1_weight: mean=3.32e-03 std=4.43e-02
[05/14 05:46:34] [GradMonitor step=7185] near-input: bn0: mean=8.27e-08 std=4.34e-04 pos=0.50 | enc_conv1: mean=2.14e-13 std=2.37e-04 pos=0.51
[05/14 05:46:34] [GradMonitor step=7185] deep/task: enc_layer4: mean=1.44e-05 std=2.92e-05 | PAM: mean=1.59e-04 std=3.19e-04 | CIAM: mean=1.46e-05 std=2.93e-05
[05/14 05:46:34] [GradMonitor step=7185] param-grad: weight_base: mean=-1.91e-08 std=1.45e-06 | weight_base_open: mean=1.39e-04 std=1.95e-03 | enc_conv1_weight: mean=-6.19e-03 std=6.30e-02
[05/14 05:46:34] [GradMonitor step=7190] near-input: bn0: mean=1.37e-07 std=3.02e-04 pos=0.50 | enc_conv1: mean=-5.46e-14 std=1.64e-04 pos=0.43
[05/14 05:46:34] [GradMonitor step=7190] deep/task: enc_layer4: mean=1.48e-05 std=2.20e-05 | PAM: mean=1.64e-04 std=2.41e-04 | CIAM: mean=1.52e-05 std=2.21e-05
[05/14 05:46:34] [GradMonitor step=7190] param-grad: weight_base: mean=-5.24e-09 std=5.95e-07 | weight_base_open: mean=-5.17e-05 std=1.79e-03 | enc_conv1_weight: mean=-1.59e-03 std=4.07e-02
[05/14 05:46:35] [GradMonitor step=7195] near-input: bn0: mean=-1.18e-07 std=1.60e-04 pos=0.50 | enc_conv1: mean=2.84e-14 std=8.62e-05 pos=0.45
[05/14 05:46:35] [GradMonitor step=7195] deep/task: enc_layer4: mean=1.04e-05 std=1.63e-05 | PAM: mean=1.14e-04 std=1.76e-04 | CIAM: mean=1.07e-05 std=1.64e-05
[05/14 05:46:35] [GradMonitor step=7195] param-grad: weight_base: mean=-8.11e-09 std=6.80e-07 | weight_base_open: mean=1.01e-04 std=1.41e-03 | enc_conv1_weight: mean=-4.91e-03 std=3.17e-02
[05/14 05:46:35] [GradMonitor step=7200] near-input: bn0: mean=-5.53e-08 std=6.35e-04 pos=0.50 | enc_conv1: mean=1.27e-13 std=3.52e-04 pos=0.49
[05/14 05:46:35] [GradMonitor step=7200] deep/task: enc_layer4: mean=1.39e-05 std=5.04e-05 | PAM: mean=1.59e-04 std=5.37e-04 | CIAM: mean=1.42e-05 std=5.04e-05
[05/14 05:46:35] [GradMonitor step=7200] param-grad: weight_base: mean=-1.01e-08 std=6.22e-07 | weight_base_open: mean=-3.38e-05 std=2.14e-03 | enc_conv1_weight: mean=-5.71e-03 std=7.87e-02
[05/14 05:46:35] 
[05/14 05:46:35] epoch 18/20, iter 7200:
[05/14 05:46:35] train_loss: 0.88040
[05/14 05:46:35] train_acc: 0.988
[05/14 05:46:35] train_auroc: 0.979
[05/14 05:46:41] Summary name val_6-way-5-shot_tpr@tnr95 is illegal; using val_6-way-5-shot_tpr_tnr95 instead.
[05/14 05:46:41] val_6-way-5-shot_acc: 60.383	0.685
[05/14 05:46:41] val_6-way-5-shot_auroc: 49.375	1.965
[05/14 05:46:41] val_6-way-5-shot_fscore: 20.453	0.239
[05/14 05:46:41] val_6-way-5-shot_tpr@tnr95: 5.862	1.573
[05/14 05:46:41] val_6-way-5-shot_osr: 49.693	0.787
[05/14 05:46:42] [GradMonitor step=7205] near-input: bn0: mean=-4.64e-07 std=3.57e-04 pos=0.50 | enc_conv1: mean=2.61e-14 std=1.95e-04 pos=0.40
[05/14 05:46:42] [GradMonitor step=7205] deep/task: enc_layer4: mean=1.31e-05 std=2.98e-05 | PAM: mean=1.45e-04 std=3.20e-04 | CIAM: mean=1.33e-05 std=2.98e-05
[05/14 05:46:42] [GradMonitor step=7205] param-grad: weight_base: mean=-4.09e-08 std=1.44e-06 | weight_base_open: mean=-1.49e-05 std=1.75e-03 | enc_conv1_weight: mean=-7.80e-04 std=4.36e-02
[05/14 05:46:42] [GradMonitor step=7210] near-input: bn0: mean=2.73e-08 std=1.75e-04 pos=0.50 | enc_conv1: mean=-1.82e-14 std=9.61e-05 pos=0.45
[05/14 05:46:42] [GradMonitor step=7210] deep/task: enc_layer4: mean=1.15e-05 std=1.96e-05 | PAM: mean=1.26e-04 std=2.11e-04 | CIAM: mean=1.18e-05 std=1.97e-05
[05/14 05:46:42] [GradMonitor step=7210] param-grad: weight_base: mean=3.00e-08 std=8.28e-07 | weight_base_open: mean=6.12e-05 std=1.42e-03 | enc_conv1_weight: mean=9.88e-03 std=5.61e-02
[05/14 05:46:42] [GradMonitor step=7215] near-input: bn0: mean=-1.67e-09 std=2.03e-04 pos=0.50 | enc_conv1: mean=-6.25e-14 std=1.11e-04 pos=0.47
[05/14 05:46:42] [GradMonitor step=7215] deep/task: enc_layer4: mean=1.24e-05 std=1.95e-05 | PAM: mean=1.36e-04 std=2.10e-04 | CIAM: mean=1.28e-05 std=1.96e-05
[05/14 05:46:42] [GradMonitor step=7215] param-grad: weight_base: mean=2.31e-08 std=1.28e-06 | weight_base_open: mean=5.72e-05 std=2.01e-03 | enc_conv1_weight: mean=6.32e-03 std=4.11e-02
[05/14 05:46:43] [GradMonitor step=7220] near-input: bn0: mean=1.87e-07 std=3.69e-04 pos=0.50 | enc_conv1: mean=-1.59e-14 std=2.03e-04 pos=0.47
[05/14 05:46:43] [GradMonitor step=7220] deep/task: enc_layer4: mean=1.31e-05 std=3.16e-05 | PAM: mean=1.45e-04 std=3.49e-04 | CIAM: mean=1.33e-05 std=3.16e-05
[05/14 05:46:43] [GradMonitor step=7220] param-grad: weight_base: mean=-1.24e-08 std=1.16e-06 | weight_base_open: mean=-6.32e-05 std=2.76e-03 | enc_conv1_weight: mean=-2.88e-03 std=5.16e-02
[05/14 05:46:43] [GradMonitor step=7225] near-input: bn0: mean=1.62e-07 std=3.51e-04 pos=0.50 | enc_conv1: mean=-2.73e-14 std=1.90e-04 pos=0.56
[05/14 05:46:43] [GradMonitor step=7225] deep/task: enc_layer4: mean=1.80e-05 std=2.98e-05 | PAM: mean=2.00e-04 std=3.30e-04 | CIAM: mean=1.85e-05 std=3.00e-05
[05/14 05:46:43] [GradMonitor step=7225] param-grad: weight_base: mean=5.60e-09 std=5.34e-07 | weight_base_open: mean=2.12e-05 std=1.21e-03 | enc_conv1_weight: mean=9.85e-03 std=4.90e-02
[05/14 05:46:44] [GradMonitor step=7230] near-input: bn0: mean=1.24e-07 std=3.20e-04 pos=0.50 | enc_conv1: mean=3.64e-14 std=1.75e-04 pos=0.44
[05/14 05:46:44] [GradMonitor step=7230] deep/task: enc_layer4: mean=9.68e-06 std=2.82e-05 | PAM: mean=1.07e-04 std=3.08e-04 | CIAM: mean=9.87e-06 std=2.82e-05
[05/14 05:46:44] [GradMonitor step=7230] param-grad: weight_base: mean=-8.47e-09 std=4.82e-07 | weight_base_open: mean=9.71e-05 std=1.77e-03 | enc_conv1_weight: mean=1.72e-02 std=6.48e-02
[05/14 05:46:44] [GradMonitor step=7235] near-input: bn0: mean=-1.10e-07 std=4.00e-04 pos=0.50 | enc_conv1: mean=-6.37e-14 std=2.21e-04 pos=0.49
[05/14 05:46:44] [GradMonitor step=7235] deep/task: enc_layer4: mean=1.38e-05 std=3.09e-05 | PAM: mean=1.53e-04 std=3.42e-04 | CIAM: mean=1.40e-05 std=3.10e-05
[05/14 05:46:44] [GradMonitor step=7235] param-grad: weight_base: mean=-4.29e-08 std=9.22e-07 | weight_base_open: mean=6.46e-05 std=1.64e-03 | enc_conv1_weight: mean=-4.35e-03 std=4.14e-02
[05/14 05:46:44] [GradMonitor step=7240] near-input: bn0: mean=-3.16e-07 std=2.00e-04 pos=0.50 | enc_conv1: mean=1.25e-14 std=1.08e-04 pos=0.52
[05/14 05:46:44] [GradMonitor step=7240] deep/task: enc_layer4: mean=1.14e-05 std=1.82e-05 | PAM: mean=1.24e-04 std=1.97e-04 | CIAM: mean=1.16e-05 std=1.83e-05
[05/14 05:46:44] [GradMonitor step=7240] param-grad: weight_base: mean=-9.15e-10 std=2.31e-07 | weight_base_open: mean=2.66e-05 std=1.17e-03 | enc_conv1_weight: mean=-1.51e-03 std=3.44e-02
[05/14 05:46:45] [GradMonitor step=7245] near-input: bn0: mean=-8.32e-08 std=2.62e-04 pos=0.50 | enc_conv1: mean=9.09e-15 std=1.39e-04 pos=0.48
[05/14 05:46:45] [GradMonitor step=7245] deep/task: enc_layer4: mean=1.27e-05 std=1.88e-05 | PAM: mean=1.39e-04 std=2.05e-04 | CIAM: mean=1.30e-05 std=1.89e-05
[05/14 05:46:45] [GradMonitor step=7245] param-grad: weight_base: mean=5.62e-08 std=9.38e-07 | weight_base_open: mean=4.27e-05 std=1.42e-03 | enc_conv1_weight: mean=2.06e-03 std=3.23e-02
[05/14 05:46:45] [GradMonitor step=7250] near-input: bn0: mean=7.72e-08 std=3.58e-04 pos=0.50 | enc_conv1: mean=-2.27e-14 std=1.94e-04 pos=0.48
[05/14 05:46:45] [GradMonitor step=7250] deep/task: enc_layer4: mean=1.51e-05 std=3.19e-05 | PAM: mean=1.67e-04 std=3.47e-04 | CIAM: mean=1.55e-05 std=3.20e-05
[05/14 05:46:45] [GradMonitor step=7250] param-grad: weight_base: mean=-5.51e-08 std=1.42e-06 | weight_base_open: mean=-1.82e-05 std=2.38e-03 | enc_conv1_weight: mean=-1.44e-02 std=5.45e-02
[05/14 05:46:45] [GradMonitor step=7255] near-input: bn0: mean=7.80e-08 std=3.22e-04 pos=0.50 | enc_conv1: mean=1.25e-13 std=1.73e-04 pos=0.48
[05/14 05:46:45] [GradMonitor step=7255] deep/task: enc_layer4: mean=1.16e-05 std=2.74e-05 | PAM: mean=1.29e-04 std=2.99e-04 | CIAM: mean=1.19e-05 std=2.75e-05
[05/14 05:46:45] [GradMonitor step=7255] param-grad: weight_base: mean=-3.70e-09 std=1.35e-06 | weight_base_open: mean=-5.03e-05 std=1.49e-03 | enc_conv1_weight: mean=-1.27e-03 std=4.91e-02
[05/14 05:46:46] [GradMonitor step=7260] near-input: bn0: mean=-2.73e-07 std=2.01e-04 pos=0.50 | enc_conv1: mean=-4.77e-14 std=1.09e-04 pos=0.49
[05/14 05:46:46] [GradMonitor step=7260] deep/task: enc_layer4: mean=1.39e-05 std=2.20e-05 | PAM: mean=1.54e-04 std=2.40e-04 | CIAM: mean=1.42e-05 std=2.21e-05
[05/14 05:46:46] [GradMonitor step=7260] param-grad: weight_base: mean=-9.26e-09 std=5.53e-07 | weight_base_open: mean=8.91e-06 std=1.61e-03 | enc_conv1_weight: mean=-1.08e-02 std=4.29e-02
[05/14 05:46:46] [GradMonitor step=7265] near-input: bn0: mean=-1.99e-08 std=1.99e-04 pos=0.50 | enc_conv1: mean=1.71e-14 std=1.07e-04 pos=0.50
[05/14 05:46:46] [GradMonitor step=7265] deep/task: enc_layer4: mean=1.21e-05 std=1.74e-05 | PAM: mean=1.34e-04 std=1.89e-04 | CIAM: mean=1.24e-05 std=1.75e-05
[05/14 05:46:46] [GradMonitor step=7265] param-grad: weight_base: mean=6.29e-09 std=5.33e-07 | weight_base_open: mean=1.01e-04 std=1.18e-03 | enc_conv1_weight: mean=-8.47e-03 std=4.50e-02
[05/14 05:46:47] [GradMonitor step=7270] near-input: bn0: mean=3.20e-07 std=2.69e-04 pos=0.50 | enc_conv1: mean=1.93e-14 std=1.46e-04 pos=0.46
[05/14 05:46:47] [GradMonitor step=7270] deep/task: enc_layer4: mean=1.36e-05 std=2.11e-05 | PAM: mean=1.50e-04 std=2.29e-04 | CIAM: mean=1.39e-05 std=2.12e-05
[05/14 05:46:47] [GradMonitor step=7270] param-grad: weight_base: mean=-5.27e-08 std=1.04e-06 | weight_base_open: mean=-7.64e-05 std=1.48e-03 | enc_conv1_weight: mean=-7.17e-03 std=4.31e-02
[05/14 05:46:47] [GradMonitor step=7275] near-input: bn0: mean=-1.10e-07 std=1.86e-04 pos=0.50 | enc_conv1: mean=2.27e-14 std=1.03e-04 pos=0.52
[05/14 05:46:47] [GradMonitor step=7275] deep/task: enc_layer4: mean=1.17e-05 std=1.85e-05 | PAM: mean=1.27e-04 std=2.01e-04 | CIAM: mean=1.19e-05 std=1.86e-05
[05/14 05:46:47] [GradMonitor step=7275] param-grad: weight_base: mean=-7.46e-09 std=2.30e-07 | weight_base_open: mean=6.53e-05 std=9.54e-04 | enc_conv1_weight: mean=1.14e-03 std=2.85e-02
[05/14 05:46:47] [GradMonitor step=7280] near-input: bn0: mean=2.90e-07 std=4.37e-04 pos=0.50 | enc_conv1: mean=-9.09e-15 std=2.43e-04 pos=0.54
[05/14 05:46:47] [GradMonitor step=7280] deep/task: enc_layer4: mean=1.39e-05 std=3.18e-05 | PAM: mean=1.55e-04 std=3.46e-04 | CIAM: mean=1.41e-05 std=3.18e-05
[05/14 05:46:47] [GradMonitor step=7280] param-grad: weight_base: mean=1.16e-08 std=9.62e-07 | weight_base_open: mean=9.01e-05 std=2.08e-03 | enc_conv1_weight: mean=1.76e-03 std=4.10e-02
[05/14 05:46:48] [GradMonitor step=7285] near-input: bn0: mean=3.39e-07 std=2.13e-04 pos=0.50 | enc_conv1: mean=4.09e-14 std=1.16e-04 pos=0.45
[05/14 05:46:48] [GradMonitor step=7285] deep/task: enc_layer4: mean=1.26e-05 std=1.96e-05 | PAM: mean=1.38e-04 std=2.12e-04 | CIAM: mean=1.29e-05 std=1.97e-05
[05/14 05:46:48] [GradMonitor step=7285] param-grad: weight_base: mean=-9.91e-09 std=9.96e-07 | weight_base_open: mean=4.78e-06 std=1.75e-03 | enc_conv1_weight: mean=-3.70e-04 std=4.50e-02
[05/14 05:46:48] [GradMonitor step=7290] near-input: bn0: mean=1.15e-07 std=3.20e-04 pos=0.50 | enc_conv1: mean=-8.19e-14 std=1.78e-04 pos=0.50
[05/14 05:46:48] [GradMonitor step=7290] deep/task: enc_layer4: mean=1.57e-05 std=2.78e-05 | PAM: mean=1.73e-04 std=3.02e-04 | CIAM: mean=1.60e-05 std=2.79e-05
[05/14 05:46:48] [GradMonitor step=7290] param-grad: weight_base: mean=2.34e-08 std=5.98e-07 | weight_base_open: mean=2.31e-05 std=1.45e-03 | enc_conv1_weight: mean=-6.99e-03 std=4.23e-02
[05/14 05:46:48] [GradMonitor step=7295] near-input: bn0: mean=-2.14e-08 std=1.39e-04 pos=0.50 | enc_conv1: mean=-1.93e-14 std=7.70e-05 pos=0.48
[05/14 05:46:48] [GradMonitor step=7295] deep/task: enc_layer4: mean=1.08e-05 std=1.63e-05 | PAM: mean=1.18e-04 std=1.76e-04 | CIAM: mean=1.10e-05 std=1.64e-05
[05/14 05:46:48] [GradMonitor step=7295] param-grad: weight_base: mean=-3.17e-09 std=5.27e-07 | weight_base_open: mean=5.27e-05 std=1.35e-03 | enc_conv1_weight: mean=5.62e-03 std=5.42e-02
[05/14 05:46:49] [GradMonitor step=7300] near-input: bn0: mean=3.35e-08 std=3.39e-04 pos=0.50 | enc_conv1: mean=4.55e-14 std=1.82e-04 pos=0.53
[05/14 05:46:49] [GradMonitor step=7300] deep/task: enc_layer4: mean=1.56e-05 std=2.99e-05 | PAM: mean=1.71e-04 std=3.29e-04 | CIAM: mean=1.58e-05 std=3.01e-05
[05/14 05:46:49] [GradMonitor step=7300] param-grad: weight_base: mean=-8.96e-09 std=8.71e-07 | weight_base_open: mean=7.27e-05 std=2.22e-03 | enc_conv1_weight: mean=-2.30e-03 std=5.61e-02
[05/14 05:46:49] [GradMonitor step=7305] near-input: bn0: mean=2.28e-09 std=3.89e-04 pos=0.50 | enc_conv1: mean=-5.46e-14 std=2.19e-04 pos=0.48
[05/14 05:46:49] [GradMonitor step=7305] deep/task: enc_layer4: mean=1.42e-05 std=3.39e-05 | PAM: mean=1.58e-04 std=3.75e-04 | CIAM: mean=1.45e-05 std=3.40e-05
[05/14 05:46:49] [GradMonitor step=7305] param-grad: weight_base: mean=1.43e-08 std=7.68e-07 | weight_base_open: mean=9.09e-05 std=1.26e-03 | enc_conv1_weight: mean=-1.41e-03 std=5.84e-02
[05/14 05:46:49] [GradMonitor step=7310] near-input: bn0: mean=1.25e-07 std=4.58e-04 pos=0.50 | enc_conv1: mean=-3.41e-14 std=2.53e-04 pos=0.53
[05/14 05:46:49] [GradMonitor step=7310] deep/task: enc_layer4: mean=1.36e-05 std=3.42e-05 | PAM: mean=1.50e-04 std=3.75e-04 | CIAM: mean=1.38e-05 std=3.42e-05
[05/14 05:46:49] [GradMonitor step=7310] param-grad: weight_base: mean=2.81e-08 std=1.69e-06 | weight_base_open: mean=-9.12e-05 std=2.08e-03 | enc_conv1_weight: mean=1.20e-02 std=5.40e-02
[05/14 05:46:50] [GradMonitor step=7315] near-input: bn0: mean=-7.18e-08 std=3.56e-04 pos=0.50 | enc_conv1: mean=-1.23e-13 std=1.96e-04 pos=0.46
[05/14 05:46:50] [GradMonitor step=7315] deep/task: enc_layer4: mean=1.33e-05 std=3.07e-05 | PAM: mean=1.47e-04 std=3.34e-04 | CIAM: mean=1.37e-05 std=3.07e-05
[05/14 05:46:50] [GradMonitor step=7315] param-grad: weight_base: mean=2.34e-08 std=1.22e-06 | weight_base_open: mean=-7.45e-05 std=1.31e-03 | enc_conv1_weight: mean=7.90e-04 std=4.83e-02
[05/14 05:46:50] [GradMonitor step=7320] near-input: bn0: mean=-1.13e-08 std=3.18e-04 pos=0.50 | enc_conv1: mean=-6.25e-14 std=1.74e-04 pos=0.55
[05/14 05:46:50] [GradMonitor step=7320] deep/task: enc_layer4: mean=1.65e-05 std=2.85e-05 | PAM: mean=1.82e-04 std=3.12e-04 | CIAM: mean=1.68e-05 std=2.86e-05
[05/14 05:46:50] [GradMonitor step=7320] param-grad: weight_base: mean=-3.49e-08 std=1.24e-06 | weight_base_open: mean=6.58e-07 std=1.67e-03 | enc_conv1_weight: mean=1.77e-03 std=4.08e-02
[05/14 05:46:51] [GradMonitor step=7325] near-input: bn0: mean=-8.04e-08 std=2.10e-04 pos=0.50 | enc_conv1: mean=4.89e-14 std=1.17e-04 pos=0.47
[05/14 05:46:51] [GradMonitor step=7325] deep/task: enc_layer4: mean=7.51e-06 std=1.85e-05 | PAM: mean=8.22e-05 std=1.98e-04 | CIAM: mean=7.70e-06 std=1.85e-05
[05/14 05:46:51] [GradMonitor step=7325] param-grad: weight_base: mean=5.41e-09 std=1.08e-06 | weight_base_open: mean=1.65e-05 std=1.40e-03 | enc_conv1_weight: mean=-3.16e-04 std=3.42e-02
[05/14 05:46:51] [GradMonitor step=7330] near-input: bn0: mean=-6.73e-07 std=3.41e-04 pos=0.50 | enc_conv1: mean=4.55e-15 std=1.85e-04 pos=0.42
[05/14 05:46:51] [GradMonitor step=7330] deep/task: enc_layer4: mean=1.09e-05 std=2.41e-05 | PAM: mean=1.19e-04 std=2.60e-04 | CIAM: mean=1.12e-05 std=2.42e-05
[05/14 05:46:51] [GradMonitor step=7330] param-grad: weight_base: mean=-3.58e-08 std=1.11e-06 | weight_base_open: mean=-2.99e-06 std=1.47e-03 | enc_conv1_weight: mean=-4.79e-03 std=3.61e-02
[05/14 05:46:51] [GradMonitor step=7335] near-input: bn0: mean=-1.70e-07 std=3.01e-04 pos=0.50 | enc_conv1: mean=-4.55e-15 std=1.61e-04 pos=0.48
[05/14 05:46:51] [GradMonitor step=7335] deep/task: enc_layer4: mean=1.48e-05 std=2.26e-05 | PAM: mean=1.62e-04 std=2.45e-04 | CIAM: mean=1.51e-05 std=2.28e-05
[05/14 05:46:51] [GradMonitor step=7335] param-grad: weight_base: mean=4.95e-08 std=1.20e-06 | weight_base_open: mean=3.46e-05 std=1.47e-03 | enc_conv1_weight: mean=5.89e-03 std=4.41e-02
[05/14 05:46:52] [GradMonitor step=7340] near-input: bn0: mean=-5.13e-07 std=2.98e-04 pos=0.50 | enc_conv1: mean=-2.16e-14 std=1.61e-04 pos=0.46
[05/14 05:46:52] [GradMonitor step=7340] deep/task: enc_layer4: mean=1.26e-05 std=2.23e-05 | PAM: mean=1.39e-04 std=2.43e-04 | CIAM: mean=1.30e-05 std=2.25e-05
[05/14 05:46:52] [GradMonitor step=7340] param-grad: weight_base: mean=4.76e-09 std=8.85e-07 | weight_base_open: mean=3.18e-06 std=1.24e-03 | enc_conv1_weight: mean=2.33e-04 std=4.69e-02
[05/14 05:46:52] [GradMonitor step=7345] near-input: bn0: mean=-3.43e-08 std=2.13e-04 pos=0.50 | enc_conv1: mean=2.27e-14 std=1.15e-04 pos=0.44
[05/14 05:46:52] [GradMonitor step=7345] deep/task: enc_layer4: mean=1.18e-05 std=2.16e-05 | PAM: mean=1.30e-04 std=2.36e-04 | CIAM: mean=1.22e-05 std=2.18e-05
[05/14 05:46:52] [GradMonitor step=7345] param-grad: weight_base: mean=1.44e-08 std=7.28e-07 | weight_base_open: mean=6.40e-05 std=1.37e-03 | enc_conv1_weight: mean=2.78e-03 std=7.08e-02
[05/14 05:46:52] [GradMonitor step=7350] near-input: bn0: mean=-9.52e-08 std=3.09e-04 pos=0.50 | enc_conv1: mean=-5.23e-14 std=1.64e-04 pos=0.54
[05/14 05:46:52] [GradMonitor step=7350] deep/task: enc_layer4: mean=1.25e-05 std=2.61e-05 | PAM: mean=1.39e-04 std=2.79e-04 | CIAM: mean=1.28e-05 std=2.62e-05
[05/14 05:46:52] [GradMonitor step=7350] param-grad: weight_base: mean=-6.44e-08 std=1.20e-06 | weight_base_open: mean=1.01e-04 std=1.56e-03 | enc_conv1_weight: mean=1.05e-02 std=5.05e-02
[05/14 05:46:53] [GradMonitor step=7355] near-input: bn0: mean=2.39e-07 std=2.98e-04 pos=0.50 | enc_conv1: mean=3.18e-14 std=1.59e-04 pos=0.52
[05/14 05:46:53] [GradMonitor step=7355] deep/task: enc_layer4: mean=1.04e-05 std=2.83e-05 | PAM: mean=1.15e-04 std=3.05e-04 | CIAM: mean=1.05e-05 std=2.83e-05
[05/14 05:46:53] [GradMonitor step=7355] param-grad: weight_base: mean=-5.95e-08 std=1.31e-06 | weight_base_open: mean=-6.17e-05 std=2.28e-03 | enc_conv1_weight: mean=1.72e-02 std=4.94e-02
[05/14 05:46:53] [GradMonitor step=7360] near-input: bn0: mean=-1.06e-07 std=1.65e-04 pos=0.50 | enc_conv1: mean=1.59e-14 std=8.65e-05 pos=0.47
[05/14 05:46:53] [GradMonitor step=7360] deep/task: enc_layer4: mean=8.93e-06 std=1.20e-05 | PAM: mean=9.80e-05 std=1.30e-04 | CIAM: mean=9.18e-06 std=1.21e-05
[05/14 05:46:53] [GradMonitor step=7360] param-grad: weight_base: mean=2.74e-08 std=7.14e-07 | weight_base_open: mean=-2.18e-05 std=1.75e-03 | enc_conv1_weight: mean=-2.65e-03 std=2.16e-02
[05/14 05:46:54] [GradMonitor step=7365] near-input: bn0: mean=1.04e-07 std=3.01e-04 pos=0.50 | enc_conv1: mean=-5.68e-14 std=1.67e-04 pos=0.45
[05/14 05:46:54] [GradMonitor step=7365] deep/task: enc_layer4: mean=1.62e-05 std=2.77e-05 | PAM: mean=1.77e-04 std=3.01e-04 | CIAM: mean=1.65e-05 std=2.78e-05
[05/14 05:46:54] [GradMonitor step=7365] param-grad: weight_base: mean=-3.89e-09 std=8.35e-07 | weight_base_open: mean=7.46e-05 std=1.34e-03 | enc_conv1_weight: mean=1.03e-04 std=3.15e-02
[05/14 05:46:54] [GradMonitor step=7370] near-input: bn0: mean=-4.87e-09 std=2.17e-04 pos=0.50 | enc_conv1: mean=-3.64e-14 std=1.16e-04 pos=0.50
[05/14 05:46:54] [GradMonitor step=7370] deep/task: enc_layer4: mean=9.02e-06 std=2.03e-05 | PAM: mean=9.95e-05 std=2.19e-04 | CIAM: mean=9.29e-06 std=2.03e-05
[05/14 05:46:54] [GradMonitor step=7370] param-grad: weight_base: mean=2.22e-08 std=3.90e-07 | weight_base_open: mean=-3.71e-05 std=1.36e-03 | enc_conv1_weight: mean=-1.45e-04 std=3.58e-02
[05/14 05:46:54] [GradMonitor step=7375] near-input: bn0: mean=2.40e-08 std=3.55e-04 pos=0.50 | enc_conv1: mean=1.34e-13 std=2.03e-04 pos=0.43
[05/14 05:46:54] [GradMonitor step=7375] deep/task: enc_layer4: mean=1.45e-05 std=3.08e-05 | PAM: mean=1.60e-04 std=3.37e-04 | CIAM: mean=1.47e-05 std=3.09e-05
[05/14 05:46:54] [GradMonitor step=7375] param-grad: weight_base: mean=3.93e-09 std=3.12e-07 | weight_base_open: mean=1.45e-05 std=8.90e-04 | enc_conv1_weight: mean=-2.36e-03 std=6.97e-02
[05/14 05:46:55] [GradMonitor step=7380] near-input: bn0: mean=-2.02e-07 std=2.62e-04 pos=0.50 | enc_conv1: mean=3.75e-14 std=1.40e-04 pos=0.48
[05/14 05:46:55] [GradMonitor step=7380] deep/task: enc_layer4: mean=1.40e-05 std=2.48e-05 | PAM: mean=1.54e-04 std=2.69e-04 | CIAM: mean=1.43e-05 std=2.50e-05
[05/14 05:46:55] [GradMonitor step=7380] param-grad: weight_base: mean=-4.61e-09 std=6.81e-07 | weight_base_open: mean=1.93e-04 std=1.89e-03 | enc_conv1_weight: mean=-4.53e-03 std=5.39e-02
[05/14 05:46:55] [GradMonitor step=7385] near-input: bn0: mean=6.53e-08 std=1.53e-04 pos=0.50 | enc_conv1: mean=-3.47e-14 std=8.24e-05 pos=0.43
[05/14 05:46:55] [GradMonitor step=7385] deep/task: enc_layer4: mean=1.09e-05 std=1.44e-05 | PAM: mean=1.20e-04 std=1.55e-04 | CIAM: mean=1.12e-05 std=1.45e-05
[05/14 05:46:55] [GradMonitor step=7385] param-grad: weight_base: mean=1.25e-08 std=3.78e-07 | weight_base_open: mean=-8.03e-05 std=1.01e-03 | enc_conv1_weight: mean=-1.27e-02 std=4.07e-02
[05/14 05:46:55] [GradMonitor step=7390] near-input: bn0: mean=4.35e-08 std=2.98e-04 pos=0.50 | enc_conv1: mean=2.73e-14 std=1.59e-04 pos=0.50
[05/14 05:46:55] [GradMonitor step=7390] deep/task: enc_layer4: mean=1.53e-05 std=2.47e-05 | PAM: mean=1.69e-04 std=2.70e-04 | CIAM: mean=1.56e-05 std=2.48e-05
[05/14 05:46:55] [GradMonitor step=7390] param-grad: weight_base: mean=-5.55e-08 std=1.02e-06 | weight_base_open: mean=-2.62e-05 std=1.57e-03 | enc_conv1_weight: mean=2.41e-03 std=3.55e-02
[05/14 05:46:56] [GradMonitor step=7395] near-input: bn0: mean=-2.23e-07 std=3.80e-04 pos=0.50 | enc_conv1: mean=-1.82e-14 std=2.04e-04 pos=0.47
[05/14 05:46:56] [GradMonitor step=7395] deep/task: enc_layer4: mean=1.37e-05 std=2.68e-05 | PAM: mean=1.51e-04 std=2.93e-04 | CIAM: mean=1.39e-05 std=2.70e-05
[05/14 05:46:56] [GradMonitor step=7395] param-grad: weight_base: mean=-2.71e-09 std=6.19e-07 | weight_base_open: mean=-2.08e-04 std=1.43e-03 | enc_conv1_weight: mean=-1.13e-02 std=5.18e-02
[05/14 05:46:56] [GradMonitor step=7400] near-input: bn0: mean=-1.34e-07 std=2.73e-04 pos=0.50 | enc_conv1: mean=2.50e-14 std=1.50e-04 pos=0.50
[05/14 05:46:56] [GradMonitor step=7400] deep/task: enc_layer4: mean=1.29e-05 std=2.12e-05 | PAM: mean=1.42e-04 std=2.32e-04 | CIAM: mean=1.32e-05 std=2.13e-05
[05/14 05:46:56] [GradMonitor step=7400] param-grad: weight_base: mean=1.39e-08 std=8.57e-07 | weight_base_open: mean=1.43e-04 std=1.52e-03 | enc_conv1_weight: mean=-5.05e-03 std=4.81e-02
[05/14 05:46:57] [GradMonitor step=7405] near-input: bn0: mean=-3.24e-08 std=1.96e-04 pos=0.50 | enc_conv1: mean=-1.02e-14 std=1.06e-04 pos=0.50
[05/14 05:46:57] [GradMonitor step=7405] deep/task: enc_layer4: mean=1.11e-05 std=1.67e-05 | PAM: mean=1.22e-04 std=1.82e-04 | CIAM: mean=1.13e-05 std=1.68e-05
[05/14 05:46:57] [GradMonitor step=7405] param-grad: weight_base: mean=4.64e-09 std=5.96e-07 | weight_base_open: mean=-1.10e-05 std=1.60e-03 | enc_conv1_weight: mean=3.36e-03 std=4.13e-02
[05/14 05:46:57] [GradMonitor step=7410] near-input: bn0: mean=-1.00e-07 std=3.95e-04 pos=0.50 | enc_conv1: mean=-1.48e-13 std=2.15e-04 pos=0.46
[05/14 05:46:57] [GradMonitor step=7410] deep/task: enc_layer4: mean=1.21e-05 std=3.13e-05 | PAM: mean=1.34e-04 std=3.37e-04 | CIAM: mean=1.25e-05 std=3.13e-05
[05/14 05:46:57] [GradMonitor step=7410] param-grad: weight_base: mean=1.33e-08 std=9.21e-07 | weight_base_open: mean=-6.36e-05 std=1.58e-03 | enc_conv1_weight: mean=-8.92e-03 std=4.64e-02
[05/14 05:46:58] [GradMonitor step=7415] near-input: bn0: mean=2.88e-07 std=5.65e-04 pos=0.50 | enc_conv1: mean=-1.18e-13 std=3.12e-04 pos=0.50
[05/14 05:46:58] [GradMonitor step=7415] deep/task: enc_layer4: mean=1.41e-05 std=3.78e-05 | PAM: mean=1.58e-04 std=4.15e-04 | CIAM: mean=1.44e-05 std=3.79e-05
[05/14 05:46:58] [GradMonitor step=7415] param-grad: weight_base: mean=1.98e-08 std=1.63e-06 | weight_base_open: mean=-2.26e-05 std=1.75e-03 | enc_conv1_weight: mean=-2.19e-02 std=4.76e-02
[05/14 05:46:58] [GradMonitor step=7420] near-input: bn0: mean=-4.27e-07 std=2.06e-04 pos=0.50 | enc_conv1: mean=-1.14e-15 std=1.10e-04 pos=0.48
[05/14 05:46:58] [GradMonitor step=7420] deep/task: enc_layer4: mean=1.41e-05 std=2.03e-05 | PAM: mean=1.55e-04 std=2.21e-04 | CIAM: mean=1.44e-05 std=2.04e-05
[05/14 05:46:58] [GradMonitor step=7420] param-grad: weight_base: mean=6.62e-09 std=1.28e-06 | weight_base_open: mean=2.19e-04 std=2.17e-03 | enc_conv1_weight: mean=-1.53e-02 std=4.26e-02
[05/14 05:46:58] [GradMonitor step=7425] near-input: bn0: mean=-3.06e-08 std=2.37e-04 pos=0.50 | enc_conv1: mean=5.91e-14 std=1.27e-04 pos=0.54
[05/14 05:46:58] [GradMonitor step=7425] deep/task: enc_layer4: mean=1.15e-05 std=2.02e-05 | PAM: mean=1.26e-04 std=2.20e-04 | CIAM: mean=1.18e-05 std=2.03e-05
[05/14 05:46:58] [GradMonitor step=7425] param-grad: weight_base: mean=1.16e-08 std=6.12e-07 | weight_base_open: mean=6.64e-05 std=1.19e-03 | enc_conv1_weight: mean=1.88e-03 std=4.31e-02
[05/14 05:46:59] [GradMonitor step=7430] near-input: bn0: mean=-8.49e-08 std=1.99e-04 pos=0.50 | enc_conv1: mean=5.23e-14 std=1.07e-04 pos=0.43
[05/14 05:46:59] [GradMonitor step=7430] deep/task: enc_layer4: mean=1.05e-05 std=1.93e-05 | PAM: mean=1.15e-04 std=2.10e-04 | CIAM: mean=1.07e-05 std=1.94e-05
[05/14 05:46:59] [GradMonitor step=7430] param-grad: weight_base: mean=-2.06e-08 std=6.87e-07 | weight_base_open: mean=-6.52e-05 std=1.33e-03 | enc_conv1_weight: mean=-5.84e-03 std=3.81e-02
[05/14 05:46:59] [GradMonitor step=7435] near-input: bn0: mean=9.68e-08 std=3.42e-04 pos=0.50 | enc_conv1: mean=-1.16e-13 std=1.83e-04 pos=0.51
[05/14 05:46:59] [GradMonitor step=7435] deep/task: enc_layer4: mean=1.59e-05 std=2.51e-05 | PAM: mean=1.76e-04 std=2.76e-04 | CIAM: mean=1.63e-05 std=2.53e-05
[05/14 05:46:59] [GradMonitor step=7435] param-grad: weight_base: mean=-6.09e-08 std=1.42e-06 | weight_base_open: mean=4.32e-05 std=1.60e-03 | enc_conv1_weight: mean=-1.67e-03 std=4.14e-02
[05/14 05:46:59] [GradMonitor step=7440] near-input: bn0: mean=1.08e-08 std=2.00e-04 pos=0.50 | enc_conv1: mean=-5.68e-15 std=1.10e-04 pos=0.52
[05/14 05:46:59] [GradMonitor step=7440] deep/task: enc_layer4: mean=1.09e-05 std=2.09e-05 | PAM: mean=1.19e-04 std=2.26e-04 | CIAM: mean=1.12e-05 std=2.09e-05
[05/14 05:46:59] [GradMonitor step=7440] param-grad: weight_base: mean=1.97e-08 std=5.67e-07 | weight_base_open: mean=-1.21e-04 std=1.45e-03 | enc_conv1_weight: mean=3.54e-04 std=4.46e-02
[05/14 05:47:00] [GradMonitor step=7445] near-input: bn0: mean=-2.82e-07 std=3.33e-04 pos=0.50 | enc_conv1: mean=-8.75e-14 std=1.80e-04 pos=0.45
[05/14 05:47:00] [GradMonitor step=7445] deep/task: enc_layer4: mean=1.56e-05 std=2.82e-05 | PAM: mean=1.74e-04 std=3.11e-04 | CIAM: mean=1.59e-05 std=2.83e-05
[05/14 05:47:00] [GradMonitor step=7445] param-grad: weight_base: mean=-8.14e-09 std=7.10e-07 | weight_base_open: mean=7.21e-05 std=1.11e-03 | enc_conv1_weight: mean=1.55e-02 std=3.85e-02
[05/14 05:47:00] [GradMonitor step=7450] near-input: bn0: mean=3.39e-07 std=2.73e-04 pos=0.50 | enc_conv1: mean=6.14e-14 std=1.46e-04 pos=0.43
[05/14 05:47:00] [GradMonitor step=7450] deep/task: enc_layer4: mean=1.34e-05 std=2.62e-05 | PAM: mean=1.47e-04 std=2.83e-04 | CIAM: mean=1.37e-05 std=2.63e-05
[05/14 05:47:00] [GradMonitor step=7450] param-grad: weight_base: mean=-6.50e-10 std=6.77e-07 | weight_base_open: mean=-1.29e-05 std=1.29e-03 | enc_conv1_weight: mean=8.11e-03 std=3.58e-02
[05/14 05:47:01] [GradMonitor step=7455] near-input: bn0: mean=-1.49e-07 std=4.87e-04 pos=0.50 | enc_conv1: mean=5.91e-14 std=2.62e-04 pos=0.57
[05/14 05:47:01] [GradMonitor step=7455] deep/task: enc_layer4: mean=1.64e-05 std=3.29e-05 | PAM: mean=1.80e-04 std=3.57e-04 | CIAM: mean=1.67e-05 std=3.30e-05
[05/14 05:47:01] [GradMonitor step=7455] param-grad: weight_base: mean=-2.01e-08 std=9.09e-07 | weight_base_open: mean=-1.45e-04 std=1.94e-03 | enc_conv1_weight: mean=3.32e-03 std=5.34e-02
[05/14 05:47:01] [GradMonitor step=7460] near-input: bn0: mean=3.18e-08 std=3.38e-04 pos=0.50 | enc_conv1: mean=-9.78e-14 std=1.81e-04 pos=0.52
[05/14 05:47:01] [GradMonitor step=7460] deep/task: enc_layer4: mean=1.55e-05 std=2.57e-05 | PAM: mean=1.71e-04 std=2.80e-04 | CIAM: mean=1.58e-05 std=2.58e-05
[05/14 05:47:01] [GradMonitor step=7460] param-grad: weight_base: mean=-2.36e-08 std=1.12e-06 | weight_base_open: mean=8.28e-05 std=1.17e-03 | enc_conv1_weight: mean=7.54e-03 std=3.53e-02
[05/14 05:47:01] [GradMonitor step=7465] near-input: bn0: mean=-1.36e-07 std=2.09e-04 pos=0.50 | enc_conv1: mean=-2.27e-15 std=1.12e-04 pos=0.50
[05/14 05:47:01] [GradMonitor step=7465] deep/task: enc_layer4: mean=1.33e-05 std=1.87e-05 | PAM: mean=1.47e-04 std=2.05e-04 | CIAM: mean=1.36e-05 std=1.89e-05
[05/14 05:47:01] [GradMonitor step=7465] param-grad: weight_base: mean=1.88e-08 std=9.87e-07 | weight_base_open: mean=-1.13e-05 std=1.77e-03 | enc_conv1_weight: mean=8.22e-03 std=3.60e-02
[05/14 05:47:02] [GradMonitor step=7470] near-input: bn0: mean=-1.39e-07 std=1.83e-04 pos=0.50 | enc_conv1: mean=9.09e-15 std=9.79e-05 pos=0.47
[05/14 05:47:02] [GradMonitor step=7470] deep/task: enc_layer4: mean=8.01e-06 std=1.36e-05 | PAM: mean=8.74e-05 std=1.45e-04 | CIAM: mean=8.24e-06 std=1.36e-05
[05/14 05:47:02] [GradMonitor step=7470] param-grad: weight_base: mean=6.01e-08 std=1.62e-06 | weight_base_open: mean=2.11e-04 std=2.36e-03 | enc_conv1_weight: mean=5.53e-03 std=3.13e-02
[05/14 05:47:02] [GradMonitor step=7475] near-input: bn0: mean=-1.84e-08 std=2.25e-04 pos=0.50 | enc_conv1: mean=4.09e-14 std=1.24e-04 pos=0.51
[05/14 05:47:02] [GradMonitor step=7475] deep/task: enc_layer4: mean=1.26e-05 std=2.29e-05 | PAM: mean=1.38e-04 std=2.49e-04 | CIAM: mean=1.29e-05 std=2.30e-05
[05/14 05:47:02] [GradMonitor step=7475] param-grad: weight_base: mean=-9.89e-09 std=4.34e-07 | weight_base_open: mean=-1.22e-05 std=1.16e-03 | enc_conv1_weight: mean=5.54e-05 std=4.68e-02
[05/14 05:47:02] [GradMonitor step=7480] near-input: bn0: mean=2.39e-08 std=1.85e-04 pos=0.50 | enc_conv1: mean=6.14e-14 std=1.01e-04 pos=0.50
[05/14 05:47:02] [GradMonitor step=7480] deep/task: enc_layer4: mean=1.21e-05 std=1.91e-05 | PAM: mean=1.33e-04 std=2.07e-04 | CIAM: mean=1.24e-05 std=1.92e-05
[05/14 05:47:02] [GradMonitor step=7480] param-grad: weight_base: mean=-2.20e-08 std=8.84e-07 | weight_base_open: mean=4.31e-05 std=1.46e-03 | enc_conv1_weight: mean=-2.08e-03 std=3.43e-02
[05/14 05:47:03] [GradMonitor step=7485] near-input: bn0: mean=3.23e-07 std=2.68e-04 pos=0.50 | enc_conv1: mean=-6.93e-14 std=1.44e-04 pos=0.53
[05/14 05:47:03] [GradMonitor step=7485] deep/task: enc_layer4: mean=1.34e-05 std=1.88e-05 | PAM: mean=1.47e-04 std=2.05e-04 | CIAM: mean=1.37e-05 std=1.89e-05
[05/14 05:47:03] [GradMonitor step=7485] param-grad: weight_base: mean=1.05e-08 std=5.23e-07 | weight_base_open: mean=7.04e-06 std=1.07e-03 | enc_conv1_weight: mean=1.16e-03 std=3.38e-02
[05/14 05:47:03] [GradMonitor step=7490] near-input: bn0: mean=6.65e-09 std=1.42e-04 pos=0.50 | enc_conv1: mean=-2.36e-14 std=7.81e-05 pos=0.46
[05/14 05:47:03] [GradMonitor step=7490] deep/task: enc_layer4: mean=1.04e-05 std=1.35e-05 | PAM: mean=1.14e-04 std=1.47e-04 | CIAM: mean=1.06e-05 std=1.36e-05
[05/14 05:47:03] [GradMonitor step=7490] param-grad: weight_base: mean=-2.92e-09 std=9.83e-07 | weight_base_open: mean=-2.54e-05 std=1.69e-03 | enc_conv1_weight: mean=-3.45e-03 std=2.54e-02
[05/14 05:47:04] [GradMonitor step=7495] near-input: bn0: mean=-1.21e-07 std=2.85e-04 pos=0.50 | enc_conv1: mean=3.75e-14 std=1.57e-04 pos=0.42
[05/14 05:47:04] [GradMonitor step=7495] deep/task: enc_layer4: mean=1.23e-05 std=2.28e-05 | PAM: mean=1.37e-04 std=2.50e-04 | CIAM: mean=1.27e-05 std=2.29e-05
[05/14 05:47:04] [GradMonitor step=7495] param-grad: weight_base: mean=-5.36e-08 std=1.67e-06 | weight_base_open: mean=-2.08e-04 std=2.12e-03 | enc_conv1_weight: mean=7.86e-04 std=4.48e-02
[05/14 05:47:04] [GradMonitor step=7500] near-input: bn0: mean=-9.92e-08 std=2.29e-04 pos=0.50 | enc_conv1: mean=1.14e-14 std=1.26e-04 pos=0.51
[05/14 05:47:04] [GradMonitor step=7500] deep/task: enc_layer4: mean=1.35e-05 std=2.03e-05 | PAM: mean=1.50e-04 std=2.23e-04 | CIAM: mean=1.38e-05 std=2.04e-05
[05/14 05:47:04] [GradMonitor step=7500] param-grad: weight_base: mean=-1.07e-08 std=8.83e-07 | weight_base_open: mean=-9.29e-05 std=1.66e-03 | enc_conv1_weight: mean=-1.20e-02 std=3.03e-02
[05/14 05:47:04] [GradMonitor step=7505] near-input: bn0: mean=-9.59e-08 std=1.80e-04 pos=0.50 | enc_conv1: mean=4.55e-14 std=9.69e-05 pos=0.52
[05/14 05:47:04] [GradMonitor step=7505] deep/task: enc_layer4: mean=1.11e-05 std=2.03e-05 | PAM: mean=1.23e-04 std=2.23e-04 | CIAM: mean=1.14e-05 std=2.05e-05
[05/14 05:47:04] [GradMonitor step=7505] param-grad: weight_base: mean=2.60e-08 std=5.03e-07 | weight_base_open: mean=1.39e-04 std=1.34e-03 | enc_conv1_weight: mean=-2.06e-03 std=3.17e-02
[05/14 05:47:05] [GradMonitor step=7510] near-input: bn0: mean=7.59e-08 std=1.94e-04 pos=0.50 | enc_conv1: mean=-6.71e-14 std=1.06e-04 pos=0.48
[05/14 05:47:05] [GradMonitor step=7510] deep/task: enc_layer4: mean=1.19e-05 std=2.36e-05 | PAM: mean=1.32e-04 std=2.61e-04 | CIAM: mean=1.22e-05 std=2.37e-05
[05/14 05:47:05] [GradMonitor step=7510] param-grad: weight_base: mean=-5.25e-09 std=8.26e-07 | weight_base_open: mean=-4.39e-05 std=1.52e-03 | enc_conv1_weight: mean=-2.30e-03 std=4.94e-02
[05/14 05:47:05] [GradMonitor step=7515] near-input: bn0: mean=-1.33e-07 std=1.57e-04 pos=0.50 | enc_conv1: mean=1.59e-14 std=8.65e-05 pos=0.46
[05/14 05:47:05] [GradMonitor step=7515] deep/task: enc_layer4: mean=7.59e-06 std=1.97e-05 | PAM: mean=8.24e-05 std=2.15e-04 | CIAM: mean=7.71e-06 std=1.98e-05
[05/14 05:47:05] [GradMonitor step=7515] param-grad: weight_base: mean=1.05e-08 std=1.74e-06 | weight_base_open: mean=2.10e-04 std=1.55e-03 | enc_conv1_weight: mean=-1.03e-03 std=3.05e-02
[05/14 05:47:05] [GradMonitor step=7520] near-input: bn0: mean=5.85e-08 std=2.06e-04 pos=0.50 | enc_conv1: mean=5.91e-14 std=1.12e-04 pos=0.51
[05/14 05:47:05] [GradMonitor step=7520] deep/task: enc_layer4: mean=1.30e-05 std=2.22e-05 | PAM: mean=1.43e-04 std=2.42e-04 | CIAM: mean=1.32e-05 std=2.23e-05
[05/14 05:47:05] [GradMonitor step=7520] param-grad: weight_base: mean=-2.13e-08 std=5.94e-07 | weight_base_open: mean=1.17e-04 std=1.97e-03 | enc_conv1_weight: mean=5.46e-03 std=4.37e-02
[05/14 05:47:06] [GradMonitor step=7525] near-input: bn0: mean=-2.89e-09 std=2.48e-04 pos=0.50 | enc_conv1: mean=1.18e-13 std=1.36e-04 pos=0.51
[05/14 05:47:06] [GradMonitor step=7525] deep/task: enc_layer4: mean=1.40e-05 std=2.32e-05 | PAM: mean=1.55e-04 std=2.53e-04 | CIAM: mean=1.43e-05 std=2.33e-05
[05/14 05:47:06] [GradMonitor step=7525] param-grad: weight_base: mean=2.28e-08 std=9.05e-07 | weight_base_open: mean=-2.09e-05 std=2.08e-03 | enc_conv1_weight: mean=1.48e-02 std=3.52e-02
[05/14 05:47:06] [GradMonitor step=7530] near-input: bn0: mean=-1.07e-07 std=2.65e-04 pos=0.50 | enc_conv1: mean=3.64e-14 std=1.43e-04 pos=0.46
[05/14 05:47:06] [GradMonitor step=7530] deep/task: enc_layer4: mean=1.01e-05 std=2.60e-05 | PAM: mean=1.11e-04 std=2.84e-04 | CIAM: mean=1.04e-05 std=2.61e-05
[05/14 05:47:06] [GradMonitor step=7530] param-grad: weight_base: mean=-2.42e-08 std=9.66e-07 | weight_base_open: mean=-1.52e-05 std=1.28e-03 | enc_conv1_weight: mean=1.68e-02 std=5.53e-02
[05/14 05:47:06] [GradMonitor step=7535] near-input: bn0: mean=-1.24e-07 std=2.08e-04 pos=0.50 | enc_conv1: mean=4.89e-14 std=1.18e-04 pos=0.41
[05/14 05:47:06] [GradMonitor step=7535] deep/task: enc_layer4: mean=1.43e-05 std=2.45e-05 | PAM: mean=1.58e-04 std=2.69e-04 | CIAM: mean=1.46e-05 std=2.47e-05
[05/14 05:47:06] [GradMonitor step=7535] param-grad: weight_base: mean=-3.47e-08 std=7.53e-07 | weight_base_open: mean=-4.03e-05 std=1.63e-03 | enc_conv1_weight: mean=-1.20e-03 std=4.30e-02
[05/14 05:47:07] [GradMonitor step=7540] near-input: bn0: mean=-5.50e-07 std=4.99e-04 pos=0.50 | enc_conv1: mean=5.46e-14 std=2.61e-04 pos=0.55
[05/14 05:47:07] [GradMonitor step=7540] deep/task: enc_layer4: mean=1.51e-05 std=3.33e-05 | PAM: mean=1.66e-04 std=3.64e-04 | CIAM: mean=1.54e-05 std=3.34e-05
[05/14 05:47:07] [GradMonitor step=7540] param-grad: weight_base: mean=-1.19e-08 std=7.59e-07 | weight_base_open: mean=2.92e-05 std=1.58e-03 | enc_conv1_weight: mean=7.12e-03 std=5.43e-02
[05/14 05:47:07] [GradMonitor step=7545] near-input: bn0: mean=1.21e-07 std=2.80e-04 pos=0.50 | enc_conv1: mean=-1.82e-14 std=1.52e-04 pos=0.46
[05/14 05:47:07] [GradMonitor step=7545] deep/task: enc_layer4: mean=1.27e-05 std=2.48e-05 | PAM: mean=1.41e-04 std=2.70e-04 | CIAM: mean=1.30e-05 std=2.49e-05
[05/14 05:47:07] [GradMonitor step=7545] param-grad: weight_base: mean=3.00e-09 std=9.08e-07 | weight_base_open: mean=1.83e-06 std=2.56e-03 | enc_conv1_weight: mean=4.64e-03 std=5.91e-02
[05/14 05:47:08] [GradMonitor step=7550] near-input: bn0: mean=3.20e-07 std=3.00e-04 pos=0.50 | enc_conv1: mean=4.09e-14 std=1.66e-04 pos=0.53
[05/14 05:47:08] [GradMonitor step=7550] deep/task: enc_layer4: mean=1.21e-05 std=2.48e-05 | PAM: mean=1.35e-04 std=2.71e-04 | CIAM: mean=1.24e-05 std=2.49e-05
[05/14 05:47:08] [GradMonitor step=7550] param-grad: weight_base: mean=5.68e-08 std=1.47e-06 | weight_base_open: mean=2.06e-04 std=1.98e-03 | enc_conv1_weight: mean=3.95e-03 std=4.81e-02
[05/14 05:47:08] [GradMonitor step=7555] near-input: bn0: mean=3.75e-07 std=5.09e-04 pos=0.50 | enc_conv1: mean=-6.14e-14 std=2.70e-04 pos=0.50
[05/14 05:47:08] [GradMonitor step=7555] deep/task: enc_layer4: mean=1.37e-05 std=3.24e-05 | PAM: mean=1.52e-04 std=3.49e-04 | CIAM: mean=1.40e-05 std=3.25e-05
[05/14 05:47:08] [GradMonitor step=7555] param-grad: weight_base: mean=-6.36e-08 std=1.49e-06 | weight_base_open: mean=5.24e-05 std=1.66e-03 | enc_conv1_weight: mean=-2.24e-04 std=5.52e-02
[05/14 05:47:08] [GradMonitor step=7560] near-input: bn0: mean=-2.93e-08 std=3.24e-04 pos=0.50 | enc_conv1: mean=-5.46e-14 std=1.75e-04 pos=0.40
[05/14 05:47:08] [GradMonitor step=7560] deep/task: enc_layer4: mean=1.53e-05 std=2.36e-05 | PAM: mean=1.68e-04 std=2.58e-04 | CIAM: mean=1.57e-05 std=2.38e-05
[05/14 05:47:08] [GradMonitor step=7560] param-grad: weight_base: mean=3.08e-08 std=6.35e-07 | weight_base_open: mean=-2.93e-05 std=1.45e-03 | enc_conv1_weight: mean=-6.94e-04 std=4.64e-02
[05/14 05:47:09] [GradMonitor step=7565] near-input: bn0: mean=-2.69e-07 std=3.55e-04 pos=0.50 | enc_conv1: mean=-1.36e-14 std=1.99e-04 pos=0.50
[05/14 05:47:09] [GradMonitor step=7565] deep/task: enc_layer4: mean=1.27e-05 std=3.11e-05 | PAM: mean=1.42e-04 std=3.42e-04 | CIAM: mean=1.30e-05 std=3.11e-05
[05/14 05:47:09] [GradMonitor step=7565] param-grad: weight_base: mean=1.91e-08 std=1.22e-06 | weight_base_open: mean=2.52e-04 std=2.46e-03 | enc_conv1_weight: mean=-3.03e-03 std=6.65e-02
[05/14 05:47:09] [GradMonitor step=7570] near-input: bn0: mean=-1.66e-08 std=3.89e-04 pos=0.50 | enc_conv1: mean=6.14e-14 std=2.13e-04 pos=0.52
[05/14 05:47:09] [GradMonitor step=7570] deep/task: enc_layer4: mean=1.15e-05 std=2.95e-05 | PAM: mean=1.29e-04 std=3.20e-04 | CIAM: mean=1.18e-05 std=2.95e-05
[05/14 05:47:09] [GradMonitor step=7570] param-grad: weight_base: mean=2.54e-08 std=7.67e-07 | weight_base_open: mean=2.95e-05 std=2.12e-03 | enc_conv1_weight: mean=-3.98e-03 std=5.47e-02
[05/14 05:47:10] [GradMonitor step=7575] near-input: bn0: mean=6.16e-08 std=1.96e-04 pos=0.50 | enc_conv1: mean=-5.91e-14 std=1.06e-04 pos=0.47
[05/14 05:47:10] [GradMonitor step=7575] deep/task: enc_layer4: mean=1.15e-05 std=1.60e-05 | PAM: mean=1.26e-04 std=1.72e-04 | CIAM: mean=1.18e-05 std=1.61e-05
[05/14 05:47:10] [GradMonitor step=7575] param-grad: weight_base: mean=7.92e-09 std=6.82e-07 | weight_base_open: mean=7.06e-05 std=2.31e-03 | enc_conv1_weight: mean=2.88e-03 std=2.72e-02
[05/14 05:47:10] [GradMonitor step=7580] near-input: bn0: mean=2.74e-07 std=3.30e-04 pos=0.50 | enc_conv1: mean=-1.82e-14 std=1.78e-04 pos=0.52
[05/14 05:47:10] [GradMonitor step=7580] deep/task: enc_layer4: mean=1.42e-05 std=2.47e-05 | PAM: mean=1.57e-04 std=2.71e-04 | CIAM: mean=1.45e-05 std=2.49e-05
[05/14 05:47:10] [GradMonitor step=7580] param-grad: weight_base: mean=-1.83e-08 std=6.52e-07 | weight_base_open: mean=5.02e-05 std=1.15e-03 | enc_conv1_weight: mean=2.70e-03 std=3.96e-02
[05/14 05:47:11] [GradMonitor step=7585] near-input: bn0: mean=-5.51e-08 std=4.24e-04 pos=0.50 | enc_conv1: mean=4.55e-14 std=2.31e-04 pos=0.50
[05/14 05:47:11] [GradMonitor step=7585] deep/task: enc_layer4: mean=1.44e-05 std=2.90e-05 | PAM: mean=1.59e-04 std=3.17e-04 | CIAM: mean=1.47e-05 std=2.90e-05
[05/14 05:47:11] [GradMonitor step=7585] param-grad: weight_base: mean=3.78e-08 std=6.78e-07 | weight_base_open: mean=6.68e-05 std=2.08e-03 | enc_conv1_weight: mean=-4.34e-03 std=6.08e-02
[05/14 05:47:11] [GradMonitor step=7590] near-input: bn0: mean=1.91e-07 std=2.93e-04 pos=0.50 | enc_conv1: mean=4.55e-15 std=1.59e-04 pos=0.42
[05/14 05:47:11] [GradMonitor step=7590] deep/task: enc_layer4: mean=1.47e-05 std=2.15e-05 | PAM: mean=1.63e-04 std=2.35e-04 | CIAM: mean=1.51e-05 std=2.16e-05
[05/14 05:47:11] [GradMonitor step=7590] param-grad: weight_base: mean=3.88e-08 std=1.22e-06 | weight_base_open: mean=-3.83e-05 std=1.86e-03 | enc_conv1_weight: mean=-4.66e-04 std=3.99e-02
[05/14 05:47:11] [GradMonitor step=7595] near-input: bn0: mean=-6.65e-08 std=1.57e-04 pos=0.50 | enc_conv1: mean=2.27e-14 std=8.43e-05 pos=0.48
[05/14 05:47:11] [GradMonitor step=7595] deep/task: enc_layer4: mean=1.04e-05 std=1.64e-05 | PAM: mean=1.14e-04 std=1.77e-04 | CIAM: mean=1.07e-05 std=1.65e-05
[05/14 05:47:11] [GradMonitor step=7595] param-grad: weight_base: mean=-2.16e-08 std=5.07e-07 | weight_base_open: mean=-1.52e-05 std=1.26e-03 | enc_conv1_weight: mean=-5.05e-03 std=3.29e-02
[05/14 05:47:12] [GradMonitor step=7600] near-input: bn0: mean=-2.37e-07 std=6.49e-04 pos=0.50 | enc_conv1: mean=-1.05e-13 std=3.59e-04 pos=0.47
[05/14 05:47:12] [GradMonitor step=7600] deep/task: enc_layer4: mean=1.33e-05 std=5.13e-05 | PAM: mean=1.52e-04 std=5.45e-04 | CIAM: mean=1.35e-05 std=5.13e-05
[05/14 05:47:12] [GradMonitor step=7600] param-grad: weight_base: mean=-2.56e-09 std=6.28e-07 | weight_base_open: mean=1.25e-05 std=2.04e-03 | enc_conv1_weight: mean=-1.25e-04 std=8.58e-02
[05/14 05:47:12] 
[05/14 05:47:12] epoch 19/20, iter 7600:
[05/14 05:47:12] train_loss: 0.87447
[05/14 05:47:12] train_acc: 0.989
[05/14 05:47:12] train_auroc: 0.981
[05/14 05:47:18] Summary name val_6-way-5-shot_tpr@tnr95 is illegal; using val_6-way-5-shot_tpr_tnr95 instead.
[05/14 05:47:18] val_6-way-5-shot_acc: 60.339	0.676
[05/14 05:47:18] val_6-way-5-shot_auroc: 49.460	1.947
[05/14 05:47:18] val_6-way-5-shot_fscore: 20.508	0.231
[05/14 05:47:18] val_6-way-5-shot_tpr@tnr95: 6.025	1.669
[05/14 05:47:18] val_6-way-5-shot_osr: 49.764	0.839
[05/14 05:47:19] [GradMonitor step=7605] near-input: bn0: mean=-4.27e-07 std=3.46e-04 pos=0.50 | enc_conv1: mean=1.59e-14 std=1.88e-04 pos=0.38
[05/14 05:47:19] [GradMonitor step=7605] deep/task: enc_layer4: mean=1.31e-05 std=2.93e-05 | PAM: mean=1.45e-04 std=3.16e-04 | CIAM: mean=1.34e-05 std=2.94e-05
[05/14 05:47:19] [GradMonitor step=7605] param-grad: weight_base: mean=-1.56e-08 std=1.61e-06 | weight_base_open: mean=9.22e-05 std=1.67e-03 | enc_conv1_weight: mean=2.07e-04 std=4.41e-02
[05/14 05:47:19] [GradMonitor step=7610] near-input: bn0: mean=2.34e-08 std=1.77e-04 pos=0.50 | enc_conv1: mean=-2.27e-14 std=9.67e-05 pos=0.42
[05/14 05:47:19] [GradMonitor step=7610] deep/task: enc_layer4: mean=1.17e-05 std=2.01e-05 | PAM: mean=1.28e-04 std=2.16e-04 | CIAM: mean=1.20e-05 std=2.02e-05
[05/14 05:47:19] [GradMonitor step=7610] param-grad: weight_base: mean=4.17e-08 std=9.64e-07 | weight_base_open: mean=6.26e-05 std=1.59e-03 | enc_conv1_weight: mean=1.02e-02 std=6.21e-02
[05/14 05:47:20] [GradMonitor step=7615] near-input: bn0: mean=5.86e-08 std=2.06e-04 pos=0.50 | enc_conv1: mean=6.25e-14 std=1.13e-04 pos=0.45
[05/14 05:47:20] [GradMonitor step=7615] deep/task: enc_layer4: mean=1.25e-05 std=1.91e-05 | PAM: mean=1.36e-04 std=2.05e-04 | CIAM: mean=1.28e-05 std=1.92e-05
[05/14 05:47:20] [GradMonitor step=7615] param-grad: weight_base: mean=6.48e-10 std=1.37e-06 | weight_base_open: mean=1.73e-04 std=1.90e-03 | enc_conv1_weight: mean=6.81e-03 std=4.10e-02
[05/14 05:47:20] [GradMonitor step=7620] near-input: bn0: mean=3.28e-07 std=3.79e-04 pos=0.50 | enc_conv1: mean=-5.34e-14 std=2.09e-04 pos=0.48
[05/14 05:47:20] [GradMonitor step=7620] deep/task: enc_layer4: mean=1.32e-05 std=3.19e-05 | PAM: mean=1.47e-04 std=3.52e-04 | CIAM: mean=1.35e-05 std=3.19e-05
[05/14 05:47:20] [GradMonitor step=7620] param-grad: weight_base: mean=-3.72e-08 std=2.33e-06 | weight_base_open: mean=1.40e-05 std=3.39e-03 | enc_conv1_weight: mean=-1.72e-03 std=5.06e-02
[05/14 05:47:21] [GradMonitor step=7625] near-input: bn0: mean=2.58e-07 std=3.37e-04 pos=0.50 | enc_conv1: mean=-5.91e-14 std=1.83e-04 pos=0.53
[05/14 05:47:21] [GradMonitor step=7625] deep/task: enc_layer4: mean=1.81e-05 std=3.00e-05 | PAM: mean=2.01e-04 std=3.32e-04 | CIAM: mean=1.85e-05 std=3.02e-05
[05/14 05:47:21] [GradMonitor step=7625] param-grad: weight_base: mean=-1.02e-08 std=1.11e-06 | weight_base_open: mean=-1.39e-05 std=1.34e-03 | enc_conv1_weight: mean=1.17e-02 std=5.44e-02
[05/14 05:47:21] [GradMonitor step=7630] near-input: bn0: mean=9.48e-08 std=3.16e-04 pos=0.50 | enc_conv1: mean=2.27e-14 std=1.73e-04 pos=0.45
[05/14 05:47:21] [GradMonitor step=7630] deep/task: enc_layer4: mean=9.90e-06 std=2.78e-05 | PAM: mean=1.09e-04 std=3.03e-04 | CIAM: mean=1.01e-05 std=2.78e-05
[05/14 05:47:21] [GradMonitor step=7630] param-grad: weight_base: mean=2.16e-08 std=1.16e-06 | weight_base_open: mean=8.64e-05 std=1.99e-03 | enc_conv1_weight: mean=1.74e-02 std=6.45e-02
[05/14 05:47:21] [GradMonitor step=7635] near-input: bn0: mean=-4.02e-08 std=3.92e-04 pos=0.50 | enc_conv1: mean=4.09e-14 std=2.16e-04 pos=0.47
[05/14 05:47:21] [GradMonitor step=7635] deep/task: enc_layer4: mean=1.37e-05 std=3.03e-05 | PAM: mean=1.52e-04 std=3.35e-04 | CIAM: mean=1.39e-05 std=3.04e-05
[05/14 05:47:21] [GradMonitor step=7635] param-grad: weight_base: mean=-5.55e-08 std=1.18e-06 | weight_base_open: mean=4.19e-05 std=1.34e-03 | enc_conv1_weight: mean=-3.08e-03 std=4.00e-02
[05/14 05:47:22] [GradMonitor step=7640] near-input: bn0: mean=-2.80e-07 std=2.01e-04 pos=0.50 | enc_conv1: mean=-3.18e-14 std=1.08e-04 pos=0.53
[05/14 05:47:22] [GradMonitor step=7640] deep/task: enc_layer4: mean=1.14e-05 std=1.82e-05 | PAM: mean=1.25e-04 std=1.96e-04 | CIAM: mean=1.16e-05 std=1.83e-05
[05/14 05:47:22] [GradMonitor step=7640] param-grad: weight_base: mean=1.40e-08 std=4.23e-07 | weight_base_open: mean=8.71e-05 std=1.22e-03 | enc_conv1_weight: mean=-7.56e-04 std=3.25e-02
[05/14 05:47:22] [GradMonitor step=7645] near-input: bn0: mean=-3.83e-08 std=2.68e-04 pos=0.50 | enc_conv1: mean=-3.75e-14 std=1.42e-04 pos=0.47
[05/14 05:47:22] [GradMonitor step=7645] deep/task: enc_layer4: mean=1.27e-05 std=1.88e-05 | PAM: mean=1.40e-04 std=2.05e-04 | CIAM: mean=1.30e-05 std=1.89e-05
[05/14 05:47:22] [GradMonitor step=7645] param-grad: weight_base: mean=2.00e-08 std=5.15e-07 | weight_base_open: mean=1.37e-04 std=1.53e-03 | enc_conv1_weight: mean=4.28e-03 std=3.44e-02
[05/14 05:47:22] [GradMonitor step=7650] near-input: bn0: mean=5.83e-08 std=3.56e-04 pos=0.50 | enc_conv1: mean=-1.59e-13 std=1.93e-04 pos=0.46
[05/14 05:47:22] [GradMonitor step=7650] deep/task: enc_layer4: mean=1.48e-05 std=3.18e-05 | PAM: mean=1.64e-04 std=3.46e-04 | CIAM: mean=1.52e-05 std=3.19e-05
[05/14 05:47:22] [GradMonitor step=7650] param-grad: weight_base: mean=-3.32e-08 std=1.84e-06 | weight_base_open: mean=-1.04e-04 std=2.22e-03 | enc_conv1_weight: mean=-8.18e-03 std=5.49e-02
[05/14 05:47:23] [GradMonitor step=7655] near-input: bn0: mean=1.43e-07 std=3.14e-04 pos=0.50 | enc_conv1: mean=-3.52e-14 std=1.69e-04 pos=0.45
[05/14 05:47:23] [GradMonitor step=7655] deep/task: enc_layer4: mean=1.14e-05 std=2.72e-05 | PAM: mean=1.28e-04 std=2.97e-04 | CIAM: mean=1.18e-05 std=2.73e-05
[05/14 05:47:23] [GradMonitor step=7655] param-grad: weight_base: mean=6.13e-09 std=7.25e-07 | weight_base_open: mean=-6.20e-05 std=1.56e-03 | enc_conv1_weight: mean=-3.97e-04 std=5.01e-02
[05/14 05:47:23] [GradMonitor step=7660] near-input: bn0: mean=-2.48e-07 std=1.99e-04 pos=0.50 | enc_conv1: mean=1.14e-14 std=1.08e-04 pos=0.53
[05/14 05:47:23] [GradMonitor step=7660] deep/task: enc_layer4: mean=1.38e-05 std=2.21e-05 | PAM: mean=1.53e-04 std=2.41e-04 | CIAM: mean=1.41e-05 std=2.23e-05
[05/14 05:47:23] [GradMonitor step=7660] param-grad: weight_base: mean=7.30e-09 std=7.87e-07 | weight_base_open: mean=-6.10e-05 std=1.90e-03 | enc_conv1_weight: mean=-8.39e-03 std=4.27e-02
[05/14 05:47:24] [GradMonitor step=7665] near-input: bn0: mean=-3.13e-08 std=2.01e-04 pos=0.50 | enc_conv1: mean=-3.52e-14 std=1.08e-04 pos=0.50
[05/14 05:47:24] [GradMonitor step=7665] deep/task: enc_layer4: mean=1.23e-05 std=1.76e-05 | PAM: mean=1.35e-04 std=1.91e-04 | CIAM: mean=1.26e-05 std=1.77e-05
[05/14 05:47:24] [GradMonitor step=7665] param-grad: weight_base: mean=1.95e-08 std=5.33e-07 | weight_base_open: mean=5.53e-05 std=9.72e-04 | enc_conv1_weight: mean=-7.65e-03 std=4.43e-02
[05/14 05:47:24] [GradMonitor step=7670] near-input: bn0: mean=2.75e-07 std=2.66e-04 pos=0.50 | enc_conv1: mean=4.32e-14 std=1.45e-04 pos=0.44
[05/14 05:47:24] [GradMonitor step=7670] deep/task: enc_layer4: mean=1.36e-05 std=2.09e-05 | PAM: mean=1.50e-04 std=2.27e-04 | CIAM: mean=1.40e-05 std=2.10e-05
[05/14 05:47:24] [GradMonitor step=7670] param-grad: weight_base: mean=-1.22e-08 std=3.61e-07 | weight_base_open: mean=1.35e-04 std=1.65e-03 | enc_conv1_weight: mean=-6.11e-03 std=3.82e-02
[05/14 05:47:24] [GradMonitor step=7675] near-input: bn0: mean=-9.02e-08 std=1.84e-04 pos=0.50 | enc_conv1: mean=-4.55e-14 std=1.01e-04 pos=0.50
[05/14 05:47:24] [GradMonitor step=7675] deep/task: enc_layer4: mean=1.18e-05 std=1.85e-05 | PAM: mean=1.28e-04 std=2.01e-04 | CIAM: mean=1.20e-05 std=1.86e-05
[05/14 05:47:24] [GradMonitor step=7675] param-grad: weight_base: mean=8.79e-09 std=8.06e-07 | weight_base_open: mean=-2.49e-05 std=1.28e-03 | enc_conv1_weight: mean=1.52e-03 std=2.64e-02
[05/14 05:47:25] [GradMonitor step=7680] near-input: bn0: mean=3.04e-07 std=4.39e-04 pos=0.50 | enc_conv1: mean=3.64e-14 std=2.44e-04 pos=0.56
[05/14 05:47:25] [GradMonitor step=7680] deep/task: enc_layer4: mean=1.38e-05 std=3.14e-05 | PAM: mean=1.54e-04 std=3.42e-04 | CIAM: mean=1.41e-05 std=3.15e-05
[05/14 05:47:25] [GradMonitor step=7680] param-grad: weight_base: mean=2.39e-09 std=7.21e-07 | weight_base_open: mean=-9.74e-05 std=2.30e-03 | enc_conv1_weight: mean=3.13e-04 std=3.67e-02
[05/14 05:47:25] [GradMonitor step=7685] near-input: bn0: mean=3.37e-07 std=2.08e-04 pos=0.50 | enc_conv1: mean=3.64e-14 std=1.14e-04 pos=0.46
[05/14 05:47:25] [GradMonitor step=7685] deep/task: enc_layer4: mean=1.24e-05 std=1.92e-05 | PAM: mean=1.36e-04 std=2.08e-04 | CIAM: mean=1.27e-05 std=1.93e-05
[05/14 05:47:25] [GradMonitor step=7685] param-grad: weight_base: mean=-2.37e-08 std=9.63e-07 | weight_base_open: mean=-1.44e-05 std=1.38e-03 | enc_conv1_weight: mean=-2.57e-03 std=4.27e-02
[05/14 05:47:25] [GradMonitor step=7690] near-input: bn0: mean=8.24e-08 std=3.27e-04 pos=0.50 | enc_conv1: mean=1.30e-13 std=1.82e-04 pos=0.50
[05/14 05:47:25] [GradMonitor step=7690] deep/task: enc_layer4: mean=1.56e-05 std=2.78e-05 | PAM: mean=1.71e-04 std=3.03e-04 | CIAM: mean=1.59e-05 std=2.79e-05
[05/14 05:47:25] [GradMonitor step=7690] param-grad: weight_base: mean=3.98e-08 std=1.01e-06 | weight_base_open: mean=1.97e-04 std=1.44e-03 | enc_conv1_weight: mean=-7.42e-03 std=4.32e-02
[05/14 05:47:26] [GradMonitor step=7695] near-input: bn0: mean=2.43e-08 std=1.39e-04 pos=0.50 | enc_conv1: mean=-1.82e-14 std=7.67e-05 pos=0.48
[05/14 05:47:26] [GradMonitor step=7695] deep/task: enc_layer4: mean=1.05e-05 std=1.61e-05 | PAM: mean=1.15e-04 std=1.75e-04 | CIAM: mean=1.07e-05 std=1.62e-05
[05/14 05:47:26] [GradMonitor step=7695] param-grad: weight_base: mean=3.39e-08 std=9.16e-07 | weight_base_open: mean=5.93e-05 std=1.63e-03 | enc_conv1_weight: mean=7.19e-03 std=5.22e-02
[05/14 05:47:26] [GradMonitor step=7700] near-input: bn0: mean=6.49e-08 std=3.46e-04 pos=0.50 | enc_conv1: mean=-2.27e-14 std=1.85e-04 pos=0.51
[05/14 05:47:26] [GradMonitor step=7700] deep/task: enc_layer4: mean=1.57e-05 std=3.00e-05 | PAM: mean=1.72e-04 std=3.29e-04 | CIAM: mean=1.60e-05 std=3.01e-05
[05/14 05:47:26] [GradMonitor step=7700] param-grad: weight_base: mean=6.01e-09 std=8.99e-07 | weight_base_open: mean=-8.37e-05 std=1.77e-03 | enc_conv1_weight: mean=-1.91e-03 std=5.24e-02
[05/14 05:47:27] [GradMonitor step=7705] near-input: bn0: mean=-6.51e-08 std=3.87e-04 pos=0.50 | enc_conv1: mean=-5.00e-14 std=2.19e-04 pos=0.49
[05/14 05:47:27] [GradMonitor step=7705] deep/task: enc_layer4: mean=1.44e-05 std=3.39e-05 | PAM: mean=1.60e-04 std=3.74e-04 | CIAM: mean=1.47e-05 std=3.39e-05
[05/14 05:47:27] [GradMonitor step=7705] param-grad: weight_base: mean=-4.04e-09 std=6.82e-07 | weight_base_open: mean=-1.25e-04 std=1.57e-03 | enc_conv1_weight: mean=4.54e-03 std=5.87e-02
[05/14 05:47:27] [GradMonitor step=7710] near-input: bn0: mean=1.70e-07 std=4.65e-04 pos=0.50 | enc_conv1: mean=-9.09e-15 std=2.57e-04 pos=0.49
[05/14 05:47:27] [GradMonitor step=7710] deep/task: enc_layer4: mean=1.37e-05 std=3.38e-05 | PAM: mean=1.52e-04 std=3.71e-04 | CIAM: mean=1.40e-05 std=3.38e-05
[05/14 05:47:27] [GradMonitor step=7710] param-grad: weight_base: mean=3.08e-08 std=7.48e-07 | weight_base_open: mean=5.64e-05 std=1.81e-03 | enc_conv1_weight: mean=1.53e-02 std=5.93e-02
[05/14 05:47:27] [GradMonitor step=7715] near-input: bn0: mean=-8.69e-08 std=3.35e-04 pos=0.50 | enc_conv1: mean=5.00e-14 std=1.84e-04 pos=0.47
[05/14 05:47:27] [GradMonitor step=7715] deep/task: enc_layer4: mean=1.32e-05 std=2.97e-05 | PAM: mean=1.47e-04 std=3.23e-04 | CIAM: mean=1.36e-05 std=2.97e-05
[05/14 05:47:27] [GradMonitor step=7715] param-grad: weight_base: mean=-1.07e-08 std=8.62e-07 | weight_base_open: mean=-5.21e-05 std=1.13e-03 | enc_conv1_weight: mean=2.55e-03 std=4.29e-02
[05/14 05:47:28] [GradMonitor step=7720] near-input: bn0: mean=-2.39e-07 std=3.06e-04 pos=0.50 | enc_conv1: mean=-3.87e-14 std=1.67e-04 pos=0.58
[05/14 05:47:28] [GradMonitor step=7720] deep/task: enc_layer4: mean=1.65e-05 std=2.81e-05 | PAM: mean=1.81e-04 std=3.07e-04 | CIAM: mean=1.68e-05 std=2.82e-05
[05/14 05:47:28] [GradMonitor step=7720] param-grad: weight_base: mean=-2.39e-08 std=6.24e-07 | weight_base_open: mean=5.32e-05 std=1.43e-03 | enc_conv1_weight: mean=7.04e-03 std=3.65e-02
[05/14 05:47:28] [GradMonitor step=7725] near-input: bn0: mean=-7.46e-08 std=1.99e-04 pos=0.50 | enc_conv1: mean=4.55e-14 std=1.10e-04 pos=0.47
[05/14 05:47:28] [GradMonitor step=7725] deep/task: enc_layer4: mean=7.33e-06 std=1.80e-05 | PAM: mean=8.02e-05 std=1.94e-04 | CIAM: mean=7.52e-06 std=1.81e-05
[05/14 05:47:28] [GradMonitor step=7725] param-grad: weight_base: mean=1.24e-08 std=3.46e-07 | weight_base_open: mean=6.53e-05 std=1.32e-03 | enc_conv1_weight: mean=2.97e-03 std=2.97e-02
[05/14 05:47:29] [GradMonitor step=7730] near-input: bn0: mean=-6.45e-07 std=3.45e-04 pos=0.50 | enc_conv1: mean=-3.87e-14 std=1.87e-04 pos=0.45
[05/14 05:47:29] [GradMonitor step=7730] deep/task: enc_layer4: mean=1.08e-05 std=2.41e-05 | PAM: mean=1.19e-04 std=2.61e-04 | CIAM: mean=1.11e-05 std=2.42e-05
[05/14 05:47:29] [GradMonitor step=7730] param-grad: weight_base: mean=4.38e-09 std=5.50e-07 | weight_base_open: mean=5.60e-05 std=1.29e-03 | enc_conv1_weight: mean=-3.68e-03 std=3.48e-02
[05/14 05:47:29] [GradMonitor step=7735] near-input: bn0: mean=-2.32e-07 std=3.04e-04 pos=0.50 | enc_conv1: mean=7.28e-14 std=1.62e-04 pos=0.47
[05/14 05:47:29] [GradMonitor step=7735] deep/task: enc_layer4: mean=1.47e-05 std=2.26e-05 | PAM: mean=1.61e-04 std=2.44e-04 | CIAM: mean=1.50e-05 std=2.27e-05
[05/14 05:47:29] [GradMonitor step=7735] param-grad: weight_base: mean=-1.27e-08 std=8.78e-07 | weight_base_open: mean=3.96e-06 std=1.55e-03 | enc_conv1_weight: mean=5.14e-03 std=4.77e-02
[05/14 05:47:29] [GradMonitor step=7740] near-input: bn0: mean=-5.35e-07 std=3.05e-04 pos=0.50 | enc_conv1: mean=1.25e-13 std=1.65e-04 pos=0.45
[05/14 05:47:29] [GradMonitor step=7740] deep/task: enc_layer4: mean=1.27e-05 std=2.24e-05 | PAM: mean=1.40e-04 std=2.43e-04 | CIAM: mean=1.30e-05 std=2.25e-05
[05/14 05:47:29] [GradMonitor step=7740] param-grad: weight_base: mean=2.04e-08 std=1.18e-06 | weight_base_open: mean=6.25e-05 std=1.20e-03 | enc_conv1_weight: mean=-3.20e-03 std=4.82e-02
[05/14 05:47:30] [GradMonitor step=7745] near-input: bn0: mean=-8.57e-08 std=2.16e-04 pos=0.50 | enc_conv1: mean=1.48e-14 std=1.17e-04 pos=0.44
[05/14 05:47:30] [GradMonitor step=7745] deep/task: enc_layer4: mean=1.18e-05 std=2.13e-05 | PAM: mean=1.30e-04 std=2.33e-04 | CIAM: mean=1.21e-05 std=2.15e-05
[05/14 05:47:30] [GradMonitor step=7745] param-grad: weight_base: mean=1.19e-08 std=7.98e-07 | weight_base_open: mean=1.03e-04 std=1.32e-03 | enc_conv1_weight: mean=2.75e-03 std=7.17e-02
[05/14 05:47:30] [GradMonitor step=7750] near-input: bn0: mean=-1.32e-07 std=3.05e-04 pos=0.50 | enc_conv1: mean=-1.71e-14 std=1.63e-04 pos=0.55
[05/14 05:47:30] [GradMonitor step=7750] deep/task: enc_layer4: mean=1.26e-05 std=2.60e-05 | PAM: mean=1.39e-04 std=2.78e-04 | CIAM: mean=1.29e-05 std=2.61e-05
[05/14 05:47:30] [GradMonitor step=7750] param-grad: weight_base: mean=-5.03e-08 std=1.20e-06 | weight_base_open: mean=-8.29e-07 std=1.65e-03 | enc_conv1_weight: mean=9.96e-03 std=5.43e-02
[05/14 05:47:31] [GradMonitor step=7755] near-input: bn0: mean=2.46e-07 std=2.92e-04 pos=0.50 | enc_conv1: mean=-1.36e-14 std=1.55e-04 pos=0.53
[05/14 05:47:31] [GradMonitor step=7755] deep/task: enc_layer4: mean=1.03e-05 std=2.79e-05 | PAM: mean=1.15e-04 std=3.01e-04 | CIAM: mean=1.05e-05 std=2.79e-05
[05/14 05:47:31] [GradMonitor step=7755] param-grad: weight_base: mean=7.58e-09 std=5.84e-07 | weight_base_open: mean=1.40e-04 std=2.51e-03 | enc_conv1_weight: mean=1.76e-02 std=4.93e-02
[05/14 05:47:31] [GradMonitor step=7760] near-input: bn0: mean=-1.06e-07 std=1.57e-04 pos=0.50 | enc_conv1: mean=5.91e-14 std=8.22e-05 pos=0.49
[05/14 05:47:31] [GradMonitor step=7760] deep/task: enc_layer4: mean=8.80e-06 std=1.18e-05 | PAM: mean=9.66e-05 std=1.29e-04 | CIAM: mean=9.04e-06 std=1.19e-05
[05/14 05:47:31] [GradMonitor step=7760] param-grad: weight_base: mean=1.63e-08 std=7.82e-07 | weight_base_open: mean=-1.62e-05 std=1.55e-03 | enc_conv1_weight: mean=-2.38e-03 std=2.00e-02
[05/14 05:47:31] [GradMonitor step=7765] near-input: bn0: mean=1.08e-07 std=3.07e-04 pos=0.50 | enc_conv1: mean=-5.68e-14 std=1.70e-04 pos=0.53
[05/14 05:47:31] [GradMonitor step=7765] deep/task: enc_layer4: mean=1.62e-05 std=2.79e-05 | PAM: mean=1.78e-04 std=3.03e-04 | CIAM: mean=1.65e-05 std=2.80e-05
[05/14 05:47:31] [GradMonitor step=7765] param-grad: weight_base: mean=-5.98e-09 std=9.72e-07 | weight_base_open: mean=-9.22e-05 std=1.75e-03 | enc_conv1_weight: mean=-2.06e-04 std=3.47e-02
[05/14 05:47:32] [GradMonitor step=7770] near-input: bn0: mean=-6.68e-08 std=2.11e-04 pos=0.50 | enc_conv1: mean=-2.67e-14 std=1.12e-04 pos=0.50
[05/14 05:47:32] [GradMonitor step=7770] deep/task: enc_layer4: mean=8.88e-06 std=1.98e-05 | PAM: mean=9.79e-05 std=2.14e-04 | CIAM: mean=9.14e-06 std=1.98e-05
[05/14 05:47:32] [GradMonitor step=7770] param-grad: weight_base: mean=3.24e-08 std=1.16e-06 | weight_base_open: mean=4.23e-05 std=1.39e-03 | enc_conv1_weight: mean=-1.34e-06 std=3.35e-02
[05/14 05:47:32] [GradMonitor step=7775] near-input: bn0: mean=1.11e-07 std=3.48e-04 pos=0.50 | enc_conv1: mean=1.30e-13 std=1.99e-04 pos=0.44
[05/14 05:47:32] [GradMonitor step=7775] deep/task: enc_layer4: mean=1.44e-05 std=3.06e-05 | PAM: mean=1.59e-04 std=3.35e-04 | CIAM: mean=1.46e-05 std=3.07e-05
[05/14 05:47:32] [GradMonitor step=7775] param-grad: weight_base: mean=3.34e-09 std=4.99e-07 | weight_base_open: mean=5.42e-05 std=9.63e-04 | enc_conv1_weight: mean=-1.01e-03 std=6.70e-02
[05/14 05:47:32] [GradMonitor step=7780] near-input: bn0: mean=-2.19e-07 std=2.68e-04 pos=0.50 | enc_conv1: mean=8.98e-14 std=1.43e-04 pos=0.49
[05/14 05:47:32] [GradMonitor step=7780] deep/task: enc_layer4: mean=1.41e-05 std=2.50e-05 | PAM: mean=1.54e-04 std=2.71e-04 | CIAM: mean=1.44e-05 std=2.51e-05
[05/14 05:47:32] [GradMonitor step=7780] param-grad: weight_base: mean=-6.18e-08 std=1.59e-06 | weight_base_open: mean=-2.20e-05 std=1.84e-03 | enc_conv1_weight: mean=-4.76e-03 std=5.00e-02
[05/14 05:47:33] [GradMonitor step=7785] near-input: bn0: mean=7.23e-08 std=1.49e-04 pos=0.50 | enc_conv1: mean=-6.25e-14 std=8.03e-05 pos=0.42
[05/14 05:47:33] [GradMonitor step=7785] deep/task: enc_layer4: mean=1.07e-05 std=1.41e-05 | PAM: mean=1.17e-04 std=1.52e-04 | CIAM: mean=1.10e-05 std=1.42e-05
[05/14 05:47:33] [GradMonitor step=7785] param-grad: weight_base: mean=3.17e-08 std=7.90e-07 | weight_base_open: mean=-4.30e-05 std=1.03e-03 | enc_conv1_weight: mean=-1.28e-02 std=4.11e-02
[05/14 05:47:33] [GradMonitor step=7790] near-input: bn0: mean=6.40e-08 std=2.88e-04 pos=0.50 | enc_conv1: mean=4.55e-14 std=1.54e-04 pos=0.53
[05/14 05:47:33] [GradMonitor step=7790] deep/task: enc_layer4: mean=1.53e-05 std=2.42e-05 | PAM: mean=1.69e-04 std=2.65e-04 | CIAM: mean=1.56e-05 std=2.43e-05
[05/14 05:47:33] [GradMonitor step=7790] param-grad: weight_base: mean=-6.63e-09 std=8.27e-07 | weight_base_open: mean=-5.44e-05 std=1.48e-03 | enc_conv1_weight: mean=1.78e-03 std=3.19e-02
[05/14 05:47:34] [GradMonitor step=7795] near-input: bn0: mean=-2.09e-07 std=3.79e-04 pos=0.50 | enc_conv1: mean=-2.73e-14 std=2.03e-04 pos=0.47
[05/14 05:47:34] [GradMonitor step=7795] deep/task: enc_layer4: mean=1.38e-05 std=2.71e-05 | PAM: mean=1.53e-04 std=2.95e-04 | CIAM: mean=1.41e-05 std=2.72e-05
[05/14 05:47:34] [GradMonitor step=7795] param-grad: weight_base: mean=-7.44e-09 std=3.83e-07 | weight_base_open: mean=-1.82e-05 std=1.20e-03 | enc_conv1_weight: mean=-1.59e-02 std=5.37e-02
[05/14 05:47:34] [GradMonitor step=7800] near-input: bn0: mean=-1.86e-07 std=2.65e-04 pos=0.50 | enc_conv1: mean=4.55e-15 std=1.45e-04 pos=0.45
[05/14 05:47:34] [GradMonitor step=7800] deep/task: enc_layer4: mean=1.29e-05 std=2.12e-05 | PAM: mean=1.42e-04 std=2.31e-04 | CIAM: mean=1.32e-05 std=2.13e-05
[05/14 05:47:34] [GradMonitor step=7800] param-grad: weight_base: mean=2.40e-08 std=9.25e-07 | weight_base_open: mean=1.45e-04 std=1.56e-03 | enc_conv1_weight: mean=-7.21e-03 std=4.64e-02
[05/14 05:47:34] [GradMonitor step=7805] near-input: bn0: mean=-4.43e-08 std=1.89e-04 pos=0.50 | enc_conv1: mean=2.27e-15 std=1.02e-04 pos=0.48
[05/14 05:47:34] [GradMonitor step=7805] deep/task: enc_layer4: mean=1.08e-05 std=1.62e-05 | PAM: mean=1.18e-04 std=1.76e-04 | CIAM: mean=1.10e-05 std=1.63e-05
[05/14 05:47:34] [GradMonitor step=7805] param-grad: weight_base: mean=-3.56e-08 std=7.95e-07 | weight_base_open: mean=-2.57e-05 std=1.46e-03 | enc_conv1_weight: mean=3.24e-03 std=3.79e-02
[05/14 05:47:35] [GradMonitor step=7810] near-input: bn0: mean=-2.61e-08 std=3.96e-04 pos=0.50 | enc_conv1: mean=-1.36e-14 std=2.16e-04 pos=0.46
[05/14 05:47:35] [GradMonitor step=7810] deep/task: enc_layer4: mean=1.24e-05 std=3.11e-05 | PAM: mean=1.37e-04 std=3.36e-04 | CIAM: mean=1.28e-05 std=3.12e-05
[05/14 05:47:35] [GradMonitor step=7810] param-grad: weight_base: mean=9.15e-09 std=8.31e-07 | weight_base_open: mean=-6.25e-05 std=1.66e-03 | enc_conv1_weight: mean=-7.77e-03 std=4.66e-02
[05/14 05:47:35] [GradMonitor step=7815] near-input: bn0: mean=1.90e-07 std=5.54e-04 pos=0.50 | enc_conv1: mean=2.73e-14 std=3.05e-04 pos=0.50
[05/14 05:47:35] [GradMonitor step=7815] deep/task: enc_layer4: mean=1.43e-05 std=3.75e-05 | PAM: mean=1.60e-04 std=4.12e-04 | CIAM: mean=1.46e-05 std=3.76e-05
[05/14 05:47:35] [GradMonitor step=7815] param-grad: weight_base: mean=7.77e-09 std=9.39e-07 | weight_base_open: mean=-6.75e-05 std=2.00e-03 | enc_conv1_weight: mean=-2.41e-02 std=4.68e-02
[05/14 05:47:35] [GradMonitor step=7820] near-input: bn0: mean=-3.66e-07 std=1.96e-04 pos=0.50 | enc_conv1: mean=9.09e-15 std=1.05e-04 pos=0.49
[05/14 05:47:35] [GradMonitor step=7820] deep/task: enc_layer4: mean=1.42e-05 std=2.00e-05 | PAM: mean=1.56e-04 std=2.18e-04 | CIAM: mean=1.44e-05 std=2.01e-05
[05/14 05:47:35] [GradMonitor step=7820] param-grad: weight_base: mean=-3.45e-08 std=8.42e-07 | weight_base_open: mean=1.44e-04 std=2.61e-03 | enc_conv1_weight: mean=-1.52e-02 std=4.23e-02
[05/14 05:47:36] [GradMonitor step=7825] near-input: bn0: mean=-7.26e-08 std=2.41e-04 pos=0.50 | enc_conv1: mean=1.36e-14 std=1.29e-04 pos=0.53
[05/14 05:47:36] [GradMonitor step=7825] deep/task: enc_layer4: mean=1.16e-05 std=2.00e-05 | PAM: mean=1.28e-04 std=2.17e-04 | CIAM: mean=1.19e-05 std=2.01e-05
[05/14 05:47:36] [GradMonitor step=7825] param-grad: weight_base: mean=5.09e-08 std=7.71e-07 | weight_base_open: mean=8.34e-05 std=1.47e-03 | enc_conv1_weight: mean=-2.29e-03 std=3.89e-02
[05/14 05:47:36] [GradMonitor step=7830] near-input: bn0: mean=-1.21e-07 std=1.96e-04 pos=0.50 | enc_conv1: mean=-1.59e-14 std=1.06e-04 pos=0.42
[05/14 05:47:36] [GradMonitor step=7830] deep/task: enc_layer4: mean=1.04e-05 std=1.89e-05 | PAM: mean=1.15e-04 std=2.05e-04 | CIAM: mean=1.07e-05 std=1.89e-05
[05/14 05:47:36] [GradMonitor step=7830] param-grad: weight_base: mean=-1.54e-08 std=5.24e-07 | weight_base_open: mean=-4.97e-05 std=1.29e-03 | enc_conv1_weight: mean=-5.66e-03 std=3.88e-02
[05/14 05:47:37] [GradMonitor step=7835] near-input: bn0: mean=1.04e-08 std=3.47e-04 pos=0.50 | enc_conv1: mean=2.50e-14 std=1.86e-04 pos=0.45
[05/14 05:47:37] [GradMonitor step=7835] deep/task: enc_layer4: mean=1.59e-05 std=2.49e-05 | PAM: mean=1.75e-04 std=2.74e-04 | CIAM: mean=1.62e-05 std=2.51e-05
[05/14 05:47:37] [GradMonitor step=7835] param-grad: weight_base: mean=-2.07e-08 std=1.02e-06 | weight_base_open: mean=1.74e-04 std=1.48e-03 | enc_conv1_weight: mean=-3.23e-03 std=4.05e-02
[05/14 05:47:37] [GradMonitor step=7840] near-input: bn0: mean=-9.52e-09 std=1.95e-04 pos=0.50 | enc_conv1: mean=4.55e-15 std=1.07e-04 pos=0.48
[05/14 05:47:37] [GradMonitor step=7840] deep/task: enc_layer4: mean=1.07e-05 std=2.04e-05 | PAM: mean=1.17e-04 std=2.20e-04 | CIAM: mean=1.10e-05 std=2.04e-05
[05/14 05:47:37] [GradMonitor step=7840] param-grad: weight_base: mean=2.28e-08 std=1.05e-06 | weight_base_open: mean=-1.31e-04 std=1.42e-03 | enc_conv1_weight: mean=-3.14e-03 std=4.11e-02
[05/14 05:47:37] [GradMonitor step=7845] near-input: bn0: mean=-2.97e-07 std=3.22e-04 pos=0.50 | enc_conv1: mean=-3.87e-14 std=1.74e-04 pos=0.45
[05/14 05:47:37] [GradMonitor step=7845] deep/task: enc_layer4: mean=1.56e-05 std=2.77e-05 | PAM: mean=1.74e-04 std=3.06e-04 | CIAM: mean=1.60e-05 std=2.78e-05
[05/14 05:47:37] [GradMonitor step=7845] param-grad: weight_base: mean=-6.60e-08 std=1.68e-06 | weight_base_open: mean=-7.25e-05 std=1.50e-03 | enc_conv1_weight: mean=1.23e-02 std=3.60e-02
[05/14 05:47:38] [GradMonitor step=7850] near-input: bn0: mean=2.73e-07 std=2.72e-04 pos=0.50 | enc_conv1: mean=3.81e-14 std=1.45e-04 pos=0.43
[05/14 05:47:38] [GradMonitor step=7850] deep/task: enc_layer4: mean=1.37e-05 std=2.61e-05 | PAM: mean=1.50e-04 std=2.81e-04 | CIAM: mean=1.40e-05 std=2.62e-05
[05/14 05:47:38] [GradMonitor step=7850] param-grad: weight_base: mean=-5.22e-09 std=7.02e-07 | weight_base_open: mean=-1.75e-05 std=1.24e-03 | enc_conv1_weight: mean=6.25e-03 std=3.38e-02
[05/14 05:47:38] [GradMonitor step=7855] near-input: bn0: mean=-1.26e-07 std=4.85e-04 pos=0.50 | enc_conv1: mean=1.82e-14 std=2.61e-04 pos=0.57
[05/14 05:47:38] [GradMonitor step=7855] deep/task: enc_layer4: mean=1.64e-05 std=3.30e-05 | PAM: mean=1.80e-04 std=3.58e-04 | CIAM: mean=1.67e-05 std=3.31e-05
[05/14 05:47:38] [GradMonitor step=7855] param-grad: weight_base: mean=4.24e-08 std=1.12e-06 | weight_base_open: mean=2.03e-04 std=1.96e-03 | enc_conv1_weight: mean=4.04e-03 std=5.24e-02
[05/14 05:47:38] [GradMonitor step=7860] near-input: bn0: mean=-3.59e-08 std=3.37e-04 pos=0.50 | enc_conv1: mean=4.55e-14 std=1.81e-04 pos=0.50
[05/14 05:47:38] [GradMonitor step=7860] deep/task: enc_layer4: mean=1.55e-05 std=2.58e-05 | PAM: mean=1.70e-04 std=2.82e-04 | CIAM: mean=1.58e-05 std=2.60e-05
[05/14 05:47:38] [GradMonitor step=7860] param-grad: weight_base: mean=5.46e-09 std=9.80e-07 | weight_base_open: mean=2.23e-05 std=1.34e-03 | enc_conv1_weight: mean=4.95e-03 std=4.02e-02
[05/14 05:47:39] [GradMonitor step=7865] near-input: bn0: mean=-1.88e-07 std=2.07e-04 pos=0.50 | enc_conv1: mean=-7.62e-14 std=1.10e-04 pos=0.53
[05/14 05:47:39] [GradMonitor step=7865] deep/task: enc_layer4: mean=1.34e-05 std=1.86e-05 | PAM: mean=1.47e-04 std=2.04e-04 | CIAM: mean=1.37e-05 std=1.88e-05
[05/14 05:47:39] [GradMonitor step=7865] param-grad: weight_base: mean=2.26e-08 std=1.07e-06 | weight_base_open: mean=-4.55e-05 std=2.21e-03 | enc_conv1_weight: mean=4.22e-03 std=3.70e-02
[05/14 05:47:39] [GradMonitor step=7870] near-input: bn0: mean=-1.43e-07 std=1.91e-04 pos=0.50 | enc_conv1: mean=2.50e-14 std=1.02e-04 pos=0.51
[05/14 05:47:39] [GradMonitor step=7870] deep/task: enc_layer4: mean=8.23e-06 std=1.38e-05 | PAM: mean=8.98e-05 std=1.48e-04 | CIAM: mean=8.47e-06 std=1.39e-05
[05/14 05:47:39] [GradMonitor step=7870] param-grad: weight_base: mean=5.30e-08 std=1.21e-06 | weight_base_open: mean=6.20e-05 std=2.08e-03 | enc_conv1_weight: mean=5.81e-03 std=3.41e-02
[05/14 05:47:40] [GradMonitor step=7875] near-input: bn0: mean=-5.74e-08 std=2.22e-04 pos=0.50 | enc_conv1: mean=-8.30e-14 std=1.23e-04 pos=0.54
[05/14 05:47:40] [GradMonitor step=7875] deep/task: enc_layer4: mean=1.28e-05 std=2.31e-05 | PAM: mean=1.40e-04 std=2.52e-04 | CIAM: mean=1.31e-05 std=2.32e-05
[05/14 05:47:40] [GradMonitor step=7875] param-grad: weight_base: mean=8.12e-09 std=1.95e-07 | weight_base_open: mean=-1.69e-04 std=1.05e-03 | enc_conv1_weight: mean=-2.17e-03 std=5.57e-02
[05/14 05:47:40] [GradMonitor step=7880] near-input: bn0: mean=5.79e-08 std=1.79e-04 pos=0.50 | enc_conv1: mean=1.71e-14 std=9.79e-05 pos=0.49
[05/14 05:47:40] [GradMonitor step=7880] deep/task: enc_layer4: mean=1.19e-05 std=1.89e-05 | PAM: mean=1.31e-04 std=2.05e-04 | CIAM: mean=1.22e-05 std=1.90e-05
[05/14 05:47:40] [GradMonitor step=7880] param-grad: weight_base: mean=-2.08e-08 std=4.82e-07 | weight_base_open: mean=-2.28e-05 std=1.53e-03 | enc_conv1_weight: mean=-5.32e-03 std=3.54e-02
[05/14 05:47:40] [GradMonitor step=7885] near-input: bn0: mean=3.04e-07 std=2.73e-04 pos=0.50 | enc_conv1: mean=-1.16e-13 std=1.46e-04 pos=0.53
[05/14 05:47:40] [GradMonitor step=7885] deep/task: enc_layer4: mean=1.34e-05 std=1.90e-05 | PAM: mean=1.48e-04 std=2.07e-04 | CIAM: mean=1.38e-05 std=1.92e-05
[05/14 05:47:40] [GradMonitor step=7885] param-grad: weight_base: mean=2.41e-08 std=6.01e-07 | weight_base_open: mean=6.80e-06 std=8.67e-04 | enc_conv1_weight: mean=2.35e-03 std=3.67e-02
[05/14 05:47:41] [GradMonitor step=7890] near-input: bn0: mean=-6.15e-09 std=1.37e-04 pos=0.50 | enc_conv1: mean=-5.34e-14 std=7.54e-05 pos=0.46
[05/14 05:47:41] [GradMonitor step=7890] deep/task: enc_layer4: mean=1.03e-05 std=1.32e-05 | PAM: mean=1.13e-04 std=1.43e-04 | CIAM: mean=1.06e-05 std=1.32e-05
[05/14 05:47:41] [GradMonitor step=7890] param-grad: weight_base: mean=2.65e-08 std=9.88e-07 | weight_base_open: mean=1.13e-04 std=1.92e-03 | enc_conv1_weight: mean=-3.14e-03 std=2.36e-02
[05/14 05:47:41] [GradMonitor step=7895] near-input: bn0: mean=-8.52e-08 std=2.90e-04 pos=0.50 | enc_conv1: mean=0.00e+00 std=1.60e-04 pos=0.43
[05/14 05:47:41] [GradMonitor step=7895] deep/task: enc_layer4: mean=1.22e-05 std=2.28e-05 | PAM: mean=1.34e-04 std=2.49e-04 | CIAM: mean=1.25e-05 std=2.29e-05
[05/14 05:47:41] [GradMonitor step=7895] param-grad: weight_base: mean=4.00e-08 std=1.19e-06 | weight_base_open: mean=2.14e-04 std=2.23e-03 | enc_conv1_weight: mean=2.67e-05 std=4.28e-02
[05/14 05:47:42] [GradMonitor step=7900] near-input: bn0: mean=-9.28e-08 std=2.30e-04 pos=0.50 | enc_conv1: mean=-2.27e-15 std=1.26e-04 pos=0.52
[05/14 05:47:42] [GradMonitor step=7900] deep/task: enc_layer4: mean=1.36e-05 std=2.03e-05 | PAM: mean=1.51e-04 std=2.22e-04 | CIAM: mean=1.39e-05 std=2.04e-05
[05/14 05:47:42] [GradMonitor step=7900] param-grad: weight_base: mean=1.52e-08 std=1.58e-06 | weight_base_open: mean=2.61e-05 std=1.85e-03 | enc_conv1_weight: mean=-1.57e-02 std=3.35e-02
[05/14 05:47:42] [GradMonitor step=7905] near-input: bn0: mean=-1.30e-07 std=1.67e-04 pos=0.50 | enc_conv1: mean=-2.61e-14 std=9.03e-05 pos=0.53
[05/14 05:47:42] [GradMonitor step=7905] deep/task: enc_layer4: mean=1.07e-05 std=1.99e-05 | PAM: mean=1.18e-04 std=2.18e-04 | CIAM: mean=1.10e-05 std=2.00e-05
[05/14 05:47:42] [GradMonitor step=7905] param-grad: weight_base: mean=-3.84e-08 std=1.31e-06 | weight_base_open: mean=-9.31e-07 std=1.42e-03 | enc_conv1_weight: mean=-2.75e-03 std=3.66e-02
[05/14 05:47:42] [GradMonitor step=7910] near-input: bn0: mean=2.69e-08 std=1.90e-04 pos=0.50 | enc_conv1: mean=-1.08e-14 std=1.04e-04 pos=0.50
[05/14 05:47:42] [GradMonitor step=7910] deep/task: enc_layer4: mean=1.19e-05 std=2.35e-05 | PAM: mean=1.32e-04 std=2.60e-04 | CIAM: mean=1.22e-05 std=2.36e-05
[05/14 05:47:42] [GradMonitor step=7910] param-grad: weight_base: mean=1.42e-09 std=1.98e-06 | weight_base_open: mean=1.33e-04 std=1.62e-03 | enc_conv1_weight: mean=-1.31e-03 std=5.01e-02
[05/14 05:47:43] [GradMonitor step=7915] near-input: bn0: mean=-1.18e-07 std=1.48e-04 pos=0.50 | enc_conv1: mean=-2.27e-14 std=8.21e-05 pos=0.47
[05/14 05:47:43] [GradMonitor step=7915] deep/task: enc_layer4: mean=7.46e-06 std=1.91e-05 | PAM: mean=8.11e-05 std=2.09e-04 | CIAM: mean=7.60e-06 std=1.92e-05
[05/14 05:47:43] [GradMonitor step=7915] param-grad: weight_base: mean=-8.56e-10 std=4.42e-07 | weight_base_open: mean=1.29e-04 std=1.57e-03 | enc_conv1_weight: mean=-4.99e-03 std=3.12e-02
[05/14 05:47:43] [GradMonitor step=7920] near-input: bn0: mean=8.18e-08 std=2.03e-04 pos=0.50 | enc_conv1: mean=4.89e-14 std=1.11e-04 pos=0.49
[05/14 05:47:43] [GradMonitor step=7920] deep/task: enc_layer4: mean=1.29e-05 std=2.18e-05 | PAM: mean=1.42e-04 std=2.37e-04 | CIAM: mean=1.31e-05 std=2.18e-05
[05/14 05:47:43] [GradMonitor step=7920] param-grad: weight_base: mean=-2.54e-08 std=7.33e-07 | weight_base_open: mean=1.05e-06 std=1.96e-03 | enc_conv1_weight: mean=4.35e-03 std=4.02e-02
[05/14 05:47:43] [GradMonitor step=7925] near-input: bn0: mean=-3.60e-08 std=2.41e-04 pos=0.50 | enc_conv1: mean=-3.87e-14 std=1.32e-04 pos=0.51
[05/14 05:47:43] [GradMonitor step=7925] deep/task: enc_layer4: mean=1.40e-05 std=2.30e-05 | PAM: mean=1.54e-04 std=2.51e-04 | CIAM: mean=1.43e-05 std=2.31e-05
[05/14 05:47:43] [GradMonitor step=7925] param-grad: weight_base: mean=6.93e-08 std=1.90e-06 | weight_base_open: mean=5.18e-05 std=2.08e-03 | enc_conv1_weight: mean=1.02e-02 std=3.47e-02
[05/14 05:47:44] [GradMonitor step=7930] near-input: bn0: mean=6.46e-09 std=2.58e-04 pos=0.50 | enc_conv1: mean=-2.50e-14 std=1.39e-04 pos=0.44
[05/14 05:47:44] [GradMonitor step=7930] deep/task: enc_layer4: mean=1.00e-05 std=2.52e-05 | PAM: mean=1.10e-04 std=2.75e-04 | CIAM: mean=1.03e-05 std=2.53e-05
[05/14 05:47:44] [GradMonitor step=7930] param-grad: weight_base: mean=1.32e-08 std=6.96e-07 | weight_base_open: mean=1.11e-05 std=1.15e-03 | enc_conv1_weight: mean=1.75e-02 std=5.23e-02
[05/14 05:47:44] [GradMonitor step=7935] near-input: bn0: mean=-8.74e-08 std=2.03e-04 pos=0.50 | enc_conv1: mean=6.48e-14 std=1.16e-04 pos=0.42
[05/14 05:47:44] [GradMonitor step=7935] deep/task: enc_layer4: mean=1.41e-05 std=2.41e-05 | PAM: mean=1.56e-04 std=2.64e-04 | CIAM: mean=1.44e-05 std=2.42e-05
[05/14 05:47:44] [GradMonitor step=7935] param-grad: weight_base: mean=-5.70e-08 std=9.75e-07 | weight_base_open: mean=-6.23e-05 std=1.60e-03 | enc_conv1_weight: mean=-2.71e-03 std=4.13e-02
[05/14 05:47:44] [GradMonitor step=7940] near-input: bn0: mean=-4.13e-07 std=4.62e-04 pos=0.50 | enc_conv1: mean=4.09e-14 std=2.43e-04 pos=0.56
[05/14 05:47:44] [GradMonitor step=7940] deep/task: enc_layer4: mean=1.52e-05 std=3.21e-05 | PAM: mean=1.68e-04 std=3.51e-04 | CIAM: mean=1.55e-05 std=3.21e-05
[05/14 05:47:44] [GradMonitor step=7940] param-grad: weight_base: mean=-1.91e-08 std=1.17e-06 | weight_base_open: mean=1.17e-04 std=1.82e-03 | enc_conv1_weight: mean=8.95e-03 std=4.98e-02
[05/14 05:47:45] [GradMonitor step=7945] near-input: bn0: mean=6.87e-08 std=3.03e-04 pos=0.50 | enc_conv1: mean=-5.46e-14 std=1.64e-04 pos=0.47
[05/14 05:47:45] [GradMonitor step=7945] deep/task: enc_layer4: mean=1.27e-05 std=2.52e-05 | PAM: mean=1.41e-04 std=2.74e-04 | CIAM: mean=1.31e-05 std=2.53e-05
[05/14 05:47:45] [GradMonitor step=7945] param-grad: weight_base: mean=-4.64e-08 std=1.23e-06 | weight_base_open: mean=1.30e-04 std=2.10e-03 | enc_conv1_weight: mean=5.14e-03 std=5.84e-02
[05/14 05:47:45] [GradMonitor step=7950] near-input: bn0: mean=3.47e-07 std=3.00e-04 pos=0.50 | enc_conv1: mean=1.59e-14 std=1.66e-04 pos=0.57
[05/14 05:47:45] [GradMonitor step=7950] deep/task: enc_layer4: mean=1.21e-05 std=2.44e-05 | PAM: mean=1.35e-04 std=2.67e-04 | CIAM: mean=1.24e-05 std=2.45e-05
[05/14 05:47:45] [GradMonitor step=7950] param-grad: weight_base: mean=5.31e-08 std=1.08e-06 | weight_base_open: mean=-1.38e-04 std=2.08e-03 | enc_conv1_weight: mean=7.57e-03 std=4.56e-02
[05/14 05:47:46] [GradMonitor step=7955] near-input: bn0: mean=3.85e-07 std=5.03e-04 pos=0.50 | enc_conv1: mean=0.00e+00 std=2.66e-04 pos=0.49
[05/14 05:47:46] [GradMonitor step=7955] deep/task: enc_layer4: mean=1.37e-05 std=3.19e-05 | PAM: mean=1.51e-04 std=3.43e-04 | CIAM: mean=1.39e-05 std=3.19e-05
[05/14 05:47:46] [GradMonitor step=7955] param-grad: weight_base: mean=-3.51e-08 std=8.85e-07 | weight_base_open: mean=-6.01e-05 std=1.49e-03 | enc_conv1_weight: mean=1.79e-03 std=5.17e-02
[05/14 05:47:46] [GradMonitor step=7960] near-input: bn0: mean=-2.43e-08 std=3.14e-04 pos=0.50 | enc_conv1: mean=2.96e-14 std=1.70e-04 pos=0.42
[05/14 05:47:46] [GradMonitor step=7960] deep/task: enc_layer4: mean=1.51e-05 std=2.29e-05 | PAM: mean=1.67e-04 std=2.51e-04 | CIAM: mean=1.55e-05 std=2.31e-05
[05/14 05:47:46] [GradMonitor step=7960] param-grad: weight_base: mean=7.98e-08 std=1.77e-06 | weight_base_open: mean=4.38e-05 std=1.79e-03 | enc_conv1_weight: mean=8.01e-04 std=4.18e-02
[05/14 05:47:46] [GradMonitor step=7965] near-input: bn0: mean=-2.93e-07 std=3.48e-04 pos=0.50 | enc_conv1: mean=0.00e+00 std=1.96e-04 pos=0.51
[05/14 05:47:46] [GradMonitor step=7965] deep/task: enc_layer4: mean=1.29e-05 std=3.05e-05 | PAM: mean=1.44e-04 std=3.36e-04 | CIAM: mean=1.32e-05 std=3.06e-05
[05/14 05:47:46] [GradMonitor step=7965] param-grad: weight_base: mean=5.05e-08 std=1.15e-06 | weight_base_open: mean=5.54e-05 std=2.55e-03 | enc_conv1_weight: mean=-3.51e-03 std=6.18e-02
[05/14 05:47:47] [GradMonitor step=7970] near-input: bn0: mean=9.49e-08 std=3.89e-04 pos=0.50 | enc_conv1: mean=3.64e-14 std=2.12e-04 pos=0.54
[05/14 05:47:47] [GradMonitor step=7970] deep/task: enc_layer4: mean=1.15e-05 std=2.94e-05 | PAM: mean=1.28e-04 std=3.20e-04 | CIAM: mean=1.17e-05 std=2.95e-05
[05/14 05:47:47] [GradMonitor step=7970] param-grad: weight_base: mean=-5.86e-08 std=1.22e-06 | weight_base_open: mean=9.12e-06 std=2.22e-03 | enc_conv1_weight: mean=-6.67e-03 std=5.40e-02
[05/14 05:47:47] [GradMonitor step=7975] near-input: bn0: mean=6.44e-08 std=1.99e-04 pos=0.50 | enc_conv1: mean=-4.72e-14 std=1.08e-04 pos=0.48
[05/14 05:47:47] [GradMonitor step=7975] deep/task: enc_layer4: mean=1.17e-05 std=1.60e-05 | PAM: mean=1.27e-04 std=1.72e-04 | CIAM: mean=1.19e-05 std=1.61e-05
[05/14 05:47:47] [GradMonitor step=7975] param-grad: weight_base: mean=5.60e-08 std=1.10e-06 | weight_base_open: mean=2.18e-04 std=1.50e-03 | enc_conv1_weight: mean=3.63e-03 std=2.98e-02
[05/14 05:47:47] [GradMonitor step=7980] near-input: bn0: mean=3.45e-07 std=3.40e-04 pos=0.50 | enc_conv1: mean=-7.28e-14 std=1.83e-04 pos=0.51
[05/14 05:47:47] [GradMonitor step=7980] deep/task: enc_layer4: mean=1.44e-05 std=2.49e-05 | PAM: mean=1.59e-04 std=2.73e-04 | CIAM: mean=1.47e-05 std=2.51e-05
[05/14 05:47:47] [GradMonitor step=7980] param-grad: weight_base: mean=-1.06e-08 std=4.50e-07 | weight_base_open: mean=1.02e-04 std=1.30e-03 | enc_conv1_weight: mean=1.22e-03 std=3.88e-02
[05/14 05:47:48] [GradMonitor step=7985] near-input: bn0: mean=-6.95e-08 std=4.26e-04 pos=0.50 | enc_conv1: mean=-1.59e-13 std=2.32e-04 pos=0.48
[05/14 05:47:48] [GradMonitor step=7985] deep/task: enc_layer4: mean=1.46e-05 std=2.92e-05 | PAM: mean=1.61e-04 std=3.19e-04 | CIAM: mean=1.49e-05 std=2.93e-05
[05/14 05:47:48] [GradMonitor step=7985] param-grad: weight_base: mean=-6.21e-08 std=1.27e-06 | weight_base_open: mean=1.15e-04 std=2.08e-03 | enc_conv1_weight: mean=-3.95e-03 std=5.79e-02
[05/14 05:47:48] [GradMonitor step=7990] near-input: bn0: mean=2.17e-07 std=2.90e-04 pos=0.50 | enc_conv1: mean=1.41e-13 std=1.58e-04 pos=0.42
[05/14 05:47:48] [GradMonitor step=7990] deep/task: enc_layer4: mean=1.46e-05 std=2.13e-05 | PAM: mean=1.62e-04 std=2.33e-04 | CIAM: mean=1.50e-05 std=2.14e-05
[05/14 05:47:48] [GradMonitor step=7990] param-grad: weight_base: mean=5.57e-09 std=1.13e-06 | weight_base_open: mean=-1.12e-04 std=1.65e-03 | enc_conv1_weight: mean=-2.32e-03 std=3.84e-02
[05/14 05:47:48] [GradMonitor step=7995] near-input: bn0: mean=-8.64e-08 std=1.58e-04 pos=0.50 | enc_conv1: mean=1.59e-14 std=8.51e-05 pos=0.47
[05/14 05:47:48] [GradMonitor step=7995] deep/task: enc_layer4: mean=1.05e-05 std=1.68e-05 | PAM: mean=1.15e-04 std=1.81e-04 | CIAM: mean=1.08e-05 std=1.69e-05
[05/14 05:47:48] [GradMonitor step=7995] param-grad: weight_base: mean=2.68e-08 std=8.98e-07 | weight_base_open: mean=9.96e-05 std=1.28e-03 | enc_conv1_weight: mean=-6.15e-03 std=4.01e-02
[05/14 05:47:49] [GradMonitor step=8000] near-input: bn0: mean=-1.76e-07 std=6.59e-04 pos=0.50 | enc_conv1: mean=4.55e-14 std=3.64e-04 pos=0.50
[05/14 05:47:49] [GradMonitor step=8000] deep/task: enc_layer4: mean=1.34e-05 std=5.20e-05 | PAM: mean=1.53e-04 std=5.52e-04 | CIAM: mean=1.36e-05 std=5.20e-05
[05/14 05:47:49] [GradMonitor step=8000] param-grad: weight_base: mean=-2.18e-08 std=8.55e-07 | weight_base_open: mean=1.05e-04 std=2.14e-03 | enc_conv1_weight: mean=-6.50e-03 std=7.98e-02
[05/14 05:47:49] 
[05/14 05:47:49] epoch 20/20, iter 8000:
[05/14 05:47:49] train_loss: 0.87129
[05/14 05:47:49] train_acc: 0.989
[05/14 05:47:49] train_auroc: 0.981
[05/14 05:47:55] Summary name val_6-way-5-shot_tpr@tnr95 is illegal; using val_6-way-5-shot_tpr_tnr95 instead.
[05/14 05:47:55] val_6-way-5-shot_acc: 60.361	0.674
[05/14 05:47:55] val_6-way-5-shot_auroc: 49.211	1.929
[05/14 05:47:55] val_6-way-5-shot_fscore: 20.497	0.230
[05/14 05:47:55] val_6-way-5-shot_tpr@tnr95: 5.362	1.567
[05/14 05:47:55] val_6-way-5-shot_osr: 49.447	0.786
[05/14 05:47:55] training finished!
[05/14 05:47:55] ------------------------
[05/14 05:47:55] the best epoch is 17/20
[05/14 05:47:55] the best 6-way 5-shot val acc is 60.422
