[05/14 06:48:34] start training!
[05/14 06:48:37] [GradMonitor step=10] near-input: bn0: mean=-1.89e-09 std=4.82e-04 pos=0.50 | enc_conv1: mean=-3.09e-14 std=6.46e-05 pos=0.38
[05/14 06:48:37] [GradMonitor step=10] deep/task: enc_layer4: mean=4.40e-06 std=1.57e-05 | PAM: mean=9.38e-05 std=3.37e-04 | CIAM: mean=4.40e-06 std=1.57e-05
[05/14 06:48:37] [GradMonitor step=10] param-grad: weight_base: mean=9.24e-07 std=1.31e-05 | weight_base_open: mean=2.61e-03 std=2.89e-02 | enc_conv1_weight: mean=-2.76e-03 std=1.04e-02
[05/14 06:48:38] [GradMonitor step=20] near-input: bn0: mean=1.04e-07 std=5.42e-04 pos=0.50 | enc_conv1: mean=-1.09e-14 std=7.37e-05 pos=0.41
[05/14 06:48:38] [GradMonitor step=20] deep/task: enc_layer4: mean=2.91e-06 std=1.80e-05 | PAM: mean=6.24e-05 std=3.87e-04 | CIAM: mean=2.91e-06 std=1.80e-05
[05/14 06:48:38] [GradMonitor step=20] param-grad: weight_base: mean=6.34e-08 std=2.35e-06 | weight_base_open: mean=-3.09e-04 std=1.16e-02 | enc_conv1_weight: mean=4.28e-04 std=1.06e-02
[05/14 06:48:39] [GradMonitor step=30] near-input: bn0: mean=2.81e-08 std=5.89e-04 pos=0.50 | enc_conv1: mean=3.46e-16 std=7.49e-05 pos=0.43
[05/14 06:48:39] [GradMonitor step=30] deep/task: enc_layer4: mean=1.64e-06 std=1.76e-05 | PAM: mean=3.48e-05 std=3.77e-04 | CIAM: mean=1.64e-06 std=1.76e-05
[05/14 06:48:39] [GradMonitor step=30] param-grad: weight_base: mean=2.95e-08 std=2.26e-06 | weight_base_open: mean=-3.68e-04 std=8.66e-03 | enc_conv1_weight: mean=1.03e-03 std=1.17e-02
[05/14 06:48:39] [GradMonitor step=40] near-input: bn0: mean=-2.13e-07 std=5.68e-04 pos=0.50 | enc_conv1: mean=1.58e-14 std=6.98e-05 pos=0.39
[05/14 06:48:39] [GradMonitor step=40] deep/task: enc_layer4: mean=1.97e-06 std=1.60e-05 | PAM: mean=4.22e-05 std=3.42e-04 | CIAM: mean=1.97e-06 std=1.60e-05
[05/14 06:48:39] [GradMonitor step=40] param-grad: weight_base: mean=-2.21e-08 std=2.43e-06 | weight_base_open: mean=-3.45e-04 std=5.77e-03 | enc_conv1_weight: mean=-1.74e-03 std=8.74e-03
[05/14 06:48:40] [GradMonitor step=50] near-input: bn0: mean=-1.86e-07 std=4.98e-04 pos=0.50 | enc_conv1: mean=-2.69e-14 std=6.51e-05 pos=0.37
[05/14 06:48:40] [GradMonitor step=50] deep/task: enc_layer4: mean=1.55e-06 std=1.44e-05 | PAM: mean=3.31e-05 std=3.09e-04 | CIAM: mean=1.55e-06 std=1.44e-05
[05/14 06:48:40] [GradMonitor step=50] param-grad: weight_base: mean=-3.81e-08 std=2.23e-06 | weight_base_open: mean=-1.98e-04 std=6.02e-03 | enc_conv1_weight: mean=1.77e-03 std=9.87e-03
[05/14 06:48:41] [GradMonitor step=60] near-input: bn0: mean=1.68e-08 std=4.33e-04 pos=0.50 | enc_conv1: mean=-1.23e-14 std=5.40e-05 pos=0.39
[05/14 06:48:41] [GradMonitor step=60] deep/task: enc_layer4: mean=1.83e-06 std=1.44e-05 | PAM: mean=3.88e-05 std=3.07e-04 | CIAM: mean=1.83e-06 std=1.44e-05
[05/14 06:48:41] [GradMonitor step=60] param-grad: weight_base: mean=-8.24e-09 std=7.91e-07 | weight_base_open: mean=-3.76e-04 std=5.30e-03 | enc_conv1_weight: mean=-2.65e-03 std=9.19e-03
[05/14 06:48:42] [GradMonitor step=70] near-input: bn0: mean=-1.00e-07 std=4.66e-04 pos=0.50 | enc_conv1: mean=-2.17e-14 std=5.98e-05 pos=0.36
[05/14 06:48:42] [GradMonitor step=70] deep/task: enc_layer4: mean=2.36e-06 std=1.47e-05 | PAM: mean=5.03e-05 std=3.13e-04 | CIAM: mean=2.36e-06 std=1.47e-05
[05/14 06:48:42] [GradMonitor step=70] param-grad: weight_base: mean=-5.94e-08 std=1.24e-06 | weight_base_open: mean=-1.62e-04 std=4.57e-03 | enc_conv1_weight: mean=-1.49e-04 std=8.57e-03
[05/14 06:48:43] [GradMonitor step=80] near-input: bn0: mean=7.76e-08 std=4.96e-04 pos=0.50 | enc_conv1: mean=1.60e-15 std=7.11e-05 pos=0.40
[05/14 06:48:43] [GradMonitor step=80] deep/task: enc_layer4: mean=8.15e-07 std=1.83e-05 | PAM: mean=1.76e-05 std=3.93e-04 | CIAM: mean=8.15e-07 std=1.83e-05
[05/14 06:48:43] [GradMonitor step=80] param-grad: weight_base: mean=-3.53e-08 std=7.03e-07 | weight_base_open: mean=6.28e-05 std=4.75e-03 | enc_conv1_weight: mean=1.22e-03 std=1.06e-02
[05/14 06:48:43] [GradMonitor step=90] near-input: bn0: mean=-6.66e-08 std=3.65e-04 pos=0.50 | enc_conv1: mean=-1.06e-14 std=4.95e-05 pos=0.39
[05/14 06:48:43] [GradMonitor step=90] deep/task: enc_layer4: mean=1.41e-06 std=1.35e-05 | PAM: mean=2.99e-05 std=2.91e-04 | CIAM: mean=1.41e-06 std=1.35e-05
[05/14 06:48:43] [GradMonitor step=90] param-grad: weight_base: mean=-1.04e-09 std=8.59e-07 | weight_base_open: mean=2.90e-04 std=5.10e-03 | enc_conv1_weight: mean=-1.33e-04 std=8.99e-03
[05/14 06:48:44] [GradMonitor step=100] near-input: bn0: mean=-1.63e-07 std=5.32e-04 pos=0.50 | enc_conv1: mean=-4.26e-16 std=6.85e-05 pos=0.40
[05/14 06:48:44] [GradMonitor step=100] deep/task: enc_layer4: mean=1.82e-06 std=1.48e-05 | PAM: mean=3.84e-05 std=3.16e-04 | CIAM: mean=1.82e-06 std=1.48e-05
[05/14 06:48:44] [GradMonitor step=100] param-grad: weight_base: mean=-3.52e-08 std=6.75e-07 | weight_base_open: mean=-1.11e-04 std=3.60e-03 | enc_conv1_weight: mean=5.58e-04 std=9.10e-03
[05/14 06:48:45] [GradMonitor step=110] near-input: bn0: mean=4.24e-08 std=5.38e-04 pos=0.50 | enc_conv1: mean=-9.47e-15 std=6.94e-05 pos=0.35
[05/14 06:48:45] [GradMonitor step=110] deep/task: enc_layer4: mean=9.30e-07 std=1.62e-05 | PAM: mean=1.98e-05 std=3.48e-04 | CIAM: mean=9.30e-07 std=1.62e-05
[05/14 06:48:45] [GradMonitor step=110] param-grad: weight_base: mean=-1.34e-08 std=1.46e-06 | weight_base_open: mean=1.64e-04 std=3.08e-03 | enc_conv1_weight: mean=-6.09e-04 std=1.14e-02
[05/14 06:48:46] [GradMonitor step=120] near-input: bn0: mean=2.42e-07 std=5.49e-04 pos=0.50 | enc_conv1: mean=1.48e-14 std=7.55e-05 pos=0.39
[05/14 06:48:46] [GradMonitor step=120] deep/task: enc_layer4: mean=1.38e-06 std=1.54e-05 | PAM: mean=2.94e-05 std=3.31e-04 | CIAM: mean=1.38e-06 std=1.54e-05
[05/14 06:48:46] [GradMonitor step=120] param-grad: weight_base: mean=1.29e-08 std=9.79e-07 | weight_base_open: mean=2.86e-04 std=3.56e-03 | enc_conv1_weight: mean=-9.62e-04 std=8.72e-03
[05/14 06:48:47] [GradMonitor step=130] near-input: bn0: mean=-1.11e-07 std=4.68e-04 pos=0.50 | enc_conv1: mean=-9.98e-15 std=6.07e-05 pos=0.42
[05/14 06:48:47] [GradMonitor step=130] deep/task: enc_layer4: mean=1.10e-06 std=1.43e-05 | PAM: mean=2.34e-05 std=3.07e-04 | CIAM: mean=1.10e-06 std=1.43e-05
[05/14 06:48:47] [GradMonitor step=130] param-grad: weight_base: mean=-7.40e-09 std=3.18e-07 | weight_base_open: mean=-2.86e-04 std=3.52e-03 | enc_conv1_weight: mean=6.61e-04 std=8.88e-03
[05/14 06:48:48] [GradMonitor step=140] near-input: bn0: mean=-1.20e-07 std=4.71e-04 pos=0.50 | enc_conv1: mean=1.25e-14 std=6.18e-05 pos=0.39
[05/14 06:48:48] [GradMonitor step=140] deep/task: enc_layer4: mean=1.55e-06 std=1.35e-05 | PAM: mean=3.28e-05 std=2.89e-04 | CIAM: mean=1.55e-06 std=1.35e-05
[05/14 06:48:48] [GradMonitor step=140] param-grad: weight_base: mean=-5.12e-08 std=1.14e-06 | weight_base_open: mean=-1.26e-04 std=3.59e-03 | enc_conv1_weight: mean=-2.71e-04 std=9.24e-03
[05/14 06:48:48] [GradMonitor step=150] near-input: bn0: mean=3.78e-08 std=4.96e-04 pos=0.50 | enc_conv1: mean=-8.78e-15 std=6.02e-05 pos=0.38
[05/14 06:48:48] [GradMonitor step=150] deep/task: enc_layer4: mean=1.69e-06 std=1.41e-05 | PAM: mean=3.63e-05 std=3.01e-04 | CIAM: mean=1.69e-06 std=1.41e-05
[05/14 06:48:48] [GradMonitor step=150] param-grad: weight_base: mean=-3.60e-08 std=1.06e-06 | weight_base_open: mean=2.22e-04 std=3.65e-03 | enc_conv1_weight: mean=1.43e-03 std=9.17e-03
[05/14 06:48:49] [GradMonitor step=160] near-input: bn0: mean=2.96e-07 std=5.85e-04 pos=0.50 | enc_conv1: mean=-2.00e-14 std=7.12e-05 pos=0.39
[05/14 06:48:49] [GradMonitor step=160] deep/task: enc_layer4: mean=2.10e-06 std=1.26e-05 | PAM: mean=4.46e-05 std=2.68e-04 | CIAM: mean=2.10e-06 std=1.26e-05
[05/14 06:48:49] [GradMonitor step=160] param-grad: weight_base: mean=2.90e-08 std=9.09e-07 | weight_base_open: mean=-7.70e-05 std=3.00e-03 | enc_conv1_weight: mean=9.86e-05 std=8.31e-03
[05/14 06:48:50] [GradMonitor step=170] near-input: bn0: mean=2.66e-07 std=6.81e-04 pos=0.50 | enc_conv1: mean=2.72e-14 std=8.51e-05 pos=0.39
[05/14 06:48:50] [GradMonitor step=170] deep/task: enc_layer4: mean=1.94e-06 std=1.49e-05 | PAM: mean=4.20e-05 std=3.19e-04 | CIAM: mean=1.94e-06 std=1.49e-05
[05/14 06:48:50] [GradMonitor step=170] param-grad: weight_base: mean=3.92e-08 std=1.08e-06 | weight_base_open: mean=8.90e-05 std=3.23e-03 | enc_conv1_weight: mean=1.90e-03 std=9.28e-03
[05/14 06:48:51] [GradMonitor step=180] near-input: bn0: mean=-9.25e-08 std=6.16e-04 pos=0.50 | enc_conv1: mean=-2.78e-15 std=7.60e-05 pos=0.41
[05/14 06:48:51] [GradMonitor step=180] deep/task: enc_layer4: mean=1.74e-06 std=1.56e-05 | PAM: mean=3.67e-05 std=3.35e-04 | CIAM: mean=1.74e-06 std=1.56e-05
[05/14 06:48:51] [GradMonitor step=180] param-grad: weight_base: mean=1.81e-08 std=8.64e-07 | weight_base_open: mean=-3.91e-05 std=3.20e-03 | enc_conv1_weight: mean=-3.55e-05 std=9.04e-03
[05/14 06:48:52] [GradMonitor step=190] near-input: bn0: mean=-8.78e-08 std=5.48e-04 pos=0.50 | enc_conv1: mean=1.49e-14 std=6.35e-05 pos=0.36
[05/14 06:48:52] [GradMonitor step=190] deep/task: enc_layer4: mean=2.16e-06 std=1.37e-05 | PAM: mean=4.59e-05 std=2.95e-04 | CIAM: mean=2.16e-06 std=1.37e-05
[05/14 06:48:52] [GradMonitor step=190] param-grad: weight_base: mean=-1.06e-08 std=1.12e-06 | weight_base_open: mean=1.73e-04 std=3.07e-03 | enc_conv1_weight: mean=5.89e-04 std=7.76e-03
[05/14 06:48:53] [GradMonitor step=200] near-input: bn0: mean=-4.12e-08 std=3.98e-04 pos=0.50 | enc_conv1: mean=1.03e-15 std=5.36e-05 pos=0.39
[05/14 06:48:53] [GradMonitor step=200] deep/task: enc_layer4: mean=1.99e-06 std=1.31e-05 | PAM: mean=4.24e-05 std=2.80e-04 | CIAM: mean=1.99e-06 std=1.31e-05
[05/14 06:48:53] [GradMonitor step=200] param-grad: weight_base: mean=1.04e-08 std=2.74e-07 | weight_base_open: mean=-1.29e-04 std=2.46e-03 | enc_conv1_weight: mean=7.78e-04 std=8.06e-03
[05/14 06:48:53] [GradMonitor step=210] near-input: bn0: mean=4.03e-07 std=5.49e-04 pos=0.50 | enc_conv1: mean=7.55e-15 std=7.53e-05 pos=0.39
[05/14 06:48:53] [GradMonitor step=210] deep/task: enc_layer4: mean=5.72e-07 std=1.60e-05 | PAM: mean=1.26e-05 std=3.42e-04 | CIAM: mean=5.72e-07 std=1.60e-05
[05/14 06:48:53] [GradMonitor step=210] param-grad: weight_base: mean=4.76e-08 std=9.47e-07 | weight_base_open: mean=8.40e-05 std=2.54e-03 | enc_conv1_weight: mean=-1.46e-03 std=9.46e-03
[05/14 06:48:54] [GradMonitor step=220] near-input: bn0: mean=-2.15e-07 std=5.63e-04 pos=0.50 | enc_conv1: mean=-2.01e-14 std=6.75e-05 pos=0.40
[05/14 06:48:54] [GradMonitor step=220] deep/task: enc_layer4: mean=2.41e-06 std=1.44e-05 | PAM: mean=5.16e-05 std=3.07e-04 | CIAM: mean=2.42e-06 std=1.44e-05
[05/14 06:48:54] [GradMonitor step=220] param-grad: weight_base: mean=1.79e-08 std=5.24e-07 | weight_base_open: mean=1.66e-04 std=2.67e-03 | enc_conv1_weight: mean=-2.27e-03 std=7.94e-03
[05/14 06:48:55] [GradMonitor step=230] near-input: bn0: mean=-2.76e-08 std=3.54e-04 pos=0.50 | enc_conv1: mean=1.42e-14 std=4.45e-05 pos=0.40
[05/14 06:48:55] [GradMonitor step=230] deep/task: enc_layer4: mean=1.19e-06 std=1.10e-05 | PAM: mean=2.52e-05 std=2.34e-04 | CIAM: mean=1.19e-06 std=1.10e-05
[05/14 06:48:55] [GradMonitor step=230] param-grad: weight_base: mean=-1.04e-08 std=8.90e-07 | weight_base_open: mean=8.77e-05 std=2.44e-03 | enc_conv1_weight: mean=-4.10e-04 std=7.25e-03
[05/14 06:48:56] [GradMonitor step=240] near-input: bn0: mean=-2.96e-07 std=4.55e-04 pos=0.50 | enc_conv1: mean=-2.12e-14 std=6.16e-05 pos=0.43
[05/14 06:48:56] [GradMonitor step=240] deep/task: enc_layer4: mean=1.37e-06 std=1.43e-05 | PAM: mean=2.93e-05 std=3.05e-04 | CIAM: mean=1.37e-06 std=1.43e-05
[05/14 06:48:56] [GradMonitor step=240] param-grad: weight_base: mean=-2.88e-08 std=7.31e-07 | weight_base_open: mean=2.33e-05 std=2.28e-03 | enc_conv1_weight: mean=8.93e-04 std=1.01e-02
[05/14 06:48:57] [GradMonitor step=250] near-input: bn0: mean=1.54e-07 std=5.26e-04 pos=0.50 | enc_conv1: mean=1.97e-14 std=6.86e-05 pos=0.37
[05/14 06:48:57] [GradMonitor step=250] deep/task: enc_layer4: mean=8.43e-07 std=1.49e-05 | PAM: mean=1.76e-05 std=3.19e-04 | CIAM: mean=8.44e-07 std=1.49e-05
[05/14 06:48:57] [GradMonitor step=250] param-grad: weight_base: mean=-2.81e-08 std=6.88e-07 | weight_base_open: mean=-1.98e-05 std=2.21e-03 | enc_conv1_weight: mean=-3.81e-04 std=9.89e-03
[05/14 06:48:58] [GradMonitor step=260] near-input: bn0: mean=-1.63e-08 std=5.66e-04 pos=0.50 | enc_conv1: mean=1.67e-15 std=6.86e-05 pos=0.39
[05/14 06:48:58] [GradMonitor step=260] deep/task: enc_layer4: mean=1.52e-06 std=1.48e-05 | PAM: mean=3.22e-05 std=3.17e-04 | CIAM: mean=1.52e-06 std=1.48e-05
[05/14 06:48:58] [GradMonitor step=260] param-grad: weight_base: mean=1.59e-08 std=4.89e-07 | weight_base_open: mean=-3.94e-05 std=2.65e-03 | enc_conv1_weight: mean=1.89e-03 std=9.01e-03
[05/14 06:48:59] [GradMonitor step=270] near-input: bn0: mean=1.09e-07 std=3.34e-04 pos=0.50 | enc_conv1: mean=-9.63e-15 std=4.16e-05 pos=0.36
[05/14 06:48:59] [GradMonitor step=270] deep/task: enc_layer4: mean=6.99e-07 std=1.05e-05 | PAM: mean=1.48e-05 std=2.24e-04 | CIAM: mean=6.99e-07 std=1.05e-05
[05/14 06:48:59] [GradMonitor step=270] param-grad: weight_base: mean=-3.46e-08 std=4.74e-07 | weight_base_open: mean=-3.71e-05 std=2.07e-03 | enc_conv1_weight: mean=-1.64e-03 std=7.74e-03
[05/14 06:48:59] [GradMonitor step=280] near-input: bn0: mean=-5.50e-08 std=4.04e-04 pos=0.50 | enc_conv1: mean=-6.76e-15 std=5.16e-05 pos=0.39
[05/14 06:48:59] [GradMonitor step=280] deep/task: enc_layer4: mean=1.11e-06 std=1.25e-05 | PAM: mean=2.35e-05 std=2.67e-04 | CIAM: mean=1.11e-06 std=1.25e-05
[05/14 06:48:59] [GradMonitor step=280] param-grad: weight_base: mean=1.58e-09 std=4.80e-07 | weight_base_open: mean=-3.17e-05 std=2.05e-03 | enc_conv1_weight: mean=2.62e-03 std=7.74e-03
[05/14 06:49:00] [GradMonitor step=290] near-input: bn0: mean=1.36e-07 std=5.07e-04 pos=0.50 | enc_conv1: mean=-3.47e-14 std=6.69e-05 pos=0.40
[05/14 06:49:00] [GradMonitor step=290] deep/task: enc_layer4: mean=2.43e-06 std=1.42e-05 | PAM: mean=5.09e-05 std=3.04e-04 | CIAM: mean=2.43e-06 std=1.42e-05
[05/14 06:49:00] [GradMonitor step=290] param-grad: weight_base: mean=9.16e-09 std=3.52e-07 | weight_base_open: mean=-1.44e-04 std=1.83e-03 | enc_conv1_weight: mean=-1.64e-03 std=1.09e-02
[05/14 06:49:01] [GradMonitor step=300] near-input: bn0: mean=1.48e-08 std=5.12e-04 pos=0.50 | enc_conv1: mean=1.44e-14 std=6.92e-05 pos=0.38
[05/14 06:49:01] [GradMonitor step=300] deep/task: enc_layer4: mean=1.38e-06 std=1.49e-05 | PAM: mean=2.92e-05 std=3.19e-04 | CIAM: mean=1.38e-06 std=1.49e-05
[05/14 06:49:01] [GradMonitor step=300] param-grad: weight_base: mean=1.09e-08 std=1.05e-06 | weight_base_open: mean=-1.15e-04 std=2.27e-03 | enc_conv1_weight: mean=-9.23e-04 std=1.16e-02
[05/14 06:49:02] [GradMonitor step=310] near-input: bn0: mean=-7.73e-08 std=4.39e-04 pos=0.50 | enc_conv1: mean=2.02e-14 std=5.45e-05 pos=0.42
[05/14 06:49:02] [GradMonitor step=310] deep/task: enc_layer4: mean=1.57e-06 std=1.33e-05 | PAM: mean=3.29e-05 std=2.85e-04 | CIAM: mean=1.57e-06 std=1.33e-05
[05/14 06:49:02] [GradMonitor step=310] param-grad: weight_base: mean=4.23e-09 std=6.24e-07 | weight_base_open: mean=-3.23e-05 std=1.83e-03 | enc_conv1_weight: mean=8.62e-04 std=9.24e-03
[05/14 06:49:03] [GradMonitor step=320] near-input: bn0: mean=-1.35e-07 std=3.63e-04 pos=0.50 | enc_conv1: mean=-1.53e-14 std=4.83e-05 pos=0.41
[05/14 06:49:03] [GradMonitor step=320] deep/task: enc_layer4: mean=1.41e-06 std=1.26e-05 | PAM: mean=3.02e-05 std=2.69e-04 | CIAM: mean=1.41e-06 std=1.26e-05
[05/14 06:49:03] [GradMonitor step=320] param-grad: weight_base: mean=-2.75e-08 std=7.19e-07 | weight_base_open: mean=7.01e-05 std=1.89e-03 | enc_conv1_weight: mean=1.28e-03 std=1.04e-02
[05/14 06:49:04] [GradMonitor step=330] near-input: bn0: mean=2.88e-08 std=4.86e-04 pos=0.50 | enc_conv1: mean=-5.36e-15 std=6.55e-05 pos=0.38
[05/14 06:49:04] [GradMonitor step=330] deep/task: enc_layer4: mean=1.40e-06 std=1.38e-05 | PAM: mean=2.93e-05 std=2.93e-04 | CIAM: mean=1.40e-06 std=1.38e-05
[05/14 06:49:04] [GradMonitor step=330] param-grad: weight_base: mean=-1.05e-08 std=5.48e-07 | weight_base_open: mean=-3.10e-05 std=1.67e-03 | enc_conv1_weight: mean=-8.69e-04 std=9.61e-03
[05/14 06:49:04] [GradMonitor step=340] near-input: bn0: mean=-3.67e-08 std=5.31e-04 pos=0.50 | enc_conv1: mean=-1.63e-14 std=6.49e-05 pos=0.41
[05/14 06:49:04] [GradMonitor step=340] deep/task: enc_layer4: mean=2.15e-06 std=1.24e-05 | PAM: mean=4.57e-05 std=2.65e-04 | CIAM: mean=2.15e-06 std=1.24e-05
[05/14 06:49:04] [GradMonitor step=340] param-grad: weight_base: mean=-1.06e-08 std=3.30e-07 | weight_base_open: mean=8.25e-06 std=1.56e-03 | enc_conv1_weight: mean=-2.73e-05 std=8.77e-03
[05/14 06:49:05] [GradMonitor step=350] near-input: bn0: mean=6.64e-08 std=4.34e-04 pos=0.50 | enc_conv1: mean=1.04e-14 std=5.76e-05 pos=0.39
[05/14 06:49:05] [GradMonitor step=350] deep/task: enc_layer4: mean=1.32e-06 std=1.45e-05 | PAM: mean=2.79e-05 std=3.09e-04 | CIAM: mean=1.32e-06 std=1.45e-05
[05/14 06:49:05] [GradMonitor step=350] param-grad: weight_base: mean=-1.23e-08 std=4.90e-07 | weight_base_open: mean=2.97e-05 std=1.64e-03 | enc_conv1_weight: mean=-2.29e-03 std=9.71e-03
[05/14 06:49:06] [GradMonitor step=360] near-input: bn0: mean=-1.99e-08 std=4.66e-04 pos=0.50 | enc_conv1: mean=-7.80e-15 std=5.99e-05 pos=0.40
[05/14 06:49:06] [GradMonitor step=360] deep/task: enc_layer4: mean=1.22e-06 std=1.31e-05 | PAM: mean=2.58e-05 std=2.81e-04 | CIAM: mean=1.22e-06 std=1.31e-05
[05/14 06:49:06] [GradMonitor step=360] param-grad: weight_base: mean=3.24e-09 std=3.96e-07 | weight_base_open: mean=5.53e-05 std=1.65e-03 | enc_conv1_weight: mean=1.59e-03 std=1.02e-02
[05/14 06:49:07] [GradMonitor step=370] near-input: bn0: mean=1.57e-07 std=5.19e-04 pos=0.50 | enc_conv1: mean=-4.09e-15 std=6.94e-05 pos=0.39
[05/14 06:49:07] [GradMonitor step=370] deep/task: enc_layer4: mean=1.98e-06 std=1.48e-05 | PAM: mean=4.13e-05 std=3.17e-04 | CIAM: mean=1.98e-06 std=1.48e-05
[05/14 06:49:07] [GradMonitor step=370] param-grad: weight_base: mean=1.70e-09 std=6.36e-07 | weight_base_open: mean=1.08e-04 std=1.77e-03 | enc_conv1_weight: mean=8.06e-04 std=9.38e-03
[05/14 06:49:08] [GradMonitor step=380] near-input: bn0: mean=2.91e-08 std=4.27e-04 pos=0.50 | enc_conv1: mean=9.90e-15 std=5.27e-05 pos=0.34
[05/14 06:49:08] [GradMonitor step=380] deep/task: enc_layer4: mean=1.45e-06 std=1.18e-05 | PAM: mean=3.08e-05 std=2.51e-04 | CIAM: mean=1.46e-06 std=1.18e-05
[05/14 06:49:08] [GradMonitor step=380] param-grad: weight_base: mean=-1.64e-08 std=4.85e-07 | weight_base_open: mean=2.69e-05 std=1.57e-03 | enc_conv1_weight: mean=-1.87e-03 std=9.02e-03
[05/14 06:49:08] [GradMonitor step=390] near-input: bn0: mean=7.25e-08 std=3.50e-04 pos=0.50 | enc_conv1: mean=-8.69e-15 std=4.50e-05 pos=0.40
[05/14 06:49:08] [GradMonitor step=390] deep/task: enc_layer4: mean=6.94e-07 std=1.15e-05 | PAM: mean=1.45e-05 std=2.45e-04 | CIAM: mean=6.94e-07 std=1.15e-05
[05/14 06:49:08] [GradMonitor step=390] param-grad: weight_base: mean=-1.12e-08 std=5.64e-07 | weight_base_open: mean=-3.40e-05 std=1.72e-03 | enc_conv1_weight: mean=1.89e-03 std=8.83e-03
[05/14 06:49:09] [GradMonitor step=400] near-input: bn0: mean=2.00e-07 std=5.14e-04 pos=0.50 | enc_conv1: mean=4.07e-14 std=7.27e-05 pos=0.41
[05/14 06:49:09] [GradMonitor step=400] deep/task: enc_layer4: mean=8.84e-07 std=1.62e-05 | PAM: mean=1.85e-05 std=3.46e-04 | CIAM: mean=8.85e-07 std=1.62e-05
[05/14 06:49:09] [GradMonitor step=400] param-grad: weight_base: mean=-8.25e-09 std=5.70e-07 | weight_base_open: mean=1.04e-04 std=1.58e-03 | enc_conv1_weight: mean=-5.81e-04 std=1.05e-02
[05/14 06:49:09] 
[05/14 06:49:09] epoch 1/40, iter 400:
[05/14 06:49:09] train_loss: 2.11919
[05/14 06:49:09] train_acc: 0.702
[05/14 06:49:09] train_auroc: 0.699
[05/14 06:49:16] Summary name val_6-way-5-shot_tpr@tnr95 is illegal; using val_6-way-5-shot_tpr_tnr95 instead.
[05/14 06:49:16] val_6-way-5-shot_acc: 58.750	0.707
[05/14 06:49:16] val_6-way-5-shot_auroc: 40.297	1.893
[05/14 06:49:16] val_6-way-5-shot_fscore: 19.656	0.281
[05/14 06:49:16] val_6-way-5-shot_tpr@tnr95: 6.250	1.520
[05/14 06:49:16] val_6-way-5-shot_osr: 49.936	0.752
[05/14 06:49:17] BEST ACC!
[05/14 06:49:17] BEST Auroc!
[05/14 06:49:17] BEST Fscore!
[05/14 06:49:17] BEST OSR Score!
[05/14 06:49:18] [GradMonitor step=410] near-input: bn0: mean=-1.23e-07 std=3.42e-04 pos=0.50 | enc_conv1: mean=4.07e-15 std=4.62e-05 pos=0.37
[05/14 06:49:18] [GradMonitor step=410] deep/task: enc_layer4: mean=1.04e-06 std=1.13e-05 | PAM: mean=2.19e-05 std=2.40e-04 | CIAM: mean=1.04e-06 std=1.13e-05
[05/14 06:49:18] [GradMonitor step=410] param-grad: weight_base: mean=5.66e-10 std=1.87e-07 | weight_base_open: mean=3.20e-05 std=1.52e-03 | enc_conv1_weight: mean=-2.62e-03 std=9.27e-03
[05/14 06:49:19] [GradMonitor step=420] near-input: bn0: mean=-7.90e-08 std=4.37e-04 pos=0.50 | enc_conv1: mean=-5.27e-15 std=6.08e-05 pos=0.40
[05/14 06:49:19] [GradMonitor step=420] deep/task: enc_layer4: mean=1.70e-06 std=1.52e-05 | PAM: mean=3.64e-05 std=3.26e-04 | CIAM: mean=1.70e-06 std=1.52e-05
[05/14 06:49:19] [GradMonitor step=420] param-grad: weight_base: mean=-1.69e-08 std=2.40e-07 | weight_base_open: mean=6.15e-05 std=1.44e-03 | enc_conv1_weight: mean=4.30e-03 std=1.08e-02
[05/14 06:49:20] [GradMonitor step=430] near-input: bn0: mean=-1.81e-08 std=4.99e-04 pos=0.50 | enc_conv1: mean=-1.82e-14 std=6.48e-05 pos=0.41
[05/14 06:49:20] [GradMonitor step=430] deep/task: enc_layer4: mean=1.48e-06 std=1.47e-05 | PAM: mean=3.09e-05 std=3.14e-04 | CIAM: mean=1.48e-06 std=1.47e-05
[05/14 06:49:20] [GradMonitor step=430] param-grad: weight_base: mean=1.54e-10 std=2.92e-07 | weight_base_open: mean=-1.64e-05 std=1.46e-03 | enc_conv1_weight: mean=7.67e-04 std=1.15e-02
[05/14 06:49:21] [GradMonitor step=440] near-input: bn0: mean=-1.39e-07 std=5.21e-04 pos=0.50 | enc_conv1: mean=4.62e-15 std=6.59e-05 pos=0.41
[05/14 06:49:21] [GradMonitor step=440] deep/task: enc_layer4: mean=1.62e-06 std=1.30e-05 | PAM: mean=3.43e-05 std=2.77e-04 | CIAM: mean=1.62e-06 std=1.30e-05
[05/14 06:49:21] [GradMonitor step=440] param-grad: weight_base: mean=-7.23e-09 std=4.08e-07 | weight_base_open: mean=-2.42e-06 std=1.20e-03 | enc_conv1_weight: mean=1.30e-03 std=1.03e-02
[05/14 06:49:22] [GradMonitor step=450] near-input: bn0: mean=-2.69e-07 std=4.33e-04 pos=0.50 | enc_conv1: mean=-3.15e-14 std=5.91e-05 pos=0.37
[05/14 06:49:22] [GradMonitor step=450] deep/task: enc_layer4: mean=1.17e-06 std=1.32e-05 | PAM: mean=2.48e-05 std=2.81e-04 | CIAM: mean=1.17e-06 std=1.32e-05
[05/14 06:49:22] [GradMonitor step=450] param-grad: weight_base: mean=-3.41e-09 std=3.86e-07 | weight_base_open: mean=-6.63e-05 std=1.30e-03 | enc_conv1_weight: mean=-7.38e-04 std=1.01e-02
[05/14 06:49:23] [GradMonitor step=460] near-input: bn0: mean=1.27e-07 std=3.22e-04 pos=0.50 | enc_conv1: mean=-1.01e-14 std=4.13e-05 pos=0.35
[05/14 06:49:23] [GradMonitor step=460] deep/task: enc_layer4: mean=1.48e-06 std=1.09e-05 | PAM: mean=3.12e-05 std=2.34e-04 | CIAM: mean=1.48e-06 std=1.09e-05
[05/14 06:49:23] [GradMonitor step=460] param-grad: weight_base: mean=-5.23e-09 std=2.17e-07 | weight_base_open: mean=1.17e-05 std=1.26e-03 | enc_conv1_weight: mean=-2.96e-03 std=9.02e-03
[05/14 06:49:23] [GradMonitor step=470] near-input: bn0: mean=3.48e-10 std=3.33e-04 pos=0.50 | enc_conv1: mean=-7.59e-15 std=4.40e-05 pos=0.35
[05/14 06:49:23] [GradMonitor step=470] deep/task: enc_layer4: mean=2.14e-06 std=1.14e-05 | PAM: mean=4.54e-05 std=2.43e-04 | CIAM: mean=2.14e-06 std=1.14e-05
[05/14 06:49:23] [GradMonitor step=470] param-grad: weight_base: mean=8.51e-09 std=2.73e-07 | weight_base_open: mean=-5.12e-05 std=1.14e-03 | enc_conv1_weight: mean=-1.55e-03 std=8.61e-03
[05/14 06:49:24] [GradMonitor step=480] near-input: bn0: mean=1.61e-07 std=4.34e-04 pos=0.50 | enc_conv1: mean=2.03e-14 std=6.56e-05 pos=0.43
[05/14 06:49:24] [GradMonitor step=480] deep/task: enc_layer4: mean=7.95e-07 std=1.51e-05 | PAM: mean=1.71e-05 std=3.21e-04 | CIAM: mean=7.95e-07 std=1.51e-05
[05/14 06:49:24] [GradMonitor step=480] param-grad: weight_base: mean=5.87e-10 std=3.58e-07 | weight_base_open: mean=-5.88e-05 std=1.47e-03 | enc_conv1_weight: mean=-3.61e-05 std=1.24e-02
[05/14 06:49:25] [GradMonitor step=490] near-input: bn0: mean=-2.64e-08 std=3.24e-04 pos=0.50 | enc_conv1: mean=-1.19e-15 std=4.64e-05 pos=0.39
[05/14 06:49:25] [GradMonitor step=490] deep/task: enc_layer4: mean=1.70e-06 std=1.15e-05 | PAM: mean=3.57e-05 std=2.46e-04 | CIAM: mean=1.70e-06 std=1.15e-05
[05/14 06:49:25] [GradMonitor step=490] param-grad: weight_base: mean=-6.82e-09 std=3.07e-07 | weight_base_open: mean=-3.84e-05 std=1.22e-03 | enc_conv1_weight: mean=-9.18e-04 std=9.26e-03
[05/14 06:49:26] [GradMonitor step=500] near-input: bn0: mean=-5.16e-08 std=4.38e-04 pos=0.50 | enc_conv1: mean=1.75e-14 std=5.80e-05 pos=0.37
[05/14 06:49:26] [GradMonitor step=500] deep/task: enc_layer4: mean=1.75e-06 std=1.20e-05 | PAM: mean=3.71e-05 std=2.56e-04 | CIAM: mean=1.76e-06 std=1.20e-05
[05/14 06:49:26] [GradMonitor step=500] param-grad: weight_base: mean=-1.54e-08 std=2.94e-07 | weight_base_open: mean=-1.19e-05 std=1.16e-03 | enc_conv1_weight: mean=1.32e-03 std=8.39e-03
[05/14 06:49:27] [GradMonitor step=510] near-input: bn0: mean=1.64e-07 std=4.24e-04 pos=0.50 | enc_conv1: mean=-1.12e-14 std=5.67e-05 pos=0.38
[05/14 06:49:27] [GradMonitor step=510] deep/task: enc_layer4: mean=6.74e-07 std=1.36e-05 | PAM: mean=1.43e-05 std=2.91e-04 | CIAM: mean=6.75e-07 std=1.36e-05
[05/14 06:49:27] [GradMonitor step=510] param-grad: weight_base: mean=8.78e-10 std=4.06e-07 | weight_base_open: mean=-7.32e-06 std=1.06e-03 | enc_conv1_weight: mean=-1.14e-03 std=9.21e-03
[05/14 06:49:27] [GradMonitor step=520] near-input: bn0: mean=1.99e-07 std=6.16e-04 pos=0.50 | enc_conv1: mean=-8.28e-15 std=8.53e-05 pos=0.41
[05/14 06:49:27] [GradMonitor step=520] deep/task: enc_layer4: mean=1.28e-06 std=1.46e-05 | PAM: mean=2.68e-05 std=3.12e-04 | CIAM: mean=1.28e-06 std=1.46e-05
[05/14 06:49:27] [GradMonitor step=520] param-grad: weight_base: mean=8.11e-09 std=3.77e-07 | weight_base_open: mean=-8.74e-05 std=1.21e-03 | enc_conv1_weight: mean=-4.04e-04 std=1.01e-02
[05/14 06:49:28] [GradMonitor step=530] near-input: bn0: mean=-6.48e-08 std=3.89e-04 pos=0.50 | enc_conv1: mean=1.32e-14 std=5.18e-05 pos=0.43
[05/14 06:49:28] [GradMonitor step=530] deep/task: enc_layer4: mean=1.05e-06 std=1.20e-05 | PAM: mean=2.20e-05 std=2.56e-04 | CIAM: mean=1.05e-06 std=1.20e-05
[05/14 06:49:28] [GradMonitor step=530] param-grad: weight_base: mean=1.66e-08 std=4.47e-07 | weight_base_open: mean=-2.13e-05 std=1.19e-03 | enc_conv1_weight: mean=-3.18e-04 std=9.55e-03
[05/14 06:49:29] [GradMonitor step=540] near-input: bn0: mean=-5.83e-08 std=4.00e-04 pos=0.50 | enc_conv1: mean=3.76e-14 std=5.36e-05 pos=0.40
[05/14 06:49:29] [GradMonitor step=540] deep/task: enc_layer4: mean=1.57e-06 std=1.16e-05 | PAM: mean=3.29e-05 std=2.48e-04 | CIAM: mean=1.57e-06 std=1.16e-05
[05/14 06:49:29] [GradMonitor step=540] param-grad: weight_base: mean=-2.98e-09 std=4.76e-07 | weight_base_open: mean=4.31e-05 std=1.30e-03 | enc_conv1_weight: mean=-8.41e-04 std=9.53e-03
[05/14 06:49:30] [GradMonitor step=550] near-input: bn0: mean=-3.28e-08 std=3.55e-04 pos=0.50 | enc_conv1: mean=-4.01e-15 std=4.38e-05 pos=0.35
[05/14 06:49:30] [GradMonitor step=550] deep/task: enc_layer4: mean=1.18e-06 std=1.16e-05 | PAM: mean=2.56e-05 std=2.47e-04 | CIAM: mean=1.18e-06 std=1.16e-05
[05/14 06:49:30] [GradMonitor step=550] param-grad: weight_base: mean=-2.24e-08 std=4.67e-07 | weight_base_open: mean=1.51e-04 std=1.32e-03 | enc_conv1_weight: mean=3.22e-03 std=9.41e-03
[05/14 06:49:31] [GradMonitor step=560] near-input: bn0: mean=3.09e-07 std=5.31e-04 pos=0.50 | enc_conv1: mean=1.60e-15 std=6.75e-05 pos=0.39
[05/14 06:49:31] [GradMonitor step=560] deep/task: enc_layer4: mean=1.79e-06 std=1.11e-05 | PAM: mean=3.81e-05 std=2.36e-04 | CIAM: mean=1.79e-06 std=1.11e-05
[05/14 06:49:31] [GradMonitor step=560] param-grad: weight_base: mean=2.90e-09 std=1.06e-07 | weight_base_open: mean=-6.56e-05 std=1.05e-03 | enc_conv1_weight: mean=-2.03e-04 std=8.68e-03
[05/14 06:49:32] [GradMonitor step=570] near-input: bn0: mean=2.58e-07 std=5.64e-04 pos=0.50 | enc_conv1: mean=-1.85e-14 std=7.26e-05 pos=0.39
[05/14 06:49:32] [GradMonitor step=570] deep/task: enc_layer4: mean=2.10e-06 std=1.20e-05 | PAM: mean=4.52e-05 std=2.56e-04 | CIAM: mean=2.10e-06 std=1.20e-05
[05/14 06:49:32] [GradMonitor step=570] param-grad: weight_base: mean=6.90e-09 std=4.53e-07 | weight_base_open: mean=-4.10e-05 std=1.03e-03 | enc_conv1_weight: mean=2.20e-03 std=9.08e-03
[05/14 06:49:32] [GradMonitor step=580] near-input: bn0: mean=-4.25e-08 std=4.72e-04 pos=0.50 | enc_conv1: mean=-3.11e-15 std=5.97e-05 pos=0.39
[05/14 06:49:32] [GradMonitor step=580] deep/task: enc_layer4: mean=1.53e-06 std=1.26e-05 | PAM: mean=3.20e-05 std=2.70e-04 | CIAM: mean=1.53e-06 std=1.26e-05
[05/14 06:49:32] [GradMonitor step=580] param-grad: weight_base: mean=1.43e-08 std=2.17e-07 | weight_base_open: mean=-4.36e-05 std=1.01e-03 | enc_conv1_weight: mean=-1.15e-03 std=1.11e-02
[05/14 06:49:33] [GradMonitor step=590] near-input: bn0: mean=-5.09e-08 std=3.95e-04 pos=0.50 | enc_conv1: mean=8.61e-15 std=4.69e-05 pos=0.40
[05/14 06:49:33] [GradMonitor step=590] deep/task: enc_layer4: mean=2.02e-06 std=1.01e-05 | PAM: mean=4.26e-05 std=2.16e-04 | CIAM: mean=2.02e-06 std=1.01e-05
[05/14 06:49:33] [GradMonitor step=590] param-grad: weight_base: mean=-3.04e-09 std=1.24e-07 | weight_base_open: mean=4.80e-06 std=9.59e-04 | enc_conv1_weight: mean=-2.95e-04 std=7.87e-03
[05/14 06:49:34] [GradMonitor step=600] near-input: bn0: mean=-8.49e-08 std=3.12e-04 pos=0.50 | enc_conv1: mean=-3.09e-15 std=4.35e-05 pos=0.39
[05/14 06:49:34] [GradMonitor step=600] deep/task: enc_layer4: mean=2.03e-06 std=9.97e-06 | PAM: mean=4.30e-05 std=2.13e-04 | CIAM: mean=2.03e-06 std=9.97e-06
[05/14 06:49:34] [GradMonitor step=600] param-grad: weight_base: mean=-3.83e-09 std=4.54e-07 | weight_base_open: mean=4.16e-05 std=1.20e-03 | enc_conv1_weight: mean=3.26e-04 std=7.72e-03
[05/14 06:49:35] [GradMonitor step=610] near-input: bn0: mean=4.12e-07 std=5.53e-04 pos=0.50 | enc_conv1: mean=-1.03e-14 std=7.57e-05 pos=0.37
[05/14 06:49:35] [GradMonitor step=610] deep/task: enc_layer4: mean=1.95e-07 std=1.52e-05 | PAM: mean=4.12e-06 std=3.25e-04 | CIAM: mean=1.95e-07 std=1.52e-05
[05/14 06:49:35] [GradMonitor step=610] param-grad: weight_base: mean=7.02e-09 std=4.01e-07 | weight_base_open: mean=-3.02e-05 std=1.19e-03 | enc_conv1_weight: mean=-5.22e-04 std=1.04e-02
[05/14 06:49:36] [GradMonitor step=620] near-input: bn0: mean=-7.62e-08 std=4.74e-04 pos=0.50 | enc_conv1: mean=2.13e-16 std=5.84e-05 pos=0.39
[05/14 06:49:36] [GradMonitor step=620] deep/task: enc_layer4: mean=2.18e-06 std=1.23e-05 | PAM: mean=4.63e-05 std=2.63e-04 | CIAM: mean=2.18e-06 std=1.23e-05
[05/14 06:49:36] [GradMonitor step=620] param-grad: weight_base: mean=5.18e-09 std=2.91e-07 | weight_base_open: mean=-1.87e-05 std=1.04e-03 | enc_conv1_weight: mean=-2.73e-03 std=7.61e-03
[05/14 06:49:37] [GradMonitor step=630] near-input: bn0: mean=-9.10e-08 std=2.83e-04 pos=0.50 | enc_conv1: mean=-9.79e-15 std=3.59e-05 pos=0.36
[05/14 06:49:37] [GradMonitor step=630] deep/task: enc_layer4: mean=1.16e-06 std=9.47e-06 | PAM: mean=2.45e-05 std=2.02e-04 | CIAM: mean=1.16e-06 std=9.47e-06
[05/14 06:49:37] [GradMonitor step=630] param-grad: weight_base: mean=1.24e-09 std=1.32e-07 | weight_base_open: mean=-1.47e-05 std=9.36e-04 | enc_conv1_weight: mean=-8.03e-04 std=7.96e-03
[05/14 06:49:38] [GradMonitor step=640] near-input: bn0: mean=-1.95e-07 std=3.93e-04 pos=0.50 | enc_conv1: mean=6.79e-15 std=5.26e-05 pos=0.43
[05/14 06:49:38] [GradMonitor step=640] deep/task: enc_layer4: mean=1.47e-06 std=1.22e-05 | PAM: mean=3.10e-05 std=2.60e-04 | CIAM: mean=1.47e-06 std=1.22e-05
[05/14 06:49:38] [GradMonitor step=640] param-grad: weight_base: mean=-4.89e-09 std=2.20e-07 | weight_base_open: mean=-3.12e-05 std=8.07e-04 | enc_conv1_weight: mean=2.45e-03 std=1.02e-02
[05/14 06:49:38] [GradMonitor step=650] near-input: bn0: mean=2.09e-07 std=4.33e-04 pos=0.50 | enc_conv1: mean=-2.87e-15 std=5.77e-05 pos=0.42
[05/14 06:49:38] [GradMonitor step=650] deep/task: enc_layer4: mean=7.81e-07 std=1.29e-05 | PAM: mean=1.63e-05 std=2.75e-04 | CIAM: mean=7.82e-07 std=1.29e-05
[05/14 06:49:38] [GradMonitor step=650] param-grad: weight_base: mean=1.95e-09 std=5.82e-07 | weight_base_open: mean=1.62e-05 std=9.89e-04 | enc_conv1_weight: mean=-1.76e-04 std=9.30e-03
[05/14 06:49:39] [GradMonitor step=660] near-input: bn0: mean=5.73e-08 std=5.10e-04 pos=0.50 | enc_conv1: mean=1.59e-14 std=6.21e-05 pos=0.37
[05/14 06:49:39] [GradMonitor step=660] deep/task: enc_layer4: mean=1.51e-06 std=1.30e-05 | PAM: mean=3.19e-05 std=2.78e-04 | CIAM: mean=1.51e-06 std=1.30e-05
[05/14 06:49:39] [GradMonitor step=660] param-grad: weight_base: mean=2.27e-09 std=2.43e-07 | weight_base_open: mean=6.64e-06 std=8.80e-04 | enc_conv1_weight: mean=1.09e-03 std=9.10e-03
[05/14 06:49:40] [GradMonitor step=670] near-input: bn0: mean=1.48e-07 std=2.81e-04 pos=0.50 | enc_conv1: mean=-3.60e-15 std=3.59e-05 pos=0.38
[05/14 06:49:40] [GradMonitor step=670] deep/task: enc_layer4: mean=4.12e-07 std=9.53e-06 | PAM: mean=8.76e-06 std=2.02e-04 | CIAM: mean=4.13e-07 std=9.53e-06
[05/14 06:49:40] [GradMonitor step=670] param-grad: weight_base: mean=-2.97e-09 std=3.99e-07 | weight_base_open: mean=9.31e-05 std=1.02e-03 | enc_conv1_weight: mean=-1.49e-03 std=9.10e-03
[05/14 06:49:41] [GradMonitor step=680] near-input: bn0: mean=-1.56e-08 std=4.10e-04 pos=0.50 | enc_conv1: mean=-2.86e-15 std=5.35e-05 pos=0.38
[05/14 06:49:41] [GradMonitor step=680] deep/task: enc_layer4: mean=1.10e-06 std=1.20e-05 | PAM: mean=2.34e-05 std=2.57e-04 | CIAM: mean=1.11e-06 std=1.20e-05
[05/14 06:49:41] [GradMonitor step=680] param-grad: weight_base: mean=-4.38e-09 std=1.31e-07 | weight_base_open: mean=3.89e-05 std=8.61e-04 | enc_conv1_weight: mean=2.03e-03 std=9.45e-03
[05/14 06:49:42] [GradMonitor step=690] near-input: bn0: mean=5.43e-08 std=4.10e-04 pos=0.50 | enc_conv1: mean=-3.06e-14 std=5.40e-05 pos=0.38
[05/14 06:49:42] [GradMonitor step=690] deep/task: enc_layer4: mean=2.54e-06 std=1.11e-05 | PAM: mean=5.33e-05 std=2.38e-04 | CIAM: mean=2.54e-06 std=1.11e-05
[05/14 06:49:42] [GradMonitor step=690] param-grad: weight_base: mean=8.85e-09 std=2.27e-07 | weight_base_open: mean=2.90e-06 std=1.10e-03 | enc_conv1_weight: mean=-6.57e-04 std=9.07e-03
[05/14 06:49:42] [GradMonitor step=700] near-input: bn0: mean=-2.08e-08 std=5.02e-04 pos=0.50 | enc_conv1: mean=4.67e-15 std=6.89e-05 pos=0.36
[05/14 06:49:42] [GradMonitor step=700] deep/task: enc_layer4: mean=1.53e-06 std=1.36e-05 | PAM: mean=3.21e-05 std=2.90e-04 | CIAM: mean=1.53e-06 std=1.36e-05
[05/14 06:49:42] [GradMonitor step=700] param-grad: weight_base: mean=5.09e-10 std=2.07e-07 | weight_base_open: mean=-2.28e-05 std=9.70e-04 | enc_conv1_weight: mean=-2.74e-04 std=1.11e-02
[05/14 06:49:43] [GradMonitor step=710] near-input: bn0: mean=3.49e-08 std=3.95e-04 pos=0.50 | enc_conv1: mean=2.51e-14 std=5.06e-05 pos=0.41
[05/14 06:49:43] [GradMonitor step=710] deep/task: enc_layer4: mean=1.52e-06 std=1.18e-05 | PAM: mean=3.17e-05 std=2.52e-04 | CIAM: mean=1.52e-06 std=1.18e-05
[05/14 06:49:43] [GradMonitor step=710] param-grad: weight_base: mean=1.45e-09 std=2.96e-07 | weight_base_open: mean=-2.64e-05 std=9.07e-04 | enc_conv1_weight: mean=9.14e-04 std=1.10e-02
[05/14 06:49:44] [GradMonitor step=720] near-input: bn0: mean=-1.98e-07 std=3.30e-04 pos=0.50 | enc_conv1: mean=-5.65e-15 std=4.52e-05 pos=0.37
[05/14 06:49:44] [GradMonitor step=720] deep/task: enc_layer4: mean=1.48e-06 std=1.13e-05 | PAM: mean=3.15e-05 std=2.41e-04 | CIAM: mean=1.48e-06 std=1.13e-05
[05/14 06:49:44] [GradMonitor step=720] param-grad: weight_base: mean=-4.49e-09 std=1.59e-07 | weight_base_open: mean=-2.92e-06 std=8.45e-04 | enc_conv1_weight: mean=1.63e-03 std=1.19e-02
[05/14 06:49:45] [GradMonitor step=730] near-input: bn0: mean=8.71e-08 std=4.81e-04 pos=0.50 | enc_conv1: mean=2.80e-14 std=6.58e-05 pos=0.39
[05/14 06:49:45] [GradMonitor step=730] deep/task: enc_layer4: mean=1.33e-06 std=1.23e-05 | PAM: mean=2.77e-05 std=2.62e-04 | CIAM: mean=1.33e-06 std=1.23e-05
[05/14 06:49:45] [GradMonitor step=730] param-grad: weight_base: mean=4.20e-09 std=3.49e-07 | weight_base_open: mean=8.26e-06 std=7.26e-04 | enc_conv1_weight: mean=-1.31e-03 std=1.01e-02
[05/14 06:49:46] [GradMonitor step=740] near-input: bn0: mean=-1.22e-08 std=5.02e-04 pos=0.50 | enc_conv1: mean=-1.82e-15 std=6.13e-05 pos=0.42
[05/14 06:49:46] [GradMonitor step=740] deep/task: enc_layer4: mean=2.09e-06 std=1.08e-05 | PAM: mean=4.45e-05 std=2.30e-04 | CIAM: mean=2.09e-06 std=1.08e-05
[05/14 06:49:46] [GradMonitor step=740] param-grad: weight_base: mean=-5.07e-09 std=2.93e-07 | weight_base_open: mean=1.40e-05 std=8.20e-04 | enc_conv1_weight: mean=8.38e-04 std=9.89e-03
[05/14 06:49:47] [GradMonitor step=750] near-input: bn0: mean=3.46e-08 std=3.79e-04 pos=0.50 | enc_conv1: mean=-2.03e-14 std=5.10e-05 pos=0.38
[05/14 06:49:47] [GradMonitor step=750] deep/task: enc_layer4: mean=1.11e-06 std=1.28e-05 | PAM: mean=2.34e-05 std=2.72e-04 | CIAM: mean=1.11e-06 std=1.28e-05
[05/14 06:49:47] [GradMonitor step=750] param-grad: weight_base: mean=-1.61e-09 std=1.30e-07 | weight_base_open: mean=8.62e-05 std=9.78e-04 | enc_conv1_weight: mean=-1.66e-03 std=1.03e-02
[05/14 06:49:47] [GradMonitor step=760] near-input: bn0: mean=4.09e-08 std=4.84e-04 pos=0.50 | enc_conv1: mean=8.83e-15 std=6.23e-05 pos=0.40
[05/14 06:49:47] [GradMonitor step=760] deep/task: enc_layer4: mean=9.68e-07 std=1.23e-05 | PAM: mean=2.04e-05 std=2.63e-04 | CIAM: mean=9.69e-07 std=1.23e-05
[05/14 06:49:47] [GradMonitor step=760] param-grad: weight_base: mean=-1.63e-08 std=2.44e-07 | weight_base_open: mean=-1.98e-05 std=9.68e-04 | enc_conv1_weight: mean=1.28e-03 std=1.18e-02
[05/14 06:49:48] [GradMonitor step=770] near-input: bn0: mean=9.84e-09 std=4.66e-04 pos=0.50 | enc_conv1: mean=1.26e-14 std=6.54e-05 pos=0.40
[05/14 06:49:48] [GradMonitor step=770] deep/task: enc_layer4: mean=2.08e-06 std=1.32e-05 | PAM: mean=4.37e-05 std=2.83e-04 | CIAM: mean=2.09e-06 std=1.32e-05
[05/14 06:49:48] [GradMonitor step=770] param-grad: weight_base: mean=1.52e-08 std=3.23e-07 | weight_base_open: mean=3.13e-05 std=8.80e-04 | enc_conv1_weight: mean=9.48e-04 std=1.09e-02
[05/14 06:49:49] [GradMonitor step=780] near-input: bn0: mean=6.33e-08 std=3.95e-04 pos=0.50 | enc_conv1: mean=-8.85e-15 std=5.04e-05 pos=0.38
[05/14 06:49:49] [GradMonitor step=780] deep/task: enc_layer4: mean=1.29e-06 std=1.05e-05 | PAM: mean=2.72e-05 std=2.23e-04 | CIAM: mean=1.29e-06 std=1.05e-05
[05/14 06:49:49] [GradMonitor step=780] param-grad: weight_base: mean=2.71e-09 std=2.18e-07 | weight_base_open: mean=4.47e-05 std=8.26e-04 | enc_conv1_weight: mean=-2.24e-03 std=1.01e-02
[05/14 06:49:50] [GradMonitor step=790] near-input: bn0: mean=-1.27e-09 std=2.82e-04 pos=0.50 | enc_conv1: mean=-1.21e-14 std=3.64e-05 pos=0.40
[05/14 06:49:50] [GradMonitor step=790] deep/task: enc_layer4: mean=6.29e-07 std=1.00e-05 | PAM: mean=1.33e-05 std=2.14e-04 | CIAM: mean=6.30e-07 std=1.00e-05
[05/14 06:49:50] [GradMonitor step=790] param-grad: weight_base: mean=4.78e-10 std=2.68e-07 | weight_base_open: mean=2.11e-05 std=8.67e-04 | enc_conv1_weight: mean=1.22e-03 std=9.05e-03
[05/14 06:49:51] [GradMonitor step=800] near-input: bn0: mean=2.42e-07 std=4.81e-04 pos=0.50 | enc_conv1: mean=3.14e-15 std=6.79e-05 pos=0.39
[05/14 06:49:51] [GradMonitor step=800] deep/task: enc_layer4: mean=1.09e-06 std=1.48e-05 | PAM: mean=2.27e-05 std=3.15e-04 | CIAM: mean=1.09e-06 std=1.48e-05
[05/14 06:49:51] [GradMonitor step=800] param-grad: weight_base: mean=-1.69e-09 std=2.98e-07 | weight_base_open: mean=5.26e-06 std=8.94e-04 | enc_conv1_weight: mean=-5.44e-04 std=1.15e-02
[05/14 06:49:51] 
[05/14 06:49:51] epoch 2/40, iter 800:
[05/14 06:49:51] train_loss: 1.72838
[05/14 06:49:51] train_acc: 0.751
[05/14 06:49:51] train_auroc: 0.716
[05/14 06:49:57] Summary name val_6-way-5-shot_tpr@tnr95 is illegal; using val_6-way-5-shot_tpr_tnr95 instead.
[05/14 06:49:57] val_6-way-5-shot_acc: 61.700	0.662
[05/14 06:49:57] val_6-way-5-shot_auroc: 37.967	1.846
[05/14 06:49:57] val_6-way-5-shot_fscore: 19.198	0.291
[05/14 06:49:57] val_6-way-5-shot_tpr@tnr95: 4.875	1.300
[05/14 06:49:57] val_6-way-5-shot_osr: 49.201	0.649
[05/14 06:49:57] BEST ACC!
[05/14 06:49:58] [GradMonitor step=810] near-input: bn0: mean=-1.73e-07 std=3.03e-04 pos=0.50 | enc_conv1: mean=-7.44e-15 std=4.15e-05 pos=0.35
[05/14 06:49:58] [GradMonitor step=810] deep/task: enc_layer4: mean=1.13e-06 std=1.01e-05 | PAM: mean=2.38e-05 std=2.15e-04 | CIAM: mean=1.13e-06 std=1.01e-05
[05/14 06:49:58] [GradMonitor step=810] param-grad: weight_base: mean=9.58e-09 std=3.66e-07 | weight_base_open: mean=-2.43e-05 std=9.49e-04 | enc_conv1_weight: mean=-2.61e-03 std=1.02e-02
[05/14 06:49:59] [GradMonitor step=820] near-input: bn0: mean=-2.25e-08 std=3.88e-04 pos=0.50 | enc_conv1: mean=1.39e-14 std=5.42e-05 pos=0.42
[05/14 06:49:59] [GradMonitor step=820] deep/task: enc_layer4: mean=1.65e-06 std=1.35e-05 | PAM: mean=3.52e-05 std=2.89e-04 | CIAM: mean=1.65e-06 std=1.35e-05
[05/14 06:49:59] [GradMonitor step=820] param-grad: weight_base: mean=9.95e-10 std=2.69e-07 | weight_base_open: mean=-1.49e-04 std=8.61e-04 | enc_conv1_weight: mean=3.62e-03 std=9.77e-03
[05/14 06:50:00] [GradMonitor step=830] near-input: bn0: mean=-4.32e-08 std=4.52e-04 pos=0.50 | enc_conv1: mean=8.43e-15 std=5.85e-05 pos=0.39
[05/14 06:50:00] [GradMonitor step=830] deep/task: enc_layer4: mean=1.59e-06 std=1.29e-05 | PAM: mean=3.35e-05 std=2.76e-04 | CIAM: mean=1.59e-06 std=1.29e-05
[05/14 06:50:00] [GradMonitor step=830] param-grad: weight_base: mean=-3.05e-09 std=1.71e-07 | weight_base_open: mean=4.06e-05 std=8.96e-04 | enc_conv1_weight: mean=7.66e-04 std=1.25e-02
[05/14 06:50:01] [GradMonitor step=840] near-input: bn0: mean=-1.13e-07 std=4.58e-04 pos=0.50 | enc_conv1: mean=-3.48e-14 std=5.86e-05 pos=0.39
[05/14 06:50:01] [GradMonitor step=840] deep/task: enc_layer4: mean=1.81e-06 std=1.13e-05 | PAM: mean=3.81e-05 std=2.41e-04 | CIAM: mean=1.81e-06 std=1.13e-05
[05/14 06:50:01] [GradMonitor step=840] param-grad: weight_base: mean=3.21e-09 std=2.26e-07 | weight_base_open: mean=-2.02e-05 std=7.61e-04 | enc_conv1_weight: mean=1.64e-03 std=9.31e-03
[05/14 06:50:01] [GradMonitor step=850] near-input: bn0: mean=-3.27e-07 std=4.85e-04 pos=0.50 | enc_conv1: mean=1.27e-14 std=6.59e-05 pos=0.38
[05/14 06:50:01] [GradMonitor step=850] deep/task: enc_layer4: mean=1.35e-06 std=1.31e-05 | PAM: mean=2.83e-05 std=2.79e-04 | CIAM: mean=1.35e-06 std=1.31e-05
[05/14 06:50:01] [GradMonitor step=850] param-grad: weight_base: mean=1.47e-08 std=3.39e-07 | weight_base_open: mean=-1.77e-05 std=8.57e-04 | enc_conv1_weight: mean=1.45e-04 std=1.14e-02
[05/14 06:50:02] [GradMonitor step=860] near-input: bn0: mean=7.66e-08 std=3.08e-04 pos=0.50 | enc_conv1: mean=-2.70e-15 std=3.98e-05 pos=0.37
[05/14 06:50:02] [GradMonitor step=860] deep/task: enc_layer4: mean=1.62e-06 std=1.01e-05 | PAM: mean=3.42e-05 std=2.16e-04 | CIAM: mean=1.63e-06 std=1.01e-05
[05/14 06:50:02] [GradMonitor step=860] param-grad: weight_base: mean=-2.13e-08 std=4.04e-07 | weight_base_open: mean=-2.25e-05 std=9.20e-04 | enc_conv1_weight: mean=-2.97e-03 std=9.17e-03
[05/14 06:50:03] [GradMonitor step=870] near-input: bn0: mean=1.14e-07 std=3.23e-04 pos=0.50 | enc_conv1: mean=-5.02e-15 std=4.35e-05 pos=0.34
[05/14 06:50:03] [GradMonitor step=870] deep/task: enc_layer4: mean=2.16e-06 std=1.05e-05 | PAM: mean=4.55e-05 std=2.24e-04 | CIAM: mean=2.16e-06 std=1.05e-05
[05/14 06:50:03] [GradMonitor step=870] param-grad: weight_base: mean=3.68e-09 std=1.56e-07 | weight_base_open: mean=3.51e-05 std=9.06e-04 | enc_conv1_weight: mean=-5.84e-04 std=9.15e-03
[05/14 06:50:04] [GradMonitor step=880] near-input: bn0: mean=1.73e-07 std=4.24e-04 pos=0.50 | enc_conv1: mean=-7.04e-15 std=6.36e-05 pos=0.40
[05/14 06:50:04] [GradMonitor step=880] deep/task: enc_layer4: mean=7.77e-07 std=1.35e-05 | PAM: mean=1.66e-05 std=2.87e-04 | CIAM: mean=7.77e-07 std=1.35e-05
[05/14 06:50:04] [GradMonitor step=880] param-grad: weight_base: mean=-2.68e-09 std=1.43e-07 | weight_base_open: mean=8.86e-06 std=6.92e-04 | enc_conv1_weight: mean=2.41e-04 std=1.25e-02
[05/14 06:50:05] [GradMonitor step=890] near-input: bn0: mean=-9.61e-09 std=3.00e-04 pos=0.50 | enc_conv1: mean=-9.79e-15 std=4.29e-05 pos=0.39
[05/14 06:50:05] [GradMonitor step=890] deep/task: enc_layer4: mean=1.85e-06 std=1.05e-05 | PAM: mean=3.87e-05 std=2.23e-04 | CIAM: mean=1.85e-06 std=1.05e-05
[05/14 06:50:05] [GradMonitor step=890] param-grad: weight_base: mean=6.40e-09 std=1.67e-07 | weight_base_open: mean=-2.43e-05 std=8.10e-04 | enc_conv1_weight: mean=-1.26e-03 std=1.00e-02
[05/14 06:50:06] [GradMonitor step=900] near-input: bn0: mean=5.07e-08 std=4.10e-04 pos=0.50 | enc_conv1: mean=2.10e-14 std=5.38e-05 pos=0.34
[05/14 06:50:06] [GradMonitor step=900] deep/task: enc_layer4: mean=1.83e-06 std=1.07e-05 | PAM: mean=3.88e-05 std=2.28e-04 | CIAM: mean=1.83e-06 std=1.07e-05
[05/14 06:50:06] [GradMonitor step=900] param-grad: weight_base: mean=-1.32e-09 std=2.26e-07 | weight_base_open: mean=-5.34e-07 std=9.30e-04 | enc_conv1_weight: mean=1.65e-03 std=8.64e-03
[05/14 06:50:07] [GradMonitor step=910] near-input: bn0: mean=1.10e-07 std=3.86e-04 pos=0.50 | enc_conv1: mean=-2.15e-15 std=5.20e-05 pos=0.38
[05/14 06:50:07] [GradMonitor step=910] deep/task: enc_layer4: mean=6.95e-07 std=1.26e-05 | PAM: mean=1.47e-05 std=2.68e-04 | CIAM: mean=6.96e-07 std=1.26e-05
[05/14 06:50:07] [GradMonitor step=910] param-grad: weight_base: mean=9.38e-09 std=2.32e-07 | weight_base_open: mean=2.11e-05 std=6.98e-04 | enc_conv1_weight: mean=-1.53e-03 std=1.04e-02
[05/14 06:50:07] [GradMonitor step=920] near-input: bn0: mean=2.71e-07 std=5.58e-04 pos=0.50 | enc_conv1: mean=6.77e-15 std=7.95e-05 pos=0.38
[05/14 06:50:07] [GradMonitor step=920] deep/task: enc_layer4: mean=1.50e-06 std=1.33e-05 | PAM: mean=3.13e-05 std=2.85e-04 | CIAM: mean=1.50e-06 std=1.33e-05
[05/14 06:50:07] [GradMonitor step=920] param-grad: weight_base: mean=-6.26e-09 std=2.97e-07 | weight_base_open: mean=2.75e-05 std=8.94e-04 | enc_conv1_weight: mean=-9.03e-05 std=1.13e-02
[05/14 06:50:08] [GradMonitor step=930] near-input: bn0: mean=-5.26e-08 std=3.32e-04 pos=0.50 | enc_conv1: mean=3.00e-14 std=4.40e-05 pos=0.43
[05/14 06:50:08] [GradMonitor step=930] deep/task: enc_layer4: mean=1.22e-06 std=1.04e-05 | PAM: mean=2.55e-05 std=2.23e-04 | CIAM: mean=1.22e-06 std=1.04e-05
[05/14 06:50:08] [GradMonitor step=930] param-grad: weight_base: mean=4.82e-09 std=1.77e-07 | weight_base_open: mean=2.33e-06 std=8.64e-04 | enc_conv1_weight: mean=-3.34e-07 std=9.45e-03
[05/14 06:50:09] [GradMonitor step=940] near-input: bn0: mean=-5.06e-08 std=3.45e-04 pos=0.50 | enc_conv1: mean=-5.74e-15 std=4.63e-05 pos=0.38
[05/14 06:50:09] [GradMonitor step=940] deep/task: enc_layer4: mean=1.56e-06 std=1.03e-05 | PAM: mean=3.27e-05 std=2.19e-04 | CIAM: mean=1.57e-06 std=1.03e-05
[05/14 06:50:09] [GradMonitor step=940] param-grad: weight_base: mean=4.45e-09 std=2.08e-07 | weight_base_open: mean=-1.15e-05 std=9.14e-04 | enc_conv1_weight: mean=-6.16e-04 std=1.04e-02
[05/14 06:50:10] [GradMonitor step=950] near-input: bn0: mean=-2.92e-08 std=3.33e-04 pos=0.50 | enc_conv1: mean=-1.13e-14 std=4.09e-05 pos=0.32
[05/14 06:50:10] [GradMonitor step=950] deep/task: enc_layer4: mean=1.22e-06 std=1.09e-05 | PAM: mean=2.63e-05 std=2.33e-04 | CIAM: mean=1.22e-06 std=1.09e-05
[05/14 06:50:10] [GradMonitor step=950] param-grad: weight_base: mean=-1.41e-09 std=2.08e-07 | weight_base_open: mean=6.36e-06 std=9.30e-04 | enc_conv1_weight: mean=4.15e-03 std=1.00e-02
[05/14 06:50:11] [GradMonitor step=960] near-input: bn0: mean=2.15e-07 std=5.65e-04 pos=0.50 | enc_conv1: mean=2.45e-14 std=7.10e-05 pos=0.39
[05/14 06:50:11] [GradMonitor step=960] deep/task: enc_layer4: mean=1.89e-06 std=1.04e-05 | PAM: mean=4.01e-05 std=2.21e-04 | CIAM: mean=1.89e-06 std=1.04e-05
[05/14 06:50:11] [GradMonitor step=960] param-grad: weight_base: mean=2.01e-09 std=5.32e-08 | weight_base_open: mean=4.38e-06 std=7.44e-04 | enc_conv1_weight: mean=-5.92e-04 std=9.58e-03
[05/14 06:50:12] [GradMonitor step=970] near-input: bn0: mean=2.26e-07 std=5.26e-04 pos=0.50 | enc_conv1: mean=1.78e-15 std=6.92e-05 pos=0.40
[05/14 06:50:12] [GradMonitor step=970] deep/task: enc_layer4: mean=2.24e-06 std=1.07e-05 | PAM: mean=4.80e-05 std=2.27e-04 | CIAM: mean=2.24e-06 std=1.07e-05
[05/14 06:50:12] [GradMonitor step=970] param-grad: weight_base: mean=-4.61e-09 std=3.14e-07 | weight_base_open: mean=-1.67e-05 std=8.22e-04 | enc_conv1_weight: mean=2.81e-03 std=9.75e-03
[05/14 06:50:12] [GradMonitor step=980] near-input: bn0: mean=7.67e-08 std=4.56e-04 pos=0.50 | enc_conv1: mean=-1.24e-14 std=5.78e-05 pos=0.38
[05/14 06:50:12] [GradMonitor step=980] deep/task: enc_layer4: mean=1.56e-06 std=1.15e-05 | PAM: mean=3.27e-05 std=2.45e-04 | CIAM: mean=1.57e-06 std=1.15e-05
[05/14 06:50:12] [GradMonitor step=980] param-grad: weight_base: mean=-7.12e-09 std=1.24e-07 | weight_base_open: mean=5.41e-06 std=7.84e-04 | enc_conv1_weight: mean=-1.92e-03 std=1.13e-02
[05/14 06:50:13] [GradMonitor step=990] near-input: bn0: mean=6.56e-08 std=3.63e-04 pos=0.50 | enc_conv1: mean=-2.50e-15 std=4.32e-05 pos=0.37
[05/14 06:50:13] [GradMonitor step=990] deep/task: enc_layer4: mean=2.13e-06 std=9.04e-06 | PAM: mean=4.49e-05 std=1.93e-04 | CIAM: mean=2.13e-06 std=9.04e-06
[05/14 06:50:13] [GradMonitor step=990] param-grad: weight_base: mean=-2.73e-09 std=1.38e-07 | weight_base_open: mean=-8.10e-05 std=7.84e-04 | enc_conv1_weight: mean=-4.53e-05 std=8.01e-03
[05/14 06:50:14] [GradMonitor step=1000] near-input: bn0: mean=-7.81e-08 std=3.07e-04 pos=0.50 | enc_conv1: mean=2.27e-15 std=4.29e-05 pos=0.37
[05/14 06:50:14] [GradMonitor step=1000] deep/task: enc_layer4: mean=2.07e-06 std=9.06e-06 | PAM: mean=4.38e-05 std=1.93e-04 | CIAM: mean=2.07e-06 std=9.06e-06
[05/14 06:50:14] [GradMonitor step=1000] param-grad: weight_base: mean=-9.50e-09 std=1.80e-07 | weight_base_open: mean=-7.38e-06 std=8.23e-04 | enc_conv1_weight: mean=-2.25e-04 std=8.02e-03
[05/14 06:50:15] [GradMonitor step=1010] near-input: bn0: mean=2.92e-07 std=5.59e-04 pos=0.50 | enc_conv1: mean=5.31e-15 std=7.54e-05 pos=0.38
[05/14 06:50:15] [GradMonitor step=1010] deep/task: enc_layer4: mean=7.74e-08 std=1.45e-05 | PAM: mean=1.26e-06 std=3.11e-04 | CIAM: mean=7.79e-08 std=1.45e-05
[05/14 06:50:15] [GradMonitor step=1010] param-grad: weight_base: mean=1.39e-08 std=3.25e-07 | weight_base_open: mean=-2.91e-05 std=7.80e-04 | enc_conv1_weight: mean=5.46e-05 std=1.24e-02
[05/14 06:50:16] [GradMonitor step=1020] near-input: bn0: mean=-5.99e-08 std=4.49e-04 pos=0.50 | enc_conv1: mean=2.49e-15 std=5.59e-05 pos=0.39
[05/14 06:50:16] [GradMonitor step=1020] deep/task: enc_layer4: mean=2.20e-06 std=1.14e-05 | PAM: mean=4.67e-05 std=2.43e-04 | CIAM: mean=2.21e-06 std=1.14e-05
[05/14 06:50:16] [GradMonitor step=1020] param-grad: weight_base: mean=1.37e-08 std=2.72e-07 | weight_base_open: mean=-2.57e-05 std=7.91e-04 | enc_conv1_weight: mean=-3.50e-03 std=8.55e-03
[05/14 06:50:17] [GradMonitor step=1030] near-input: bn0: mean=-1.28e-07 std=2.75e-04 pos=0.50 | enc_conv1: mean=-7.82e-15 std=3.40e-05 pos=0.37
[05/14 06:50:17] [GradMonitor step=1030] deep/task: enc_layer4: mean=1.27e-06 std=8.85e-06 | PAM: mean=2.70e-05 std=1.88e-04 | CIAM: mean=1.27e-06 std=8.85e-06
[05/14 06:50:17] [GradMonitor step=1030] param-grad: weight_base: mean=1.76e-09 std=1.30e-07 | weight_base_open: mean=1.96e-05 std=6.64e-04 | enc_conv1_weight: mean=-4.23e-04 std=9.91e-03
[05/14 06:50:17] [GradMonitor step=1040] near-input: bn0: mean=-1.74e-07 std=3.83e-04 pos=0.50 | enc_conv1: mean=-8.98e-15 std=5.16e-05 pos=0.42
[05/14 06:50:17] [GradMonitor step=1040] deep/task: enc_layer4: mean=1.62e-06 std=1.12e-05 | PAM: mean=3.42e-05 std=2.37e-04 | CIAM: mean=1.63e-06 std=1.12e-05
[05/14 06:50:17] [GradMonitor step=1040] param-grad: weight_base: mean=-7.54e-09 std=2.02e-07 | weight_base_open: mean=8.19e-06 std=6.23e-04 | enc_conv1_weight: mean=3.64e-03 std=1.06e-02
[05/14 06:50:18] [GradMonitor step=1050] near-input: bn0: mean=1.51e-07 std=4.24e-04 pos=0.50 | enc_conv1: mean=-2.20e-14 std=5.63e-05 pos=0.41
[05/14 06:50:18] [GradMonitor step=1050] deep/task: enc_layer4: mean=8.37e-07 std=1.20e-05 | PAM: mean=1.75e-05 std=2.57e-04 | CIAM: mean=8.37e-07 std=1.20e-05
[05/14 06:50:18] [GradMonitor step=1050] param-grad: weight_base: mean=8.63e-10 std=2.72e-07 | weight_base_open: mean=-1.59e-05 std=8.12e-04 | enc_conv1_weight: mean=8.61e-05 std=9.66e-03
[05/14 06:50:19] [GradMonitor step=1060] near-input: bn0: mean=-8.55e-09 std=5.01e-04 pos=0.50 | enc_conv1: mean=1.20e-14 std=6.10e-05 pos=0.34
[05/14 06:50:19] [GradMonitor step=1060] deep/task: enc_layer4: mean=1.58e-06 std=1.22e-05 | PAM: mean=3.33e-05 std=2.62e-04 | CIAM: mean=1.58e-06 std=1.22e-05
[05/14 06:50:19] [GradMonitor step=1060] param-grad: weight_base: mean=-8.57e-09 std=1.81e-07 | weight_base_open: mean=7.47e-06 std=7.01e-04 | enc_conv1_weight: mean=3.71e-04 std=9.34e-03
[05/14 06:50:20] [GradMonitor step=1070] near-input: bn0: mean=9.01e-08 std=2.78e-04 pos=0.50 | enc_conv1: mean=6.35e-15 std=3.54e-05 pos=0.37
[05/14 06:50:20] [GradMonitor step=1070] deep/task: enc_layer4: mean=4.43e-07 std=9.20e-06 | PAM: mean=9.42e-06 std=1.95e-04 | CIAM: mean=4.43e-07 std=9.20e-06
[05/14 06:50:20] [GradMonitor step=1070] param-grad: weight_base: mean=-1.12e-08 std=2.14e-07 | weight_base_open: mean=-2.54e-05 std=7.73e-04 | enc_conv1_weight: mean=-1.44e-03 std=1.05e-02
[05/14 06:50:21] [GradMonitor step=1080] near-input: bn0: mean=5.26e-08 std=4.34e-04 pos=0.50 | enc_conv1: mean=2.33e-15 std=5.84e-05 pos=0.41
[05/14 06:50:21] [GradMonitor step=1080] deep/task: enc_layer4: mean=1.25e-06 std=1.20e-05 | PAM: mean=2.67e-05 std=2.57e-04 | CIAM: mean=1.25e-06 std=1.20e-05
[05/14 06:50:21] [GradMonitor step=1080] param-grad: weight_base: mean=-2.24e-09 std=1.87e-07 | weight_base_open: mean=-4.50e-05 std=7.55e-04 | enc_conv1_weight: mean=2.00e-03 std=1.04e-02
[05/14 06:50:22] [GradMonitor step=1090] near-input: bn0: mean=2.71e-08 std=3.70e-04 pos=0.50 | enc_conv1: mean=2.96e-15 std=4.91e-05 pos=0.38
[05/14 06:50:22] [GradMonitor step=1090] deep/task: enc_layer4: mean=2.55e-06 std=9.66e-06 | PAM: mean=5.35e-05 std=2.06e-04 | CIAM: mean=2.55e-06 std=9.66e-06
[05/14 06:50:22] [GradMonitor step=1090] param-grad: weight_base: mean=8.65e-09 std=2.28e-07 | weight_base_open: mean=-1.93e-05 std=9.24e-04 | enc_conv1_weight: mean=-5.41e-04 std=9.32e-03
[05/14 06:50:22] [GradMonitor step=1100] near-input: bn0: mean=-4.09e-08 std=4.81e-04 pos=0.50 | enc_conv1: mean=2.08e-15 std=6.57e-05 pos=0.36
[05/14 06:50:22] [GradMonitor step=1100] deep/task: enc_layer4: mean=1.64e-06 std=1.25e-05 | PAM: mean=3.45e-05 std=2.68e-04 | CIAM: mean=1.65e-06 std=1.25e-05
[05/14 06:50:22] [GradMonitor step=1100] param-grad: weight_base: mean=-8.51e-09 std=2.02e-07 | weight_base_open: mean=-2.67e-06 std=7.92e-04 | enc_conv1_weight: mean=1.16e-03 std=1.16e-02
[05/14 06:50:23] [GradMonitor step=1110] near-input: bn0: mean=7.08e-08 std=3.72e-04 pos=0.50 | enc_conv1: mean=1.28e-14 std=4.84e-05 pos=0.41
[05/14 06:50:23] [GradMonitor step=1110] deep/task: enc_layer4: mean=1.65e-06 std=1.08e-05 | PAM: mean=3.45e-05 std=2.30e-04 | CIAM: mean=1.65e-06 std=1.08e-05
[05/14 06:50:23] [GradMonitor step=1110] param-grad: weight_base: mean=1.03e-08 std=1.92e-07 | weight_base_open: mean=4.37e-05 std=7.47e-04 | enc_conv1_weight: mean=4.42e-04 std=1.07e-02
[05/14 06:50:24] [GradMonitor step=1120] near-input: bn0: mean=-1.71e-07 std=3.32e-04 pos=0.50 | enc_conv1: mean=7.76e-15 std=4.60e-05 pos=0.39
[05/14 06:50:24] [GradMonitor step=1120] deep/task: enc_layer4: mean=1.69e-06 std=1.06e-05 | PAM: mean=3.59e-05 std=2.26e-04 | CIAM: mean=1.69e-06 std=1.06e-05
[05/14 06:50:24] [GradMonitor step=1120] param-grad: weight_base: mean=-2.00e-09 std=1.55e-07 | weight_base_open: mean=4.45e-05 std=7.47e-04 | enc_conv1_weight: mean=1.78e-03 std=1.29e-02
[05/14 06:50:25] [GradMonitor step=1130] near-input: bn0: mean=8.35e-08 std=4.25e-04 pos=0.50 | enc_conv1: mean=-1.60e-14 std=5.78e-05 pos=0.38
[05/14 06:50:25] [GradMonitor step=1130] deep/task: enc_layer4: mean=1.46e-06 std=1.10e-05 | PAM: mean=3.05e-05 std=2.33e-04 | CIAM: mean=1.46e-06 std=1.10e-05
[05/14 06:50:25] [GradMonitor step=1130] param-grad: weight_base: mean=1.55e-09 std=1.68e-07 | weight_base_open: mean=3.26e-05 std=6.38e-04 | enc_conv1_weight: mean=-9.19e-04 std=1.04e-02
[05/14 06:50:26] [GradMonitor step=1140] near-input: bn0: mean=-3.92e-08 std=5.30e-04 pos=0.50 | enc_conv1: mean=6.89e-15 std=6.39e-05 pos=0.40
[05/14 06:50:26] [GradMonitor step=1140] deep/task: enc_layer4: mean=2.09e-06 std=1.01e-05 | PAM: mean=4.43e-05 std=2.15e-04 | CIAM: mean=2.09e-06 std=1.01e-05
[05/14 06:50:26] [GradMonitor step=1140] param-grad: weight_base: mean=-1.81e-09 std=1.53e-07 | weight_base_open: mean=2.91e-05 std=7.82e-04 | enc_conv1_weight: mean=1.21e-03 std=1.20e-02
[05/14 06:50:27] [GradMonitor step=1150] near-input: bn0: mean=8.01e-08 std=3.50e-04 pos=0.50 | enc_conv1: mean=4.44e-16 std=4.72e-05 pos=0.37
[05/14 06:50:27] [GradMonitor step=1150] deep/task: enc_layer4: mean=1.02e-06 std=1.17e-05 | PAM: mean=2.16e-05 std=2.49e-04 | CIAM: mean=1.03e-06 std=1.17e-05
[05/14 06:50:27] [GradMonitor step=1150] param-grad: weight_base: mean=-3.19e-09 std=1.42e-07 | weight_base_open: mean=-3.09e-05 std=8.11e-04 | enc_conv1_weight: mean=-2.05e-03 std=1.12e-02
[05/14 06:50:27] [GradMonitor step=1160] near-input: bn0: mean=1.10e-07 std=4.75e-04 pos=0.50 | enc_conv1: mean=2.16e-14 std=6.06e-05 pos=0.39
[05/14 06:50:27] [GradMonitor step=1160] deep/task: enc_layer4: mean=1.02e-06 std=1.16e-05 | PAM: mean=2.14e-05 std=2.47e-04 | CIAM: mean=1.02e-06 std=1.16e-05
[05/14 06:50:27] [GradMonitor step=1160] param-grad: weight_base: mean=-6.38e-09 std=3.60e-07 | weight_base_open: mean=-6.92e-06 std=7.10e-04 | enc_conv1_weight: mean=2.52e-04 std=1.18e-02
[05/14 06:50:28] [GradMonitor step=1170] near-input: bn0: mean=3.47e-08 std=4.61e-04 pos=0.50 | enc_conv1: mean=-1.87e-15 std=6.48e-05 pos=0.40
[05/14 06:50:28] [GradMonitor step=1170] deep/task: enc_layer4: mean=2.19e-06 std=1.21e-05 | PAM: mean=4.59e-05 std=2.60e-04 | CIAM: mean=2.19e-06 std=1.21e-05
[05/14 06:50:28] [GradMonitor step=1170] param-grad: weight_base: mean=-1.43e-09 std=3.03e-07 | weight_base_open: mean=2.38e-05 std=7.31e-04 | enc_conv1_weight: mean=2.38e-04 std=1.11e-02
[05/14 06:50:29] [GradMonitor step=1180] near-input: bn0: mean=6.03e-08 std=4.02e-04 pos=0.50 | enc_conv1: mean=-1.80e-14 std=5.08e-05 pos=0.38
[05/14 06:50:29] [GradMonitor step=1180] deep/task: enc_layer4: mean=1.35e-06 std=9.98e-06 | PAM: mean=2.83e-05 std=2.11e-04 | CIAM: mean=1.35e-06 std=9.98e-06
[05/14 06:50:29] [GradMonitor step=1180] param-grad: weight_base: mean=-1.93e-09 std=1.80e-07 | weight_base_open: mean=-4.67e-05 std=7.82e-04 | enc_conv1_weight: mean=-2.59e-03 std=1.09e-02
[05/14 06:50:30] [GradMonitor step=1190] near-input: bn0: mean=1.21e-08 std=2.80e-04 pos=0.50 | enc_conv1: mean=6.04e-16 std=3.58e-05 pos=0.40
[05/14 06:50:30] [GradMonitor step=1190] deep/task: enc_layer4: mean=6.24e-07 std=9.48e-06 | PAM: mean=1.33e-05 std=2.02e-04 | CIAM: mean=6.25e-07 std=9.48e-06
[05/14 06:50:30] [GradMonitor step=1190] param-grad: weight_base: mean=3.68e-09 std=2.22e-07 | weight_base_open: mean=2.94e-05 std=7.96e-04 | enc_conv1_weight: mean=-1.45e-04 std=9.95e-03
[05/14 06:50:31] [GradMonitor step=1200] near-input: bn0: mean=2.45e-07 std=4.54e-04 pos=0.50 | enc_conv1: mean=-6.22e-16 std=6.23e-05 pos=0.40
[05/14 06:50:31] [GradMonitor step=1200] deep/task: enc_layer4: mean=1.31e-06 std=1.36e-05 | PAM: mean=2.74e-05 std=2.88e-04 | CIAM: mean=1.31e-06 std=1.36e-05
[05/14 06:50:31] [GradMonitor step=1200] param-grad: weight_base: mean=-1.32e-08 std=2.13e-07 | weight_base_open: mean=2.18e-05 std=7.89e-04 | enc_conv1_weight: mean=-1.69e-03 std=1.26e-02
[05/14 06:50:31] 
[05/14 06:50:31] epoch 3/40, iter 1200:
[05/14 06:50:31] train_loss: 1.62339
[05/14 06:50:31] train_acc: 0.791
[05/14 06:50:31] train_auroc: 0.740
[05/14 06:50:37] Summary name val_6-way-5-shot_tpr@tnr95 is illegal; using val_6-way-5-shot_tpr_tnr95 instead.
[05/14 06:50:37] val_6-way-5-shot_acc: 63.294	0.639
[05/14 06:50:37] val_6-way-5-shot_auroc: 37.193	1.777
[05/14 06:50:37] val_6-way-5-shot_fscore: 19.067	0.301
[05/14 06:50:37] val_6-way-5-shot_tpr@tnr95: 3.325	0.969
[05/14 06:50:37] val_6-way-5-shot_osr: 48.460	0.491
[05/14 06:50:37] BEST ACC!
[05/14 06:50:38] [GradMonitor step=1210] near-input: bn0: mean=-9.07e-08 std=2.88e-04 pos=0.50 | enc_conv1: mean=4.81e-15 std=3.89e-05 pos=0.34
[05/14 06:50:38] [GradMonitor step=1210] deep/task: enc_layer4: mean=1.33e-06 std=9.36e-06 | PAM: mean=2.79e-05 std=1.98e-04 | CIAM: mean=1.33e-06 std=9.36e-06
[05/14 06:50:38] [GradMonitor step=1210] param-grad: weight_base: mean=1.24e-08 std=2.57e-07 | weight_base_open: mean=2.86e-05 std=8.14e-04 | enc_conv1_weight: mean=-3.13e-03 std=1.13e-02
[05/14 06:50:39] [GradMonitor step=1220] near-input: bn0: mean=1.76e-08 std=3.70e-04 pos=0.50 | enc_conv1: mean=-8.22e-15 std=5.19e-05 pos=0.43
[05/14 06:50:39] [GradMonitor step=1220] deep/task: enc_layer4: mean=1.72e-06 std=1.24e-05 | PAM: mean=3.66e-05 std=2.65e-04 | CIAM: mean=1.72e-06 std=1.24e-05
[05/14 06:50:39] [GradMonitor step=1220] param-grad: weight_base: mean=3.53e-10 std=1.36e-07 | weight_base_open: mean=2.63e-05 std=6.82e-04 | enc_conv1_weight: mean=3.80e-03 std=1.06e-02
[05/14 06:50:40] [GradMonitor step=1230] near-input: bn0: mean=-4.91e-08 std=4.03e-04 pos=0.50 | enc_conv1: mean=-1.21e-14 std=5.23e-05 pos=0.39
[05/14 06:50:40] [GradMonitor step=1230] deep/task: enc_layer4: mean=1.68e-06 std=1.15e-05 | PAM: mean=3.53e-05 std=2.45e-04 | CIAM: mean=1.68e-06 std=1.15e-05
[05/14 06:50:40] [GradMonitor step=1230] param-grad: weight_base: mean=-4.42e-09 std=2.30e-07 | weight_base_open: mean=9.84e-05 std=7.86e-04 | enc_conv1_weight: mean=2.92e-03 std=1.24e-02
[05/14 06:50:40] [GradMonitor step=1240] near-input: bn0: mean=-3.83e-08 std=3.91e-04 pos=0.50 | enc_conv1: mean=5.86e-15 std=5.00e-05 pos=0.39
[05/14 06:50:40] [GradMonitor step=1240] deep/task: enc_layer4: mean=1.91e-06 std=9.94e-06 | PAM: mean=4.03e-05 std=2.12e-04 | CIAM: mean=1.92e-06 std=9.94e-06
[05/14 06:50:40] [GradMonitor step=1240] param-grad: weight_base: mean=1.16e-09 std=1.64e-07 | weight_base_open: mean=5.30e-05 std=8.03e-04 | enc_conv1_weight: mean=1.26e-03 std=8.40e-03
[05/14 06:50:41] [GradMonitor step=1250] near-input: bn0: mean=-3.42e-07 std=4.95e-04 pos=0.50 | enc_conv1: mean=-1.18e-14 std=6.69e-05 pos=0.37
[05/14 06:50:41] [GradMonitor step=1250] deep/task: enc_layer4: mean=1.62e-06 std=1.23e-05 | PAM: mean=3.41e-05 std=2.61e-04 | CIAM: mean=1.63e-06 std=1.23e-05
[05/14 06:50:41] [GradMonitor step=1250] param-grad: weight_base: mean=3.57e-09 std=2.74e-07 | weight_base_open: mean=5.22e-05 std=7.64e-04 | enc_conv1_weight: mean=1.33e-03 std=1.22e-02
[05/14 06:50:42] [GradMonitor step=1260] near-input: bn0: mean=8.86e-08 std=2.99e-04 pos=0.50 | enc_conv1: mean=-6.48e-15 std=3.83e-05 pos=0.36
[05/14 06:50:42] [GradMonitor step=1260] deep/task: enc_layer4: mean=1.81e-06 std=9.43e-06 | PAM: mean=3.80e-05 std=2.01e-04 | CIAM: mean=1.81e-06 std=9.43e-06
[05/14 06:50:42] [GradMonitor step=1260] param-grad: weight_base: mean=1.97e-09 std=3.45e-07 | weight_base_open: mean=-4.61e-05 std=7.92e-04 | enc_conv1_weight: mean=-1.91e-03 std=9.18e-03
[05/14 06:50:43] [GradMonitor step=1270] near-input: bn0: mean=5.67e-08 std=3.18e-04 pos=0.50 | enc_conv1: mean=-7.99e-16 std=4.24e-05 pos=0.35
[05/14 06:50:43] [GradMonitor step=1270] deep/task: enc_layer4: mean=2.21e-06 std=9.70e-06 | PAM: mean=4.65e-05 std=2.06e-04 | CIAM: mean=2.21e-06 std=9.70e-06
[05/14 06:50:43] [GradMonitor step=1270] param-grad: weight_base: mean=3.22e-09 std=2.73e-07 | weight_base_open: mean=5.60e-06 std=7.13e-04 | enc_conv1_weight: mean=-5.97e-04 std=9.16e-03
[05/14 06:50:44] [GradMonitor step=1280] near-input: bn0: mean=1.10e-07 std=4.02e-04 pos=0.50 | enc_conv1: mean=-3.05e-15 std=6.02e-05 pos=0.38
[05/14 06:50:44] [GradMonitor step=1280] deep/task: enc_layer4: mean=8.12e-07 std=1.26e-05 | PAM: mean=1.74e-05 std=2.68e-04 | CIAM: mean=8.13e-07 std=1.26e-05
[05/14 06:50:44] [GradMonitor step=1280] param-grad: weight_base: mean=-3.80e-10 std=1.35e-07 | weight_base_open: mean=-1.63e-06 std=7.03e-04 | enc_conv1_weight: mean=1.04e-03 std=1.31e-02
[05/14 06:50:45] [GradMonitor step=1290] near-input: bn0: mean=4.68e-08 std=3.05e-04 pos=0.50 | enc_conv1: mean=-3.39e-15 std=4.28e-05 pos=0.40
[05/14 06:50:45] [GradMonitor step=1290] deep/task: enc_layer4: mean=1.96e-06 std=9.92e-06 | PAM: mean=4.10e-05 std=2.11e-04 | CIAM: mean=1.96e-06 std=9.92e-06
[05/14 06:50:45] [GradMonitor step=1290] param-grad: weight_base: mean=8.63e-09 std=2.33e-07 | weight_base_open: mean=-3.87e-05 std=7.96e-04 | enc_conv1_weight: mean=-1.30e-03 std=1.08e-02
[05/14 06:50:46] [GradMonitor step=1300] near-input: bn0: mean=1.06e-07 std=4.24e-04 pos=0.50 | enc_conv1: mean=-1.55e-14 std=5.52e-05 pos=0.34
[05/14 06:50:46] [GradMonitor step=1300] deep/task: enc_layer4: mean=1.99e-06 std=9.95e-06 | PAM: mean=4.21e-05 std=2.12e-04 | CIAM: mean=1.99e-06 std=9.95e-06
[05/14 06:50:46] [GradMonitor step=1300] param-grad: weight_base: mean=-5.39e-09 std=3.07e-07 | weight_base_open: mean=5.15e-05 std=8.60e-04 | enc_conv1_weight: mean=1.70e-03 std=8.72e-03
[05/14 06:50:46] [GradMonitor step=1310] near-input: bn0: mean=3.51e-08 std=3.58e-04 pos=0.50 | enc_conv1: mean=-1.11e-14 std=4.80e-05 pos=0.38
[05/14 06:50:46] [GradMonitor step=1310] deep/task: enc_layer4: mean=7.95e-07 std=1.19e-05 | PAM: mean=1.69e-05 std=2.53e-04 | CIAM: mean=7.97e-07 std=1.19e-05
[05/14 06:50:46] [GradMonitor step=1310] param-grad: weight_base: mean=7.11e-09 std=1.86e-07 | weight_base_open: mean=-2.07e-06 std=6.86e-04 | enc_conv1_weight: mean=-1.16e-03 std=9.78e-03
[05/14 06:50:47] [GradMonitor step=1320] near-input: bn0: mean=2.62e-07 std=4.94e-04 pos=0.50 | enc_conv1: mean=1.06e-14 std=7.06e-05 pos=0.39
[05/14 06:50:47] [GradMonitor step=1320] deep/task: enc_layer4: mean=1.75e-06 std=1.19e-05 | PAM: mean=3.65e-05 std=2.55e-04 | CIAM: mean=1.75e-06 std=1.19e-05
[05/14 06:50:47] [GradMonitor step=1320] param-grad: weight_base: mean=2.03e-09 std=2.47e-07 | weight_base_open: mean=-2.03e-05 std=8.88e-04 | enc_conv1_weight: mean=2.89e-04 std=1.12e-02
[05/14 06:50:48] [GradMonitor step=1330] near-input: bn0: mean=-1.00e-07 std=2.90e-04 pos=0.50 | enc_conv1: mean=-7.35e-15 std=3.81e-05 pos=0.38
[05/14 06:50:48] [GradMonitor step=1330] deep/task: enc_layer4: mean=1.35e-06 std=9.23e-06 | PAM: mean=2.84e-05 std=1.97e-04 | CIAM: mean=1.35e-06 std=9.23e-06
[05/14 06:50:48] [GradMonitor step=1330] param-grad: weight_base: mean=1.06e-08 std=2.50e-07 | weight_base_open: mean=-6.27e-05 std=7.01e-04 | enc_conv1_weight: mean=-1.59e-04 std=1.03e-02
[05/14 06:50:49] [GradMonitor step=1340] near-input: bn0: mean=-2.97e-08 std=2.94e-04 pos=0.50 | enc_conv1: mean=-8.22e-15 std=3.93e-05 pos=0.41
[05/14 06:50:49] [GradMonitor step=1340] deep/task: enc_layer4: mean=1.58e-06 std=9.19e-06 | PAM: mean=3.29e-05 std=1.95e-04 | CIAM: mean=1.58e-06 std=9.19e-06
[05/14 06:50:49] [GradMonitor step=1340] param-grad: weight_base: mean=-7.43e-09 std=3.55e-07 | weight_base_open: mean=9.00e-06 std=8.32e-04 | enc_conv1_weight: mean=2.30e-04 std=1.10e-02
[05/14 06:50:50] [GradMonitor step=1350] near-input: bn0: mean=1.42e-08 std=3.22e-04 pos=0.50 | enc_conv1: mean=4.49e-15 std=3.93e-05 pos=0.33
[05/14 06:50:50] [GradMonitor step=1350] deep/task: enc_layer4: mean=1.40e-06 std=1.04e-05 | PAM: mean=3.00e-05 std=2.21e-04 | CIAM: mean=1.40e-06 std=1.04e-05
[05/14 06:50:50] [GradMonitor step=1350] param-grad: weight_base: mean=1.01e-08 std=2.96e-07 | weight_base_open: mean=-3.95e-05 std=9.83e-04 | enc_conv1_weight: mean=4.55e-03 std=1.13e-02
[05/14 06:50:51] [GradMonitor step=1360] near-input: bn0: mean=1.55e-07 std=5.33e-04 pos=0.50 | enc_conv1: mean=1.40e-15 std=6.77e-05 pos=0.40
[05/14 06:50:51] [GradMonitor step=1360] deep/task: enc_layer4: mean=2.00e-06 std=9.51e-06 | PAM: mean=4.23e-05 std=2.02e-04 | CIAM: mean=2.00e-06 std=9.51e-06
[05/14 06:50:51] [GradMonitor step=1360] param-grad: weight_base: mean=9.52e-09 std=2.04e-07 | weight_base_open: mean=4.50e-05 std=6.81e-04 | enc_conv1_weight: mean=-5.07e-04 std=1.01e-02
[05/14 06:50:51] [GradMonitor step=1370] near-input: bn0: mean=1.33e-07 std=5.11e-04 pos=0.50 | enc_conv1: mean=-7.64e-16 std=6.76e-05 pos=0.38
[05/14 06:50:51] [GradMonitor step=1370] deep/task: enc_layer4: mean=2.32e-06 std=9.72e-06 | PAM: mean=4.96e-05 std=2.06e-04 | CIAM: mean=2.32e-06 std=9.72e-06
[05/14 06:50:51] [GradMonitor step=1370] param-grad: weight_base: mean=1.22e-08 std=3.97e-07 | weight_base_open: mean=1.41e-05 std=7.81e-04 | enc_conv1_weight: mean=3.14e-03 std=1.00e-02
[05/14 06:50:52] [GradMonitor step=1380] near-input: bn0: mean=4.33e-08 std=4.68e-04 pos=0.50 | enc_conv1: mean=-2.36e-14 std=5.77e-05 pos=0.37
[05/14 06:50:52] [GradMonitor step=1380] deep/task: enc_layer4: mean=1.75e-06 std=1.06e-05 | PAM: mean=3.67e-05 std=2.26e-04 | CIAM: mean=1.75e-06 std=1.06e-05
[05/14 06:50:52] [GradMonitor step=1380] param-grad: weight_base: mean=-1.95e-09 std=2.41e-07 | weight_base_open: mean=1.60e-05 std=6.68e-04 | enc_conv1_weight: mean=-1.69e-03 std=1.14e-02
[05/14 06:50:53] [GradMonitor step=1390] near-input: bn0: mean=1.35e-07 std=3.67e-04 pos=0.50 | enc_conv1: mean=5.96e-15 std=4.37e-05 pos=0.38
[05/14 06:50:53] [GradMonitor step=1390] deep/task: enc_layer4: mean=2.22e-06 std=8.57e-06 | PAM: mean=4.69e-05 std=1.83e-04 | CIAM: mean=2.22e-06 std=8.57e-06
[05/14 06:50:53] [GradMonitor step=1390] param-grad: weight_base: mean=8.21e-09 std=2.64e-07 | weight_base_open: mean=7.20e-06 std=7.03e-04 | enc_conv1_weight: mean=8.36e-04 std=8.46e-03
[05/14 06:50:54] [GradMonitor step=1400] near-input: bn0: mean=-4.48e-08 std=3.08e-04 pos=0.50 | enc_conv1: mean=5.22e-15 std=4.30e-05 pos=0.36
[05/14 06:50:54] [GradMonitor step=1400] deep/task: enc_layer4: mean=2.16e-06 std=8.45e-06 | PAM: mean=4.55e-05 std=1.80e-04 | CIAM: mean=2.16e-06 std=8.45e-06
[05/14 06:50:54] [GradMonitor step=1400] param-grad: weight_base: mean=2.21e-08 std=3.70e-07 | weight_base_open: mean=2.03e-05 std=8.20e-04 | enc_conv1_weight: mean=5.25e-04 std=9.19e-03
[05/14 06:50:55] [GradMonitor step=1410] near-input: bn0: mean=2.92e-07 std=5.29e-04 pos=0.50 | enc_conv1: mean=1.20e-14 std=7.20e-05 pos=0.41
[05/14 06:50:55] [GradMonitor step=1410] deep/task: enc_layer4: mean=1.86e-07 std=1.34e-05 | PAM: mean=3.39e-06 std=2.87e-04 | CIAM: mean=1.87e-07 std=1.34e-05
[05/14 06:50:55] [GradMonitor step=1410] param-grad: weight_base: mean=9.46e-09 std=2.95e-07 | weight_base_open: mean=9.18e-06 std=8.11e-04 | enc_conv1_weight: mean=1.43e-04 std=1.25e-02
[05/14 06:50:55] [GradMonitor step=1420] near-input: bn0: mean=-2.73e-08 std=4.40e-04 pos=0.50 | enc_conv1: mean=-1.65e-15 std=5.47e-05 pos=0.41
[05/14 06:50:55] [GradMonitor step=1420] deep/task: enc_layer4: mean=2.31e-06 std=1.05e-05 | PAM: mean=4.89e-05 std=2.25e-04 | CIAM: mean=2.32e-06 std=1.05e-05
[05/14 06:50:55] [GradMonitor step=1420] param-grad: weight_base: mean=-1.06e-08 std=2.15e-07 | weight_base_open: mean=3.21e-05 std=7.74e-04 | enc_conv1_weight: mean=-4.54e-03 std=9.58e-03
[05/14 06:50:56] [GradMonitor step=1430] near-input: bn0: mean=-8.34e-08 std=2.73e-04 pos=0.50 | enc_conv1: mean=9.05e-15 std=3.35e-05 pos=0.35
[05/14 06:50:56] [GradMonitor step=1430] deep/task: enc_layer4: mean=1.43e-06 std=8.32e-06 | PAM: mean=3.01e-05 std=1.77e-04 | CIAM: mean=1.43e-06 std=8.32e-06
[05/14 06:50:56] [GradMonitor step=1430] param-grad: weight_base: mean=-1.01e-08 std=3.15e-07 | weight_base_open: mean=-1.06e-05 std=6.87e-04 | enc_conv1_weight: mean=6.96e-04 std=1.07e-02
[05/14 06:50:57] [GradMonitor step=1440] near-input: bn0: mean=-1.90e-07 std=3.71e-04 pos=0.50 | enc_conv1: mean=8.09e-15 std=4.98e-05 pos=0.42
[05/14 06:50:57] [GradMonitor step=1440] deep/task: enc_layer4: mean=1.76e-06 std=1.03e-05 | PAM: mean=3.69e-05 std=2.19e-04 | CIAM: mean=1.76e-06 std=1.03e-05
[05/14 06:50:57] [GradMonitor step=1440] param-grad: weight_base: mean=-3.22e-09 std=1.50e-07 | weight_base_open: mean=-2.82e-06 std=5.43e-04 | enc_conv1_weight: mean=4.11e-03 std=1.13e-02
[05/14 06:50:58] [GradMonitor step=1450] near-input: bn0: mean=7.69e-08 std=4.33e-04 pos=0.50 | enc_conv1: mean=-1.76e-14 std=5.73e-05 pos=0.41
[05/14 06:50:58] [GradMonitor step=1450] deep/task: enc_layer4: mean=1.01e-06 std=1.15e-05 | PAM: mean=2.13e-05 std=2.45e-04 | CIAM: mean=1.01e-06 std=1.15e-05
[05/14 06:50:58] [GradMonitor step=1450] param-grad: weight_base: mean=-1.37e-08 std=3.17e-07 | weight_base_open: mean=-1.05e-06 std=7.81e-04 | enc_conv1_weight: mean=3.32e-04 std=1.04e-02
[05/14 06:50:59] [GradMonitor step=1460] near-input: bn0: mean=-7.89e-09 std=5.03e-04 pos=0.50 | enc_conv1: mean=-8.89e-15 std=6.16e-05 pos=0.33
[05/14 06:50:59] [GradMonitor step=1460] deep/task: enc_layer4: mean=1.70e-06 std=1.17e-05 | PAM: mean=3.59e-05 std=2.50e-04 | CIAM: mean=1.70e-06 std=1.17e-05
[05/14 06:50:59] [GradMonitor step=1460] param-grad: weight_base: mean=1.16e-08 std=2.88e-07 | weight_base_open: mean=6.86e-05 std=7.19e-04 | enc_conv1_weight: mean=-5.58e-04 std=1.06e-02
[05/14 06:51:00] [GradMonitor step=1470] near-input: bn0: mean=8.00e-08 std=2.84e-04 pos=0.50 | enc_conv1: mean=-6.44e-15 std=3.65e-05 pos=0.38
[05/14 06:51:00] [GradMonitor step=1470] deep/task: enc_layer4: mean=6.17e-07 std=8.90e-06 | PAM: mean=1.31e-05 std=1.89e-04 | CIAM: mean=6.17e-07 std=8.91e-06
[05/14 06:51:00] [GradMonitor step=1470] param-grad: weight_base: mean=-3.75e-09 std=3.28e-07 | weight_base_open: mean=6.37e-05 std=7.71e-04 | enc_conv1_weight: mean=-1.12e-03 std=1.15e-02
[05/14 06:51:00] [GradMonitor step=1480] near-input: bn0: mean=-4.18e-08 std=4.61e-04 pos=0.50 | enc_conv1: mean=1.04e-14 std=6.34e-05 pos=0.40
[05/14 06:51:00] [GradMonitor step=1480] deep/task: enc_layer4: mean=1.48e-06 std=1.19e-05 | PAM: mean=3.15e-05 std=2.55e-04 | CIAM: mean=1.48e-06 std=1.19e-05
[05/14 06:51:00] [GradMonitor step=1480] param-grad: weight_base: mean=-6.93e-09 std=2.06e-07 | weight_base_open: mean=3.29e-05 std=6.27e-04 | enc_conv1_weight: mean=2.73e-03 std=1.12e-02
[05/14 06:51:01] [GradMonitor step=1490] near-input: bn0: mean=5.38e-08 std=3.26e-04 pos=0.50 | enc_conv1: mean=9.85e-15 std=4.37e-05 pos=0.37
[05/14 06:51:01] [GradMonitor step=1490] deep/task: enc_layer4: mean=2.52e-06 std=8.61e-06 | PAM: mean=5.30e-05 std=1.83e-04 | CIAM: mean=2.52e-06 std=8.61e-06
[05/14 06:51:01] [GradMonitor step=1490] param-grad: weight_base: mean=3.00e-10 std=9.03e-08 | weight_base_open: mean=-2.38e-05 std=8.60e-04 | enc_conv1_weight: mean=4.31e-04 std=8.69e-03
[05/14 06:51:02] [GradMonitor step=1500] near-input: bn0: mean=-9.55e-08 std=4.56e-04 pos=0.50 | enc_conv1: mean=1.29e-14 std=6.18e-05 pos=0.35
[05/14 06:51:02] [GradMonitor step=1500] deep/task: enc_layer4: mean=1.76e-06 std=1.17e-05 | PAM: mean=3.69e-05 std=2.50e-04 | CIAM: mean=1.76e-06 std=1.17e-05
[05/14 06:51:02] [GradMonitor step=1500] param-grad: weight_base: mean=-5.07e-09 std=2.85e-07 | weight_base_open: mean=1.88e-05 std=9.16e-04 | enc_conv1_weight: mean=1.36e-03 std=1.30e-02
[05/14 06:51:03] [GradMonitor step=1510] near-input: bn0: mean=2.55e-08 std=3.67e-04 pos=0.50 | enc_conv1: mean=-1.18e-14 std=4.82e-05 pos=0.41
[05/14 06:51:03] [GradMonitor step=1510] deep/task: enc_layer4: mean=1.79e-06 std=1.01e-05 | PAM: mean=3.74e-05 std=2.14e-04 | CIAM: mean=1.79e-06 std=1.01e-05
[05/14 06:51:03] [GradMonitor step=1510] param-grad: weight_base: mean=-8.97e-09 std=2.38e-07 | weight_base_open: mean=-3.20e-05 std=9.08e-04 | enc_conv1_weight: mean=-2.70e-04 std=1.09e-02
[05/14 06:51:04] [GradMonitor step=1520] near-input: bn0: mean=-1.34e-07 std=3.30e-04 pos=0.50 | enc_conv1: mean=6.18e-15 std=4.56e-05 pos=0.38
[05/14 06:51:04] [GradMonitor step=1520] deep/task: enc_layer4: mean=1.94e-06 std=1.00e-05 | PAM: mean=4.10e-05 std=2.14e-04 | CIAM: mean=1.94e-06 std=1.00e-05
[05/14 06:51:04] [GradMonitor step=1520] param-grad: weight_base: mean=-2.87e-10 std=2.48e-07 | weight_base_open: mean=-1.72e-05 std=7.60e-04 | enc_conv1_weight: mean=1.34e-03 std=1.23e-02
[05/14 06:51:04] [GradMonitor step=1530] near-input: bn0: mean=6.75e-08 std=3.74e-04 pos=0.50 | enc_conv1: mean=-1.20e-14 std=5.15e-05 pos=0.37
[05/14 06:51:04] [GradMonitor step=1530] deep/task: enc_layer4: mean=1.58e-06 std=9.91e-06 | PAM: mean=3.31e-05 std=2.10e-04 | CIAM: mean=1.58e-06 std=9.91e-06
[05/14 06:51:04] [GradMonitor step=1530] param-grad: weight_base: mean=-8.63e-09 std=1.19e-07 | weight_base_open: mean=-3.16e-05 std=7.02e-04 | enc_conv1_weight: mean=-1.07e-03 std=1.10e-02
[05/14 06:51:05] [GradMonitor step=1540] near-input: bn0: mean=-5.81e-08 std=5.47e-04 pos=0.50 | enc_conv1: mean=-7.47e-15 std=6.58e-05 pos=0.43
[05/14 06:51:05] [GradMonitor step=1540] deep/task: enc_layer4: mean=2.11e-06 std=9.46e-06 | PAM: mean=4.47e-05 std=2.01e-04 | CIAM: mean=2.11e-06 std=9.46e-06
[05/14 06:51:05] [GradMonitor step=1540] param-grad: weight_base: mean=-9.87e-10 std=1.73e-07 | weight_base_open: mean=-4.15e-05 std=7.90e-04 | enc_conv1_weight: mean=1.62e-04 std=1.30e-02
[05/14 06:51:06] [GradMonitor step=1550] near-input: bn0: mean=2.72e-08 std=3.39e-04 pos=0.50 | enc_conv1: mean=1.77e-14 std=4.62e-05 pos=0.36
[05/14 06:51:06] [GradMonitor step=1550] deep/task: enc_layer4: mean=1.08e-06 std=1.08e-05 | PAM: mean=2.27e-05 std=2.30e-04 | CIAM: mean=1.08e-06 std=1.08e-05
[05/14 06:51:06] [GradMonitor step=1550] param-grad: weight_base: mean=8.04e-09 std=3.14e-07 | weight_base_open: mean=8.25e-05 std=8.28e-04 | enc_conv1_weight: mean=-1.23e-03 std=1.16e-02
[05/14 06:51:07] [GradMonitor step=1560] near-input: bn0: mean=1.26e-07 std=4.23e-04 pos=0.50 | enc_conv1: mean=-1.86e-14 std=5.33e-05 pos=0.40
[05/14 06:51:07] [GradMonitor step=1560] deep/task: enc_layer4: mean=1.19e-06 std=1.07e-05 | PAM: mean=2.50e-05 std=2.28e-04 | CIAM: mean=1.20e-06 std=1.07e-05
[05/14 06:51:07] [GradMonitor step=1560] param-grad: weight_base: mean=-1.13e-09 std=2.18e-07 | weight_base_open: mean=1.58e-05 std=7.32e-04 | enc_conv1_weight: mean=6.99e-04 std=1.13e-02
[05/14 06:51:08] [GradMonitor step=1570] near-input: bn0: mean=5.87e-08 std=4.34e-04 pos=0.50 | enc_conv1: mean=6.44e-15 std=6.18e-05 pos=0.40
[05/14 06:51:08] [GradMonitor step=1570] deep/task: enc_layer4: mean=2.26e-06 std=1.11e-05 | PAM: mean=4.75e-05 std=2.38e-04 | CIAM: mean=2.27e-06 std=1.11e-05
[05/14 06:51:08] [GradMonitor step=1570] param-grad: weight_base: mean=1.31e-08 std=4.12e-07 | weight_base_open: mean=-9.28e-06 std=7.70e-04 | enc_conv1_weight: mean=-5.49e-04 std=1.20e-02
[05/14 06:51:08] [GradMonitor step=1580] near-input: bn0: mean=7.02e-08 std=4.05e-04 pos=0.50 | enc_conv1: mean=-1.67e-14 std=5.14e-05 pos=0.36
[05/14 06:51:08] [GradMonitor step=1580] deep/task: enc_layer4: mean=1.50e-06 std=9.51e-06 | PAM: mean=3.15e-05 std=2.01e-04 | CIAM: mean=1.50e-06 std=9.51e-06
[05/14 06:51:08] [GradMonitor step=1580] param-grad: weight_base: mean=-9.28e-09 std=1.96e-07 | weight_base_open: mean=-3.64e-05 std=7.03e-04 | enc_conv1_weight: mean=-2.72e-03 std=1.16e-02
[05/14 06:51:09] [GradMonitor step=1590] near-input: bn0: mean=1.91e-08 std=3.03e-04 pos=0.50 | enc_conv1: mean=-2.00e-15 std=3.94e-05 pos=0.40
[05/14 06:51:09] [GradMonitor step=1590] deep/task: enc_layer4: mean=7.14e-07 std=9.15e-06 | PAM: mean=1.52e-05 std=1.95e-04 | CIAM: mean=7.16e-07 std=9.15e-06
[05/14 06:51:09] [GradMonitor step=1590] param-grad: weight_base: mean=-1.20e-08 std=2.62e-07 | weight_base_open: mean=4.80e-06 std=7.77e-04 | enc_conv1_weight: mean=-5.45e-04 std=1.11e-02
[05/14 06:51:10] [GradMonitor step=1600] near-input: bn0: mean=1.85e-07 std=4.29e-04 pos=0.50 | enc_conv1: mean=-2.11e-15 std=5.85e-05 pos=0.39
[05/14 06:51:10] [GradMonitor step=1600] deep/task: enc_layer4: mean=1.46e-06 std=1.25e-05 | PAM: mean=3.05e-05 std=2.66e-04 | CIAM: mean=1.46e-06 std=1.25e-05
[05/14 06:51:10] [GradMonitor step=1600] param-grad: weight_base: mean=-7.06e-11 std=2.14e-07 | weight_base_open: mean=4.47e-05 std=7.57e-04 | enc_conv1_weight: mean=-2.24e-03 std=1.37e-02
[05/14 06:51:10] 
[05/14 06:51:10] epoch 4/40, iter 1600:
[05/14 06:51:10] train_loss: 1.53872
[05/14 06:51:10] train_acc: 0.826
[05/14 06:51:10] train_auroc: 0.766
[05/14 06:51:16] Summary name val_6-way-5-shot_tpr@tnr95 is illegal; using val_6-way-5-shot_tpr_tnr95 instead.
[05/14 06:51:16] val_6-way-5-shot_acc: 64.428	0.638
[05/14 06:51:16] val_6-way-5-shot_auroc: 36.853	1.727
[05/14 06:51:16] val_6-way-5-shot_fscore: 19.078	0.294
[05/14 06:51:16] val_6-way-5-shot_tpr@tnr95: 2.950	1.011
[05/14 06:51:16] val_6-way-5-shot_osr: 48.240	0.514
[05/14 06:51:16] BEST ACC!
[05/14 06:51:17] [GradMonitor step=1610] near-input: bn0: mean=-1.44e-07 std=2.80e-04 pos=0.50 | enc_conv1: mean=-6.68e-15 std=3.82e-05 pos=0.31
[05/14 06:51:17] [GradMonitor step=1610] deep/task: enc_layer4: mean=1.51e-06 std=8.81e-06 | PAM: mean=3.18e-05 std=1.86e-04 | CIAM: mean=1.52e-06 std=8.81e-06
[05/14 06:51:17] [GradMonitor step=1610] param-grad: weight_base: mean=4.50e-09 std=9.51e-08 | weight_base_open: mean=-2.84e-05 std=6.98e-04 | enc_conv1_weight: mean=-4.14e-03 std=1.27e-02
[05/14 06:51:18] [GradMonitor step=1620] near-input: bn0: mean=3.12e-08 std=3.65e-04 pos=0.50 | enc_conv1: mean=-1.15e-15 std=5.15e-05 pos=0.42
[05/14 06:51:18] [GradMonitor step=1620] deep/task: enc_layer4: mean=1.77e-06 std=1.17e-05 | PAM: mean=3.77e-05 std=2.48e-04 | CIAM: mean=1.78e-06 std=1.17e-05
[05/14 06:51:18] [GradMonitor step=1620] param-grad: weight_base: mean=-2.20e-09 std=1.49e-07 | weight_base_open: mean=-3.48e-05 std=7.11e-04 | enc_conv1_weight: mean=3.85e-03 std=1.11e-02
[05/14 06:51:19] [GradMonitor step=1630] near-input: bn0: mean=-6.94e-08 std=3.64e-04 pos=0.50 | enc_conv1: mean=2.92e-15 std=4.80e-05 pos=0.38
[05/14 06:51:19] [GradMonitor step=1630] deep/task: enc_layer4: mean=1.75e-06 std=1.03e-05 | PAM: mean=3.67e-05 std=2.20e-04 | CIAM: mean=1.75e-06 std=1.03e-05
[05/14 06:51:19] [GradMonitor step=1630] param-grad: weight_base: mean=-4.70e-09 std=2.81e-07 | weight_base_open: mean=5.47e-05 std=8.08e-04 | enc_conv1_weight: mean=3.14e-03 std=1.24e-02
[05/14 06:51:20] [GradMonitor step=1640] near-input: bn0: mean=-1.15e-07 std=3.30e-04 pos=0.50 | enc_conv1: mean=2.35e-14 std=4.21e-05 pos=0.38
[05/14 06:51:20] [GradMonitor step=1640] deep/task: enc_layer4: mean=1.90e-06 std=8.90e-06 | PAM: mean=4.00e-05 std=1.89e-04 | CIAM: mean=1.90e-06 std=8.90e-06
[05/14 06:51:20] [GradMonitor step=1640] param-grad: weight_base: mean=-5.07e-09 std=3.24e-07 | weight_base_open: mean=-7.75e-06 std=7.59e-04 | enc_conv1_weight: mean=8.31e-04 std=8.44e-03
[05/14 06:51:21] [GradMonitor step=1650] near-input: bn0: mean=-3.75e-07 std=4.81e-04 pos=0.50 | enc_conv1: mean=-8.41e-15 std=6.50e-05 pos=0.37
[05/14 06:51:21] [GradMonitor step=1650] deep/task: enc_layer4: mean=1.84e-06 std=1.11e-05 | PAM: mean=3.87e-05 std=2.36e-04 | CIAM: mean=1.84e-06 std=1.11e-05
[05/14 06:51:21] [GradMonitor step=1650] param-grad: weight_base: mean=-3.99e-09 std=2.75e-07 | weight_base_open: mean=-1.00e-05 std=7.85e-04 | enc_conv1_weight: mean=1.10e-03 std=1.24e-02
[05/14 06:51:21] [GradMonitor step=1660] near-input: bn0: mean=4.83e-08 std=2.92e-04 pos=0.50 | enc_conv1: mean=-1.23e-14 std=3.73e-05 pos=0.38
[05/14 06:51:21] [GradMonitor step=1660] deep/task: enc_layer4: mean=1.93e-06 std=8.90e-06 | PAM: mean=4.05e-05 std=1.90e-04 | CIAM: mean=1.93e-06 std=8.90e-06
[05/14 06:51:21] [GradMonitor step=1660] param-grad: weight_base: mean=-9.70e-09 std=2.34e-07 | weight_base_open: mean=-4.61e-05 std=6.98e-04 | enc_conv1_weight: mean=-2.12e-03 std=9.34e-03
[05/14 06:51:22] [GradMonitor step=1670] near-input: bn0: mean=1.25e-08 std=2.98e-04 pos=0.50 | enc_conv1: mean=-3.20e-15 std=4.01e-05 pos=0.35
[05/14 06:51:22] [GradMonitor step=1670] deep/task: enc_layer4: mean=2.28e-06 std=8.83e-06 | PAM: mean=4.80e-05 std=1.87e-04 | CIAM: mean=2.29e-06 std=8.83e-06
[05/14 06:51:22] [GradMonitor step=1670] param-grad: weight_base: mean=8.96e-11 std=2.20e-07 | weight_base_open: mean=-9.28e-06 std=6.29e-04 | enc_conv1_weight: mean=1.85e-04 std=9.12e-03
[05/14 06:51:23] [GradMonitor step=1680] near-input: bn0: mean=1.41e-07 std=3.99e-04 pos=0.50 | enc_conv1: mean=-1.01e-14 std=5.94e-05 pos=0.36
[05/14 06:51:23] [GradMonitor step=1680] deep/task: enc_layer4: mean=8.95e-07 std=1.19e-05 | PAM: mean=1.92e-05 std=2.54e-04 | CIAM: mean=8.95e-07 std=1.19e-05
[05/14 06:51:23] [GradMonitor step=1680] param-grad: weight_base: mean=-5.70e-09 std=1.77e-07 | weight_base_open: mean=3.97e-05 std=5.80e-04 | enc_conv1_weight: mean=1.86e-04 std=1.35e-02
[05/14 06:51:24] [GradMonitor step=1690] near-input: bn0: mean=1.05e-07 std=3.13e-04 pos=0.50 | enc_conv1: mean=-6.47e-15 std=4.38e-05 pos=0.40
[05/14 06:51:24] [GradMonitor step=1690] deep/task: enc_layer4: mean=2.02e-06 std=9.60e-06 | PAM: mean=4.22e-05 std=2.04e-04 | CIAM: mean=2.02e-06 std=9.60e-06
[05/14 06:51:24] [GradMonitor step=1690] param-grad: weight_base: mean=-9.36e-09 std=1.86e-07 | weight_base_open: mean=-6.26e-06 std=7.28e-04 | enc_conv1_weight: mean=-6.80e-04 std=1.13e-02
[05/14 06:51:25] [GradMonitor step=1700] near-input: bn0: mean=1.10e-07 std=4.24e-04 pos=0.50 | enc_conv1: mean=2.71e-14 std=5.52e-05 pos=0.37
[05/14 06:51:25] [GradMonitor step=1700] deep/task: enc_layer4: mean=2.16e-06 std=9.36e-06 | PAM: mean=4.58e-05 std=1.99e-04 | CIAM: mean=2.16e-06 std=9.36e-06
[05/14 06:51:25] [GradMonitor step=1700] param-grad: weight_base: mean=-2.86e-09 std=2.19e-07 | weight_base_open: mean=3.17e-05 std=9.33e-04 | enc_conv1_weight: mean=9.64e-04 std=9.69e-03
[05/14 06:51:25] [GradMonitor step=1710] near-input: bn0: mean=6.01e-08 std=3.48e-04 pos=0.50 | enc_conv1: mean=8.17e-15 std=4.64e-05 pos=0.38
[05/14 06:51:25] [GradMonitor step=1710] deep/task: enc_layer4: mean=9.32e-07 std=1.13e-05 | PAM: mean=1.97e-05 std=2.41e-04 | CIAM: mean=9.34e-07 std=1.13e-05
[05/14 06:51:25] [GradMonitor step=1710] param-grad: weight_base: mean=7.89e-09 std=1.26e-07 | weight_base_open: mean=-2.97e-05 std=5.41e-04 | enc_conv1_weight: mean=-1.78e-03 std=1.02e-02
[05/14 06:51:26] [GradMonitor step=1720] near-input: bn0: mean=2.58e-07 std=4.06e-04 pos=0.50 | enc_conv1: mean=5.52e-15 std=5.83e-05 pos=0.38
[05/14 06:51:26] [GradMonitor step=1720] deep/task: enc_layer4: mean=1.93e-06 std=1.08e-05 | PAM: mean=4.05e-05 std=2.32e-04 | CIAM: mean=1.93e-06 std=1.08e-05
[05/14 06:51:26] [GradMonitor step=1720] param-grad: weight_base: mean=-1.33e-08 std=3.33e-07 | weight_base_open: mean=-9.05e-06 std=8.35e-04 | enc_conv1_weight: mean=2.30e-04 std=1.11e-02
[05/14 06:51:27] [GradMonitor step=1730] near-input: bn0: mean=-9.21e-08 std=2.66e-04 pos=0.50 | enc_conv1: mean=1.25e-15 std=3.50e-05 pos=0.32
[05/14 06:51:27] [GradMonitor step=1730] deep/task: enc_layer4: mean=1.43e-06 std=8.38e-06 | PAM: mean=3.01e-05 std=1.78e-04 | CIAM: mean=1.43e-06 std=8.38e-06
[05/14 06:51:27] [GradMonitor step=1730] param-grad: weight_base: mean=-1.15e-09 std=9.72e-08 | weight_base_open: mean=-4.04e-05 std=6.62e-04 | enc_conv1_weight: mean=-4.14e-04 std=1.07e-02
[05/14 06:51:28] [GradMonitor step=1740] near-input: bn0: mean=-4.04e-08 std=2.65e-04 pos=0.50 | enc_conv1: mean=-7.78e-15 std=3.52e-05 pos=0.37
[05/14 06:51:28] [GradMonitor step=1740] deep/task: enc_layer4: mean=1.62e-06 std=8.40e-06 | PAM: mean=3.38e-05 std=1.78e-04 | CIAM: mean=1.62e-06 std=8.40e-06
[05/14 06:51:28] [GradMonitor step=1740] param-grad: weight_base: mean=1.47e-08 std=3.50e-07 | weight_base_open: mean=-1.06e-06 std=8.46e-04 | enc_conv1_weight: mean=-2.65e-05 std=1.12e-02
[05/14 06:51:29] [GradMonitor step=1750] near-input: bn0: mean=-1.21e-09 std=3.08e-04 pos=0.50 | enc_conv1: mean=1.19e-14 std=3.72e-05 pos=0.33
[05/14 06:51:29] [GradMonitor step=1750] deep/task: enc_layer4: mean=1.56e-06 std=9.82e-06 | PAM: mean=3.32e-05 std=2.09e-04 | CIAM: mean=1.56e-06 std=9.82e-06
[05/14 06:51:29] [GradMonitor step=1750] param-grad: weight_base: mean=5.14e-09 std=2.26e-07 | weight_base_open: mean=-2.86e-05 std=8.70e-04 | enc_conv1_weight: mean=4.70e-03 std=1.28e-02
[05/14 06:51:30] [GradMonitor step=1760] near-input: bn0: mean=1.13e-07 std=4.92e-04 pos=0.50 | enc_conv1: mean=-1.44e-14 std=6.28e-05 pos=0.36
[05/14 06:51:30] [GradMonitor step=1760] deep/task: enc_layer4: mean=2.12e-06 std=8.62e-06 | PAM: mean=4.49e-05 std=1.83e-04 | CIAM: mean=2.12e-06 std=8.62e-06
[05/14 06:51:30] [GradMonitor step=1760] param-grad: weight_base: mean=1.34e-08 std=2.65e-07 | weight_base_open: mean=6.83e-05 std=6.94e-04 | enc_conv1_weight: mean=2.48e-04 std=1.08e-02
[05/14 06:51:30] [GradMonitor step=1770] near-input: bn0: mean=1.08e-07 std=5.08e-04 pos=0.50 | enc_conv1: mean=-2.20e-14 std=6.70e-05 pos=0.40
[05/14 06:51:30] [GradMonitor step=1770] deep/task: enc_layer4: mean=2.38e-06 std=8.98e-06 | PAM: mean=5.06e-05 std=1.90e-04 | CIAM: mean=2.39e-06 std=8.98e-06
[05/14 06:51:30] [GradMonitor step=1770] param-grad: weight_base: mean=-1.74e-09 std=1.38e-07 | weight_base_open: mean=-1.78e-06 std=7.31e-04 | enc_conv1_weight: mean=2.60e-03 std=1.02e-02
[05/14 06:51:31] [GradMonitor step=1780] near-input: bn0: mean=-8.40e-08 std=4.66e-04 pos=0.50 | enc_conv1: mean=-1.11e-14 std=5.71e-05 pos=0.36
[05/14 06:51:31] [GradMonitor step=1780] deep/task: enc_layer4: mean=1.95e-06 std=9.83e-06 | PAM: mean=4.10e-05 std=2.10e-04 | CIAM: mean=1.95e-06 std=9.83e-06
[05/14 06:51:31] [GradMonitor step=1780] param-grad: weight_base: mean=-7.90e-09 std=2.10e-07 | weight_base_open: mean=2.11e-05 std=7.45e-04 | enc_conv1_weight: mean=-1.35e-03 std=1.14e-02
[05/14 06:51:32] [GradMonitor step=1790] near-input: bn0: mean=2.09e-07 std=3.95e-04 pos=0.50 | enc_conv1: mean=3.20e-14 std=4.71e-05 pos=0.40
[05/14 06:51:32] [GradMonitor step=1790] deep/task: enc_layer4: mean=2.34e-06 std=8.33e-06 | PAM: mean=4.93e-05 std=1.78e-04 | CIAM: mean=2.34e-06 std=8.33e-06
[05/14 06:51:32] [GradMonitor step=1790] param-grad: weight_base: mean=1.03e-08 std=2.53e-07 | weight_base_open: mean=5.17e-06 std=7.55e-04 | enc_conv1_weight: mean=1.60e-03 std=9.00e-03
[05/14 06:51:33] [GradMonitor step=1800] near-input: bn0: mean=-9.41e-09 std=3.00e-04 pos=0.50 | enc_conv1: mean=-6.61e-15 std=4.21e-05 pos=0.37
[05/14 06:51:33] [GradMonitor step=1800] deep/task: enc_layer4: mean=2.27e-06 std=7.93e-06 | PAM: mean=4.78e-05 std=1.69e-04 | CIAM: mean=2.27e-06 std=7.93e-06
[05/14 06:51:33] [GradMonitor step=1800] param-grad: weight_base: mean=-4.90e-09 std=3.19e-07 | weight_base_open: mean=3.94e-05 std=8.03e-04 | enc_conv1_weight: mean=3.32e-04 std=9.84e-03
[05/14 06:51:34] [GradMonitor step=1810] near-input: bn0: mean=2.23e-07 std=4.65e-04 pos=0.50 | enc_conv1: mean=3.20e-16 std=6.37e-05 pos=0.38
[05/14 06:51:34] [GradMonitor step=1810] deep/task: enc_layer4: mean=3.33e-07 std=1.21e-05 | PAM: mean=6.50e-06 std=2.59e-04 | CIAM: mean=3.34e-07 std=1.21e-05
[05/14 06:51:34] [GradMonitor step=1810] param-grad: weight_base: mean=6.57e-10 std=1.73e-07 | weight_base_open: mean=-1.87e-05 std=8.15e-04 | enc_conv1_weight: mean=-8.03e-04 std=1.33e-02
[05/14 06:51:34] [GradMonitor step=1820] near-input: bn0: mean=1.40e-08 std=4.08e-04 pos=0.50 | enc_conv1: mean=-1.83e-15 std=5.06e-05 pos=0.38
[05/14 06:51:34] [GradMonitor step=1820] deep/task: enc_layer4: mean=2.44e-06 std=9.74e-06 | PAM: mean=5.16e-05 std=2.08e-04 | CIAM: mean=2.45e-06 std=9.74e-06
[05/14 06:51:34] [GradMonitor step=1820] param-grad: weight_base: mean=8.84e-09 std=4.38e-07 | weight_base_open: mean=-2.06e-05 std=8.34e-04 | enc_conv1_weight: mean=-3.34e-03 std=8.95e-03
[05/14 06:51:35] [GradMonitor step=1830] near-input: bn0: mean=-6.43e-08 std=2.68e-04 pos=0.50 | enc_conv1: mean=1.53e-15 std=3.32e-05 pos=0.38
[05/14 06:51:35] [GradMonitor step=1830] deep/task: enc_layer4: mean=1.59e-06 std=7.82e-06 | PAM: mean=3.35e-05 std=1.66e-04 | CIAM: mean=1.59e-06 std=7.82e-06
[05/14 06:51:35] [GradMonitor step=1830] param-grad: weight_base: mean=2.11e-09 std=2.03e-07 | weight_base_open: mean=3.61e-05 std=6.98e-04 | enc_conv1_weight: mean=6.62e-04 std=1.04e-02
[05/14 06:51:36] [GradMonitor step=1840] near-input: bn0: mean=-1.51e-07 std=3.55e-04 pos=0.50 | enc_conv1: mean=-8.59e-15 std=4.81e-05 pos=0.41
[05/14 06:51:36] [GradMonitor step=1840] deep/task: enc_layer4: mean=1.89e-06 std=9.55e-06 | PAM: mean=3.96e-05 std=2.03e-04 | CIAM: mean=1.89e-06 std=9.55e-06
[05/14 06:51:36] [GradMonitor step=1840] param-grad: weight_base: mean=-1.84e-09 std=3.76e-07 | weight_base_open: mean=-2.79e-05 std=6.34e-04 | enc_conv1_weight: mean=5.18e-03 std=1.17e-02
[05/14 06:51:37] [GradMonitor step=1850] near-input: bn0: mean=8.76e-08 std=4.35e-04 pos=0.50 | enc_conv1: mean=-6.37e-15 std=5.73e-05 pos=0.40
[05/14 06:51:37] [GradMonitor step=1850] deep/task: enc_layer4: mean=1.28e-06 std=1.09e-05 | PAM: mean=2.70e-05 std=2.32e-04 | CIAM: mean=1.29e-06 std=1.09e-05
[05/14 06:51:37] [GradMonitor step=1850] param-grad: weight_base: mean=-1.59e-08 std=3.87e-07 | weight_base_open: mean=-2.03e-05 std=8.52e-04 | enc_conv1_weight: mean=-2.08e-04 std=1.10e-02
[05/14 06:51:38] [GradMonitor step=1860] near-input: bn0: mean=2.42e-08 std=5.00e-04 pos=0.50 | enc_conv1: mean=-7.11e-16 std=6.13e-05 pos=0.33
[05/14 06:51:38] [GradMonitor step=1860] deep/task: enc_layer4: mean=1.84e-06 std=1.11e-05 | PAM: mean=3.88e-05 std=2.38e-04 | CIAM: mean=1.84e-06 std=1.11e-05
[05/14 06:51:38] [GradMonitor step=1860] param-grad: weight_base: mean=-1.26e-08 std=3.10e-07 | weight_base_open: mean=3.06e-05 std=7.89e-04 | enc_conv1_weight: mean=-7.48e-04 std=1.12e-02
[05/14 06:51:38] [GradMonitor step=1870] near-input: bn0: mean=7.60e-08 std=2.83e-04 pos=0.50 | enc_conv1: mean=-1.60e-15 std=3.62e-05 pos=0.38
[05/14 06:51:38] [GradMonitor step=1870] deep/task: enc_layer4: mean=8.49e-07 std=8.59e-06 | PAM: mean=1.79e-05 std=1.82e-04 | CIAM: mean=8.50e-07 std=8.60e-06
[05/14 06:51:38] [GradMonitor step=1870] param-grad: weight_base: mean=1.32e-08 std=1.87e-07 | weight_base_open: mean=-1.56e-05 std=8.08e-04 | enc_conv1_weight: mean=-2.00e-03 std=1.22e-02
[05/14 06:51:39] [GradMonitor step=1880] near-input: bn0: mean=-3.52e-08 std=4.89e-04 pos=0.50 | enc_conv1: mean=2.93e-14 std=6.75e-05 pos=0.39
[05/14 06:51:39] [GradMonitor step=1880] deep/task: enc_layer4: mean=1.71e-06 std=1.17e-05 | PAM: mean=3.66e-05 std=2.51e-04 | CIAM: mean=1.72e-06 std=1.17e-05
[05/14 06:51:39] [GradMonitor step=1880] param-grad: weight_base: mean=-6.62e-09 std=1.49e-07 | weight_base_open: mean=-3.27e-05 std=7.39e-04 | enc_conv1_weight: mean=3.18e-03 std=1.19e-02
[05/14 06:51:40] [GradMonitor step=1890] near-input: bn0: mean=6.47e-08 std=3.07e-04 pos=0.50 | enc_conv1: mean=-1.04e-14 std=4.10e-05 pos=0.36
[05/14 06:51:40] [GradMonitor step=1890] deep/task: enc_layer4: mean=2.52e-06 std=7.87e-06 | PAM: mean=5.30e-05 std=1.67e-04 | CIAM: mean=2.52e-06 std=7.87e-06
[05/14 06:51:40] [GradMonitor step=1890] param-grad: weight_base: mean=-3.60e-09 std=1.33e-07 | weight_base_open: mean=-4.46e-05 std=8.93e-04 | enc_conv1_weight: mean=5.81e-04 std=8.95e-03
[05/14 06:51:41] [GradMonitor step=1900] near-input: bn0: mean=-1.18e-07 std=4.24e-04 pos=0.50 | enc_conv1: mean=9.14e-15 std=5.69e-05 pos=0.36
[05/14 06:51:41] [GradMonitor step=1900] deep/task: enc_layer4: mean=1.87e-06 std=1.09e-05 | PAM: mean=3.94e-05 std=2.33e-04 | CIAM: mean=1.87e-06 std=1.09e-05
[05/14 06:51:41] [GradMonitor step=1900] param-grad: weight_base: mean=-1.27e-08 std=2.14e-07 | weight_base_open: mean=-3.07e-05 std=8.19e-04 | enc_conv1_weight: mean=9.30e-04 std=1.43e-02
[05/14 06:51:42] [GradMonitor step=1910] near-input: bn0: mean=4.01e-08 std=3.63e-04 pos=0.50 | enc_conv1: mean=-2.33e-15 std=4.69e-05 pos=0.41
[05/14 06:51:42] [GradMonitor step=1910] deep/task: enc_layer4: mean=1.93e-06 std=9.26e-06 | PAM: mean=4.04e-05 std=1.97e-04 | CIAM: mean=1.93e-06 std=9.26e-06
[05/14 06:51:42] [GradMonitor step=1910] param-grad: weight_base: mean=-5.54e-09 std=2.70e-07 | weight_base_open: mean=2.90e-05 std=8.38e-04 | enc_conv1_weight: mean=-9.40e-04 std=1.13e-02
[05/14 06:51:43] [GradMonitor step=1920] near-input: bn0: mean=-7.07e-08 std=3.23e-04 pos=0.50 | enc_conv1: mean=6.33e-15 std=4.46e-05 pos=0.38
[05/14 06:51:43] [GradMonitor step=1920] deep/task: enc_layer4: mean=2.19e-06 std=9.34e-06 | PAM: mean=4.63e-05 std=1.99e-04 | CIAM: mean=2.19e-06 std=9.34e-06
[05/14 06:51:43] [GradMonitor step=1920] param-grad: weight_base: mean=-4.64e-09 std=1.90e-07 | weight_base_open: mean=3.51e-05 std=7.11e-04 | enc_conv1_weight: mean=1.61e-03 std=1.19e-02
[05/14 06:51:43] [GradMonitor step=1930] near-input: bn0: mean=8.88e-08 std=3.28e-04 pos=0.50 | enc_conv1: mean=-1.33e-15 std=4.56e-05 pos=0.36
[05/14 06:51:43] [GradMonitor step=1930] deep/task: enc_layer4: mean=1.71e-06 std=8.99e-06 | PAM: mean=3.59e-05 std=1.90e-04 | CIAM: mean=1.72e-06 std=8.99e-06
[05/14 06:51:43] [GradMonitor step=1930] param-grad: weight_base: mean=7.00e-09 std=2.50e-07 | weight_base_open: mean=-3.07e-05 std=7.64e-04 | enc_conv1_weight: mean=-1.02e-04 std=1.11e-02
[05/14 06:51:44] [GradMonitor step=1940] near-input: bn0: mean=-1.56e-08 std=5.38e-04 pos=0.50 | enc_conv1: mean=1.75e-14 std=6.49e-05 pos=0.41
[05/14 06:51:44] [GradMonitor step=1940] deep/task: enc_layer4: mean=2.15e-06 std=8.80e-06 | PAM: mean=4.55e-05 std=1.87e-04 | CIAM: mean=2.16e-06 std=8.80e-06
[05/14 06:51:44] [GradMonitor step=1940] param-grad: weight_base: mean=-1.27e-08 std=1.96e-07 | weight_base_open: mean=1.88e-05 std=8.34e-04 | enc_conv1_weight: mean=6.27e-04 std=1.19e-02
[05/14 06:51:45] [GradMonitor step=1950] near-input: bn0: mean=1.43e-08 std=3.27e-04 pos=0.50 | enc_conv1: mean=-3.07e-15 std=4.52e-05 pos=0.36
[05/14 06:51:45] [GradMonitor step=1950] deep/task: enc_layer4: mean=1.23e-06 std=1.01e-05 | PAM: mean=2.60e-05 std=2.14e-04 | CIAM: mean=1.24e-06 std=1.01e-05
[05/14 06:51:45] [GradMonitor step=1950] param-grad: weight_base: mean=1.39e-08 std=2.93e-07 | weight_base_open: mean=1.45e-06 std=8.24e-04 | enc_conv1_weight: mean=-1.30e-03 std=1.22e-02
[05/14 06:51:46] [GradMonitor step=1960] near-input: bn0: mean=7.32e-08 std=3.81e-04 pos=0.50 | enc_conv1: mean=-1.22e-14 std=4.90e-05 pos=0.39
[05/14 06:51:46] [GradMonitor step=1960] deep/task: enc_layer4: mean=1.45e-06 std=9.93e-06 | PAM: mean=3.05e-05 std=2.11e-04 | CIAM: mean=1.46e-06 std=9.93e-06
[05/14 06:51:46] [GradMonitor step=1960] param-grad: weight_base: mean=-5.27e-10 std=9.30e-08 | weight_base_open: mean=-5.88e-06 std=8.70e-04 | enc_conv1_weight: mean=5.47e-04 std=1.12e-02
[05/14 06:51:47] [GradMonitor step=1970] near-input: bn0: mean=1.37e-07 std=4.24e-04 pos=0.50 | enc_conv1: mean=-2.48e-14 std=6.04e-05 pos=0.39
[05/14 06:51:47] [GradMonitor step=1970] deep/task: enc_layer4: mean=2.37e-06 std=1.02e-05 | PAM: mean=4.98e-05 std=2.19e-04 | CIAM: mean=2.37e-06 std=1.02e-05
[05/14 06:51:47] [GradMonitor step=1970] param-grad: weight_base: mean=9.85e-09 std=2.58e-07 | weight_base_open: mean=4.30e-05 std=7.95e-04 | enc_conv1_weight: mean=-9.80e-04 std=1.24e-02
[05/14 06:51:47] [GradMonitor step=1980] near-input: bn0: mean=8.42e-08 std=4.13e-04 pos=0.50 | enc_conv1: mean=-2.82e-15 std=5.20e-05 pos=0.35
[05/14 06:51:47] [GradMonitor step=1980] deep/task: enc_layer4: mean=1.72e-06 std=9.02e-06 | PAM: mean=3.61e-05 std=1.90e-04 | CIAM: mean=1.73e-06 std=9.02e-06
[05/14 06:51:47] [GradMonitor step=1980] param-grad: weight_base: mean=-9.10e-10 std=1.85e-07 | weight_base_open: mean=-2.77e-05 std=8.07e-04 | enc_conv1_weight: mean=-2.90e-03 std=1.17e-02
[05/14 06:51:48] [GradMonitor step=1990] near-input: bn0: mean=4.93e-08 std=3.30e-04 pos=0.50 | enc_conv1: mean=4.77e-15 std=4.31e-05 pos=0.40
[05/14 06:51:48] [GradMonitor step=1990] deep/task: enc_layer4: mean=8.59e-07 std=8.91e-06 | PAM: mean=1.83e-05 std=1.90e-04 | CIAM: mean=8.61e-07 std=8.92e-06
[05/14 06:51:48] [GradMonitor step=1990] param-grad: weight_base: mean=-4.49e-09 std=1.76e-07 | weight_base_open: mean=-1.31e-05 std=8.72e-04 | enc_conv1_weight: mean=-1.07e-05 std=1.13e-02
[05/14 06:51:49] [GradMonitor step=2000] near-input: bn0: mean=1.72e-07 std=4.11e-04 pos=0.50 | enc_conv1: mean=5.60e-15 std=5.60e-05 pos=0.38
[05/14 06:51:49] [GradMonitor step=2000] deep/task: enc_layer4: mean=1.58e-06 std=1.17e-05 | PAM: mean=3.31e-05 std=2.47e-04 | CIAM: mean=1.58e-06 std=1.17e-05
[05/14 06:51:49] [GradMonitor step=2000] param-grad: weight_base: mean=-1.13e-08 std=2.49e-07 | weight_base_open: mean=-1.40e-05 std=8.37e-04 | enc_conv1_weight: mean=-2.70e-03 std=1.41e-02
[05/14 06:51:49] 
[05/14 06:51:49] epoch 5/40, iter 2000:
[05/14 06:51:49] train_loss: 1.46194
[05/14 06:51:49] train_acc: 0.854
[05/14 06:51:49] train_auroc: 0.794
[05/14 06:51:55] Summary name val_6-way-5-shot_tpr@tnr95 is illegal; using val_6-way-5-shot_tpr_tnr95 instead.
[05/14 06:51:55] val_6-way-5-shot_acc: 65.117	0.648
[05/14 06:51:55] val_6-way-5-shot_auroc: 36.568	1.680
[05/14 06:51:55] val_6-way-5-shot_fscore: 19.198	0.290
[05/14 06:51:55] val_6-way-5-shot_tpr@tnr95: 2.450	0.934
[05/14 06:51:55] val_6-way-5-shot_osr: 48.021	0.473
[05/14 06:51:55] BEST ACC!
[05/14 06:51:56] [GradMonitor step=2010] near-input: bn0: mean=-1.18e-07 std=2.65e-04 pos=0.50 | enc_conv1: mean=-1.47e-14 std=3.69e-05 pos=0.32
[05/14 06:51:56] [GradMonitor step=2010] deep/task: enc_layer4: mean=1.71e-06 std=8.38e-06 | PAM: mean=3.59e-05 std=1.77e-04 | CIAM: mean=1.71e-06 std=8.38e-06
[05/14 06:51:56] [GradMonitor step=2010] param-grad: weight_base: mean=7.61e-09 std=3.82e-07 | weight_base_open: mean=-6.08e-05 std=8.75e-04 | enc_conv1_weight: mean=-4.15e-03 std=1.26e-02
[05/14 06:51:57] [GradMonitor step=2020] near-input: bn0: mean=9.98e-08 std=3.66e-04 pos=0.50 | enc_conv1: mean=1.54e-14 std=5.17e-05 pos=0.42
[05/14 06:51:57] [GradMonitor step=2020] deep/task: enc_layer4: mean=1.84e-06 std=1.11e-05 | PAM: mean=3.92e-05 std=2.36e-04 | CIAM: mean=1.85e-06 std=1.11e-05
[05/14 06:51:57] [GradMonitor step=2020] param-grad: weight_base: mean=-3.71e-09 std=2.77e-07 | weight_base_open: mean=-3.40e-05 std=6.98e-04 | enc_conv1_weight: mean=4.20e-03 std=1.15e-02
[05/14 06:51:58] [GradMonitor step=2030] near-input: bn0: mean=-2.38e-08 std=3.43e-04 pos=0.50 | enc_conv1: mean=1.95e-16 std=4.52e-05 pos=0.39
[05/14 06:51:58] [GradMonitor step=2030] deep/task: enc_layer4: mean=1.85e-06 std=9.45e-06 | PAM: mean=3.89e-05 std=2.01e-04 | CIAM: mean=1.85e-06 std=9.45e-06
[05/14 06:51:58] [GradMonitor step=2030] param-grad: weight_base: mean=-3.71e-09 std=2.61e-07 | weight_base_open: mean=4.74e-06 std=8.57e-04 | enc_conv1_weight: mean=3.00e-03 std=1.30e-02
[05/14 06:51:59] [GradMonitor step=2040] near-input: bn0: mean=-1.08e-07 std=2.82e-04 pos=0.50 | enc_conv1: mean=2.22e-14 std=3.59e-05 pos=0.36
[05/14 06:51:59] [GradMonitor step=2040] deep/task: enc_layer4: mean=1.88e-06 std=8.15e-06 | PAM: mean=3.95e-05 std=1.73e-04 | CIAM: mean=1.88e-06 std=8.15e-06
[05/14 06:51:59] [GradMonitor step=2040] param-grad: weight_base: mean=-5.00e-09 std=1.28e-07 | weight_base_open: mean=3.84e-05 std=8.23e-04 | enc_conv1_weight: mean=9.19e-04 std=8.80e-03
[05/14 06:51:59] [GradMonitor step=2050] near-input: bn0: mean=-2.64e-07 std=4.42e-04 pos=0.50 | enc_conv1: mean=-1.04e-15 std=6.08e-05 pos=0.38
[05/14 06:51:59] [GradMonitor step=2050] deep/task: enc_layer4: mean=2.01e-06 std=9.91e-06 | PAM: mean=4.22e-05 std=2.10e-04 | CIAM: mean=2.01e-06 std=9.91e-06
[05/14 06:51:59] [GradMonitor step=2050] param-grad: weight_base: mean=4.45e-09 std=1.62e-07 | weight_base_open: mean=3.30e-07 std=9.32e-04 | enc_conv1_weight: mean=5.99e-04 std=1.20e-02
[05/14 06:52:00] [GradMonitor step=2060] near-input: bn0: mean=1.03e-08 std=2.84e-04 pos=0.50 | enc_conv1: mean=-1.55e-14 std=3.69e-05 pos=0.39
[05/14 06:52:00] [GradMonitor step=2060] deep/task: enc_layer4: mean=2.01e-06 std=8.52e-06 | PAM: mean=4.23e-05 std=1.81e-04 | CIAM: mean=2.01e-06 std=8.52e-06
[05/14 06:52:00] [GradMonitor step=2060] param-grad: weight_base: mean=1.95e-10 std=3.99e-07 | weight_base_open: mean=1.28e-06 std=8.26e-04 | enc_conv1_weight: mean=-2.71e-03 std=9.94e-03
[05/14 06:52:01] [GradMonitor step=2070] near-input: bn0: mean=3.55e-08 std=2.70e-04 pos=0.50 | enc_conv1: mean=6.06e-15 std=3.62e-05 pos=0.36
[05/14 06:52:01] [GradMonitor step=2070] deep/task: enc_layer4: mean=2.35e-06 std=8.04e-06 | PAM: mean=4.93e-05 std=1.70e-04 | CIAM: mean=2.35e-06 std=8.05e-06
[05/14 06:52:01] [GradMonitor step=2070] param-grad: weight_base: mean=3.52e-09 std=1.27e-07 | weight_base_open: mean=-1.10e-06 std=7.08e-04 | enc_conv1_weight: mean=8.47e-04 std=9.87e-03
[05/14 06:52:02] [GradMonitor step=2080] near-input: bn0: mean=1.63e-07 std=3.96e-04 pos=0.50 | enc_conv1: mean=-1.50e-14 std=5.92e-05 pos=0.37
[05/14 06:52:02] [GradMonitor step=2080] deep/task: enc_layer4: mean=1.03e-06 std=1.14e-05 | PAM: mean=2.22e-05 std=2.41e-04 | CIAM: mean=1.03e-06 std=1.14e-05
[05/14 06:52:02] [GradMonitor step=2080] param-grad: weight_base: mean=-4.74e-09 std=2.23e-07 | weight_base_open: mean=6.96e-05 std=7.37e-04 | enc_conv1_weight: mean=-3.80e-04 std=1.47e-02
[05/14 06:52:03] [GradMonitor step=2090] near-input: bn0: mean=9.95e-08 std=3.14e-04 pos=0.50 | enc_conv1: mean=5.36e-15 std=4.37e-05 pos=0.38
[05/14 06:52:03] [GradMonitor step=2090] deep/task: enc_layer4: mean=2.11e-06 std=9.26e-06 | PAM: mean=4.43e-05 std=1.96e-04 | CIAM: mean=2.12e-06 std=9.26e-06
[05/14 06:52:03] [GradMonitor step=2090] param-grad: weight_base: mean=3.54e-09 std=2.14e-07 | weight_base_open: mean=-4.27e-06 std=8.00e-04 | enc_conv1_weight: mean=-1.27e-03 std=1.22e-02
[05/14 06:52:04] [GradMonitor step=2100] near-input: bn0: mean=9.79e-08 std=4.18e-04 pos=0.50 | enc_conv1: mean=1.36e-14 std=5.45e-05 pos=0.36
[05/14 06:52:04] [GradMonitor step=2100] deep/task: enc_layer4: mean=2.34e-06 std=8.80e-06 | PAM: mean=4.95e-05 std=1.87e-04 | CIAM: mean=2.34e-06 std=8.80e-06
[05/14 06:52:04] [GradMonitor step=2100] param-grad: weight_base: mean=-8.68e-09 std=2.22e-07 | weight_base_open: mean=-4.69e-06 std=8.82e-04 | enc_conv1_weight: mean=7.27e-04 std=1.00e-02
[05/14 06:52:04] [GradMonitor step=2110] near-input: bn0: mean=1.18e-07 std=3.52e-04 pos=0.50 | enc_conv1: mean=-1.65e-14 std=4.73e-05 pos=0.39
[05/14 06:52:04] [GradMonitor step=2110] deep/task: enc_layer4: mean=1.08e-06 std=1.09e-05 | PAM: mean=2.29e-05 std=2.31e-04 | CIAM: mean=1.09e-06 std=1.09e-05
[05/14 06:52:04] [GradMonitor step=2110] param-grad: weight_base: mean=7.72e-09 std=1.69e-07 | weight_base_open: mean=-4.94e-05 std=5.95e-04 | enc_conv1_weight: mean=-1.99e-03 std=1.01e-02
[05/14 06:52:05] [GradMonitor step=2120] near-input: bn0: mean=2.72e-07 std=3.66e-04 pos=0.50 | enc_conv1: mean=2.06e-14 std=5.31e-05 pos=0.38
[05/14 06:52:05] [GradMonitor step=2120] deep/task: enc_layer4: mean=2.05e-06 std=1.01e-05 | PAM: mean=4.34e-05 std=2.16e-04 | CIAM: mean=2.06e-06 std=1.01e-05
[05/14 06:52:05] [GradMonitor step=2120] param-grad: weight_base: mean=8.54e-09 std=2.16e-07 | weight_base_open: mean=4.43e-06 std=9.54e-04 | enc_conv1_weight: mean=7.57e-04 std=1.07e-02
[05/14 06:52:06] [GradMonitor step=2130] near-input: bn0: mean=-1.15e-07 std=2.50e-04 pos=0.50 | enc_conv1: mean=1.49e-15 std=3.29e-05 pos=0.33
[05/14 06:52:06] [GradMonitor step=2130] deep/task: enc_layer4: mean=1.49e-06 std=7.74e-06 | PAM: mean=3.16e-05 std=1.64e-04 | CIAM: mean=1.50e-06 std=7.74e-06
[05/14 06:52:06] [GradMonitor step=2130] param-grad: weight_base: mean=-3.45e-09 std=1.16e-07 | weight_base_open: mean=6.54e-05 std=8.75e-04 | enc_conv1_weight: mean=-8.90e-04 std=1.13e-02
[05/14 06:52:07] [GradMonitor step=2140] near-input: bn0: mean=-5.87e-08 std=2.47e-04 pos=0.50 | enc_conv1: mean=-1.52e-15 std=3.27e-05 pos=0.34
[05/14 06:52:07] [GradMonitor step=2140] deep/task: enc_layer4: mean=1.69e-06 std=7.75e-06 | PAM: mean=3.55e-05 std=1.64e-04 | CIAM: mean=1.70e-06 std=7.75e-06
[05/14 06:52:07] [GradMonitor step=2140] param-grad: weight_base: mean=7.83e-10 std=3.60e-07 | weight_base_open: mean=-1.00e-05 std=9.21e-04 | enc_conv1_weight: mean=-9.47e-04 std=1.10e-02
[05/14 06:52:08] [GradMonitor step=2150] near-input: bn0: mean=-5.40e-08 std=2.95e-04 pos=0.50 | enc_conv1: mean=-1.47e-14 std=3.62e-05 pos=0.32
[05/14 06:52:08] [GradMonitor step=2150] deep/task: enc_layer4: mean=1.71e-06 std=9.29e-06 | PAM: mean=3.63e-05 std=1.97e-04 | CIAM: mean=1.71e-06 std=9.29e-06
[05/14 06:52:08] [GradMonitor step=2150] param-grad: weight_base: mean=-9.61e-09 std=2.94e-07 | weight_base_open: mean=-7.99e-05 std=1.03e-03 | enc_conv1_weight: mean=5.32e-03 std=1.37e-02
[05/14 06:52:08] [GradMonitor step=2160] near-input: bn0: mean=1.35e-07 std=4.47e-04 pos=0.50 | enc_conv1: mean=-3.00e-15 std=5.76e-05 pos=0.38
[05/14 06:52:08] [GradMonitor step=2160] deep/task: enc_layer4: mean=2.25e-06 std=7.82e-06 | PAM: mean=4.77e-05 std=1.66e-04 | CIAM: mean=2.26e-06 std=7.82e-06
[05/14 06:52:08] [GradMonitor step=2160] param-grad: weight_base: mean=3.37e-09 std=2.81e-07 | weight_base_open: mean=3.85e-05 std=7.27e-04 | enc_conv1_weight: mean=5.22e-04 std=1.17e-02
[05/14 06:52:09] [GradMonitor step=2170] near-input: bn0: mean=7.20e-08 std=4.89e-04 pos=0.50 | enc_conv1: mean=6.67e-15 std=6.51e-05 pos=0.40
[05/14 06:52:09] [GradMonitor step=2170] deep/task: enc_layer4: mean=2.42e-06 std=8.37e-06 | PAM: mean=5.12e-05 std=1.77e-04 | CIAM: mean=2.42e-06 std=8.37e-06
[05/14 06:52:09] [GradMonitor step=2170] param-grad: weight_base: mean=3.75e-09 std=1.29e-07 | weight_base_open: mean=1.63e-05 std=7.88e-04 | enc_conv1_weight: mean=1.83e-03 std=9.43e-03
[05/14 06:52:10] [GradMonitor step=2180] near-input: bn0: mean=-1.01e-07 std=4.58e-04 pos=0.50 | enc_conv1: mean=9.09e-15 std=5.67e-05 pos=0.35
[05/14 06:52:10] [GradMonitor step=2180] deep/task: enc_layer4: mean=2.11e-06 std=9.03e-06 | PAM: mean=4.45e-05 std=1.92e-04 | CIAM: mean=2.12e-06 std=9.03e-06
[05/14 06:52:10] [GradMonitor step=2180] param-grad: weight_base: mean=-2.50e-09 std=3.07e-07 | weight_base_open: mean=-6.39e-05 std=7.75e-04 | enc_conv1_weight: mean=-7.15e-04 std=1.15e-02
[05/14 06:52:11] [GradMonitor step=2190] near-input: bn0: mean=2.11e-07 std=4.22e-04 pos=0.50 | enc_conv1: mean=-2.68e-15 std=5.08e-05 pos=0.40
[05/14 06:52:11] [GradMonitor step=2190] deep/task: enc_layer4: mean=2.47e-06 std=8.13e-06 | PAM: mean=5.21e-05 std=1.73e-04 | CIAM: mean=2.47e-06 std=8.13e-06
[05/14 06:52:11] [GradMonitor step=2190] param-grad: weight_base: mean=-6.65e-10 std=1.22e-07 | weight_base_open: mean=-8.29e-06 std=7.30e-04 | enc_conv1_weight: mean=1.97e-03 std=9.45e-03
[05/14 06:52:12] [GradMonitor step=2200] near-input: bn0: mean=-3.75e-09 std=2.98e-04 pos=0.50 | enc_conv1: mean=6.31e-15 std=4.18e-05 pos=0.38
[05/14 06:52:12] [GradMonitor step=2200] deep/task: enc_layer4: mean=2.42e-06 std=7.54e-06 | PAM: mean=5.09e-05 std=1.60e-04 | CIAM: mean=2.42e-06 std=7.54e-06
[05/14 06:52:12] [GradMonitor step=2200] param-grad: weight_base: mean=-1.26e-09 std=4.52e-07 | weight_base_open: mean=2.37e-05 std=9.12e-04 | enc_conv1_weight: mean=1.24e-04 std=9.83e-03
[05/14 06:52:13] [GradMonitor step=2210] near-input: bn0: mean=1.43e-07 std=4.08e-04 pos=0.50 | enc_conv1: mean=-1.21e-14 std=5.56e-05 pos=0.37
[05/14 06:52:13] [GradMonitor step=2210] deep/task: enc_layer4: mean=5.03e-07 std=1.11e-05 | PAM: mean=1.01e-05 std=2.36e-04 | CIAM: mean=5.05e-07 std=1.11e-05
[05/14 06:52:13] [GradMonitor step=2210] param-grad: weight_base: mean=-9.02e-09 std=3.16e-07 | weight_base_open: mean=-1.99e-05 std=8.13e-04 | enc_conv1_weight: mean=-6.75e-04 std=1.40e-02
[05/14 06:52:13] [GradMonitor step=2220] near-input: bn0: mean=6.99e-08 std=3.99e-04 pos=0.50 | enc_conv1: mean=-2.10e-14 std=4.91e-05 pos=0.38
[05/14 06:52:13] [GradMonitor step=2220] deep/task: enc_layer4: mean=2.56e-06 std=9.06e-06 | PAM: mean=5.41e-05 std=1.93e-04 | CIAM: mean=2.57e-06 std=9.06e-06
[05/14 06:52:13] [GradMonitor step=2220] param-grad: weight_base: mean=-1.49e-09 std=2.76e-07 | weight_base_open: mean=-1.09e-05 std=9.32e-04 | enc_conv1_weight: mean=-3.62e-03 std=9.46e-03
[05/14 06:52:14] [GradMonitor step=2230] near-input: bn0: mean=-6.82e-08 std=2.57e-04 pos=0.50 | enc_conv1: mean=7.47e-15 std=3.19e-05 pos=0.37
[05/14 06:52:14] [GradMonitor step=2230] deep/task: enc_layer4: mean=1.74e-06 std=7.29e-06 | PAM: mean=3.66e-05 std=1.54e-04 | CIAM: mean=1.74e-06 std=7.29e-06
[05/14 06:52:14] [GradMonitor step=2230] param-grad: weight_base: mean=-5.51e-09 std=2.18e-07 | weight_base_open: mean=-2.08e-05 std=6.33e-04 | enc_conv1_weight: mean=7.54e-04 std=1.03e-02
[05/14 06:52:15] [GradMonitor step=2240] near-input: bn0: mean=-2.15e-07 std=3.37e-04 pos=0.50 | enc_conv1: mean=-5.80e-16 std=4.62e-05 pos=0.39
[05/14 06:52:15] [GradMonitor step=2240] deep/task: enc_layer4: mean=1.99e-06 std=8.83e-06 | PAM: mean=4.18e-05 std=1.87e-04 | CIAM: mean=2.00e-06 std=8.83e-06
[05/14 06:52:15] [GradMonitor step=2240] param-grad: weight_base: mean=-4.49e-09 std=1.78e-07 | weight_base_open: mean=-1.06e-05 std=7.16e-04 | enc_conv1_weight: mean=6.14e-03 std=1.23e-02
[05/14 06:52:16] [GradMonitor step=2250] near-input: bn0: mean=7.03e-08 std=4.45e-04 pos=0.50 | enc_conv1: mean=4.29e-14 std=5.83e-05 pos=0.40
[05/14 06:52:16] [GradMonitor step=2250] deep/task: enc_layer4: mean=1.56e-06 std=1.03e-05 | PAM: mean=3.29e-05 std=2.20e-04 | CIAM: mean=1.57e-06 std=1.03e-05
[05/14 06:52:16] [GradMonitor step=2250] param-grad: weight_base: mean=-6.42e-09 std=3.44e-07 | weight_base_open: mean=-1.78e-05 std=8.32e-04 | enc_conv1_weight: mean=-2.58e-04 std=1.22e-02
[05/14 06:52:17] [GradMonitor step=2260] near-input: bn0: mean=1.61e-08 std=4.79e-04 pos=0.50 | enc_conv1: mean=4.37e-15 std=5.91e-05 pos=0.34
[05/14 06:52:17] [GradMonitor step=2260] deep/task: enc_layer4: mean=1.99e-06 std=1.06e-05 | PAM: mean=4.19e-05 std=2.27e-04 | CIAM: mean=1.99e-06 std=1.06e-05
[05/14 06:52:17] [GradMonitor step=2260] param-grad: weight_base: mean=-9.66e-09 std=2.99e-07 | weight_base_open: mean=2.79e-05 std=9.35e-04 | enc_conv1_weight: mean=-2.62e-03 std=1.16e-02
[05/14 06:52:17] [GradMonitor step=2270] near-input: bn0: mean=8.76e-08 std=2.88e-04 pos=0.50 | enc_conv1: mean=2.97e-15 std=3.65e-05 pos=0.37
[05/14 06:52:17] [GradMonitor step=2270] deep/task: enc_layer4: mean=1.09e-06 std=8.25e-06 | PAM: mean=2.30e-05 std=1.74e-04 | CIAM: mean=1.09e-06 std=8.25e-06
[05/14 06:52:17] [GradMonitor step=2270] param-grad: weight_base: mean=1.23e-10 std=8.60e-08 | weight_base_open: mean=-3.37e-05 std=6.27e-04 | enc_conv1_weight: mean=-2.10e-03 std=1.33e-02
[05/14 06:52:18] [GradMonitor step=2280] near-input: bn0: mean=-9.29e-08 std=5.14e-04 pos=0.50 | enc_conv1: mean=-2.01e-14 std=7.06e-05 pos=0.38
[05/14 06:52:18] [GradMonitor step=2280] deep/task: enc_layer4: mean=1.97e-06 std=1.14e-05 | PAM: mean=4.21e-05 std=2.43e-04 | CIAM: mean=1.98e-06 std=1.14e-05
[05/14 06:52:18] [GradMonitor step=2280] param-grad: weight_base: mean=-2.33e-10 std=1.16e-07 | weight_base_open: mean=3.24e-05 std=7.61e-04 | enc_conv1_weight: mean=2.17e-03 std=1.21e-02
[05/14 06:52:19] [GradMonitor step=2290] near-input: bn0: mean=4.59e-08 std=2.85e-04 pos=0.50 | enc_conv1: mean=5.24e-15 std=3.85e-05 pos=0.33
[05/14 06:52:19] [GradMonitor step=2290] deep/task: enc_layer4: mean=2.54e-06 std=7.29e-06 | PAM: mean=5.34e-05 std=1.55e-04 | CIAM: mean=2.54e-06 std=7.29e-06
[05/14 06:52:19] [GradMonitor step=2290] param-grad: weight_base: mean=1.52e-09 std=3.56e-07 | weight_base_open: mean=4.46e-06 std=8.10e-04 | enc_conv1_weight: mean=1.15e-04 std=8.96e-03
[05/14 06:52:20] [GradMonitor step=2300] near-input: bn0: mean=-1.16e-07 std=3.85e-04 pos=0.50 | enc_conv1: mean=1.45e-14 std=5.15e-05 pos=0.36
[05/14 06:52:20] [GradMonitor step=2300] deep/task: enc_layer4: mean=1.99e-06 std=1.01e-05 | PAM: mean=4.19e-05 std=2.16e-04 | CIAM: mean=1.99e-06 std=1.01e-05
[05/14 06:52:20] [GradMonitor step=2300] param-grad: weight_base: mean=-6.68e-09 std=1.52e-07 | weight_base_open: mean=-4.20e-05 std=7.62e-04 | enc_conv1_weight: mean=1.15e-03 std=1.42e-02
[05/14 06:52:21] [GradMonitor step=2310] near-input: bn0: mean=-2.69e-09 std=3.44e-04 pos=0.50 | enc_conv1: mean=3.61e-15 std=4.46e-05 pos=0.41
[05/14 06:52:21] [GradMonitor step=2310] deep/task: enc_layer4: mean=2.01e-06 std=8.45e-06 | PAM: mean=4.23e-05 std=1.79e-04 | CIAM: mean=2.02e-06 std=8.45e-06
[05/14 06:52:21] [GradMonitor step=2310] param-grad: weight_base: mean=-9.01e-09 std=2.28e-07 | weight_base_open: mean=-1.88e-05 std=8.65e-04 | enc_conv1_weight: mean=-5.10e-04 std=1.13e-02
[05/14 06:52:22] [GradMonitor step=2320] near-input: bn0: mean=-8.51e-08 std=2.99e-04 pos=0.50 | enc_conv1: mean=-4.75e-15 std=4.14e-05 pos=0.37
[05/14 06:52:22] [GradMonitor step=2320] deep/task: enc_layer4: mean=2.37e-06 std=8.69e-06 | PAM: mean=5.02e-05 std=1.85e-04 | CIAM: mean=2.38e-06 std=8.69e-06
[05/14 06:52:22] [GradMonitor step=2320] param-grad: weight_base: mean=3.44e-09 std=2.54e-07 | weight_base_open: mean=5.22e-05 std=8.60e-04 | enc_conv1_weight: mean=1.69e-03 std=1.14e-02
[05/14 06:52:23] [GradMonitor step=2330] near-input: bn0: mean=6.92e-08 std=3.01e-04 pos=0.50 | enc_conv1: mean=1.80e-14 std=4.21e-05 pos=0.36
[05/14 06:52:23] [GradMonitor step=2330] deep/task: enc_layer4: mean=1.84e-06 std=8.29e-06 | PAM: mean=3.86e-05 std=1.75e-04 | CIAM: mean=1.84e-06 std=8.29e-06
[05/14 06:52:23] [GradMonitor step=2330] param-grad: weight_base: mean=5.01e-09 std=2.15e-07 | weight_base_open: mean=5.65e-07 std=8.36e-04 | enc_conv1_weight: mean=3.85e-04 std=1.12e-02
[05/14 06:52:23] [GradMonitor step=2340] near-input: bn0: mean=-8.06e-08 std=5.11e-04 pos=0.50 | enc_conv1: mean=2.62e-14 std=6.19e-05 pos=0.41
[05/14 06:52:23] [GradMonitor step=2340] deep/task: enc_layer4: mean=2.19e-06 std=8.05e-06 | PAM: mean=4.62e-05 std=1.71e-04 | CIAM: mean=2.19e-06 std=8.05e-06
[05/14 06:52:23] [GradMonitor step=2340] param-grad: weight_base: mean=-1.85e-10 std=6.00e-08 | weight_base_open: mean=-2.81e-05 std=8.41e-04 | enc_conv1_weight: mean=-4.53e-06 std=1.15e-02
[05/14 06:52:24] [GradMonitor step=2350] near-input: bn0: mean=3.60e-08 std=3.06e-04 pos=0.50 | enc_conv1: mean=2.46e-14 std=4.25e-05 pos=0.35
[05/14 06:52:24] [GradMonitor step=2350] deep/task: enc_layer4: mean=1.45e-06 std=9.33e-06 | PAM: mean=3.04e-05 std=1.98e-04 | CIAM: mean=1.45e-06 std=9.33e-06
[05/14 06:52:24] [GradMonitor step=2350] param-grad: weight_base: mean=-6.11e-09 std=3.32e-07 | weight_base_open: mean=5.32e-05 std=8.71e-04 | enc_conv1_weight: mean=-1.82e-03 std=1.17e-02
[05/14 06:52:25] [GradMonitor step=2360] near-input: bn0: mean=1.56e-08 std=3.46e-04 pos=0.50 | enc_conv1: mean=1.45e-14 std=4.47e-05 pos=0.39
[05/14 06:52:25] [GradMonitor step=2360] deep/task: enc_layer4: mean=1.71e-06 std=9.26e-06 | PAM: mean=3.59e-05 std=1.97e-04 | CIAM: mean=1.71e-06 std=9.26e-06
[05/14 06:52:25] [GradMonitor step=2360] param-grad: weight_base: mean=-4.58e-09 std=1.51e-07 | weight_base_open: mean=2.17e-05 std=7.30e-04 | enc_conv1_weight: mean=1.82e-03 std=1.09e-02
[05/14 06:52:26] [GradMonitor step=2370] near-input: bn0: mean=1.40e-07 std=4.04e-04 pos=0.50 | enc_conv1: mean=2.43e-14 std=5.83e-05 pos=0.37
[05/14 06:52:26] [GradMonitor step=2370] deep/task: enc_layer4: mean=2.48e-06 std=9.40e-06 | PAM: mean=5.24e-05 std=2.01e-04 | CIAM: mean=2.49e-06 std=9.40e-06
[05/14 06:52:26] [GradMonitor step=2370] param-grad: weight_base: mean=2.31e-09 std=1.29e-07 | weight_base_open: mean=-3.57e-05 std=7.58e-04 | enc_conv1_weight: mean=-1.19e-03 std=1.23e-02
[05/14 06:52:27] [GradMonitor step=2380] near-input: bn0: mean=5.97e-08 std=3.95e-04 pos=0.50 | enc_conv1: mean=-1.52e-14 std=4.98e-05 pos=0.36
[05/14 06:52:27] [GradMonitor step=2380] deep/task: enc_layer4: mean=1.94e-06 std=8.46e-06 | PAM: mean=4.06e-05 std=1.78e-04 | CIAM: mean=1.94e-06 std=8.46e-06
[05/14 06:52:27] [GradMonitor step=2380] param-grad: weight_base: mean=-3.46e-09 std=9.82e-08 | weight_base_open: mean=-4.48e-05 std=7.37e-04 | enc_conv1_weight: mean=-2.96e-03 std=1.14e-02
[05/14 06:52:28] [GradMonitor step=2390] near-input: bn0: mean=3.80e-08 std=3.49e-04 pos=0.50 | enc_conv1: mean=-1.10e-14 std=4.57e-05 pos=0.38
[05/14 06:52:28] [GradMonitor step=2390] deep/task: enc_layer4: mean=1.06e-06 std=8.67e-06 | PAM: mean=2.26e-05 std=1.85e-04 | CIAM: mean=1.06e-06 std=8.67e-06
[05/14 06:52:28] [GradMonitor step=2390] param-grad: weight_base: mean=5.91e-09 std=2.71e-07 | weight_base_open: mean=-5.98e-05 std=8.65e-04 | enc_conv1_weight: mean=6.73e-05 std=1.25e-02
[05/14 06:52:28] [GradMonitor step=2400] near-input: bn0: mean=1.99e-07 std=3.96e-04 pos=0.50 | enc_conv1: mean=-2.26e-14 std=5.44e-05 pos=0.38
[05/14 06:52:28] [GradMonitor step=2400] deep/task: enc_layer4: mean=1.71e-06 std=1.10e-05 | PAM: mean=3.59e-05 std=2.32e-04 | CIAM: mean=1.71e-06 std=1.10e-05
[05/14 06:52:28] [GradMonitor step=2400] param-grad: weight_base: mean=-6.44e-09 std=2.20e-07 | weight_base_open: mean=-6.35e-06 std=8.37e-04 | enc_conv1_weight: mean=-2.86e-03 std=1.50e-02
[05/14 06:52:28] 
[05/14 06:52:28] epoch 6/40, iter 2400:
[05/14 06:52:28] train_loss: 1.38940
[05/14 06:52:28] train_acc: 0.881
[05/14 06:52:28] train_auroc: 0.822
[05/14 06:52:34] Summary name val_6-way-5-shot_tpr@tnr95 is illegal; using val_6-way-5-shot_tpr_tnr95 instead.
[05/14 06:52:34] val_6-way-5-shot_acc: 65.711	0.639
[05/14 06:52:34] val_6-way-5-shot_auroc: 36.500	1.689
[05/14 06:52:34] val_6-way-5-shot_fscore: 19.263	0.289
[05/14 06:52:34] val_6-way-5-shot_tpr@tnr95: 2.388	0.948
[05/14 06:52:34] val_6-way-5-shot_osr: 47.969	0.479
[05/14 06:52:35] BEST ACC!
[05/14 06:52:36] [GradMonitor step=2410] near-input: bn0: mean=-7.33e-08 std=2.57e-04 pos=0.50 | enc_conv1: mean=5.77e-17 std=3.59e-05 pos=0.33
[05/14 06:52:36] [GradMonitor step=2410] deep/task: enc_layer4: mean=1.88e-06 std=8.02e-06 | PAM: mean=3.96e-05 std=1.69e-04 | CIAM: mean=1.89e-06 std=8.02e-06
[05/14 06:52:36] [GradMonitor step=2410] param-grad: weight_base: mean=7.57e-09 std=1.98e-07 | weight_base_open: mean=3.42e-05 std=8.85e-04 | enc_conv1_weight: mean=-4.16e-03 std=1.29e-02
[05/14 06:52:36] [GradMonitor step=2420] near-input: bn0: mean=8.02e-08 std=3.81e-04 pos=0.50 | enc_conv1: mean=1.95e-14 std=5.43e-05 pos=0.41
[05/14 06:52:36] [GradMonitor step=2420] deep/task: enc_layer4: mean=1.92e-06 std=1.07e-05 | PAM: mean=4.09e-05 std=2.27e-04 | CIAM: mean=1.93e-06 std=1.07e-05
[05/14 06:52:36] [GradMonitor step=2420] param-grad: weight_base: mean=3.29e-09 std=2.71e-07 | weight_base_open: mean=-4.74e-05 std=9.06e-04 | enc_conv1_weight: mean=4.20e-03 std=1.17e-02
[05/14 06:52:37] [GradMonitor step=2430] near-input: bn0: mean=-4.38e-08 std=3.30e-04 pos=0.50 | enc_conv1: mean=-5.36e-15 std=4.31e-05 pos=0.39
[05/14 06:52:37] [GradMonitor step=2430] deep/task: enc_layer4: mean=1.96e-06 std=8.70e-06 | PAM: mean=4.12e-05 std=1.85e-04 | CIAM: mean=1.96e-06 std=8.70e-06
[05/14 06:52:37] [GradMonitor step=2430] param-grad: weight_base: mean=-5.11e-09 std=1.32e-07 | weight_base_open: mean=6.06e-05 std=9.21e-04 | enc_conv1_weight: mean=3.23e-03 std=1.31e-02
[05/14 06:52:38] [GradMonitor step=2440] near-input: bn0: mean=-9.90e-08 std=2.51e-04 pos=0.50 | enc_conv1: mean=1.23e-14 std=3.20e-05 pos=0.38
[05/14 06:52:38] [GradMonitor step=2440] deep/task: enc_layer4: mean=1.88e-06 std=7.56e-06 | PAM: mean=3.94e-05 std=1.60e-04 | CIAM: mean=1.88e-06 std=7.56e-06
[05/14 06:52:38] [GradMonitor step=2440] param-grad: weight_base: mean=2.42e-09 std=2.39e-07 | weight_base_open: mean=2.11e-05 std=9.73e-04 | enc_conv1_weight: mean=1.68e-03 std=8.94e-03
[05/14 06:52:39] [GradMonitor step=2450] near-input: bn0: mean=-1.62e-07 std=3.84e-04 pos=0.50 | enc_conv1: mean=1.38e-14 std=5.34e-05 pos=0.35
[05/14 06:52:39] [GradMonitor step=2450] deep/task: enc_layer4: mean=2.14e-06 std=8.78e-06 | PAM: mean=4.51e-05 std=1.86e-04 | CIAM: mean=2.15e-06 std=8.78e-06
[05/14 06:52:39] [GradMonitor step=2450] param-grad: weight_base: mean=2.82e-09 std=1.65e-07 | weight_base_open: mean=-1.09e-06 std=9.29e-04 | enc_conv1_weight: mean=8.42e-04 std=1.19e-02
[05/14 06:52:40] [GradMonitor step=2460] near-input: bn0: mean=1.47e-08 std=2.89e-04 pos=0.50 | enc_conv1: mean=-1.33e-14 std=3.70e-05 pos=0.39
[05/14 06:52:40] [GradMonitor step=2460] deep/task: enc_layer4: mean=2.09e-06 std=8.21e-06 | PAM: mean=4.39e-05 std=1.75e-04 | CIAM: mean=2.09e-06 std=8.21e-06
[05/14 06:52:40] [GradMonitor step=2460] param-grad: weight_base: mean=-5.16e-09 std=3.28e-07 | weight_base_open: mean=-7.82e-05 std=7.82e-04 | enc_conv1_weight: mean=-2.94e-03 std=1.01e-02
[05/14 06:52:41] [GradMonitor step=2470] near-input: bn0: mean=2.52e-08 std=2.57e-04 pos=0.50 | enc_conv1: mean=-6.71e-15 std=3.39e-05 pos=0.38
[05/14 06:52:41] [GradMonitor step=2470] deep/task: enc_layer4: mean=2.39e-06 std=7.41e-06 | PAM: mean=5.03e-05 std=1.57e-04 | CIAM: mean=2.40e-06 std=7.41e-06
[05/14 06:52:41] [GradMonitor step=2470] param-grad: weight_base: mean=8.46e-09 std=2.00e-07 | weight_base_open: mean=3.80e-05 std=6.41e-04 | enc_conv1_weight: mean=4.95e-04 std=9.79e-03
[05/14 06:52:41] [GradMonitor step=2480] near-input: bn0: mean=1.04e-07 std=4.07e-04 pos=0.50 | enc_conv1: mean=1.94e-14 std=6.09e-05 pos=0.38
[05/14 06:52:41] [GradMonitor step=2480] deep/task: enc_layer4: mean=1.21e-06 std=1.09e-05 | PAM: mean=2.59e-05 std=2.31e-04 | CIAM: mean=1.21e-06 std=1.09e-05
[05/14 06:52:41] [GradMonitor step=2480] param-grad: weight_base: mean=-5.92e-09 std=2.09e-07 | weight_base_open: mean=-3.58e-06 std=7.08e-04 | enc_conv1_weight: mean=-1.17e-03 std=1.48e-02
[05/14 06:52:42] [GradMonitor step=2490] near-input: bn0: mean=1.12e-07 std=3.14e-04 pos=0.50 | enc_conv1: mean=-8.28e-15 std=4.35e-05 pos=0.38
[05/14 06:52:42] [GradMonitor step=2490] deep/task: enc_layer4: mean=2.22e-06 std=8.87e-06 | PAM: mean=4.64e-05 std=1.88e-04 | CIAM: mean=2.22e-06 std=8.87e-06
[05/14 06:52:42] [GradMonitor step=2490] param-grad: weight_base: mean=6.91e-09 std=9.46e-08 | weight_base_open: mean=2.29e-05 std=8.01e-04 | enc_conv1_weight: mean=-1.17e-03 std=1.25e-02
[05/14 06:52:43] [GradMonitor step=2500] near-input: bn0: mean=1.47e-07 std=4.12e-04 pos=0.50 | enc_conv1: mean=1.18e-14 std=5.33e-05 pos=0.36
[05/14 06:52:43] [GradMonitor step=2500] deep/task: enc_layer4: mean=2.48e-06 std=8.17e-06 | PAM: mean=5.24e-05 std=1.74e-04 | CIAM: mean=2.48e-06 std=8.18e-06
[05/14 06:52:43] [GradMonitor step=2500] param-grad: weight_base: mean=8.40e-09 std=3.14e-07 | weight_base_open: mean=3.63e-05 std=9.66e-04 | enc_conv1_weight: mean=-4.83e-04 std=9.51e-03
[05/14 06:52:44] [GradMonitor step=2510] near-input: bn0: mean=1.01e-07 std=3.67e-04 pos=0.50 | enc_conv1: mean=-2.48e-15 std=4.95e-05 pos=0.38
[05/14 06:52:44] [GradMonitor step=2510] deep/task: enc_layer4: mean=1.22e-06 std=1.05e-05 | PAM: mean=2.58e-05 std=2.23e-04 | CIAM: mean=1.22e-06 std=1.05e-05
[05/14 06:52:44] [GradMonitor step=2510] param-grad: weight_base: mean=2.70e-09 std=1.10e-07 | weight_base_open: mean=3.82e-05 std=6.55e-04 | enc_conv1_weight: mean=-1.56e-03 std=9.96e-03
[05/14 06:52:45] [GradMonitor step=2520] near-input: bn0: mean=2.80e-07 std=3.53e-04 pos=0.50 | enc_conv1: mean=9.02e-15 std=5.18e-05 pos=0.38
[05/14 06:52:45] [GradMonitor step=2520] deep/task: enc_layer4: mean=2.18e-06 std=9.55e-06 | PAM: mean=4.61e-05 std=2.04e-04 | CIAM: mean=2.19e-06 std=9.55e-06
[05/14 06:52:45] [GradMonitor step=2520] param-grad: weight_base: mean=8.67e-09 std=2.65e-07 | weight_base_open: mean=-4.64e-05 std=8.90e-04 | enc_conv1_weight: mean=-1.45e-04 std=1.10e-02
[05/14 06:52:46] [GradMonitor step=2530] near-input: bn0: mean=-1.16e-07 std=2.38e-04 pos=0.50 | enc_conv1: mean=1.31e-14 std=3.14e-05 pos=0.35
[05/14 06:52:46] [GradMonitor step=2530] deep/task: enc_layer4: mean=1.57e-06 std=7.28e-06 | PAM: mean=3.32e-05 std=1.55e-04 | CIAM: mean=1.57e-06 std=7.28e-06
[05/14 06:52:46] [GradMonitor step=2530] param-grad: weight_base: mean=-1.06e-08 std=2.33e-07 | weight_base_open: mean=-1.10e-05 std=7.81e-04 | enc_conv1_weight: mean=-2.88e-04 std=1.19e-02
[05/14 06:52:46] [GradMonitor step=2540] near-input: bn0: mean=-8.87e-08 std=2.36e-04 pos=0.50 | enc_conv1: mean=-4.54e-15 std=3.12e-05 pos=0.36
[05/14 06:52:46] [GradMonitor step=2540] deep/task: enc_layer4: mean=1.79e-06 std=7.22e-06 | PAM: mean=3.75e-05 std=1.53e-04 | CIAM: mean=1.79e-06 std=7.22e-06
[05/14 06:52:46] [GradMonitor step=2540] param-grad: weight_base: mean=1.07e-08 std=2.08e-07 | weight_base_open: mean=-7.55e-06 std=8.60e-04 | enc_conv1_weight: mean=-1.38e-03 std=1.04e-02
[05/14 06:52:47] [GradMonitor step=2550] near-input: bn0: mean=-9.95e-08 std=2.87e-04 pos=0.50 | enc_conv1: mean=-9.01e-15 std=3.57e-05 pos=0.33
[05/14 06:52:47] [GradMonitor step=2550] deep/task: enc_layer4: mean=1.82e-06 std=8.77e-06 | PAM: mean=3.86e-05 std=1.86e-04 | CIAM: mean=1.82e-06 std=8.77e-06
[05/14 06:52:47] [GradMonitor step=2550] param-grad: weight_base: mean=-6.81e-09 std=2.70e-07 | weight_base_open: mean=-6.06e-05 std=9.94e-04 | enc_conv1_weight: mean=5.30e-03 std=1.40e-02
[05/14 06:52:48] [GradMonitor step=2560] near-input: bn0: mean=3.13e-08 std=4.02e-04 pos=0.50 | enc_conv1: mean=1.77e-15 std=5.15e-05 pos=0.39
[05/14 06:52:48] [GradMonitor step=2560] deep/task: enc_layer4: mean=2.39e-06 std=7.01e-06 | PAM: mean=5.05e-05 std=1.48e-04 | CIAM: mean=2.39e-06 std=7.01e-06
[05/14 06:52:48] [GradMonitor step=2560] param-grad: weight_base: mean=1.06e-08 std=1.78e-07 | weight_base_open: mean=7.42e-05 std=7.26e-04 | enc_conv1_weight: mean=6.20e-04 std=1.17e-02
[05/14 06:52:49] [GradMonitor step=2570] near-input: bn0: mean=1.28e-08 std=4.67e-04 pos=0.50 | enc_conv1: mean=-5.72e-15 std=6.22e-05 pos=0.41
[05/14 06:52:49] [GradMonitor step=2570] deep/task: enc_layer4: mean=2.45e-06 std=7.83e-06 | PAM: mean=5.18e-05 std=1.65e-04 | CIAM: mean=2.46e-06 std=7.83e-06
[05/14 06:52:49] [GradMonitor step=2570] param-grad: weight_base: mean=-4.70e-09 std=3.75e-07 | weight_base_open: mean=1.13e-05 std=7.89e-04 | enc_conv1_weight: mean=1.58e-03 std=9.54e-03
[05/14 06:52:50] [GradMonitor step=2580] near-input: bn0: mean=-1.19e-07 std=4.39e-04 pos=0.50 | enc_conv1: mean=-2.07e-14 std=5.43e-05 pos=0.35
[05/14 06:52:50] [GradMonitor step=2580] deep/task: enc_layer4: mean=2.26e-06 std=8.20e-06 | PAM: mean=4.77e-05 std=1.75e-04 | CIAM: mean=2.27e-06 std=8.20e-06
[05/14 06:52:50] [GradMonitor step=2580] param-grad: weight_base: mean=-2.50e-09 std=2.06e-07 | weight_base_open: mean=-1.03e-04 std=8.04e-04 | enc_conv1_weight: mean=-4.00e-04 std=1.17e-02
[05/14 06:52:50] [GradMonitor step=2590] near-input: bn0: mean=1.52e-07 std=4.30e-04 pos=0.50 | enc_conv1: mean=-4.62e-15 std=5.23e-05 pos=0.40
[05/14 06:52:50] [GradMonitor step=2590] deep/task: enc_layer4: mean=2.62e-06 std=7.92e-06 | PAM: mean=5.53e-05 std=1.68e-04 | CIAM: mean=2.63e-06 std=7.92e-06
[05/14 06:52:50] [GradMonitor step=2590] param-grad: weight_base: mean=6.75e-09 std=2.25e-07 | weight_base_open: mean=4.83e-05 std=8.31e-04 | enc_conv1_weight: mean=2.42e-03 std=9.28e-03
[05/14 06:52:51] [GradMonitor step=2600] near-input: bn0: mean=-2.23e-08 std=2.90e-04 pos=0.50 | enc_conv1: mean=6.56e-15 std=4.09e-05 pos=0.37
[05/14 06:52:51] [GradMonitor step=2600] deep/task: enc_layer4: mean=2.54e-06 std=7.09e-06 | PAM: mean=5.35e-05 std=1.50e-04 | CIAM: mean=2.55e-06 std=7.09e-06
[05/14 06:52:51] [GradMonitor step=2600] param-grad: weight_base: mean=-1.34e-08 std=2.52e-07 | weight_base_open: mean=4.99e-05 std=9.25e-04 | enc_conv1_weight: mean=8.97e-04 std=1.02e-02
[05/14 06:52:52] [GradMonitor step=2610] near-input: bn0: mean=1.11e-07 std=3.63e-04 pos=0.50 | enc_conv1: mean=1.66e-14 std=4.98e-05 pos=0.33
[05/14 06:52:52] [GradMonitor step=2610] deep/task: enc_layer4: mean=6.77e-07 std=1.02e-05 | PAM: mean=1.39e-05 std=2.18e-04 | CIAM: mean=6.81e-07 std=1.02e-05
[05/14 06:52:52] [GradMonitor step=2610] param-grad: weight_base: mean=6.48e-09 std=2.42e-07 | weight_base_open: mean=8.16e-06 std=6.64e-04 | enc_conv1_weight: mean=-1.07e-03 std=1.41e-02
[05/14 06:52:53] [GradMonitor step=2620] near-input: bn0: mean=5.58e-08 std=3.71e-04 pos=0.50 | enc_conv1: mean=-3.77e-15 std=4.55e-05 pos=0.37
[05/14 06:52:53] [GradMonitor step=2620] deep/task: enc_layer4: mean=2.65e-06 std=8.31e-06 | PAM: mean=5.59e-05 std=1.77e-04 | CIAM: mean=2.66e-06 std=8.31e-06
[05/14 06:52:53] [GradMonitor step=2620] param-grad: weight_base: mean=-5.12e-09 std=1.81e-07 | weight_base_open: mean=1.36e-05 std=8.85e-04 | enc_conv1_weight: mean=-3.28e-03 std=9.97e-03
[05/14 06:52:54] [GradMonitor step=2630] near-input: bn0: mean=-1.77e-08 std=2.46e-04 pos=0.50 | enc_conv1: mean=-2.36e-15 std=3.07e-05 pos=0.38
[05/14 06:52:54] [GradMonitor step=2630] deep/task: enc_layer4: mean=1.87e-06 std=6.77e-06 | PAM: mean=3.93e-05 std=1.43e-04 | CIAM: mean=1.87e-06 std=6.77e-06
[05/14 06:52:54] [GradMonitor step=2630] param-grad: weight_base: mean=-1.45e-09 std=1.95e-07 | weight_base_open: mean=3.64e-05 std=6.74e-04 | enc_conv1_weight: mean=7.01e-04 std=1.00e-02
[05/14 06:52:55] [GradMonitor step=2640] near-input: bn0: mean=-2.72e-07 std=3.15e-04 pos=0.50 | enc_conv1: mean=-4.56e-15 std=4.34e-05 pos=0.39
[05/14 06:52:55] [GradMonitor step=2640] deep/task: enc_layer4: mean=2.08e-06 std=8.18e-06 | PAM: mean=4.36e-05 std=1.73e-04 | CIAM: mean=2.09e-06 std=8.18e-06
[05/14 06:52:55] [GradMonitor step=2640] param-grad: weight_base: mean=-1.15e-08 std=2.18e-07 | weight_base_open: mean=-1.24e-05 std=6.68e-04 | enc_conv1_weight: mean=6.63e-03 std=1.24e-02
[05/14 06:52:55] [GradMonitor step=2650] near-input: bn0: mean=2.89e-08 std=4.37e-04 pos=0.50 | enc_conv1: mean=0.00e+00 std=5.72e-05 pos=0.43
[05/14 06:52:55] [GradMonitor step=2650] deep/task: enc_layer4: mean=1.86e-06 std=9.70e-06 | PAM: mean=3.91e-05 std=2.06e-04 | CIAM: mean=1.86e-06 std=9.70e-06
[05/14 06:52:55] [GradMonitor step=2650] param-grad: weight_base: mean=5.17e-09 std=1.62e-07 | weight_base_open: mean=-1.71e-05 std=8.68e-04 | enc_conv1_weight: mean=-5.99e-04 std=1.18e-02
[05/14 06:52:56] [GradMonitor step=2660] near-input: bn0: mean=2.03e-08 std=4.76e-04 pos=0.50 | enc_conv1: mean=-6.08e-15 std=5.97e-05 pos=0.37
[05/14 06:52:56] [GradMonitor step=2660] deep/task: enc_layer4: mean=2.16e-06 std=1.02e-05 | PAM: mean=4.55e-05 std=2.18e-04 | CIAM: mean=2.16e-06 std=1.02e-05
[05/14 06:52:56] [GradMonitor step=2660] param-grad: weight_base: mean=1.42e-09 std=2.93e-07 | weight_base_open: mean=3.28e-05 std=7.82e-04 | enc_conv1_weight: mean=-2.44e-03 std=1.18e-02
[05/14 06:52:57] [GradMonitor step=2670] near-input: bn0: mean=1.26e-07 std=2.85e-04 pos=0.50 | enc_conv1: mean=-9.32e-15 std=3.63e-05 pos=0.38
[05/14 06:52:57] [GradMonitor step=2670] deep/task: enc_layer4: mean=1.35e-06 std=7.90e-06 | PAM: mean=2.84e-05 std=1.67e-04 | CIAM: mean=1.35e-06 std=7.90e-06
[05/14 06:52:57] [GradMonitor step=2670] param-grad: weight_base: mean=-3.62e-10 std=9.02e-08 | weight_base_open: mean=8.12e-06 std=7.44e-04 | enc_conv1_weight: mean=-2.07e-03 std=1.37e-02
[05/14 06:52:58] [GradMonitor step=2680] near-input: bn0: mean=-1.46e-07 std=5.12e-04 pos=0.50 | enc_conv1: mean=-6.85e-15 std=7.00e-05 pos=0.39
[05/14 06:52:58] [GradMonitor step=2680] deep/task: enc_layer4: mean=2.20e-06 std=1.08e-05 | PAM: mean=4.69e-05 std=2.30e-04 | CIAM: mean=2.21e-06 std=1.08e-05
[05/14 06:52:58] [GradMonitor step=2680] param-grad: weight_base: mean=-3.58e-09 std=2.10e-07 | weight_base_open: mean=-2.34e-05 std=7.86e-04 | enc_conv1_weight: mean=2.46e-03 std=1.20e-02
[05/14 06:52:59] [GradMonitor step=2690] near-input: bn0: mean=2.65e-08 std=2.64e-04 pos=0.50 | enc_conv1: mean=-1.07e-15 std=3.57e-05 pos=0.32
[05/14 06:52:59] [GradMonitor step=2690] deep/task: enc_layer4: mean=2.59e-06 std=6.77e-06 | PAM: mean=5.45e-05 std=1.44e-04 | CIAM: mean=2.59e-06 std=6.77e-06
[05/14 06:52:59] [GradMonitor step=2690] param-grad: weight_base: mean=-6.33e-09 std=2.88e-07 | weight_base_open: mean=-3.99e-05 std=7.80e-04 | enc_conv1_weight: mean=2.89e-04 std=9.56e-03
[05/14 06:53:00] [GradMonitor step=2700] near-input: bn0: mean=-8.86e-08 std=3.54e-04 pos=0.50 | enc_conv1: mean=8.85e-15 std=4.70e-05 pos=0.35
[05/14 06:53:00] [GradMonitor step=2700] deep/task: enc_layer4: mean=2.13e-06 std=9.35e-06 | PAM: mean=4.48e-05 std=1.99e-04 | CIAM: mean=2.13e-06 std=9.36e-06
[05/14 06:53:00] [GradMonitor step=2700] param-grad: weight_base: mean=-5.33e-09 std=2.80e-07 | weight_base_open: mean=1.11e-05 std=8.60e-04 | enc_conv1_weight: mean=2.46e-03 std=1.53e-02
[05/14 06:53:00] [GradMonitor step=2710] near-input: bn0: mean=-1.44e-08 std=3.21e-04 pos=0.50 | enc_conv1: mean=-9.13e-15 std=4.14e-05 pos=0.41
[05/14 06:53:00] [GradMonitor step=2710] deep/task: enc_layer4: mean=2.10e-06 std=7.60e-06 | PAM: mean=4.42e-05 std=1.61e-04 | CIAM: mean=2.10e-06 std=7.60e-06
[05/14 06:53:00] [GradMonitor step=2710] param-grad: weight_base: mean=3.89e-09 std=1.38e-07 | weight_base_open: mean=-2.38e-05 std=8.62e-04 | enc_conv1_weight: mean=-3.00e-04 std=1.08e-02
[05/14 06:53:01] [GradMonitor step=2720] near-input: bn0: mean=-1.04e-07 std=2.79e-04 pos=0.50 | enc_conv1: mean=-2.11e-15 std=3.83e-05 pos=0.38
[05/14 06:53:01] [GradMonitor step=2720] deep/task: enc_layer4: mean=2.51e-06 std=8.15e-06 | PAM: mean=5.31e-05 std=1.73e-04 | CIAM: mean=2.52e-06 std=8.15e-06
[05/14 06:53:01] [GradMonitor step=2720] param-grad: weight_base: mean=7.78e-11 std=2.13e-07 | weight_base_open: mean=-5.98e-06 std=8.05e-04 | enc_conv1_weight: mean=1.20e-03 std=1.13e-02
[05/14 06:53:02] [GradMonitor step=2730] near-input: bn0: mean=3.42e-08 std=2.75e-04 pos=0.50 | enc_conv1: mean=7.32e-15 std=3.83e-05 pos=0.34
[05/14 06:53:02] [GradMonitor step=2730] deep/task: enc_layer4: mean=1.93e-06 std=7.62e-06 | PAM: mean=4.05e-05 std=1.61e-04 | CIAM: mean=1.94e-06 std=7.62e-06
[05/14 06:53:02] [GradMonitor step=2730] param-grad: weight_base: mean=-9.41e-09 std=2.45e-07 | weight_base_open: mean=-1.70e-05 std=7.92e-04 | enc_conv1_weight: mean=1.00e-03 std=1.12e-02
[05/14 06:53:03] [GradMonitor step=2740] near-input: bn0: mean=-1.13e-07 std=4.80e-04 pos=0.50 | enc_conv1: mean=-8.12e-15 std=5.78e-05 pos=0.37
[05/14 06:53:03] [GradMonitor step=2740] deep/task: enc_layer4: mean=2.22e-06 std=7.32e-06 | PAM: mean=4.68e-05 std=1.55e-04 | CIAM: mean=2.22e-06 std=7.32e-06
[05/14 06:53:03] [GradMonitor step=2740] param-grad: weight_base: mean=-1.27e-08 std=2.46e-07 | weight_base_open: mean=2.78e-05 std=9.24e-04 | enc_conv1_weight: mean=-4.87e-04 std=1.19e-02
[05/14 06:53:04] [GradMonitor step=2750] near-input: bn0: mean=1.53e-08 std=2.72e-04 pos=0.50 | enc_conv1: mean=-3.00e-15 std=3.77e-05 pos=0.33
[05/14 06:53:04] [GradMonitor step=2750] deep/task: enc_layer4: mean=1.69e-06 std=8.49e-06 | PAM: mean=3.54e-05 std=1.80e-04 | CIAM: mean=1.69e-06 std=8.49e-06
[05/14 06:53:04] [GradMonitor step=2750] param-grad: weight_base: mean=-4.55e-09 std=2.75e-07 | weight_base_open: mean=-7.77e-05 std=8.71e-04 | enc_conv1_weight: mean=-2.12e-03 std=1.27e-02
[05/14 06:53:04] [GradMonitor step=2760] near-input: bn0: mean=-4.48e-08 std=3.57e-04 pos=0.50 | enc_conv1: mean=-1.27e-14 std=4.64e-05 pos=0.40
[05/14 06:53:04] [GradMonitor step=2760] deep/task: enc_layer4: mean=1.94e-06 std=8.78e-06 | PAM: mean=4.08e-05 std=1.87e-04 | CIAM: mean=1.94e-06 std=8.78e-06
[05/14 06:53:04] [GradMonitor step=2760] param-grad: weight_base: mean=-7.93e-09 std=3.34e-07 | weight_base_open: mean=-1.38e-05 std=7.79e-04 | enc_conv1_weight: mean=1.70e-03 std=1.12e-02
[05/14 06:53:05] [GradMonitor step=2770] near-input: bn0: mean=1.32e-07 std=3.82e-04 pos=0.50 | enc_conv1: mean=-1.51e-14 std=5.48e-05 pos=0.36
[05/14 06:53:05] [GradMonitor step=2770] deep/task: enc_layer4: mean=2.59e-06 std=8.60e-06 | PAM: mean=5.46e-05 std=1.84e-04 | CIAM: mean=2.59e-06 std=8.60e-06
[05/14 06:53:05] [GradMonitor step=2770] param-grad: weight_base: mean=-2.15e-09 std=2.89e-07 | weight_base_open: mean=-8.91e-05 std=8.33e-04 | enc_conv1_weight: mean=-2.19e-03 std=1.24e-02
[05/14 06:53:06] [GradMonitor step=2780] near-input: bn0: mean=4.77e-08 std=3.77e-04 pos=0.50 | enc_conv1: mean=8.79e-16 std=4.68e-05 pos=0.33
[05/14 06:53:06] [GradMonitor step=2780] deep/task: enc_layer4: mean=2.13e-06 std=7.99e-06 | PAM: mean=4.45e-05 std=1.68e-04 | CIAM: mean=2.13e-06 std=7.99e-06
[05/14 06:53:06] [GradMonitor step=2780] param-grad: weight_base: mean=-9.59e-09 std=2.54e-07 | weight_base_open: mean=3.07e-05 std=9.26e-04 | enc_conv1_weight: mean=-2.84e-03 std=1.11e-02
[05/14 06:53:07] [GradMonitor step=2790] near-input: bn0: mean=5.90e-08 std=3.58e-04 pos=0.50 | enc_conv1: mean=-8.79e-16 std=4.70e-05 pos=0.35
[05/14 06:53:07] [GradMonitor step=2790] deep/task: enc_layer4: mean=1.25e-06 std=8.37e-06 | PAM: mean=2.66e-05 std=1.78e-04 | CIAM: mean=1.26e-06 std=8.37e-06
[05/14 06:53:07] [GradMonitor step=2790] param-grad: weight_base: mean=-1.06e-09 std=1.22e-07 | weight_base_open: mean=-3.03e-05 std=6.97e-04 | enc_conv1_weight: mean=-4.89e-04 std=1.27e-02
[05/14 06:53:07] [GradMonitor step=2800] near-input: bn0: mean=1.51e-07 std=3.86e-04 pos=0.50 | enc_conv1: mean=2.81e-15 std=5.26e-05 pos=0.38
[05/14 06:53:07] [GradMonitor step=2800] deep/task: enc_layer4: mean=1.84e-06 std=1.03e-05 | PAM: mean=3.88e-05 std=2.17e-04 | CIAM: mean=1.85e-06 std=1.03e-05
[05/14 06:53:07] [GradMonitor step=2800] param-grad: weight_base: mean=-1.69e-08 std=3.33e-07 | weight_base_open: mean=3.64e-05 std=8.36e-04 | enc_conv1_weight: mean=-4.13e-03 std=1.57e-02
[05/14 06:53:07] 
[05/14 06:53:07] epoch 7/40, iter 2800:
[05/14 06:53:07] train_loss: 1.31992
[05/14 06:53:07] train_acc: 0.902
[05/14 06:53:07] train_auroc: 0.849
[05/14 06:53:13] Summary name val_6-way-5-shot_tpr@tnr95 is illegal; using val_6-way-5-shot_tpr_tnr95 instead.
[05/14 06:53:13] val_6-way-5-shot_acc: 66.033	0.644
[05/14 06:53:13] val_6-way-5-shot_auroc: 36.585	1.697
[05/14 06:53:13] val_6-way-5-shot_fscore: 19.372	0.295
[05/14 06:53:13] val_6-way-5-shot_tpr@tnr95: 2.688	1.004
[05/14 06:53:13] val_6-way-5-shot_osr: 48.094	0.512
[05/14 06:53:14] BEST ACC!
[05/14 06:53:15] [GradMonitor step=2810] near-input: bn0: mean=-7.01e-08 std=2.44e-04 pos=0.50 | enc_conv1: mean=-6.77e-15 std=3.35e-05 pos=0.33
[05/14 06:53:15] [GradMonitor step=2810] deep/task: enc_layer4: mean=2.06e-06 std=7.63e-06 | PAM: mean=4.33e-05 std=1.61e-04 | CIAM: mean=2.07e-06 std=7.63e-06
[05/14 06:53:15] [GradMonitor step=2810] param-grad: weight_base: mean=3.33e-09 std=2.25e-07 | weight_base_open: mean=2.17e-05 std=9.70e-04 | enc_conv1_weight: mean=-5.10e-03 std=1.34e-02
[05/14 06:53:15] [GradMonitor step=2820] near-input: bn0: mean=8.63e-08 std=4.03e-04 pos=0.50 | enc_conv1: mean=-2.83e-14 std=5.72e-05 pos=0.39
[05/14 06:53:15] [GradMonitor step=2820] deep/task: enc_layer4: mean=2.02e-06 std=1.03e-05 | PAM: mean=4.30e-05 std=2.19e-04 | CIAM: mean=2.02e-06 std=1.03e-05
[05/14 06:53:15] [GradMonitor step=2820] param-grad: weight_base: mean=-9.05e-09 std=2.69e-07 | weight_base_open: mean=-2.13e-05 std=8.15e-04 | enc_conv1_weight: mean=4.06e-03 std=1.20e-02
[05/14 06:53:16] [GradMonitor step=2830] near-input: bn0: mean=-9.22e-09 std=3.25e-04 pos=0.50 | enc_conv1: mean=3.53e-15 std=4.27e-05 pos=0.41
[05/14 06:53:16] [GradMonitor step=2830] deep/task: enc_layer4: mean=2.09e-06 std=8.07e-06 | PAM: mean=4.40e-05 std=1.72e-04 | CIAM: mean=2.09e-06 std=8.07e-06
[05/14 06:53:16] [GradMonitor step=2830] param-grad: weight_base: mean=2.96e-10 std=1.74e-07 | weight_base_open: mean=7.03e-06 std=8.79e-04 | enc_conv1_weight: mean=3.37e-03 std=1.28e-02
[05/14 06:53:17] [GradMonitor step=2840] near-input: bn0: mean=-4.44e-08 std=2.36e-04 pos=0.50 | enc_conv1: mean=-2.90e-15 std=2.99e-05 pos=0.35
[05/14 06:53:17] [GradMonitor step=2840] deep/task: enc_layer4: mean=1.95e-06 std=7.12e-06 | PAM: mean=4.08e-05 std=1.51e-04 | CIAM: mean=1.95e-06 std=7.12e-06
[05/14 06:53:17] [GradMonitor step=2840] param-grad: weight_base: mean=-8.12e-09 std=2.70e-07 | weight_base_open: mean=3.07e-05 std=8.98e-04 | enc_conv1_weight: mean=2.64e-03 std=9.50e-03
[05/14 06:53:18] [GradMonitor step=2850] near-input: bn0: mean=-1.44e-07 std=3.40e-04 pos=0.50 | enc_conv1: mean=-7.56e-15 std=4.73e-05 pos=0.35
[05/14 06:53:18] [GradMonitor step=2850] deep/task: enc_layer4: mean=2.27e-06 std=7.86e-06 | PAM: mean=4.78e-05 std=1.67e-04 | CIAM: mean=2.28e-06 std=7.86e-06
[05/14 06:53:18] [GradMonitor step=2850] param-grad: weight_base: mean=4.29e-09 std=2.63e-07 | weight_base_open: mean=7.86e-06 std=7.69e-04 | enc_conv1_weight: mean=1.27e-03 std=1.13e-02
[05/14 06:53:19] [GradMonitor step=2860] near-input: bn0: mean=-1.94e-08 std=2.88e-04 pos=0.50 | enc_conv1: mean=6.47e-15 std=3.68e-05 pos=0.39
[05/14 06:53:19] [GradMonitor step=2860] deep/task: enc_layer4: mean=2.19e-06 std=7.90e-06 | PAM: mean=4.61e-05 std=1.68e-04 | CIAM: mean=2.20e-06 std=7.90e-06
[05/14 06:53:19] [GradMonitor step=2860] param-grad: weight_base: mean=-8.39e-09 std=2.86e-07 | weight_base_open: mean=2.54e-05 std=7.54e-04 | enc_conv1_weight: mean=-3.65e-03 std=1.13e-02
[05/14 06:53:19] [GradMonitor step=2870] near-input: bn0: mean=2.92e-08 std=2.37e-04 pos=0.50 | enc_conv1: mean=-2.82e-15 std=3.09e-05 pos=0.36
[05/14 06:53:19] [GradMonitor step=2870] deep/task: enc_layer4: mean=2.39e-06 std=6.89e-06 | PAM: mean=5.02e-05 std=1.46e-04 | CIAM: mean=2.40e-06 std=6.89e-06
[05/14 06:53:19] [GradMonitor step=2870] param-grad: weight_base: mean=-3.53e-10 std=1.85e-07 | weight_base_open: mean=3.09e-05 std=6.83e-04 | enc_conv1_weight: mean=1.26e-03 std=9.88e-03
[05/14 06:53:20] [GradMonitor step=2880] near-input: bn0: mean=1.11e-07 std=4.07e-04 pos=0.50 | enc_conv1: mean=-3.85e-15 std=6.10e-05 pos=0.36
[05/14 06:53:20] [GradMonitor step=2880] deep/task: enc_layer4: mean=1.43e-06 std=1.04e-05 | PAM: mean=3.06e-05 std=2.20e-04 | CIAM: mean=1.43e-06 std=1.04e-05
[05/14 06:53:20] [GradMonitor step=2880] param-grad: weight_base: mean=-1.08e-08 std=1.63e-07 | weight_base_open: mean=5.41e-06 std=7.75e-04 | enc_conv1_weight: mean=-2.35e-04 std=1.55e-02
[05/14 06:53:21] [GradMonitor step=2890] near-input: bn0: mean=6.28e-08 std=3.04e-04 pos=0.50 | enc_conv1: mean=-5.51e-15 std=4.19e-05 pos=0.39
[05/14 06:53:21] [GradMonitor step=2890] deep/task: enc_layer4: mean=2.32e-06 std=8.46e-06 | PAM: mean=4.87e-05 std=1.79e-04 | CIAM: mean=2.33e-06 std=8.46e-06
[05/14 06:53:21] [GradMonitor step=2890] param-grad: weight_base: mean=9.98e-09 std=2.74e-07 | weight_base_open: mean=-1.03e-05 std=7.86e-04 | enc_conv1_weight: mean=-1.32e-03 std=1.29e-02
[05/14 06:53:22] [GradMonitor step=2900] near-input: bn0: mean=8.42e-08 std=3.83e-04 pos=0.50 | enc_conv1: mean=3.97e-15 std=4.94e-05 pos=0.34
[05/14 06:53:22] [GradMonitor step=2900] deep/task: enc_layer4: mean=2.56e-06 std=7.47e-06 | PAM: mean=5.42e-05 std=1.58e-04 | CIAM: mean=2.57e-06 std=7.47e-06
[05/14 06:53:22] [GradMonitor step=2900] param-grad: weight_base: mean=-2.07e-08 std=5.52e-07 | weight_base_open: mean=2.34e-05 std=1.12e-03 | enc_conv1_weight: mean=-3.60e-04 std=9.94e-03
[05/14 06:53:23] [GradMonitor step=2910] near-input: bn0: mean=1.29e-07 std=3.72e-04 pos=0.50 | enc_conv1: mean=-7.21e-15 std=5.01e-05 pos=0.39
[05/14 06:53:23] [GradMonitor step=2910] deep/task: enc_layer4: mean=1.34e-06 std=1.01e-05 | PAM: mean=2.84e-05 std=2.14e-04 | CIAM: mean=1.35e-06 std=1.01e-05
[05/14 06:53:23] [GradMonitor step=2910] param-grad: weight_base: mean=1.10e-08 std=2.67e-07 | weight_base_open: mean=-3.99e-07 std=6.49e-04 | enc_conv1_weight: mean=-1.42e-03 std=1.04e-02
[05/14 06:53:23] [GradMonitor step=2920] near-input: bn0: mean=2.79e-07 std=3.45e-04 pos=0.50 | enc_conv1: mean=4.09e-15 std=5.04e-05 pos=0.36
[05/14 06:53:23] [GradMonitor step=2920] deep/task: enc_layer4: mean=2.31e-06 std=9.05e-06 | PAM: mean=4.90e-05 std=1.93e-04 | CIAM: mean=2.32e-06 std=9.05e-06
[05/14 06:53:23] [GradMonitor step=2920] param-grad: weight_base: mean=3.12e-09 std=2.77e-07 | weight_base_open: mean=-1.00e-04 std=9.82e-04 | enc_conv1_weight: mean=-8.59e-04 std=1.10e-02
[05/14 06:53:24] [GradMonitor step=2930] near-input: bn0: mean=-7.73e-08 std=2.37e-04 pos=0.50 | enc_conv1: mean=1.87e-14 std=3.14e-05 pos=0.35
[05/14 06:53:24] [GradMonitor step=2930] deep/task: enc_layer4: mean=1.68e-06 std=6.91e-06 | PAM: mean=3.56e-05 std=1.46e-04 | CIAM: mean=1.68e-06 std=6.91e-06
[05/14 06:53:24] [GradMonitor step=2930] param-grad: weight_base: mean=4.57e-09 std=1.80e-07 | weight_base_open: mean=-7.66e-05 std=8.18e-04 | enc_conv1_weight: mean=-1.62e-04 std=1.19e-02
[05/14 06:53:25] [GradMonitor step=2940] near-input: bn0: mean=-5.03e-08 std=2.29e-04 pos=0.50 | enc_conv1: mean=-3.20e-15 std=3.02e-05 pos=0.34
[05/14 06:53:25] [GradMonitor step=2940] deep/task: enc_layer4: mean=1.89e-06 std=6.78e-06 | PAM: mean=3.97e-05 std=1.43e-04 | CIAM: mean=1.90e-06 std=6.79e-06
[05/14 06:53:25] [GradMonitor step=2940] param-grad: weight_base: mean=1.21e-08 std=2.39e-07 | weight_base_open: mean=-4.53e-05 std=8.58e-04 | enc_conv1_weight: mean=-1.47e-03 std=1.05e-02
[05/14 06:53:26] [GradMonitor step=2950] near-input: bn0: mean=-9.22e-08 std=2.76e-04 pos=0.50 | enc_conv1: mean=-7.03e-15 std=3.46e-05 pos=0.35
[05/14 06:53:26] [GradMonitor step=2950] deep/task: enc_layer4: mean=1.91e-06 std=8.28e-06 | PAM: mean=4.06e-05 std=1.76e-04 | CIAM: mean=1.92e-06 std=8.28e-06
[05/14 06:53:26] [GradMonitor step=2950] param-grad: weight_base: mean=1.64e-08 std=2.23e-07 | weight_base_open: mean=5.31e-05 std=9.09e-04 | enc_conv1_weight: mean=4.47e-03 std=1.38e-02
[05/14 06:53:27] [GradMonitor step=2960] near-input: bn0: mean=1.28e-08 std=3.51e-04 pos=0.50 | enc_conv1: mean=-3.71e-15 std=4.50e-05 pos=0.37
[05/14 06:53:27] [GradMonitor step=2960] deep/task: enc_layer4: mean=2.48e-06 std=6.24e-06 | PAM: mean=5.25e-05 std=1.32e-04 | CIAM: mean=2.49e-06 std=6.24e-06
[05/14 06:53:27] [GradMonitor step=2960] param-grad: weight_base: mean=1.00e-08 std=2.07e-07 | weight_base_open: mean=3.96e-05 std=7.18e-04 | enc_conv1_weight: mean=4.75e-04 std=1.10e-02
[05/14 06:53:27] [GradMonitor step=2970] near-input: bn0: mean=6.32e-08 std=4.47e-04 pos=0.50 | enc_conv1: mean=1.87e-15 std=5.92e-05 pos=0.43
[05/14 06:53:27] [GradMonitor step=2970] deep/task: enc_layer4: mean=2.46e-06 std=7.33e-06 | PAM: mean=5.20e-05 std=1.55e-04 | CIAM: mean=2.47e-06 std=7.34e-06
[05/14 06:53:27] [GradMonitor step=2970] param-grad: weight_base: mean=-8.54e-09 std=1.95e-07 | weight_base_open: mean=-5.42e-05 std=8.22e-04 | enc_conv1_weight: mean=1.36e-03 std=9.46e-03
[05/14 06:53:28] [GradMonitor step=2980] near-input: bn0: mean=-1.25e-07 std=3.99e-04 pos=0.50 | enc_conv1: mean=1.10e-14 std=4.96e-05 pos=0.35
[05/14 06:53:28] [GradMonitor step=2980] deep/task: enc_layer4: mean=2.38e-06 std=7.38e-06 | PAM: mean=5.03e-05 std=1.57e-04 | CIAM: mean=2.39e-06 std=7.38e-06
[05/14 06:53:28] [GradMonitor step=2980] param-grad: weight_base: mean=-8.12e-09 std=1.91e-07 | weight_base_open: mean=7.27e-07 std=7.75e-04 | enc_conv1_weight: mean=-2.63e-04 std=1.16e-02
[05/14 06:53:29] [GradMonitor step=2990] near-input: bn0: mean=2.15e-07 std=4.30e-04 pos=0.50 | enc_conv1: mean=9.12e-15 std=5.26e-05 pos=0.40
[05/14 06:53:29] [GradMonitor step=2990] deep/task: enc_layer4: mean=2.77e-06 std=7.68e-06 | PAM: mean=5.85e-05 std=1.63e-04 | CIAM: mean=2.78e-06 std=7.68e-06
[05/14 06:53:29] [GradMonitor step=2990] param-grad: weight_base: mean=1.21e-08 std=1.89e-07 | weight_base_open: mean=6.59e-05 std=8.49e-04 | enc_conv1_weight: mean=2.96e-03 std=9.93e-03
[05/14 06:53:30] [GradMonitor step=3000] near-input: bn0: mean=2.76e-08 std=2.91e-04 pos=0.50 | enc_conv1: mean=-3.44e-15 std=4.11e-05 pos=0.37
[05/14 06:53:30] [GradMonitor step=3000] deep/task: enc_layer4: mean=2.62e-06 std=6.66e-06 | PAM: mean=5.52e-05 std=1.41e-04 | CIAM: mean=2.63e-06 std=6.67e-06
[05/14 06:53:30] [GradMonitor step=3000] param-grad: weight_base: mean=-2.41e-09 std=1.85e-07 | weight_base_open: mean=4.82e-05 std=8.84e-04 | enc_conv1_weight: mean=7.73e-04 std=1.04e-02
[05/14 06:53:31] [GradMonitor step=3010] near-input: bn0: mean=1.43e-07 std=3.38e-04 pos=0.50 | enc_conv1: mean=2.34e-15 std=4.64e-05 pos=0.33
[05/14 06:53:31] [GradMonitor step=3010] deep/task: enc_layer4: mean=8.56e-07 std=9.53e-06 | PAM: mean=1.77e-05 std=2.03e-04 | CIAM: mean=8.61e-07 std=9.53e-06
[05/14 06:53:31] [GradMonitor step=3010] param-grad: weight_base: mean=4.91e-09 std=3.32e-07 | weight_base_open: mean=-6.91e-05 std=8.41e-04 | enc_conv1_weight: mean=-9.72e-04 std=1.41e-02
[05/14 06:53:32] [GradMonitor step=3020] near-input: bn0: mean=5.46e-08 std=3.48e-04 pos=0.50 | enc_conv1: mean=-3.89e-15 std=4.23e-05 pos=0.35
[05/14 06:53:32] [GradMonitor step=3020] deep/task: enc_layer4: mean=2.73e-06 std=7.55e-06 | PAM: mean=5.75e-05 std=1.61e-04 | CIAM: mean=2.73e-06 std=7.55e-06
[05/14 06:53:32] [GradMonitor step=3020] param-grad: weight_base: mean=9.63e-09 std=2.09e-07 | weight_base_open: mean=5.30e-05 std=8.96e-04 | enc_conv1_weight: mean=-3.53e-03 std=1.03e-02
[05/14 06:53:32] [GradMonitor step=3030] near-input: bn0: mean=1.35e-08 std=2.30e-04 pos=0.50 | enc_conv1: mean=1.09e-14 std=2.89e-05 pos=0.38
[05/14 06:53:32] [GradMonitor step=3030] deep/task: enc_layer4: mean=1.97e-06 std=6.24e-06 | PAM: mean=4.14e-05 std=1.32e-04 | CIAM: mean=1.98e-06 std=6.24e-06
[05/14 06:53:32] [GradMonitor step=3030] param-grad: weight_base: mean=8.68e-09 std=2.87e-07 | weight_base_open: mean=1.22e-05 std=8.17e-04 | enc_conv1_weight: mean=7.85e-04 std=9.65e-03
[05/14 06:53:33] [GradMonitor step=3040] near-input: bn0: mean=-2.75e-07 std=3.01e-04 pos=0.50 | enc_conv1: mean=6.94e-15 std=4.11e-05 pos=0.39
[05/14 06:53:33] [GradMonitor step=3040] deep/task: enc_layer4: mean=2.18e-06 std=7.59e-06 | PAM: mean=4.56e-05 std=1.60e-04 | CIAM: mean=2.19e-06 std=7.59e-06
[05/14 06:53:33] [GradMonitor step=3040] param-grad: weight_base: mean=-5.24e-09 std=2.11e-07 | weight_base_open: mean=1.62e-05 std=7.40e-04 | enc_conv1_weight: mean=6.31e-03 std=1.28e-02
[05/14 06:53:34] [GradMonitor step=3050] near-input: bn0: mean=2.00e-08 std=4.28e-04 pos=0.50 | enc_conv1: mean=2.23e-14 std=5.58e-05 pos=0.44
[05/14 06:53:34] [GradMonitor step=3050] deep/task: enc_layer4: mean=2.13e-06 std=9.14e-06 | PAM: mean=4.48e-05 std=1.94e-04 | CIAM: mean=2.14e-06 std=9.14e-06
[05/14 06:53:34] [GradMonitor step=3050] param-grad: weight_base: mean=-8.93e-09 std=3.00e-07 | weight_base_open: mean=9.68e-05 std=9.26e-04 | enc_conv1_weight: mean=3.05e-04 std=1.21e-02
[05/14 06:53:35] [GradMonitor step=3060] near-input: bn0: mean=6.48e-09 std=4.85e-04 pos=0.50 | enc_conv1: mean=4.27e-15 std=6.06e-05 pos=0.34
[05/14 06:53:35] [GradMonitor step=3060] deep/task: enc_layer4: mean=2.33e-06 std=9.71e-06 | PAM: mean=4.91e-05 std=2.08e-04 | CIAM: mean=2.33e-06 std=9.71e-06
[05/14 06:53:35] [GradMonitor step=3060] param-grad: weight_base: mean=3.59e-10 std=2.28e-07 | weight_base_open: mean=-3.39e-05 std=7.97e-04 | enc_conv1_weight: mean=-3.65e-03 std=1.21e-02
[05/14 06:53:36] [GradMonitor step=3070] near-input: bn0: mean=1.28e-07 std=2.81e-04 pos=0.50 | enc_conv1: mean=5.55e-15 std=3.61e-05 pos=0.37
[05/14 06:53:36] [GradMonitor step=3070] deep/task: enc_layer4: mean=1.61e-06 std=7.47e-06 | PAM: mean=3.38e-05 std=1.57e-04 | CIAM: mean=1.61e-06 std=7.47e-06
[05/14 06:53:36] [GradMonitor step=3070] param-grad: weight_base: mean=-8.14e-09 std=1.75e-07 | weight_base_open: mean=6.69e-05 std=7.80e-04 | enc_conv1_weight: mean=-2.07e-03 std=1.43e-02
[05/14 06:53:36] [GradMonitor step=3080] near-input: bn0: mean=-1.12e-07 std=4.75e-04 pos=0.50 | enc_conv1: mean=1.53e-14 std=6.43e-05 pos=0.38
[05/14 06:53:36] [GradMonitor step=3080] deep/task: enc_layer4: mean=2.39e-06 std=9.97e-06 | PAM: mean=5.09e-05 std=2.13e-04 | CIAM: mean=2.40e-06 std=9.97e-06
[05/14 06:53:36] [GradMonitor step=3080] param-grad: weight_base: mean=-1.15e-10 std=2.32e-07 | weight_base_open: mean=2.04e-05 std=8.85e-04 | enc_conv1_weight: mean=3.04e-03 std=1.24e-02
[05/14 06:53:37] [GradMonitor step=3090] near-input: bn0: mean=3.32e-08 std=2.55e-04 pos=0.50 | enc_conv1: mean=2.82e-15 std=3.46e-05 pos=0.32
[05/14 06:53:37] [GradMonitor step=3090] deep/task: enc_layer4: mean=2.66e-06 std=6.34e-06 | PAM: mean=5.60e-05 std=1.35e-04 | CIAM: mean=2.67e-06 std=6.34e-06
[05/14 06:53:37] [GradMonitor step=3090] param-grad: weight_base: mean=5.40e-09 std=2.81e-07 | weight_base_open: mean=-2.82e-05 std=7.95e-04 | enc_conv1_weight: mean=5.68e-04 std=9.52e-03
[05/14 06:53:38] [GradMonitor step=3100] near-input: bn0: mean=-7.23e-08 std=3.24e-04 pos=0.50 | enc_conv1: mean=-7.19e-15 std=4.30e-05 pos=0.39
[05/14 06:53:38] [GradMonitor step=3100] deep/task: enc_layer4: mean=2.29e-06 std=8.64e-06 | PAM: mean=4.82e-05 std=1.84e-04 | CIAM: mean=2.29e-06 std=8.64e-06
[05/14 06:53:38] [GradMonitor step=3100] param-grad: weight_base: mean=8.24e-10 std=1.72e-07 | weight_base_open: mean=5.83e-06 std=7.73e-04 | enc_conv1_weight: mean=2.79e-03 std=1.56e-02
[05/14 06:53:39] [GradMonitor step=3110] near-input: bn0: mean=-1.66e-09 std=2.88e-04 pos=0.50 | enc_conv1: mean=1.55e-15 std=3.75e-05 pos=0.41
[05/14 06:53:39] [GradMonitor step=3110] deep/task: enc_layer4: mean=2.11e-06 std=6.79e-06 | PAM: mean=4.46e-05 std=1.44e-04 | CIAM: mean=2.12e-06 std=6.79e-06
[05/14 06:53:39] [GradMonitor step=3110] param-grad: weight_base: mean=1.69e-10 std=2.38e-07 | weight_base_open: mean=-1.86e-05 std=9.09e-04 | enc_conv1_weight: mean=-4.36e-05 std=1.12e-02
[05/14 06:53:40] [GradMonitor step=3120] near-input: bn0: mean=-1.13e-07 std=2.66e-04 pos=0.50 | enc_conv1: mean=5.70e-15 std=3.62e-05 pos=0.37
[05/14 06:53:40] [GradMonitor step=3120] deep/task: enc_layer4: mean=2.62e-06 std=7.70e-06 | PAM: mean=5.55e-05 std=1.64e-04 | CIAM: mean=2.63e-06 std=7.70e-06
[05/14 06:53:40] [GradMonitor step=3120] param-grad: weight_base: mean=-1.08e-08 std=4.23e-07 | weight_base_open: mean=3.68e-05 std=9.45e-04 | enc_conv1_weight: mean=8.89e-04 std=1.23e-02
[05/14 06:53:40] [GradMonitor step=3130] near-input: bn0: mean=2.35e-08 std=2.55e-04 pos=0.50 | enc_conv1: mean=-6.02e-15 std=3.58e-05 pos=0.34
[05/14 06:53:40] [GradMonitor step=3130] deep/task: enc_layer4: mean=2.00e-06 std=7.06e-06 | PAM: mean=4.20e-05 std=1.49e-04 | CIAM: mean=2.01e-06 std=7.06e-06
[05/14 06:53:40] [GradMonitor step=3130] param-grad: weight_base: mean=-2.29e-08 std=3.24e-07 | weight_base_open: mean=-2.91e-05 std=7.88e-04 | enc_conv1_weight: mean=1.05e-03 std=1.13e-02
[05/14 06:53:41] [GradMonitor step=3140] near-input: bn0: mean=-1.01e-07 std=4.42e-04 pos=0.50 | enc_conv1: mean=-2.12e-14 std=5.30e-05 pos=0.39
[05/14 06:53:41] [GradMonitor step=3140] deep/task: enc_layer4: mean=2.22e-06 std=6.71e-06 | PAM: mean=4.67e-05 std=1.42e-04 | CIAM: mean=2.22e-06 std=6.71e-06
[05/14 06:53:41] [GradMonitor step=3140] param-grad: weight_base: mean=6.84e-09 std=2.93e-07 | weight_base_open: mean=5.27e-05 std=8.10e-04 | enc_conv1_weight: mean=2.15e-04 std=1.19e-02
[05/14 06:53:42] [GradMonitor step=3150] near-input: bn0: mean=4.39e-08 std=2.45e-04 pos=0.50 | enc_conv1: mean=1.63e-15 std=3.39e-05 pos=0.34
[05/14 06:53:42] [GradMonitor step=3150] deep/task: enc_layer4: mean=1.88e-06 std=7.73e-06 | PAM: mean=3.94e-05 std=1.64e-04 | CIAM: mean=1.89e-06 std=7.73e-06
[05/14 06:53:42] [GradMonitor step=3150] param-grad: weight_base: mean=-9.72e-10 std=1.60e-07 | weight_base_open: mean=-3.28e-06 std=8.28e-04 | enc_conv1_weight: mean=-1.98e-03 std=1.28e-02
[05/14 06:53:43] [GradMonitor step=3160] near-input: bn0: mean=-2.76e-08 std=3.77e-04 pos=0.50 | enc_conv1: mean=1.00e-14 std=4.92e-05 pos=0.43
[05/14 06:53:43] [GradMonitor step=3160] deep/task: enc_layer4: mean=2.18e-06 std=8.34e-06 | PAM: mean=4.59e-05 std=1.77e-04 | CIAM: mean=2.19e-06 std=8.34e-06
[05/14 06:53:43] [GradMonitor step=3160] param-grad: weight_base: mean=4.10e-09 std=2.50e-07 | weight_base_open: mean=-2.27e-07 std=7.68e-04 | enc_conv1_weight: mean=1.92e-03 std=1.15e-02
[05/14 06:53:44] [GradMonitor step=3170] near-input: bn0: mean=1.44e-07 std=3.49e-04 pos=0.50 | enc_conv1: mean=-1.53e-14 std=4.94e-05 pos=0.35
[05/14 06:53:44] [GradMonitor step=3170] deep/task: enc_layer4: mean=2.68e-06 std=7.85e-06 | PAM: mean=5.67e-05 std=1.68e-04 | CIAM: mean=2.69e-06 std=7.85e-06
[05/14 06:53:44] [GradMonitor step=3170] param-grad: weight_base: mean=-3.46e-09 std=2.89e-07 | weight_base_open: mean=-1.97e-05 std=8.35e-04 | enc_conv1_weight: mean=-3.22e-03 std=1.18e-02
[05/14 06:53:45] [GradMonitor step=3180] near-input: bn0: mean=4.20e-08 std=3.43e-04 pos=0.50 | enc_conv1: mean=6.20e-16 std=4.28e-05 pos=0.32
[05/14 06:53:45] [GradMonitor step=3180] deep/task: enc_layer4: mean=2.29e-06 std=7.41e-06 | PAM: mean=4.80e-05 std=1.56e-04 | CIAM: mean=2.30e-06 std=7.41e-06
[05/14 06:53:45] [GradMonitor step=3180] param-grad: weight_base: mean=-2.14e-09 std=1.80e-07 | weight_base_open: mean=-3.72e-06 std=8.31e-04 | enc_conv1_weight: mean=-2.17e-03 std=1.14e-02
[05/14 06:53:45] [GradMonitor step=3190] near-input: bn0: mean=3.98e-08 std=3.55e-04 pos=0.50 | enc_conv1: mean=-2.07e-15 std=4.68e-05 pos=0.36
[05/14 06:53:45] [GradMonitor step=3190] deep/task: enc_layer4: mean=1.49e-06 std=8.08e-06 | PAM: mean=3.16e-05 std=1.72e-04 | CIAM: mean=1.50e-06 std=8.08e-06
[05/14 06:53:45] [GradMonitor step=3190] param-grad: weight_base: mean=-9.45e-09 std=2.69e-07 | weight_base_open: mean=4.85e-05 std=8.10e-04 | enc_conv1_weight: mean=-9.17e-04 std=1.33e-02
[05/14 06:53:46] [GradMonitor step=3200] near-input: bn0: mean=1.58e-07 std=3.81e-04 pos=0.50 | enc_conv1: mean=-9.11e-15 std=5.20e-05 pos=0.38
[05/14 06:53:46] [GradMonitor step=3200] deep/task: enc_layer4: mean=1.99e-06 std=9.79e-06 | PAM: mean=4.19e-05 std=2.06e-04 | CIAM: mean=1.99e-06 std=9.79e-06
[05/14 06:53:46] [GradMonitor step=3200] param-grad: weight_base: mean=2.47e-09 std=1.64e-07 | weight_base_open: mean=-1.36e-05 std=8.33e-04 | enc_conv1_weight: mean=-3.32e-03 std=1.60e-02
[05/14 06:53:46] 
[05/14 06:53:46] epoch 8/40, iter 3200:
[05/14 06:53:46] train_loss: 1.25362
[05/14 06:53:46] train_acc: 0.922
[05/14 06:53:46] train_auroc: 0.875
[05/14 06:53:52] Summary name val_6-way-5-shot_tpr@tnr95 is illegal; using val_6-way-5-shot_tpr_tnr95 instead.
[05/14 06:53:52] val_6-way-5-shot_acc: 66.278	0.622
[05/14 06:53:52] val_6-way-5-shot_auroc: 36.358	1.702
[05/14 06:53:52] val_6-way-5-shot_fscore: 19.482	0.287
[05/14 06:53:52] val_6-way-5-shot_tpr@tnr95: 2.875	1.038
[05/14 06:53:52] val_6-way-5-shot_osr: 48.180	0.527
[05/14 06:53:52] BEST ACC!
[05/14 06:53:53] [GradMonitor step=3210] near-input: bn0: mean=-6.28e-08 std=2.27e-04 pos=0.50 | enc_conv1: mean=-2.96e-15 std=3.11e-05 pos=0.32
[05/14 06:53:53] [GradMonitor step=3210] deep/task: enc_layer4: mean=2.23e-06 std=7.25e-06 | PAM: mean=4.69e-05 std=1.53e-04 | CIAM: mean=2.24e-06 std=7.25e-06
[05/14 06:53:53] [GradMonitor step=3210] param-grad: weight_base: mean=1.07e-08 std=2.77e-07 | weight_base_open: mean=3.05e-05 std=9.58e-04 | enc_conv1_weight: mean=-4.95e-03 std=1.40e-02
[05/14 06:53:54] [GradMonitor step=3220] near-input: bn0: mean=7.89e-08 std=4.27e-04 pos=0.50 | enc_conv1: mean=3.02e-14 std=6.01e-05 pos=0.39
[05/14 06:53:54] [GradMonitor step=3220] deep/task: enc_layer4: mean=2.11e-06 std=9.89e-06 | PAM: mean=4.50e-05 std=2.10e-04 | CIAM: mean=2.12e-06 std=9.89e-06
[05/14 06:53:54] [GradMonitor step=3220] param-grad: weight_base: mean=2.42e-08 std=3.27e-07 | weight_base_open: mean=4.40e-05 std=8.68e-04 | enc_conv1_weight: mean=3.87e-03 std=1.23e-02
[05/14 06:53:55] [GradMonitor step=3230] near-input: bn0: mean=2.06e-08 std=3.12e-04 pos=0.50 | enc_conv1: mean=8.99e-15 std=4.09e-05 pos=0.39
[05/14 06:53:55] [GradMonitor step=3230] deep/task: enc_layer4: mean=2.19e-06 std=7.47e-06 | PAM: mean=4.61e-05 std=1.59e-04 | CIAM: mean=2.19e-06 std=7.47e-06
[05/14 06:53:55] [GradMonitor step=3230] param-grad: weight_base: mean=-4.59e-09 std=2.15e-07 | weight_base_open: mean=-8.51e-06 std=9.25e-04 | enc_conv1_weight: mean=3.30e-03 std=1.25e-02
[05/14 06:53:55] [GradMonitor step=3240] near-input: bn0: mean=-5.43e-09 std=2.34e-04 pos=0.50 | enc_conv1: mean=-1.37e-14 std=2.96e-05 pos=0.34
[05/14 06:53:55] [GradMonitor step=3240] deep/task: enc_layer4: mean=2.07e-06 std=6.79e-06 | PAM: mean=4.34e-05 std=1.44e-04 | CIAM: mean=2.08e-06 std=6.79e-06
[05/14 06:53:55] [GradMonitor step=3240] param-grad: weight_base: mean=-4.70e-09 std=2.39e-07 | weight_base_open: mean=-8.12e-06 std=8.70e-04 | enc_conv1_weight: mean=2.99e-03 std=9.23e-03
[05/14 06:53:56] [GradMonitor step=3250] near-input: bn0: mean=-1.37e-07 std=3.02e-04 pos=0.50 | enc_conv1: mean=-3.35e-15 std=4.23e-05 pos=0.33
[05/14 06:53:56] [GradMonitor step=3250] deep/task: enc_layer4: mean=2.42e-06 std=7.16e-06 | PAM: mean=5.10e-05 std=1.51e-04 | CIAM: mean=2.43e-06 std=7.16e-06
[05/14 06:53:56] [GradMonitor step=3250] param-grad: weight_base: mean=-4.34e-09 std=3.59e-07 | weight_base_open: mean=5.86e-05 std=8.65e-04 | enc_conv1_weight: mean=1.50e-03 std=1.08e-02
[05/14 06:53:57] [GradMonitor step=3260] near-input: bn0: mean=5.38e-09 std=2.82e-04 pos=0.50 | enc_conv1: mean=7.28e-16 std=3.61e-05 pos=0.41
[05/14 06:53:57] [GradMonitor step=3260] deep/task: enc_layer4: mean=2.28e-06 std=7.54e-06 | PAM: mean=4.81e-05 std=1.60e-04 | CIAM: mean=2.29e-06 std=7.54e-06
[05/14 06:53:57] [GradMonitor step=3260] param-grad: weight_base: mean=-5.26e-09 std=4.05e-07 | weight_base_open: mean=3.56e-05 std=9.33e-04 | enc_conv1_weight: mean=-4.31e-03 std=1.21e-02
[05/14 06:53:58] [GradMonitor step=3270] near-input: bn0: mean=1.56e-08 std=2.24e-04 pos=0.50 | enc_conv1: mean=-6.40e-15 std=2.88e-05 pos=0.35
[05/14 06:53:58] [GradMonitor step=3270] deep/task: enc_layer4: mean=2.40e-06 std=6.48e-06 | PAM: mean=5.04e-05 std=1.37e-04 | CIAM: mean=2.41e-06 std=6.48e-06
[05/14 06:53:58] [GradMonitor step=3270] param-grad: weight_base: mean=2.19e-09 std=7.44e-08 | weight_base_open: mean=7.03e-05 std=6.69e-04 | enc_conv1_weight: mean=1.33e-03 std=1.01e-02
[05/14 06:53:59] [GradMonitor step=3280] near-input: bn0: mean=1.24e-07 std=4.05e-04 pos=0.50 | enc_conv1: mean=2.72e-14 std=6.06e-05 pos=0.36
[05/14 06:53:59] [GradMonitor step=3280] deep/task: enc_layer4: mean=1.67e-06 std=9.80e-06 | PAM: mean=3.57e-05 std=2.07e-04 | CIAM: mean=1.68e-06 std=9.80e-06
[05/14 06:53:59] [GradMonitor step=3280] param-grad: weight_base: mean=2.61e-09 std=1.75e-07 | weight_base_open: mean=-3.61e-05 std=7.67e-04 | enc_conv1_weight: mean=-9.61e-04 std=1.70e-02
[05/14 06:54:00] [GradMonitor step=3290] near-input: bn0: mean=5.75e-08 std=2.93e-04 pos=0.50 | enc_conv1: mean=-1.01e-14 std=4.02e-05 pos=0.39
[05/14 06:54:00] [GradMonitor step=3290] deep/task: enc_layer4: mean=2.45e-06 std=7.97e-06 | PAM: mean=5.13e-05 std=1.68e-04 | CIAM: mean=2.45e-06 std=7.97e-06
[05/14 06:54:00] [GradMonitor step=3290] param-grad: weight_base: mean=-1.90e-09 std=2.76e-07 | weight_base_open: mean=-4.34e-05 std=8.21e-04 | enc_conv1_weight: mean=-1.08e-03 std=1.26e-02
[05/14 06:54:00] [GradMonitor step=3300] near-input: bn0: mean=5.28e-08 std=3.58e-04 pos=0.50 | enc_conv1: mean=1.03e-14 std=4.58e-05 pos=0.33
[05/14 06:54:00] [GradMonitor step=3300] deep/task: enc_layer4: mean=2.62e-06 std=6.78e-06 | PAM: mean=5.54e-05 std=1.44e-04 | CIAM: mean=2.63e-06 std=6.79e-06
[05/14 06:54:00] [GradMonitor step=3300] param-grad: weight_base: mean=1.65e-09 std=2.72e-07 | weight_base_open: mean=4.38e-05 std=1.09e-03 | enc_conv1_weight: mean=-9.68e-04 std=9.80e-03
[05/14 06:54:01] [GradMonitor step=3310] near-input: bn0: mean=1.11e-07 std=3.81e-04 pos=0.50 | enc_conv1: mean=3.45e-15 std=5.12e-05 pos=0.41
[05/14 06:54:01] [GradMonitor step=3310] deep/task: enc_layer4: mean=1.46e-06 std=9.72e-06 | PAM: mean=3.09e-05 std=2.06e-04 | CIAM: mean=1.47e-06 std=9.72e-06
[05/14 06:54:01] [GradMonitor step=3310] param-grad: weight_base: mean=-4.98e-09 std=1.72e-07 | weight_base_open: mean=-1.16e-05 std=7.86e-04 | enc_conv1_weight: mean=-8.61e-04 std=1.10e-02
[05/14 06:54:02] [GradMonitor step=3320] near-input: bn0: mean=2.52e-07 std=3.28e-04 pos=0.50 | enc_conv1: mean=1.82e-14 std=4.79e-05 pos=0.38
[05/14 06:54:02] [GradMonitor step=3320] deep/task: enc_layer4: mean=2.43e-06 std=8.47e-06 | PAM: mean=5.15e-05 std=1.81e-04 | CIAM: mean=2.44e-06 std=8.47e-06
[05/14 06:54:02] [GradMonitor step=3320] param-grad: weight_base: mean=8.24e-10 std=3.34e-07 | weight_base_open: mean=-9.12e-05 std=1.00e-03 | enc_conv1_weight: mean=-3.26e-04 std=1.13e-02
[05/14 06:54:03] [GradMonitor step=3330] near-input: bn0: mean=-1.00e-07 std=2.37e-04 pos=0.50 | enc_conv1: mean=4.08e-15 std=3.13e-05 pos=0.35
[05/14 06:54:03] [GradMonitor step=3330] deep/task: enc_layer4: mean=1.81e-06 std=6.56e-06 | PAM: mean=3.83e-05 std=1.39e-04 | CIAM: mean=1.81e-06 std=6.57e-06
[05/14 06:54:03] [GradMonitor step=3330] param-grad: weight_base: mean=-8.92e-10 std=3.58e-07 | weight_base_open: mean=-2.47e-05 std=8.03e-04 | enc_conv1_weight: mean=-1.35e-04 std=1.22e-02
[05/14 06:54:04] [GradMonitor step=3340] near-input: bn0: mean=-4.12e-08 std=2.26e-04 pos=0.50 | enc_conv1: mean=1.44e-15 std=2.97e-05 pos=0.35
[05/14 06:54:04] [GradMonitor step=3340] deep/task: enc_layer4: mean=1.98e-06 std=6.41e-06 | PAM: mean=4.15e-05 std=1.35e-04 | CIAM: mean=1.98e-06 std=6.41e-06
[05/14 06:54:04] [GradMonitor step=3340] param-grad: weight_base: mean=-3.11e-10 std=8.29e-08 | weight_base_open: mean=-1.19e-06 std=8.19e-04 | enc_conv1_weight: mean=-1.48e-03 std=1.03e-02
[05/14 06:54:05] [GradMonitor step=3350] near-input: bn0: mean=-7.40e-08 std=2.72e-04 pos=0.50 | enc_conv1: mean=-1.47e-14 std=3.44e-05 pos=0.36
[05/14 06:54:05] [GradMonitor step=3350] deep/task: enc_layer4: mean=2.04e-06 std=7.86e-06 | PAM: mean=4.32e-05 std=1.67e-04 | CIAM: mean=2.05e-06 std=7.86e-06
[05/14 06:54:05] [GradMonitor step=3350] param-grad: weight_base: mean=7.87e-09 std=3.05e-07 | weight_base_open: mean=-7.28e-06 std=8.21e-04 | enc_conv1_weight: mean=4.71e-03 std=1.39e-02
[05/14 06:54:05] [GradMonitor step=3360] near-input: bn0: mean=-2.39e-08 std=3.15e-04 pos=0.50 | enc_conv1: mean=-2.65e-15 std=4.04e-05 pos=0.38
[05/14 06:54:05] [GradMonitor step=3360] deep/task: enc_layer4: mean=2.53e-06 std=5.57e-06 | PAM: mean=5.34e-05 std=1.18e-04 | CIAM: mean=2.54e-06 std=5.57e-06
[05/14 06:54:05] [GradMonitor step=3360] param-grad: weight_base: mean=6.64e-09 std=3.12e-07 | weight_base_open: mean=9.22e-05 std=6.70e-04 | enc_conv1_weight: mean=7.37e-04 std=1.04e-02
[05/14 06:54:06] [GradMonitor step=3370] near-input: bn0: mean=1.65e-10 std=4.16e-04 pos=0.50 | enc_conv1: mean=6.79e-16 std=5.51e-05 pos=0.42
[05/14 06:54:06] [GradMonitor step=3370] deep/task: enc_layer4: mean=2.49e-06 std=6.83e-06 | PAM: mean=5.25e-05 std=1.44e-04 | CIAM: mean=2.50e-06 std=6.83e-06
[05/14 06:54:06] [GradMonitor step=3370] param-grad: weight_base: mean=9.14e-09 std=3.07e-07 | weight_base_open: mean=2.17e-05 std=7.67e-04 | enc_conv1_weight: mean=9.12e-04 std=9.00e-03
[05/14 06:54:07] [GradMonitor step=3380] near-input: bn0: mean=-9.02e-08 std=3.56e-04 pos=0.50 | enc_conv1: mean=-4.76e-15 std=4.44e-05 pos=0.36
[05/14 06:54:07] [GradMonitor step=3380] deep/task: enc_layer4: mean=2.49e-06 std=6.66e-06 | PAM: mean=5.25e-05 std=1.41e-04 | CIAM: mean=2.50e-06 std=6.66e-06
[05/14 06:54:07] [GradMonitor step=3380] param-grad: weight_base: mean=-1.43e-09 std=1.49e-07 | weight_base_open: mean=-4.84e-05 std=9.80e-04 | enc_conv1_weight: mean=1.57e-04 std=1.11e-02
[05/14 06:54:08] [GradMonitor step=3390] near-input: bn0: mean=1.89e-07 std=4.27e-04 pos=0.50 | enc_conv1: mean=-1.09e-14 std=5.19e-05 pos=0.41
[05/14 06:54:08] [GradMonitor step=3390] deep/task: enc_layer4: mean=2.93e-06 std=7.33e-06 | PAM: mean=6.17e-05 std=1.55e-04 | CIAM: mean=2.94e-06 std=7.34e-06
[05/14 06:54:08] [GradMonitor step=3390] param-grad: weight_base: mean=-1.05e-08 std=2.63e-07 | weight_base_open: mean=6.06e-05 std=9.59e-04 | enc_conv1_weight: mean=2.81e-03 std=1.00e-02
[05/14 06:54:09] [GradMonitor step=3400] near-input: bn0: mean=-1.92e-08 std=2.77e-04 pos=0.50 | enc_conv1: mean=-6.87e-15 std=3.91e-05 pos=0.37
[05/14 06:54:09] [GradMonitor step=3400] deep/task: enc_layer4: mean=2.70e-06 std=6.16e-06 | PAM: mean=5.69e-05 std=1.30e-04 | CIAM: mean=2.71e-06 std=6.16e-06
[05/14 06:54:09] [GradMonitor step=3400] param-grad: weight_base: mean=1.26e-09 std=7.93e-08 | weight_base_open: mean=-2.03e-05 std=9.18e-04 | enc_conv1_weight: mean=1.06e-03 std=1.02e-02
[05/14 06:54:09] [GradMonitor step=3410] near-input: bn0: mean=1.31e-07 std=3.17e-04 pos=0.50 | enc_conv1: mean=-3.78e-15 std=4.38e-05 pos=0.32
[05/14 06:54:09] [GradMonitor step=3410] deep/task: enc_layer4: mean=1.03e-06 std=8.96e-06 | PAM: mean=2.15e-05 std=1.91e-04 | CIAM: mean=1.04e-06 std=8.95e-06
[05/14 06:54:09] [GradMonitor step=3410] param-grad: weight_base: mean=6.17e-11 std=4.91e-07 | weight_base_open: mean=-1.45e-06 std=8.17e-04 | enc_conv1_weight: mean=-6.85e-04 std=1.36e-02
[05/14 06:54:10] [GradMonitor step=3420] near-input: bn0: mean=7.19e-08 std=3.20e-04 pos=0.50 | enc_conv1: mean=-2.08e-14 std=3.90e-05 pos=0.34
[05/14 06:54:10] [GradMonitor step=3420] deep/task: enc_layer4: mean=2.79e-06 std=6.85e-06 | PAM: mean=5.88e-05 std=1.46e-04 | CIAM: mean=2.80e-06 std=6.86e-06
[05/14 06:54:10] [GradMonitor step=3420] param-grad: weight_base: mean=3.73e-09 std=3.59e-07 | weight_base_open: mean=-1.74e-05 std=9.37e-04 | enc_conv1_weight: mean=-2.55e-03 std=1.02e-02
[05/14 06:54:11] [GradMonitor step=3430] near-input: bn0: mean=2.22e-08 std=2.11e-04 pos=0.50 | enc_conv1: mean=-1.43e-14 std=2.68e-05 pos=0.37
[05/14 06:54:11] [GradMonitor step=3430] deep/task: enc_layer4: mean=2.03e-06 std=5.73e-06 | PAM: mean=4.26e-05 std=1.21e-04 | CIAM: mean=2.04e-06 std=5.73e-06
[05/14 06:54:11] [GradMonitor step=3430] param-grad: weight_base: mean=1.28e-09 std=2.82e-07 | weight_base_open: mean=7.57e-06 std=7.50e-04 | enc_conv1_weight: mean=1.41e-04 std=9.55e-03
[05/14 06:54:12] [GradMonitor step=3440] near-input: bn0: mean=-2.15e-07 std=2.82e-04 pos=0.50 | enc_conv1: mean=8.12e-15 std=3.86e-05 pos=0.40
[05/14 06:54:12] [GradMonitor step=3440] deep/task: enc_layer4: mean=2.28e-06 std=6.94e-06 | PAM: mean=4.77e-05 std=1.47e-04 | CIAM: mean=2.29e-06 std=6.94e-06
[05/14 06:54:12] [GradMonitor step=3440] param-grad: weight_base: mean=6.26e-09 std=3.63e-07 | weight_base_open: mean=6.08e-05 std=8.50e-04 | enc_conv1_weight: mean=5.58e-03 std=1.21e-02
[05/14 06:54:13] [GradMonitor step=3450] near-input: bn0: mean=-5.69e-09 std=4.17e-04 pos=0.50 | enc_conv1: mean=-5.33e-16 std=5.36e-05 pos=0.44
[05/14 06:54:13] [GradMonitor step=3450] deep/task: enc_layer4: mean=2.36e-06 std=8.45e-06 | PAM: mean=4.95e-05 std=1.79e-04 | CIAM: mean=2.37e-06 std=8.45e-06
[05/14 06:54:13] [GradMonitor step=3450] param-grad: weight_base: mean=-2.02e-08 std=3.47e-07 | weight_base_open: mean=5.60e-06 std=8.36e-04 | enc_conv1_weight: mean=-3.07e-04 std=1.14e-02
[05/14 06:54:13] [GradMonitor step=3460] near-input: bn0: mean=7.39e-08 std=4.89e-04 pos=0.50 | enc_conv1: mean=-6.94e-15 std=6.21e-05 pos=0.35
[05/14 06:54:13] [GradMonitor step=3460] deep/task: enc_layer4: mean=2.51e-06 std=9.11e-06 | PAM: mean=5.29e-05 std=1.95e-04 | CIAM: mean=2.52e-06 std=9.11e-06
[05/14 06:54:13] [GradMonitor step=3460] param-grad: weight_base: mean=4.36e-09 std=1.84e-07 | weight_base_open: mean=1.87e-05 std=7.87e-04 | enc_conv1_weight: mean=-3.78e-03 std=1.30e-02
[05/14 06:54:14] [GradMonitor step=3470] near-input: bn0: mean=1.02e-07 std=2.67e-04 pos=0.50 | enc_conv1: mean=-7.37e-15 std=3.44e-05 pos=0.37
[05/14 06:54:14] [GradMonitor step=3470] deep/task: enc_layer4: mean=1.84e-06 std=7.01e-06 | PAM: mean=3.88e-05 std=1.48e-04 | CIAM: mean=1.85e-06 std=7.01e-06
[05/14 06:54:14] [GradMonitor step=3470] param-grad: weight_base: mean=-7.06e-10 std=1.07e-07 | weight_base_open: mean=4.21e-05 std=7.63e-04 | enc_conv1_weight: mean=-2.10e-03 std=1.45e-02
[05/14 06:54:15] [GradMonitor step=3480] near-input: bn0: mean=-7.22e-08 std=4.30e-04 pos=0.50 | enc_conv1: mean=-3.38e-16 std=5.86e-05 pos=0.39
[05/14 06:54:15] [GradMonitor step=3480] deep/task: enc_layer4: mean=2.52e-06 std=9.18e-06 | PAM: mean=5.36e-05 std=1.95e-04 | CIAM: mean=2.53e-06 std=9.18e-06
[05/14 06:54:15] [GradMonitor step=3480] param-grad: weight_base: mean=9.20e-10 std=9.19e-08 | weight_base_open: mean=1.48e-05 std=9.75e-04 | enc_conv1_weight: mean=2.65e-03 std=1.21e-02
[05/14 06:54:16] [GradMonitor step=3490] near-input: bn0: mean=3.93e-08 std=2.44e-04 pos=0.50 | enc_conv1: mean=6.39e-16 std=3.31e-05 pos=0.34
[05/14 06:54:16] [GradMonitor step=3490] deep/task: enc_layer4: mean=2.74e-06 std=5.91e-06 | PAM: mean=5.75e-05 std=1.25e-04 | CIAM: mean=2.74e-06 std=5.91e-06
[05/14 06:54:16] [GradMonitor step=3490] param-grad: weight_base: mean=2.49e-09 std=1.20e-07 | weight_base_open: mean=1.38e-05 std=6.84e-04 | enc_conv1_weight: mean=5.53e-04 std=9.35e-03
[05/14 06:54:17] [GradMonitor step=3500] near-input: bn0: mean=-5.49e-08 std=3.03e-04 pos=0.50 | enc_conv1: mean=-5.57e-15 std=4.05e-05 pos=0.37
[05/14 06:54:17] [GradMonitor step=3500] deep/task: enc_layer4: mean=2.46e-06 std=8.06e-06 | PAM: mean=5.20e-05 std=1.71e-04 | CIAM: mean=2.47e-06 std=8.06e-06
[05/14 06:54:17] [GradMonitor step=3500] param-grad: weight_base: mean=4.26e-09 std=1.89e-07 | weight_base_open: mean=1.23e-05 std=7.67e-04 | enc_conv1_weight: mean=2.97e-03 std=1.62e-02
[05/14 06:54:17] [GradMonitor step=3510] near-input: bn0: mean=-2.91e-08 std=2.62e-04 pos=0.50 | enc_conv1: mean=-7.82e-15 std=3.39e-05 pos=0.38
[05/14 06:54:17] [GradMonitor step=3510] deep/task: enc_layer4: mean=2.09e-06 std=6.11e-06 | PAM: mean=4.42e-05 std=1.30e-04 | CIAM: mean=2.10e-06 std=6.11e-06
[05/14 06:54:17] [GradMonitor step=3510] param-grad: weight_base: mean=-3.39e-09 std=2.81e-07 | weight_base_open: mean=3.28e-05 std=8.22e-04 | enc_conv1_weight: mean=-2.35e-04 std=1.06e-02
[05/14 06:54:18] [GradMonitor step=3520] near-input: bn0: mean=-1.09e-07 std=2.49e-04 pos=0.50 | enc_conv1: mean=1.67e-14 std=3.44e-05 pos=0.38
[05/14 06:54:18] [GradMonitor step=3520] deep/task: enc_layer4: mean=2.72e-06 std=7.27e-06 | PAM: mean=5.75e-05 std=1.54e-04 | CIAM: mean=2.73e-06 std=7.27e-06
[05/14 06:54:18] [GradMonitor step=3520] param-grad: weight_base: mean=3.89e-09 std=3.17e-07 | weight_base_open: mean=-6.49e-06 std=1.05e-03 | enc_conv1_weight: mean=7.83e-04 std=1.35e-02
[05/14 06:54:19] [GradMonitor step=3530] near-input: bn0: mean=-1.54e-09 std=2.40e-04 pos=0.50 | enc_conv1: mean=7.91e-15 std=3.35e-05 pos=0.34
[05/14 06:54:19] [GradMonitor step=3530] deep/task: enc_layer4: mean=2.05e-06 std=6.55e-06 | PAM: mean=4.30e-05 std=1.38e-04 | CIAM: mean=2.06e-06 std=6.55e-06
[05/14 06:54:19] [GradMonitor step=3530] param-grad: weight_base: mean=-8.85e-10 std=2.03e-07 | weight_base_open: mean=-2.92e-05 std=6.83e-04 | enc_conv1_weight: mean=6.31e-04 std=1.21e-02
[05/14 06:54:20] [GradMonitor step=3540] near-input: bn0: mean=-8.00e-08 std=4.06e-04 pos=0.50 | enc_conv1: mean=-1.45e-14 std=4.80e-05 pos=0.36
[05/14 06:54:20] [GradMonitor step=3540] deep/task: enc_layer4: mean=2.20e-06 std=6.25e-06 | PAM: mean=4.64e-05 std=1.32e-04 | CIAM: mean=2.21e-06 std=6.25e-06
[05/14 06:54:20] [GradMonitor step=3540] param-grad: weight_base: mean=-6.87e-09 std=2.11e-07 | weight_base_open: mean=6.36e-05 std=9.30e-04 | enc_conv1_weight: mean=-4.12e-04 std=1.24e-02
[05/14 06:54:21] [GradMonitor step=3550] near-input: bn0: mean=4.74e-09 std=2.23e-04 pos=0.50 | enc_conv1: mean=5.60e-15 std=3.06e-05 pos=0.31
[05/14 06:54:21] [GradMonitor step=3550] deep/task: enc_layer4: mean=2.00e-06 std=7.06e-06 | PAM: mean=4.19e-05 std=1.50e-04 | CIAM: mean=2.01e-06 std=7.06e-06
[05/14 06:54:21] [GradMonitor step=3550] param-grad: weight_base: mean=-4.97e-11 std=2.23e-07 | weight_base_open: mean=1.99e-05 std=7.98e-04 | enc_conv1_weight: mean=-1.38e-03 std=1.15e-02
[05/14 06:54:22] [GradMonitor step=3560] near-input: bn0: mean=-1.81e-08 std=3.94e-04 pos=0.50 | enc_conv1: mean=-6.73e-15 std=5.17e-05 pos=0.44
[05/14 06:54:22] [GradMonitor step=3560] deep/task: enc_layer4: mean=2.41e-06 std=7.89e-06 | PAM: mean=5.08e-05 std=1.67e-04 | CIAM: mean=2.42e-06 std=7.89e-06
[05/14 06:54:22] [GradMonitor step=3560] param-grad: weight_base: mean=-2.57e-09 std=2.22e-07 | weight_base_open: mean=3.63e-06 std=7.05e-04 | enc_conv1_weight: mean=2.10e-03 std=1.08e-02
[05/14 06:54:22] [GradMonitor step=3570] near-input: bn0: mean=1.38e-07 std=3.27e-04 pos=0.50 | enc_conv1: mean=-1.61e-15 std=4.59e-05 pos=0.36
[05/14 06:54:22] [GradMonitor step=3570] deep/task: enc_layer4: mean=2.77e-06 std=7.30e-06 | PAM: mean=5.87e-05 std=1.56e-04 | CIAM: mean=2.78e-06 std=7.30e-06
[05/14 06:54:22] [GradMonitor step=3570] param-grad: weight_base: mean=3.84e-10 std=3.11e-07 | weight_base_open: mean=-1.52e-05 std=7.42e-04 | enc_conv1_weight: mean=-3.62e-03 std=1.15e-02
[05/14 06:54:23] [GradMonitor step=3580] near-input: bn0: mean=5.30e-09 std=3.19e-04 pos=0.50 | enc_conv1: mean=1.46e-14 std=3.99e-05 pos=0.33
[05/14 06:54:23] [GradMonitor step=3580] deep/task: enc_layer4: mean=2.42e-06 std=6.92e-06 | PAM: mean=5.07e-05 std=1.45e-04 | CIAM: mean=2.43e-06 std=6.92e-06
[05/14 06:54:23] [GradMonitor step=3580] param-grad: weight_base: mean=-3.38e-09 std=1.63e-07 | weight_base_open: mean=-2.56e-05 std=7.93e-04 | enc_conv1_weight: mean=-1.94e-03 std=1.15e-02
[05/14 06:54:24] [GradMonitor step=3590] near-input: bn0: mean=9.68e-08 std=3.41e-04 pos=0.50 | enc_conv1: mean=-1.04e-14 std=4.46e-05 pos=0.34
[05/14 06:54:24] [GradMonitor step=3590] deep/task: enc_layer4: mean=1.73e-06 std=7.69e-06 | PAM: mean=3.68e-05 std=1.64e-04 | CIAM: mean=1.74e-06 std=7.69e-06
[05/14 06:54:24] [GradMonitor step=3590] param-grad: weight_base: mean=3.94e-09 std=2.14e-07 | weight_base_open: mean=-2.21e-05 std=7.20e-04 | enc_conv1_weight: mean=-1.82e-03 std=1.39e-02
[05/14 06:54:25] [GradMonitor step=3600] near-input: bn0: mean=1.40e-07 std=3.81e-04 pos=0.50 | enc_conv1: mean=9.65e-15 std=5.17e-05 pos=0.39
[05/14 06:54:25] [GradMonitor step=3600] deep/task: enc_layer4: mean=2.13e-06 std=9.26e-06 | PAM: mean=4.50e-05 std=1.95e-04 | CIAM: mean=2.14e-06 std=9.26e-06
[05/14 06:54:25] [GradMonitor step=3600] param-grad: weight_base: mean=-3.66e-09 std=2.29e-07 | weight_base_open: mean=-2.73e-05 std=8.77e-04 | enc_conv1_weight: mean=-3.00e-03 std=1.69e-02
[05/14 06:54:25] 
[05/14 06:54:25] epoch 9/40, iter 3600:
[05/14 06:54:25] train_loss: 1.19068
[05/14 06:54:25] train_acc: 0.938
[05/14 06:54:25] train_auroc: 0.899
[05/14 06:54:31] Summary name val_6-way-5-shot_tpr@tnr95 is illegal; using val_6-way-5-shot_tpr_tnr95 instead.
[05/14 06:54:31] val_6-way-5-shot_acc: 66.300	0.620
[05/14 06:54:31] val_6-way-5-shot_auroc: 36.444	1.730
[05/14 06:54:31] val_6-way-5-shot_fscore: 19.558	0.287
[05/14 06:54:31] val_6-way-5-shot_tpr@tnr95: 3.475	1.124
[05/14 06:54:31] val_6-way-5-shot_osr: 48.486	0.568
[05/14 06:54:31] BEST ACC!
[05/14 06:54:32] [GradMonitor step=3610] near-input: bn0: mean=-9.00e-08 std=2.01e-04 pos=0.50 | enc_conv1: mean=-5.62e-15 std=2.74e-05 pos=0.31
[05/14 06:54:32] [GradMonitor step=3610] deep/task: enc_layer4: mean=2.36e-06 std=6.84e-06 | PAM: mean=4.97e-05 std=1.44e-04 | CIAM: mean=2.38e-06 std=6.84e-06
[05/14 06:54:32] [GradMonitor step=3610] param-grad: weight_base: mean=1.52e-08 std=2.68e-07 | weight_base_open: mean=-4.20e-05 std=9.06e-04 | enc_conv1_weight: mean=-5.34e-03 std=1.44e-02
[05/14 06:54:33] [GradMonitor step=3620] near-input: bn0: mean=4.51e-08 std=4.43e-04 pos=0.50 | enc_conv1: mean=-7.21e-15 std=6.14e-05 pos=0.39
[05/14 06:54:33] [GradMonitor step=3620] deep/task: enc_layer4: mean=2.17e-06 std=9.44e-06 | PAM: mean=4.63e-05 std=2.00e-04 | CIAM: mean=2.18e-06 std=9.44e-06
[05/14 06:54:33] [GradMonitor step=3620] param-grad: weight_base: mean=-3.65e-09 std=1.52e-07 | weight_base_open: mean=-2.01e-05 std=9.10e-04 | enc_conv1_weight: mean=3.61e-03 std=1.25e-02
[05/14 06:54:34] [GradMonitor step=3630] near-input: bn0: mean=5.32e-08 std=3.05e-04 pos=0.50 | enc_conv1: mean=6.58e-15 std=3.98e-05 pos=0.37
[05/14 06:54:34] [GradMonitor step=3630] deep/task: enc_layer4: mean=2.29e-06 std=6.98e-06 | PAM: mean=4.84e-05 std=1.48e-04 | CIAM: mean=2.30e-06 std=6.98e-06
[05/14 06:54:34] [GradMonitor step=3630] param-grad: weight_base: mean=4.91e-10 std=1.47e-07 | weight_base_open: mean=4.35e-05 std=9.14e-04 | enc_conv1_weight: mean=3.55e-03 std=1.25e-02
[05/14 06:54:34] [GradMonitor step=3640] near-input: bn0: mean=-3.94e-09 std=2.35e-04 pos=0.50 | enc_conv1: mean=-1.16e-15 std=2.96e-05 pos=0.32
[05/14 06:54:34] [GradMonitor step=3640] deep/task: enc_layer4: mean=2.19e-06 std=6.52e-06 | PAM: mean=4.59e-05 std=1.38e-04 | CIAM: mean=2.20e-06 std=6.52e-06
[05/14 06:54:34] [GradMonitor step=3640] param-grad: weight_base: mean=8.59e-09 std=3.86e-07 | weight_base_open: mean=-6.23e-05 std=8.83e-04 | enc_conv1_weight: mean=3.02e-03 std=9.69e-03
[05/14 06:54:35] [GradMonitor step=3650] near-input: bn0: mean=-1.32e-07 std=2.74e-04 pos=0.50 | enc_conv1: mean=1.26e-15 std=3.83e-05 pos=0.32
[05/14 06:54:35] [GradMonitor step=3650] deep/task: enc_layer4: mean=2.54e-06 std=6.65e-06 | PAM: mean=5.36e-05 std=1.40e-04 | CIAM: mean=2.55e-06 std=6.65e-06
[05/14 06:54:35] [GradMonitor step=3650] param-grad: weight_base: mean=-1.13e-08 std=1.99e-07 | weight_base_open: mean=-2.96e-05 std=7.77e-04 | enc_conv1_weight: mean=1.48e-03 std=1.13e-02
[05/14 06:54:36] [GradMonitor step=3660] near-input: bn0: mean=2.93e-08 std=2.68e-04 pos=0.50 | enc_conv1: mean=-1.11e-16 std=3.46e-05 pos=0.38
[05/14 06:54:36] [GradMonitor step=3660] deep/task: enc_layer4: mean=2.38e-06 std=7.08e-06 | PAM: mean=5.02e-05 std=1.50e-04 | CIAM: mean=2.39e-06 std=7.08e-06
[05/14 06:54:36] [GradMonitor step=3660] param-grad: weight_base: mean=-9.95e-09 std=2.64e-07 | weight_base_open: mean=1.99e-05 std=9.29e-04 | enc_conv1_weight: mean=-4.45e-03 std=1.24e-02
[05/14 06:54:37] [GradMonitor step=3670] near-input: bn0: mean=1.30e-08 std=2.11e-04 pos=0.50 | enc_conv1: mean=1.26e-14 std=2.73e-05 pos=0.35
[05/14 06:54:37] [GradMonitor step=3670] deep/task: enc_layer4: mean=2.41e-06 std=6.07e-06 | PAM: mean=5.07e-05 std=1.28e-04 | CIAM: mean=2.42e-06 std=6.08e-06
[05/14 06:54:37] [GradMonitor step=3670] param-grad: weight_base: mean=-4.80e-09 std=1.55e-07 | weight_base_open: mean=1.54e-05 std=5.86e-04 | enc_conv1_weight: mean=1.57e-03 std=1.06e-02
[05/14 06:54:38] [GradMonitor step=3680] near-input: bn0: mean=9.74e-08 std=4.01e-04 pos=0.50 | enc_conv1: mean=-4.09e-16 std=6.00e-05 pos=0.38
[05/14 06:54:38] [GradMonitor step=3680] deep/task: enc_layer4: mean=1.96e-06 std=9.27e-06 | PAM: mean=4.17e-05 std=1.96e-04 | CIAM: mean=1.96e-06 std=9.27e-06
[05/14 06:54:38] [GradMonitor step=3680] param-grad: weight_base: mean=1.89e-09 std=2.60e-07 | weight_base_open: mean=2.22e-05 std=1.02e-03 | enc_conv1_weight: mean=-3.69e-04 std=1.69e-02
[05/14 06:54:38] [GradMonitor step=3690] near-input: bn0: mean=5.24e-08 std=2.74e-04 pos=0.50 | enc_conv1: mean=-9.73e-15 std=3.78e-05 pos=0.36
[05/14 06:54:38] [GradMonitor step=3690] deep/task: enc_layer4: mean=2.57e-06 std=7.50e-06 | PAM: mean=5.40e-05 std=1.58e-04 | CIAM: mean=2.58e-06 std=7.50e-06
[05/14 06:54:38] [GradMonitor step=3690] param-grad: weight_base: mean=-1.00e-08 std=2.18e-07 | weight_base_open: mean=-4.05e-05 std=8.63e-04 | enc_conv1_weight: mean=-1.30e-03 std=1.28e-02
[05/14 06:54:39] [GradMonitor step=3700] near-input: bn0: mean=3.32e-08 std=3.24e-04 pos=0.50 | enc_conv1: mean=-1.30e-14 std=4.14e-05 pos=0.33
[05/14 06:54:39] [GradMonitor step=3700] deep/task: enc_layer4: mean=2.64e-06 std=6.11e-06 | PAM: mean=5.58e-05 std=1.29e-04 | CIAM: mean=2.65e-06 std=6.11e-06
[05/14 06:54:39] [GradMonitor step=3700] param-grad: weight_base: mean=-1.56e-08 std=2.66e-07 | weight_base_open: mean=2.87e-05 std=1.11e-03 | enc_conv1_weight: mean=-6.49e-04 std=9.08e-03
[05/14 06:54:40] [GradMonitor step=3710] near-input: bn0: mean=1.24e-07 std=3.89e-04 pos=0.50 | enc_conv1: mean=2.49e-14 std=5.24e-05 pos=0.41
[05/14 06:54:40] [GradMonitor step=3710] deep/task: enc_layer4: mean=1.55e-06 std=9.33e-06 | PAM: mean=3.29e-05 std=1.97e-04 | CIAM: mean=1.56e-06 std=9.33e-06
[05/14 06:54:40] [GradMonitor step=3710] param-grad: weight_base: mean=4.34e-09 std=3.76e-07 | weight_base_open: mean=4.26e-06 std=9.58e-04 | enc_conv1_weight: mean=-1.31e-03 std=1.05e-02
[05/14 06:54:41] [GradMonitor step=3720] near-input: bn0: mean=2.13e-07 std=3.04e-04 pos=0.50 | enc_conv1: mean=-4.79e-15 std=4.47e-05 pos=0.36
[05/14 06:54:41] [GradMonitor step=3720] deep/task: enc_layer4: mean=2.56e-06 std=7.88e-06 | PAM: mean=5.43e-05 std=1.68e-04 | CIAM: mean=2.57e-06 std=7.88e-06
[05/14 06:54:41] [GradMonitor step=3720] param-grad: weight_base: mean=4.13e-09 std=2.98e-07 | weight_base_open: mean=-2.21e-05 std=9.90e-04 | enc_conv1_weight: mean=-3.27e-04 std=1.16e-02
[05/14 06:54:42] [GradMonitor step=3730] near-input: bn0: mean=-9.56e-08 std=2.29e-04 pos=0.50 | enc_conv1: mean=-1.39e-14 std=3.02e-05 pos=0.33
[05/14 06:54:42] [GradMonitor step=3730] deep/task: enc_layer4: mean=1.94e-06 std=6.17e-06 | PAM: mean=4.11e-05 std=1.30e-04 | CIAM: mean=1.95e-06 std=6.17e-06
[05/14 06:54:42] [GradMonitor step=3730] param-grad: weight_base: mean=1.89e-08 std=2.67e-07 | weight_base_open: mean=-4.16e-05 std=8.80e-04 | enc_conv1_weight: mean=5.36e-05 std=1.24e-02
[05/14 06:54:42] [GradMonitor step=3740] near-input: bn0: mean=-2.23e-08 std=2.17e-04 pos=0.50 | enc_conv1: mean=1.70e-15 std=2.86e-05 pos=0.34
[05/14 06:54:42] [GradMonitor step=3740] deep/task: enc_layer4: mean=2.03e-06 std=6.10e-06 | PAM: mean=4.27e-05 std=1.28e-04 | CIAM: mean=2.04e-06 std=6.10e-06
[05/14 06:54:42] [GradMonitor step=3740] param-grad: weight_base: mean=-4.13e-10 std=1.90e-07 | weight_base_open: mean=-5.28e-05 std=9.28e-04 | enc_conv1_weight: mean=-1.60e-03 std=1.07e-02
[05/14 06:54:43] [GradMonitor step=3750] near-input: bn0: mean=-4.38e-08 std=2.69e-04 pos=0.50 | enc_conv1: mean=-1.18e-15 std=3.40e-05 pos=0.34
[05/14 06:54:43] [GradMonitor step=3750] deep/task: enc_layer4: mean=2.16e-06 std=7.39e-06 | PAM: mean=4.58e-05 std=1.57e-04 | CIAM: mean=2.17e-06 std=7.39e-06
[05/14 06:54:43] [GradMonitor step=3750] param-grad: weight_base: mean=-3.33e-09 std=1.85e-07 | weight_base_open: mean=-7.33e-05 std=8.76e-04 | enc_conv1_weight: mean=3.74e-03 std=1.34e-02
[05/14 06:54:44] [GradMonitor step=3760] near-input: bn0: mean=1.33e-08 std=2.89e-04 pos=0.50 | enc_conv1: mean=3.50e-15 std=3.74e-05 pos=0.35
[05/14 06:54:44] [GradMonitor step=3760] deep/task: enc_layer4: mean=2.58e-06 std=5.02e-06 | PAM: mean=5.43e-05 std=1.06e-04 | CIAM: mean=2.59e-06 std=5.02e-06
[05/14 06:54:44] [GradMonitor step=3760] param-grad: weight_base: mean=2.27e-09 std=1.07e-07 | weight_base_open: mean=8.88e-06 std=7.17e-04 | enc_conv1_weight: mean=9.12e-04 std=8.92e-03
[05/14 06:54:45] [GradMonitor step=3770] near-input: bn0: mean=-2.63e-08 std=3.90e-04 pos=0.50 | enc_conv1: mean=-2.11e-15 std=5.16e-05 pos=0.39
[05/14 06:54:45] [GradMonitor step=3770] deep/task: enc_layer4: mean=2.49e-06 std=6.39e-06 | PAM: mean=5.26e-05 std=1.35e-04 | CIAM: mean=2.51e-06 std=6.40e-06
[05/14 06:54:45] [GradMonitor step=3770] param-grad: weight_base: mean=-2.31e-10 std=1.39e-07 | weight_base_open: mean=2.54e-05 std=7.81e-04 | enc_conv1_weight: mean=6.19e-04 std=8.94e-03
[05/14 06:54:46] [GradMonitor step=3780] near-input: bn0: mean=-1.14e-07 std=3.19e-04 pos=0.50 | enc_conv1: mean=-2.72e-15 std=3.97e-05 pos=0.35
[05/14 06:54:46] [GradMonitor step=3780] deep/task: enc_layer4: mean=2.58e-06 std=6.05e-06 | PAM: mean=5.44e-05 std=1.28e-04 | CIAM: mean=2.59e-06 std=6.05e-06
[05/14 06:54:46] [GradMonitor step=3780] param-grad: weight_base: mean=-2.13e-08 std=3.21e-07 | weight_base_open: mean=2.40e-05 std=8.45e-04 | enc_conv1_weight: mean=3.65e-04 std=1.16e-02
[05/14 06:54:46] [GradMonitor step=3790] near-input: bn0: mean=1.65e-07 std=4.03e-04 pos=0.50 | enc_conv1: mean=8.69e-15 std=4.89e-05 pos=0.43
[05/14 06:54:46] [GradMonitor step=3790] deep/task: enc_layer4: mean=3.04e-06 std=6.94e-06 | PAM: mean=6.41e-05 std=1.47e-04 | CIAM: mean=3.05e-06 std=6.94e-06
[05/14 06:54:46] [GradMonitor step=3790] param-grad: weight_base: mean=5.69e-10 std=1.70e-07 | weight_base_open: mean=7.31e-05 std=9.03e-04 | enc_conv1_weight: mean=2.00e-03 std=8.97e-03
[05/14 06:54:47] [GradMonitor step=3800] near-input: bn0: mean=-4.29e-09 std=2.63e-04 pos=0.50 | enc_conv1: mean=-1.03e-15 std=3.72e-05 pos=0.39
[05/14 06:54:47] [GradMonitor step=3800] deep/task: enc_layer4: mean=2.75e-06 std=5.66e-06 | PAM: mean=5.78e-05 std=1.20e-04 | CIAM: mean=2.76e-06 std=5.66e-06
[05/14 06:54:47] [GradMonitor step=3800] param-grad: weight_base: mean=-1.02e-08 std=2.31e-07 | weight_base_open: mean=3.92e-07 std=1.02e-03 | enc_conv1_weight: mean=8.72e-04 std=9.71e-03
[05/14 06:54:48] [GradMonitor step=3810] near-input: bn0: mean=1.00e-07 std=3.11e-04 pos=0.50 | enc_conv1: mean=2.27e-15 std=4.31e-05 pos=0.32
[05/14 06:54:48] [GradMonitor step=3810] deep/task: enc_layer4: mean=1.25e-06 std=8.41e-06 | PAM: mean=2.62e-05 std=1.79e-04 | CIAM: mean=1.26e-06 std=8.41e-06
[05/14 06:54:48] [GradMonitor step=3810] param-grad: weight_base: mean=1.12e-08 std=3.06e-07 | weight_base_open: mean=-3.61e-05 std=7.86e-04 | enc_conv1_weight: mean=-1.09e-03 std=1.30e-02
[05/14 06:54:49] [GradMonitor step=3820] near-input: bn0: mean=6.63e-08 std=2.96e-04 pos=0.50 | enc_conv1: mean=6.68e-15 std=3.60e-05 pos=0.33
[05/14 06:54:49] [GradMonitor step=3820] deep/task: enc_layer4: mean=2.83e-06 std=6.18e-06 | PAM: mean=5.97e-05 std=1.31e-04 | CIAM: mean=2.84e-06 std=6.19e-06
[05/14 06:54:49] [GradMonitor step=3820] param-grad: weight_base: mean=2.04e-09 std=2.13e-07 | weight_base_open: mean=-1.05e-05 std=8.43e-04 | enc_conv1_weight: mean=-3.07e-03 std=1.02e-02
[05/14 06:54:50] [GradMonitor step=3830] near-input: bn0: mean=1.43e-08 std=1.95e-04 pos=0.50 | enc_conv1: mean=-2.90e-15 std=2.49e-05 pos=0.35
[05/14 06:54:50] [GradMonitor step=3830] deep/task: enc_layer4: mean=2.03e-06 std=5.23e-06 | PAM: mean=4.27e-05 std=1.10e-04 | CIAM: mean=2.04e-06 std=5.23e-06
[05/14 06:54:50] [GradMonitor step=3830] param-grad: weight_base: mean=4.36e-09 std=2.18e-07 | weight_base_open: mean=-4.69e-05 std=7.79e-04 | enc_conv1_weight: mean=1.06e-04 std=9.87e-03
[05/14 06:54:50] [GradMonitor step=3840] near-input: bn0: mean=-1.60e-07 std=2.65e-04 pos=0.50 | enc_conv1: mean=2.28e-14 std=3.61e-05 pos=0.39
[05/14 06:54:50] [GradMonitor step=3840] deep/task: enc_layer4: mean=2.34e-06 std=6.37e-06 | PAM: mean=4.92e-05 std=1.34e-04 | CIAM: mean=2.36e-06 std=6.37e-06
[05/14 06:54:50] [GradMonitor step=3840] param-grad: weight_base: mean=-4.32e-09 std=2.93e-07 | weight_base_open: mean=2.16e-05 std=8.94e-04 | enc_conv1_weight: mean=5.33e-03 std=1.19e-02
[05/14 06:54:51] [GradMonitor step=3850] near-input: bn0: mean=-2.69e-08 std=3.85e-04 pos=0.50 | enc_conv1: mean=-7.70e-15 std=4.94e-05 pos=0.42
[05/14 06:54:51] [GradMonitor step=3850] deep/task: enc_layer4: mean=2.51e-06 std=7.65e-06 | PAM: mean=5.26e-05 std=1.62e-04 | CIAM: mean=2.52e-06 std=7.65e-06
[05/14 06:54:51] [GradMonitor step=3850] param-grad: weight_base: mean=-2.94e-08 std=3.99e-07 | weight_base_open: mean=2.65e-05 std=9.50e-04 | enc_conv1_weight: mean=-1.33e-04 std=1.09e-02
[05/14 06:54:52] [GradMonitor step=3860] near-input: bn0: mean=3.01e-08 std=4.98e-04 pos=0.50 | enc_conv1: mean=1.14e-15 std=6.34e-05 pos=0.37
[05/14 06:54:52] [GradMonitor step=3860] deep/task: enc_layer4: mean=2.66e-06 std=8.41e-06 | PAM: mean=5.62e-05 std=1.80e-04 | CIAM: mean=2.67e-06 std=8.41e-06
[05/14 06:54:52] [GradMonitor step=3860] param-grad: weight_base: mean=1.52e-09 std=4.00e-07 | weight_base_open: mean=2.39e-05 std=9.13e-04 | enc_conv1_weight: mean=-3.20e-03 std=1.32e-02
[05/14 06:54:53] [GradMonitor step=3870] near-input: bn0: mean=8.13e-08 std=2.59e-04 pos=0.50 | enc_conv1: mean=-2.66e-15 std=3.37e-05 pos=0.37
[05/14 06:54:53] [GradMonitor step=3870] deep/task: enc_layer4: mean=2.08e-06 std=6.57e-06 | PAM: mean=4.38e-05 std=1.38e-04 | CIAM: mean=2.09e-06 std=6.57e-06
[05/14 06:54:53] [GradMonitor step=3870] param-grad: weight_base: mean=-2.10e-09 std=2.00e-07 | weight_base_open: mean=-9.30e-05 std=7.73e-04 | enc_conv1_weight: mean=-1.61e-03 std=1.35e-02
[05/14 06:54:54] [GradMonitor step=3880] near-input: bn0: mean=-3.64e-08 std=4.19e-04 pos=0.50 | enc_conv1: mean=5.47e-15 std=5.62e-05 pos=0.37
[05/14 06:54:54] [GradMonitor step=3880] deep/task: enc_layer4: mean=2.60e-06 std=8.46e-06 | PAM: mean=5.52e-05 std=1.80e-04 | CIAM: mean=2.61e-06 std=8.47e-06
[05/14 06:54:54] [GradMonitor step=3880] param-grad: weight_base: mean=2.43e-08 std=3.71e-07 | weight_base_open: mean=2.92e-05 std=9.08e-04 | enc_conv1_weight: mean=1.96e-03 std=1.14e-02
[05/14 06:54:54] [GradMonitor step=3890] near-input: bn0: mean=1.49e-08 std=2.34e-04 pos=0.50 | enc_conv1: mean=7.15e-15 std=3.14e-05 pos=0.34
[05/14 06:54:54] [GradMonitor step=3890] deep/task: enc_layer4: mean=2.81e-06 std=5.56e-06 | PAM: mean=5.90e-05 std=1.18e-04 | CIAM: mean=2.82e-06 std=5.57e-06
[05/14 06:54:54] [GradMonitor step=3890] param-grad: weight_base: mean=1.60e-08 std=3.15e-07 | weight_base_open: mean=-4.12e-06 std=7.51e-04 | enc_conv1_weight: mean=2.43e-04 std=8.55e-03
[05/14 06:54:55] [GradMonitor step=3900] near-input: bn0: mean=-8.02e-08 std=2.83e-04 pos=0.50 | enc_conv1: mean=5.32e-15 std=3.77e-05 pos=0.39
[05/14 06:54:55] [GradMonitor step=3900] deep/task: enc_layer4: mean=2.64e-06 std=7.56e-06 | PAM: mean=5.56e-05 std=1.60e-04 | CIAM: mean=2.65e-06 std=7.56e-06
[05/14 06:54:55] [GradMonitor step=3900] param-grad: weight_base: mean=8.17e-09 std=2.47e-07 | weight_base_open: mean=-1.35e-05 std=8.29e-04 | enc_conv1_weight: mean=2.08e-03 std=1.58e-02
[05/14 06:54:56] [GradMonitor step=3910] near-input: bn0: mean=-4.43e-08 std=2.44e-04 pos=0.50 | enc_conv1: mean=4.57e-15 std=3.16e-05 pos=0.38
[05/14 06:54:56] [GradMonitor step=3910] deep/task: enc_layer4: mean=2.06e-06 std=5.57e-06 | PAM: mean=4.35e-05 std=1.18e-04 | CIAM: mean=2.06e-06 std=5.57e-06
[05/14 06:54:56] [GradMonitor step=3910] param-grad: weight_base: mean=6.00e-09 std=1.69e-07 | weight_base_open: mean=5.52e-05 std=8.77e-04 | enc_conv1_weight: mean=9.08e-05 std=1.07e-02
[05/14 06:54:57] [GradMonitor step=3920] near-input: bn0: mean=-9.67e-08 std=2.43e-04 pos=0.50 | enc_conv1: mean=1.26e-14 std=3.34e-05 pos=0.38
[05/14 06:54:57] [GradMonitor step=3920] deep/task: enc_layer4: mean=2.82e-06 std=6.87e-06 | PAM: mean=5.96e-05 std=1.46e-04 | CIAM: mean=2.83e-06 std=6.87e-06
[05/14 06:54:57] [GradMonitor step=3920] param-grad: weight_base: mean=1.05e-08 std=2.05e-07 | weight_base_open: mean=3.96e-05 std=1.01e-03 | enc_conv1_weight: mean=5.73e-04 std=1.38e-02
[05/14 06:54:58] [GradMonitor step=3930] near-input: bn0: mean=-8.73e-09 std=2.24e-04 pos=0.50 | enc_conv1: mean=-1.24e-14 std=3.15e-05 pos=0.32
[05/14 06:54:58] [GradMonitor step=3930] deep/task: enc_layer4: mean=2.10e-06 std=6.10e-06 | PAM: mean=4.40e-05 std=1.28e-04 | CIAM: mean=2.11e-06 std=6.11e-06
[05/14 06:54:58] [GradMonitor step=3930] param-grad: weight_base: mean=-1.31e-08 std=2.95e-07 | weight_base_open: mean=3.31e-06 std=8.22e-04 | enc_conv1_weight: mean=9.88e-04 std=1.24e-02
[05/14 06:54:59] [GradMonitor step=3940] near-input: bn0: mean=-6.12e-08 std=3.80e-04 pos=0.50 | enc_conv1: mean=1.16e-14 std=4.52e-05 pos=0.36
[05/14 06:54:59] [GradMonitor step=3940] deep/task: enc_layer4: mean=2.20e-06 std=5.94e-06 | PAM: mean=4.64e-05 std=1.26e-04 | CIAM: mean=2.21e-06 std=5.94e-06
[05/14 06:54:59] [GradMonitor step=3940] param-grad: weight_base: mean=1.11e-09 std=1.72e-07 | weight_base_open: mean=-3.56e-05 std=9.77e-04 | enc_conv1_weight: mean=-7.04e-04 std=1.20e-02
[05/14 06:54:59] [GradMonitor step=3950] near-input: bn0: mean=-1.56e-08 std=2.13e-04 pos=0.50 | enc_conv1: mean=1.50e-15 std=2.91e-05 pos=0.33
[05/14 06:54:59] [GradMonitor step=3950] deep/task: enc_layer4: mean=2.10e-06 std=6.53e-06 | PAM: mean=4.41e-05 std=1.38e-04 | CIAM: mean=2.12e-06 std=6.53e-06
[05/14 06:54:59] [GradMonitor step=3950] param-grad: weight_base: mean=1.47e-08 std=2.45e-07 | weight_base_open: mean=-2.79e-06 std=8.54e-04 | enc_conv1_weight: mean=-1.25e-03 std=1.09e-02
[05/14 06:55:00] [GradMonitor step=3960] near-input: bn0: mean=2.26e-08 std=4.12e-04 pos=0.50 | enc_conv1: mean=8.99e-15 std=5.39e-05 pos=0.45
[05/14 06:55:00] [GradMonitor step=3960] deep/task: enc_layer4: mean=2.60e-06 std=7.48e-06 | PAM: mean=5.48e-05 std=1.59e-04 | CIAM: mean=2.62e-06 std=7.48e-06
[05/14 06:55:00] [GradMonitor step=3960] param-grad: weight_base: mean=-3.73e-09 std=1.96e-07 | weight_base_open: mean=2.90e-06 std=6.69e-04 | enc_conv1_weight: mean=2.52e-03 std=1.07e-02
[05/14 06:55:01] [GradMonitor step=3970] near-input: bn0: mean=1.29e-07 std=3.14e-04 pos=0.50 | enc_conv1: mean=2.36e-14 std=4.44e-05 pos=0.39
[05/14 06:55:01] [GradMonitor step=3970] deep/task: enc_layer4: mean=2.84e-06 std=6.90e-06 | PAM: mean=6.02e-05 std=1.47e-04 | CIAM: mean=2.85e-06 std=6.90e-06
[05/14 06:55:01] [GradMonitor step=3970] param-grad: weight_base: mean=8.24e-09 std=2.35e-07 | weight_base_open: mean=-2.30e-05 std=9.49e-04 | enc_conv1_weight: mean=-3.69e-03 std=1.13e-02
[05/14 06:55:02] [GradMonitor step=3980] near-input: bn0: mean=7.20e-09 std=2.93e-04 pos=0.50 | enc_conv1: mean=1.10e-15 std=3.62e-05 pos=0.32
[05/14 06:55:02] [GradMonitor step=3980] deep/task: enc_layer4: mean=2.52e-06 std=6.46e-06 | PAM: mean=5.28e-05 std=1.35e-04 | CIAM: mean=2.53e-06 std=6.46e-06
[05/14 06:55:02] [GradMonitor step=3980] param-grad: weight_base: mean=-7.56e-09 std=2.66e-07 | weight_base_open: mean=1.52e-05 std=8.66e-04 | enc_conv1_weight: mean=-1.86e-03 std=1.13e-02
[05/14 06:55:03] [GradMonitor step=3990] near-input: bn0: mean=1.16e-07 std=3.43e-04 pos=0.50 | enc_conv1: mean=1.16e-14 std=4.49e-05 pos=0.35
[05/14 06:55:03] [GradMonitor step=3990] deep/task: enc_layer4: mean=1.97e-06 std=7.39e-06 | PAM: mean=4.19e-05 std=1.57e-04 | CIAM: mean=1.99e-06 std=7.39e-06
[05/14 06:55:03] [GradMonitor step=3990] param-grad: weight_base: mean=4.03e-09 std=2.50e-07 | weight_base_open: mean=-3.00e-05 std=6.72e-04 | enc_conv1_weight: mean=-1.85e-03 std=1.38e-02
[05/14 06:55:03] [GradMonitor step=4000] near-input: bn0: mean=1.31e-07 std=3.76e-04 pos=0.50 | enc_conv1: mean=-1.90e-15 std=5.11e-05 pos=0.38
[05/14 06:55:03] [GradMonitor step=4000] deep/task: enc_layer4: mean=2.28e-06 std=8.74e-06 | PAM: mean=4.80e-05 std=1.83e-04 | CIAM: mean=2.29e-06 std=8.73e-06
[05/14 06:55:03] [GradMonitor step=4000] param-grad: weight_base: mean=-3.41e-10 std=2.70e-07 | weight_base_open: mean=-3.28e-06 std=9.18e-04 | enc_conv1_weight: mean=-3.18e-03 std=1.67e-02
[05/14 06:55:03] 
[05/14 06:55:03] epoch 10/40, iter 4000:
[05/14 06:55:03] train_loss: 1.13155
[05/14 06:55:03] train_acc: 0.952
[05/14 06:55:03] train_auroc: 0.920
[05/14 06:55:09] Summary name val_6-way-5-shot_tpr@tnr95 is illegal; using val_6-way-5-shot_tpr_tnr95 instead.
[05/14 06:55:09] val_6-way-5-shot_acc: 66.389	0.625
[05/14 06:55:09] val_6-way-5-shot_auroc: 36.679	1.776
[05/14 06:55:09] val_6-way-5-shot_fscore: 19.634	0.280
[05/14 06:55:09] val_6-way-5-shot_tpr@tnr95: 4.025	1.208
[05/14 06:55:09] val_6-way-5-shot_osr: 48.718	0.603
[05/14 06:55:10] BEST ACC!
[05/14 06:55:11] [GradMonitor step=4010] near-input: bn0: mean=-7.95e-08 std=1.83e-04 pos=0.50 | enc_conv1: mean=5.55e-15 std=2.47e-05 pos=0.30
[05/14 06:55:11] [GradMonitor step=4010] deep/task: enc_layer4: mean=2.49e-06 std=6.43e-06 | PAM: mean=5.24e-05 std=1.35e-04 | CIAM: mean=2.50e-06 std=6.43e-06
[05/14 06:55:11] [GradMonitor step=4010] param-grad: weight_base: mean=-2.09e-08 std=3.42e-07 | weight_base_open: mean=-4.28e-05 std=9.06e-04 | enc_conv1_weight: mean=-4.78e-03 std=1.31e-02
[05/14 06:55:12] [GradMonitor step=4020] near-input: bn0: mean=7.19e-08 std=4.49e-04 pos=0.50 | enc_conv1: mean=1.76e-14 std=6.22e-05 pos=0.38
[05/14 06:55:12] [GradMonitor step=4020] deep/task: enc_layer4: mean=2.19e-06 std=9.03e-06 | PAM: mean=4.68e-05 std=1.91e-04 | CIAM: mean=2.20e-06 std=9.03e-06
[05/14 06:55:12] [GradMonitor step=4020] param-grad: weight_base: mean=1.21e-08 std=3.07e-07 | weight_base_open: mean=-1.59e-05 std=9.47e-04 | enc_conv1_weight: mean=3.59e-03 std=1.24e-02
[05/14 06:55:12] [GradMonitor step=4030] near-input: bn0: mean=6.06e-08 std=3.03e-04 pos=0.50 | enc_conv1: mean=-3.23e-15 std=3.98e-05 pos=0.36
[05/14 06:55:12] [GradMonitor step=4030] deep/task: enc_layer4: mean=2.36e-06 std=6.57e-06 | PAM: mean=4.97e-05 std=1.39e-04 | CIAM: mean=2.37e-06 std=6.57e-06
[05/14 06:55:12] [GradMonitor step=4030] param-grad: weight_base: mean=-1.08e-08 std=2.11e-07 | weight_base_open: mean=-4.89e-06 std=1.07e-03 | enc_conv1_weight: mean=3.68e-03 std=1.18e-02
[05/14 06:55:13] [GradMonitor step=4040] near-input: bn0: mean=-1.51e-08 std=2.38e-04 pos=0.50 | enc_conv1: mean=3.15e-14 std=2.99e-05 pos=0.32
[05/14 06:55:13] [GradMonitor step=4040] deep/task: enc_layer4: mean=2.31e-06 std=6.30e-06 | PAM: mean=4.83e-05 std=1.33e-04 | CIAM: mean=2.31e-06 std=6.30e-06
[05/14 06:55:13] [GradMonitor step=4040] param-grad: weight_base: mean=-2.61e-08 std=4.39e-07 | weight_base_open: mean=8.08e-05 std=1.02e-03 | enc_conv1_weight: mean=3.02e-03 std=9.93e-03
[05/14 06:55:14] [GradMonitor step=4050] near-input: bn0: mean=-1.03e-07 std=2.64e-04 pos=0.50 | enc_conv1: mean=5.67e-15 std=3.62e-05 pos=0.33
[05/14 06:55:14] [GradMonitor step=4050] deep/task: enc_layer4: mean=2.65e-06 std=6.34e-06 | PAM: mean=5.60e-05 std=1.34e-04 | CIAM: mean=2.67e-06 std=6.34e-06
[05/14 06:55:14] [GradMonitor step=4050] param-grad: weight_base: mean=-1.57e-08 std=3.96e-07 | weight_base_open: mean=6.13e-06 std=8.13e-04 | enc_conv1_weight: mean=1.48e-03 std=1.04e-02
[05/14 06:55:15] [GradMonitor step=4060] near-input: bn0: mean=1.70e-08 std=2.52e-04 pos=0.50 | enc_conv1: mean=-1.85e-14 std=3.30e-05 pos=0.38
[05/14 06:55:15] [GradMonitor step=4060] deep/task: enc_layer4: mean=2.48e-06 std=6.51e-06 | PAM: mean=5.24e-05 std=1.38e-04 | CIAM: mean=2.49e-06 std=6.51e-06
[05/14 06:55:15] [GradMonitor step=4060] param-grad: weight_base: mean=-1.11e-08 std=2.37e-07 | weight_base_open: mean=1.55e-05 std=1.03e-03 | enc_conv1_weight: mean=-3.82e-03 std=1.24e-02
[05/14 06:55:16] [GradMonitor step=4070] near-input: bn0: mean=6.47e-09 std=1.99e-04 pos=0.50 | enc_conv1: mean=-7.34e-15 std=2.55e-05 pos=0.36
[05/14 06:55:16] [GradMonitor step=4070] deep/task: enc_layer4: mean=2.43e-06 std=5.65e-06 | PAM: mean=5.11e-05 std=1.19e-04 | CIAM: mean=2.44e-06 std=5.65e-06
[05/14 06:55:16] [GradMonitor step=4070] param-grad: weight_base: mean=1.07e-09 std=1.17e-07 | weight_base_open: mean=2.24e-05 std=6.73e-04 | enc_conv1_weight: mean=5.35e-04 std=1.09e-02
[05/14 06:55:16] [GradMonitor step=4080] near-input: bn0: mean=6.26e-08 std=3.89e-04 pos=0.50 | enc_conv1: mean=-7.17e-15 std=5.83e-05 pos=0.39
[05/14 06:55:16] [GradMonitor step=4080] deep/task: enc_layer4: mean=2.23e-06 std=8.69e-06 | PAM: mean=4.74e-05 std=1.83e-04 | CIAM: mean=2.23e-06 std=8.69e-06
[05/14 06:55:16] [GradMonitor step=4080] param-grad: weight_base: mean=1.51e-09 std=6.74e-08 | weight_base_open: mean=4.44e-05 std=8.97e-04 | enc_conv1_weight: mean=1.72e-04 std=1.60e-02
[05/14 06:55:17] [GradMonitor step=4090] near-input: bn0: mean=5.45e-08 std=2.57e-04 pos=0.50 | enc_conv1: mean=1.24e-16 std=3.50e-05 pos=0.36
[05/14 06:55:17] [GradMonitor step=4090] deep/task: enc_layer4: mean=2.69e-06 std=7.03e-06 | PAM: mean=5.65e-05 std=1.48e-04 | CIAM: mean=2.70e-06 std=7.03e-06
[05/14 06:55:17] [GradMonitor step=4090] param-grad: weight_base: mean=-8.82e-10 std=3.13e-07 | weight_base_open: mean=-2.63e-05 std=8.58e-04 | enc_conv1_weight: mean=-7.44e-04 std=1.22e-02
[05/14 06:55:18] [GradMonitor step=4100] near-input: bn0: mean=3.58e-08 std=2.83e-04 pos=0.50 | enc_conv1: mean=-8.53e-15 std=3.69e-05 pos=0.32
[05/14 06:55:18] [GradMonitor step=4100] deep/task: enc_layer4: mean=2.63e-06 std=5.46e-06 | PAM: mean=5.56e-05 std=1.15e-04 | CIAM: mean=2.64e-06 std=5.46e-06
[05/14 06:55:18] [GradMonitor step=4100] param-grad: weight_base: mean=-2.05e-08 std=5.11e-07 | weight_base_open: mean=1.00e-06 std=1.13e-03 | enc_conv1_weight: mean=-8.41e-04 std=8.89e-03
[05/14 06:55:19] [GradMonitor step=4110] near-input: bn0: mean=1.44e-07 std=3.95e-04 pos=0.50 | enc_conv1: mean=-2.68e-14 std=5.33e-05 pos=0.40
[05/14 06:55:19] [GradMonitor step=4110] deep/task: enc_layer4: mean=1.64e-06 std=8.93e-06 | PAM: mean=3.48e-05 std=1.89e-04 | CIAM: mean=1.65e-06 std=8.93e-06
[05/14 06:55:19] [GradMonitor step=4110] param-grad: weight_base: mean=1.41e-08 std=2.24e-07 | weight_base_open: mean=-6.60e-05 std=1.08e-03 | enc_conv1_weight: mean=-1.31e-03 std=1.08e-02
[05/14 06:55:20] [GradMonitor step=4120] near-input: bn0: mean=1.94e-07 std=2.76e-04 pos=0.50 | enc_conv1: mean=1.43e-14 std=4.03e-05 pos=0.38
[05/14 06:55:20] [GradMonitor step=4120] deep/task: enc_layer4: mean=2.65e-06 std=7.30e-06 | PAM: mean=5.63e-05 std=1.55e-04 | CIAM: mean=2.67e-06 std=7.30e-06
[05/14 06:55:20] [GradMonitor step=4120] param-grad: weight_base: mean=-6.40e-09 std=4.25e-07 | weight_base_open: mean=6.35e-06 std=1.16e-03 | enc_conv1_weight: mean=-3.77e-04 std=1.19e-02
[05/14 06:55:21] [GradMonitor step=4130] near-input: bn0: mean=-7.71e-08 std=2.27e-04 pos=0.50 | enc_conv1: mean=-4.53e-15 std=2.99e-05 pos=0.33
[05/14 06:55:21] [GradMonitor step=4130] deep/task: enc_layer4: mean=2.09e-06 std=5.81e-06 | PAM: mean=4.42e-05 std=1.23e-04 | CIAM: mean=2.10e-06 std=5.81e-06
[05/14 06:55:21] [GradMonitor step=4130] param-grad: weight_base: mean=-3.18e-10 std=7.77e-08 | weight_base_open: mean=7.63e-06 std=8.94e-04 | enc_conv1_weight: mean=-1.63e-04 std=1.21e-02
[05/14 06:55:21] [GradMonitor step=4140] near-input: bn0: mean=-1.36e-08 std=2.07e-04 pos=0.50 | enc_conv1: mean=-8.18e-15 std=2.72e-05 pos=0.34
[05/14 06:55:21] [GradMonitor step=4140] deep/task: enc_layer4: mean=2.05e-06 std=5.83e-06 | PAM: mean=4.30e-05 std=1.23e-04 | CIAM: mean=2.06e-06 std=5.83e-06
[05/14 06:55:21] [GradMonitor step=4140] param-grad: weight_base: mean=1.16e-08 std=2.43e-07 | weight_base_open: mean=4.96e-05 std=8.91e-04 | enc_conv1_weight: mean=-1.42e-03 std=1.02e-02
[05/14 06:55:22] [GradMonitor step=4150] near-input: bn0: mean=-4.61e-08 std=2.63e-04 pos=0.50 | enc_conv1: mean=1.01e-14 std=3.30e-05 pos=0.36
[05/14 06:55:22] [GradMonitor step=4150] deep/task: enc_layer4: mean=2.26e-06 std=6.93e-06 | PAM: mean=4.78e-05 std=1.47e-04 | CIAM: mean=2.27e-06 std=6.93e-06
[05/14 06:55:22] [GradMonitor step=4150] param-grad: weight_base: mean=1.58e-08 std=3.44e-07 | weight_base_open: mean=1.38e-06 std=8.54e-04 | enc_conv1_weight: mean=3.61e-03 std=1.27e-02
[05/14 06:55:23] [GradMonitor step=4160] near-input: bn0: mean=2.63e-08 std=2.69e-04 pos=0.50 | enc_conv1: mean=4.01e-15 std=3.48e-05 pos=0.37
[05/14 06:55:23] [GradMonitor step=4160] deep/task: enc_layer4: mean=2.57e-06 std=4.52e-06 | PAM: mean=5.41e-05 std=9.52e-05 | CIAM: mean=2.59e-06 std=4.52e-06
[05/14 06:55:23] [GradMonitor step=4160] param-grad: weight_base: mean=1.25e-08 std=1.91e-07 | weight_base_open: mean=-1.13e-05 std=6.60e-04 | enc_conv1_weight: mean=1.21e-03 std=7.96e-03
[05/14 06:55:24] [GradMonitor step=4170] near-input: bn0: mean=-4.42e-08 std=3.43e-04 pos=0.50 | enc_conv1: mean=-7.76e-15 std=4.48e-05 pos=0.40
[05/14 06:55:24] [GradMonitor step=4170] deep/task: enc_layer4: mean=2.48e-06 std=5.98e-06 | PAM: mean=5.23e-05 std=1.26e-04 | CIAM: mean=2.50e-06 std=5.99e-06
[05/14 06:55:24] [GradMonitor step=4170] param-grad: weight_base: mean=-4.66e-09 std=2.17e-07 | weight_base_open: mean=-3.16e-05 std=7.44e-04 | enc_conv1_weight: mean=4.56e-04 std=9.02e-03
[05/14 06:55:25] [GradMonitor step=4180] near-input: bn0: mean=-1.12e-07 std=2.92e-04 pos=0.50 | enc_conv1: mean=-4.89e-15 std=3.61e-05 pos=0.33
[05/14 06:55:25] [GradMonitor step=4180] deep/task: enc_layer4: mean=2.65e-06 std=5.55e-06 | PAM: mean=5.58e-05 std=1.18e-04 | CIAM: mean=2.66e-06 std=5.55e-06
[05/14 06:55:25] [GradMonitor step=4180] param-grad: weight_base: mean=-3.57e-09 std=1.18e-07 | weight_base_open: mean=2.22e-05 std=8.93e-04 | enc_conv1_weight: mean=4.25e-04 std=1.12e-02
[05/14 06:55:25] [GradMonitor step=4190] near-input: bn0: mean=1.43e-07 std=3.79e-04 pos=0.50 | enc_conv1: mean=1.75e-15 std=4.60e-05 pos=0.42
[05/14 06:55:25] [GradMonitor step=4190] deep/task: enc_layer4: mean=3.13e-06 std=6.52e-06 | PAM: mean=6.59e-05 std=1.38e-04 | CIAM: mean=3.14e-06 std=6.53e-06
[05/14 06:55:25] [GradMonitor step=4190] param-grad: weight_base: mean=-5.40e-09 std=1.85e-07 | weight_base_open: mean=-2.40e-06 std=1.03e-03 | enc_conv1_weight: mean=9.78e-04 std=8.76e-03
[05/14 06:55:26] [GradMonitor step=4200] near-input: bn0: mean=-1.71e-08 std=2.50e-04 pos=0.50 | enc_conv1: mean=-3.55e-17 std=3.55e-05 pos=0.39
[05/14 06:55:26] [GradMonitor step=4200] deep/task: enc_layer4: mean=2.78e-06 std=5.23e-06 | PAM: mean=5.85e-05 std=1.10e-04 | CIAM: mean=2.80e-06 std=5.24e-06
[05/14 06:55:26] [GradMonitor step=4200] param-grad: weight_base: mean=-1.12e-08 std=2.36e-07 | weight_base_open: mean=3.67e-05 std=1.03e-03 | enc_conv1_weight: mean=7.78e-04 std=9.25e-03
[05/14 06:55:27] [GradMonitor step=4210] near-input: bn0: mean=1.01e-07 std=3.02e-04 pos=0.50 | enc_conv1: mean=-8.15e-15 std=4.25e-05 pos=0.30
[05/14 06:55:27] [GradMonitor step=4210] deep/task: enc_layer4: mean=1.41e-06 std=7.91e-06 | PAM: mean=2.97e-05 std=1.68e-04 | CIAM: mean=1.43e-06 std=7.91e-06
[05/14 06:55:27] [GradMonitor step=4210] param-grad: weight_base: mean=-1.95e-09 std=2.94e-07 | weight_base_open: mean=-5.11e-05 std=9.83e-04 | enc_conv1_weight: mean=-9.27e-04 std=1.20e-02
[05/14 06:55:28] [GradMonitor step=4220] near-input: bn0: mean=7.39e-08 std=2.76e-04 pos=0.50 | enc_conv1: mean=4.04e-15 std=3.40e-05 pos=0.34
[05/14 06:55:28] [GradMonitor step=4220] deep/task: enc_layer4: mean=2.83e-06 std=5.61e-06 | PAM: mean=5.97e-05 std=1.19e-04 | CIAM: mean=2.84e-06 std=5.61e-06
[05/14 06:55:28] [GradMonitor step=4220] param-grad: weight_base: mean=-2.66e-09 std=4.42e-07 | weight_base_open: mean=1.02e-05 std=9.37e-04 | enc_conv1_weight: mean=-2.47e-03 std=1.01e-02
[05/14 06:55:29] [GradMonitor step=4230] near-input: bn0: mean=-1.82e-08 std=1.78e-04 pos=0.50 | enc_conv1: mean=-7.47e-15 std=2.30e-05 pos=0.33
[05/14 06:55:29] [GradMonitor step=4230] deep/task: enc_layer4: mean=2.03e-06 std=4.79e-06 | PAM: mean=4.26e-05 std=1.01e-04 | CIAM: mean=2.04e-06 std=4.79e-06
[05/14 06:55:29] [GradMonitor step=4230] param-grad: weight_base: mean=-1.99e-09 std=2.09e-07 | weight_base_open: mean=1.37e-05 std=7.42e-04 | enc_conv1_weight: mean=-5.15e-04 std=9.49e-03
[05/14 06:55:29] [GradMonitor step=4240] near-input: bn0: mean=-1.48e-07 std=2.48e-04 pos=0.50 | enc_conv1: mean=1.16e-15 std=3.37e-05 pos=0.39
[05/14 06:55:29] [GradMonitor step=4240] deep/task: enc_layer4: mean=2.40e-06 std=5.83e-06 | PAM: mean=5.03e-05 std=1.23e-04 | CIAM: mean=2.41e-06 std=5.83e-06
[05/14 06:55:29] [GradMonitor step=4240] param-grad: weight_base: mean=1.62e-09 std=1.33e-07 | weight_base_open: mean=8.84e-05 std=8.62e-04 | enc_conv1_weight: mean=4.79e-03 std=1.17e-02
[05/14 06:55:30] [GradMonitor step=4250] near-input: bn0: mean=-1.61e-08 std=3.51e-04 pos=0.50 | enc_conv1: mean=-1.52e-14 std=4.49e-05 pos=0.40
[05/14 06:55:30] [GradMonitor step=4250] deep/task: enc_layer4: mean=2.58e-06 std=6.85e-06 | PAM: mean=5.42e-05 std=1.45e-04 | CIAM: mean=2.60e-06 std=6.86e-06
[05/14 06:55:30] [GradMonitor step=4250] param-grad: weight_base: mean=-1.53e-08 std=3.71e-07 | weight_base_open: mean=8.66e-05 std=1.02e-03 | enc_conv1_weight: mean=-3.71e-04 std=1.04e-02
[05/14 06:55:31] [GradMonitor step=4260] near-input: bn0: mean=4.41e-09 std=4.80e-04 pos=0.50 | enc_conv1: mean=-9.45e-15 std=6.13e-05 pos=0.36
[05/14 06:55:31] [GradMonitor step=4260] deep/task: enc_layer4: mean=2.76e-06 std=7.58e-06 | PAM: mean=5.83e-05 std=1.62e-04 | CIAM: mean=2.77e-06 std=7.58e-06
[05/14 06:55:31] [GradMonitor step=4260] param-grad: weight_base: mean=-1.74e-09 std=1.29e-07 | weight_base_open: mean=4.59e-06 std=9.05e-04 | enc_conv1_weight: mean=-3.20e-03 std=1.28e-02
[05/14 06:55:32] [GradMonitor step=4270] near-input: bn0: mean=4.99e-08 std=2.52e-04 pos=0.50 | enc_conv1: mean=3.06e-15 std=3.30e-05 pos=0.37
[05/14 06:55:32] [GradMonitor step=4270] deep/task: enc_layer4: mean=2.28e-06 std=6.18e-06 | PAM: mean=4.80e-05 std=1.30e-04 | CIAM: mean=2.29e-06 std=6.18e-06
[05/14 06:55:32] [GradMonitor step=4270] param-grad: weight_base: mean=4.42e-09 std=1.44e-07 | weight_base_open: mean=-5.44e-05 std=7.30e-04 | enc_conv1_weight: mean=-1.67e-03 std=1.30e-02
[05/14 06:55:33] [GradMonitor step=4280] near-input: bn0: mean=-2.34e-08 std=3.93e-04 pos=0.50 | enc_conv1: mean=-4.26e-15 std=5.31e-05 pos=0.38
[05/14 06:55:33] [GradMonitor step=4280] deep/task: enc_layer4: mean=2.62e-06 std=7.75e-06 | PAM: mean=5.56e-05 std=1.64e-04 | CIAM: mean=2.63e-06 std=7.75e-06
[05/14 06:55:33] [GradMonitor step=4280] param-grad: weight_base: mean=1.45e-08 std=3.52e-07 | weight_base_open: mean=3.76e-05 std=9.58e-04 | enc_conv1_weight: mean=1.79e-03 std=1.19e-02
[05/14 06:55:34] [GradMonitor step=4290] near-input: bn0: mean=-4.37e-10 std=2.20e-04 pos=0.50 | enc_conv1: mean=-2.47e-15 std=2.96e-05 pos=0.35
[05/14 06:55:34] [GradMonitor step=4290] deep/task: enc_layer4: mean=2.84e-06 std=5.26e-06 | PAM: mean=5.98e-05 std=1.12e-04 | CIAM: mean=2.86e-06 std=5.26e-06
[05/14 06:55:34] [GradMonitor step=4290] param-grad: weight_base: mean=-7.42e-11 std=2.49e-07 | weight_base_open: mean=3.89e-05 std=7.45e-04 | enc_conv1_weight: mean=1.70e-04 std=8.01e-03
[05/14 06:55:34] [GradMonitor step=4300] near-input: bn0: mean=-8.07e-08 std=2.66e-04 pos=0.50 | enc_conv1: mean=-1.65e-14 std=3.58e-05 pos=0.38
[05/14 06:55:34] [GradMonitor step=4300] deep/task: enc_layer4: mean=2.80e-06 std=7.10e-06 | PAM: mean=5.90e-05 std=1.50e-04 | CIAM: mean=2.81e-06 std=7.10e-06
[05/14 06:55:34] [GradMonitor step=4300] param-grad: weight_base: mean=3.80e-09 std=1.23e-07 | weight_base_open: mean=-7.03e-06 std=8.55e-04 | enc_conv1_weight: mean=3.12e-03 std=1.64e-02
[05/14 06:55:35] [GradMonitor step=4310] near-input: bn0: mean=-1.30e-08 std=2.21e-04 pos=0.50 | enc_conv1: mean=-2.10e-15 std=2.89e-05 pos=0.37
[05/14 06:55:35] [GradMonitor step=4310] deep/task: enc_layer4: mean=2.03e-06 std=5.08e-06 | PAM: mean=4.30e-05 std=1.07e-04 | CIAM: mean=2.04e-06 std=5.08e-06
[05/14 06:55:35] [GradMonitor step=4310] param-grad: weight_base: mean=2.41e-09 std=1.69e-07 | weight_base_open: mean=3.22e-05 std=8.82e-04 | enc_conv1_weight: mean=-2.45e-04 std=1.14e-02
[05/14 06:55:36] [GradMonitor step=4320] near-input: bn0: mean=-8.89e-08 std=2.31e-04 pos=0.50 | enc_conv1: mean=2.00e-15 std=3.17e-05 pos=0.38
[05/14 06:55:36] [GradMonitor step=4320] deep/task: enc_layer4: mean=2.88e-06 std=6.38e-06 | PAM: mean=6.10e-05 std=1.35e-04 | CIAM: mean=2.90e-06 std=6.38e-06
[05/14 06:55:36] [GradMonitor step=4320] param-grad: weight_base: mean=-8.75e-09 std=2.81e-07 | weight_base_open: mean=1.50e-04 std=1.03e-03 | enc_conv1_weight: mean=4.15e-04 std=1.37e-02
[05/14 06:55:37] [GradMonitor step=4330] near-input: bn0: mean=-2.22e-08 std=2.10e-04 pos=0.50 | enc_conv1: mean=4.65e-15 std=2.89e-05 pos=0.30
[05/14 06:55:37] [GradMonitor step=4330] deep/task: enc_layer4: mean=2.13e-06 std=5.71e-06 | PAM: mean=4.47e-05 std=1.20e-04 | CIAM: mean=2.15e-06 std=5.71e-06
[05/14 06:55:37] [GradMonitor step=4330] param-grad: weight_base: mean=-5.02e-09 std=1.44e-07 | weight_base_open: mean=-1.67e-05 std=8.07e-04 | enc_conv1_weight: mean=1.40e-04 std=1.27e-02
[05/14 06:55:38] [GradMonitor step=4340] near-input: bn0: mean=-6.95e-08 std=3.67e-04 pos=0.50 | enc_conv1: mean=9.21e-15 std=4.42e-05 pos=0.37
[05/14 06:55:38] [GradMonitor step=4340] deep/task: enc_layer4: mean=2.20e-06 std=5.74e-06 | PAM: mean=4.64e-05 std=1.21e-04 | CIAM: mean=2.21e-06 std=5.74e-06
[05/14 06:55:38] [GradMonitor step=4340] param-grad: weight_base: mean=-7.83e-09 std=3.21e-07 | weight_base_open: mean=-1.57e-05 std=9.17e-04 | enc_conv1_weight: mean=-5.06e-04 std=1.23e-02
[05/14 06:55:38] [GradMonitor step=4350] near-input: bn0: mean=3.32e-08 std=2.05e-04 pos=0.50 | enc_conv1: mean=-7.69e-15 std=2.79e-05 pos=0.32
[05/14 06:55:38] [GradMonitor step=4350] deep/task: enc_layer4: mean=2.18e-06 std=6.16e-06 | PAM: mean=4.57e-05 std=1.30e-04 | CIAM: mean=2.19e-06 std=6.16e-06
[05/14 06:55:38] [GradMonitor step=4350] param-grad: weight_base: mean=1.66e-08 std=2.96e-07 | weight_base_open: mean=-4.85e-05 std=8.32e-04 | enc_conv1_weight: mean=-1.69e-03 std=1.08e-02
[05/14 06:55:39] [GradMonitor step=4360] near-input: bn0: mean=-1.64e-09 std=4.24e-04 pos=0.50 | enc_conv1: mean=9.20e-15 std=5.57e-05 pos=0.46
[05/14 06:55:39] [GradMonitor step=4360] deep/task: enc_layer4: mean=2.75e-06 std=7.15e-06 | PAM: mean=5.80e-05 std=1.52e-04 | CIAM: mean=2.77e-06 std=7.15e-06
[05/14 06:55:39] [GradMonitor step=4360] param-grad: weight_base: mean=9.15e-09 std=1.87e-07 | weight_base_open: mean=3.99e-05 std=7.01e-04 | enc_conv1_weight: mean=2.02e-03 std=1.10e-02
[05/14 06:55:40] [GradMonitor step=4370] near-input: bn0: mean=1.53e-07 std=3.10e-04 pos=0.50 | enc_conv1: mean=6.29e-15 std=4.40e-05 pos=0.39
[05/14 06:55:40] [GradMonitor step=4370] deep/task: enc_layer4: mean=2.89e-06 std=6.59e-06 | PAM: mean=6.14e-05 std=1.40e-04 | CIAM: mean=2.91e-06 std=6.59e-06
[05/14 06:55:40] [GradMonitor step=4370] param-grad: weight_base: mean=-1.01e-08 std=2.99e-07 | weight_base_open: mean=-6.08e-05 std=9.90e-04 | enc_conv1_weight: mean=-2.94e-03 std=1.07e-02
[05/14 06:55:41] [GradMonitor step=4380] near-input: bn0: mean=1.02e-08 std=2.73e-04 pos=0.50 | enc_conv1: mean=4.93e-15 std=3.39e-05 pos=0.32
[05/14 06:55:41] [GradMonitor step=4380] deep/task: enc_layer4: mean=2.62e-06 std=6.06e-06 | PAM: mean=5.49e-05 std=1.27e-04 | CIAM: mean=2.63e-06 std=6.07e-06
[05/14 06:55:41] [GradMonitor step=4380] param-grad: weight_base: mean=-1.69e-09 std=2.47e-07 | weight_base_open: mean=-7.21e-06 std=8.40e-04 | enc_conv1_weight: mean=-1.41e-03 std=1.07e-02
[05/14 06:55:42] [GradMonitor step=4390] near-input: bn0: mean=9.62e-08 std=3.39e-04 pos=0.50 | enc_conv1: mean=-1.61e-14 std=4.46e-05 pos=0.34
[05/14 06:55:42] [GradMonitor step=4390] deep/task: enc_layer4: mean=2.17e-06 std=7.14e-06 | PAM: mean=4.61e-05 std=1.52e-04 | CIAM: mean=2.19e-06 std=7.15e-06
[05/14 06:55:42] [GradMonitor step=4390] param-grad: weight_base: mean=7.64e-09 std=1.71e-07 | weight_base_open: mean=2.26e-05 std=7.68e-04 | enc_conv1_weight: mean=-1.01e-03 std=1.26e-02
[05/14 06:55:43] [GradMonitor step=4400] near-input: bn0: mean=9.13e-08 std=3.75e-04 pos=0.50 | enc_conv1: mean=1.42e-14 std=5.07e-05 pos=0.37
[05/14 06:55:43] [GradMonitor step=4400] deep/task: enc_layer4: mean=2.40e-06 std=8.33e-06 | PAM: mean=5.07e-05 std=1.75e-04 | CIAM: mean=2.41e-06 std=8.32e-06
[05/14 06:55:43] [GradMonitor step=4400] param-grad: weight_base: mean=8.57e-09 std=3.34e-07 | weight_base_open: mean=-8.24e-05 std=8.51e-04 | enc_conv1_weight: mean=-3.02e-03 std=1.56e-02
[05/14 06:55:43] 
[05/14 06:55:43] epoch 11/40, iter 4400:
[05/14 06:55:43] train_loss: 1.07664
[05/14 06:55:43] train_acc: 0.963
[05/14 06:55:43] train_auroc: 0.938
[05/14 06:55:48] Summary name val_6-way-5-shot_tpr@tnr95 is illegal; using val_6-way-5-shot_tpr_tnr95 instead.
[05/14 06:55:49] val_6-way-5-shot_acc: 66.394	0.614
[05/14 06:55:49] val_6-way-5-shot_auroc: 37.075	1.818
[05/14 06:55:49] val_6-way-5-shot_fscore: 19.656	0.273
[05/14 06:55:49] val_6-way-5-shot_tpr@tnr95: 4.325	1.220
[05/14 06:55:49] val_6-way-5-shot_osr: 48.896	0.614
[05/14 06:55:49] BEST ACC!
[05/14 06:55:50] [GradMonitor step=4410] near-input: bn0: mean=-7.94e-08 std=1.62e-04 pos=0.50 | enc_conv1: mean=4.18e-15 std=2.19e-05 pos=0.29
[05/14 06:55:50] [GradMonitor step=4410] deep/task: enc_layer4: mean=2.61e-06 std=5.99e-06 | PAM: mean=5.47e-05 std=1.26e-04 | CIAM: mean=2.62e-06 std=5.99e-06
[05/14 06:55:50] [GradMonitor step=4410] param-grad: weight_base: mean=2.91e-09 std=1.84e-07 | weight_base_open: mean=-1.40e-06 std=8.66e-04 | enc_conv1_weight: mean=-3.95e-03 std=1.22e-02
[05/14 06:55:51] [GradMonitor step=4420] near-input: bn0: mean=6.70e-08 std=4.53e-04 pos=0.50 | enc_conv1: mean=-7.96e-15 std=6.32e-05 pos=0.38
[05/14 06:55:51] [GradMonitor step=4420] deep/task: enc_layer4: mean=2.23e-06 std=8.60e-06 | PAM: mean=4.77e-05 std=1.82e-04 | CIAM: mean=2.24e-06 std=8.59e-06
[05/14 06:55:51] [GradMonitor step=4420] param-grad: weight_base: mean=2.52e-10 std=2.26e-07 | weight_base_open: mean=-1.15e-04 std=1.21e-03 | enc_conv1_weight: mean=3.80e-03 std=1.31e-02
[05/14 06:55:51] [GradMonitor step=4430] near-input: bn0: mean=4.72e-08 std=3.06e-04 pos=0.50 | enc_conv1: mean=1.70e-14 std=4.01e-05 pos=0.38
[05/14 06:55:51] [GradMonitor step=4430] deep/task: enc_layer4: mean=2.44e-06 std=6.22e-06 | PAM: mean=5.14e-05 std=1.32e-04 | CIAM: mean=2.45e-06 std=6.22e-06
[05/14 06:55:51] [GradMonitor step=4430] param-grad: weight_base: mean=5.13e-09 std=2.41e-07 | weight_base_open: mean=9.79e-07 std=9.87e-04 | enc_conv1_weight: mean=2.86e-03 std=1.12e-02
[05/14 06:55:52] [GradMonitor step=4440] near-input: bn0: mean=-6.06e-09 std=2.50e-04 pos=0.50 | enc_conv1: mean=-1.74e-14 std=3.15e-05 pos=0.36
[05/14 06:55:52] [GradMonitor step=4440] deep/task: enc_layer4: mean=2.42e-06 std=6.17e-06 | PAM: mean=5.07e-05 std=1.30e-04 | CIAM: mean=2.43e-06 std=6.17e-06
[05/14 06:55:52] [GradMonitor step=4440] param-grad: weight_base: mean=4.12e-09 std=1.97e-07 | weight_base_open: mean=3.57e-05 std=9.40e-04 | enc_conv1_weight: mean=2.74e-03 std=9.99e-03
[05/14 06:55:53] [GradMonitor step=4450] near-input: bn0: mean=-8.63e-08 std=2.46e-04 pos=0.50 | enc_conv1: mean=2.04e-16 std=3.36e-05 pos=0.32
[05/14 06:55:53] [GradMonitor step=4450] deep/task: enc_layer4: mean=2.75e-06 std=6.12e-06 | PAM: mean=5.81e-05 std=1.29e-04 | CIAM: mean=2.77e-06 std=6.13e-06
[05/14 06:55:53] [GradMonitor step=4450] param-grad: weight_base: mean=-4.62e-09 std=3.69e-07 | weight_base_open: mean=-6.05e-07 std=7.73e-04 | enc_conv1_weight: mean=1.58e-03 std=9.63e-03
[05/14 06:55:54] [GradMonitor step=4460] near-input: bn0: mean=1.98e-08 std=2.44e-04 pos=0.50 | enc_conv1: mean=3.16e-15 std=3.21e-05 pos=0.38
[05/14 06:55:54] [GradMonitor step=4460] deep/task: enc_layer4: mean=2.52e-06 std=5.93e-06 | PAM: mean=5.31e-05 std=1.26e-04 | CIAM: mean=2.53e-06 std=5.93e-06
[05/14 06:55:54] [GradMonitor step=4460] param-grad: weight_base: mean=-5.72e-10 std=3.13e-07 | weight_base_open: mean=-4.60e-05 std=1.03e-03 | enc_conv1_weight: mean=-2.74e-03 std=1.19e-02
[05/14 06:55:55] [GradMonitor step=4470] near-input: bn0: mean=4.84e-08 std=1.85e-04 pos=0.50 | enc_conv1: mean=-4.71e-16 std=2.39e-05 pos=0.34
[05/14 06:55:55] [GradMonitor step=4470] deep/task: enc_layer4: mean=2.39e-06 std=5.21e-06 | PAM: mean=5.03e-05 std=1.10e-04 | CIAM: mean=2.40e-06 std=5.22e-06
[05/14 06:55:55] [GradMonitor step=4470] param-grad: weight_base: mean=2.29e-09 std=2.55e-07 | weight_base_open: mean=1.97e-05 std=6.92e-04 | enc_conv1_weight: mean=1.91e-05 std=1.05e-02
[05/14 06:55:56] [GradMonitor step=4480] near-input: bn0: mean=3.78e-08 std=3.82e-04 pos=0.50 | enc_conv1: mean=4.64e-15 std=5.75e-05 pos=0.40
[05/14 06:55:56] [GradMonitor step=4480] deep/task: enc_layer4: mean=2.47e-06 std=8.14e-06 | PAM: mean=5.25e-05 std=1.72e-04 | CIAM: mean=2.47e-06 std=8.14e-06
[05/14 06:55:56] [GradMonitor step=4480] param-grad: weight_base: mean=-5.38e-10 std=1.92e-07 | weight_base_open: mean=-4.94e-05 std=9.93e-04 | enc_conv1_weight: mean=7.76e-04 std=1.61e-02
[05/14 06:55:56] [GradMonitor step=4490] near-input: bn0: mean=5.64e-08 std=2.34e-04 pos=0.50 | enc_conv1: mean=1.01e-14 std=3.23e-05 pos=0.34
[05/14 06:55:56] [GradMonitor step=4490] deep/task: enc_layer4: mean=2.82e-06 std=6.64e-06 | PAM: mean=5.92e-05 std=1.40e-04 | CIAM: mean=2.83e-06 std=6.64e-06
[05/14 06:55:56] [GradMonitor step=4490] param-grad: weight_base: mean=-8.80e-09 std=2.77e-07 | weight_base_open: mean=-2.45e-05 std=1.09e-03 | enc_conv1_weight: mean=-4.70e-04 std=1.20e-02
[05/14 06:55:57] [GradMonitor step=4500] near-input: bn0: mean=7.09e-08 std=2.58e-04 pos=0.50 | enc_conv1: mean=4.35e-15 std=3.32e-05 pos=0.33
[05/14 06:55:57] [GradMonitor step=4500] deep/task: enc_layer4: mean=2.62e-06 std=4.94e-06 | PAM: mean=5.52e-05 std=1.04e-04 | CIAM: mean=2.63e-06 std=4.94e-06
[05/14 06:55:57] [GradMonitor step=4500] param-grad: weight_base: mean=-1.13e-08 std=2.59e-07 | weight_base_open: mean=7.93e-05 std=1.12e-03 | enc_conv1_weight: mean=-3.19e-04 std=8.75e-03
[05/14 06:55:58] [GradMonitor step=4510] near-input: bn0: mean=1.75e-07 std=3.91e-04 pos=0.50 | enc_conv1: mean=7.93e-15 std=5.29e-05 pos=0.40
[05/14 06:55:58] [GradMonitor step=4510] deep/task: enc_layer4: mean=1.72e-06 std=8.53e-06 | PAM: mean=3.65e-05 std=1.80e-04 | CIAM: mean=1.74e-06 std=8.53e-06
[05/14 06:55:58] [GradMonitor step=4510] param-grad: weight_base: mean=7.98e-09 std=3.09e-07 | weight_base_open: mean=9.16e-05 std=1.21e-03 | enc_conv1_weight: mean=-1.91e-03 std=1.06e-02
[05/14 06:55:59] [GradMonitor step=4520] near-input: bn0: mean=1.45e-07 std=2.55e-04 pos=0.50 | enc_conv1: mean=1.03e-14 std=3.69e-05 pos=0.35
[05/14 06:55:59] [GradMonitor step=4520] deep/task: enc_layer4: mean=2.73e-06 std=6.74e-06 | PAM: mean=5.79e-05 std=1.43e-04 | CIAM: mean=2.75e-06 std=6.75e-06
[05/14 06:55:59] [GradMonitor step=4520] param-grad: weight_base: mean=3.87e-09 std=2.30e-07 | weight_base_open: mean=-2.01e-05 std=1.04e-03 | enc_conv1_weight: mean=8.55e-04 std=1.14e-02
[05/14 06:56:00] [GradMonitor step=4530] near-input: bn0: mean=-5.56e-08 std=2.20e-04 pos=0.50 | enc_conv1: mean=-9.50e-15 std=2.89e-05 pos=0.33
[05/14 06:56:00] [GradMonitor step=4530] deep/task: enc_layer4: mean=2.24e-06 std=5.46e-06 | PAM: mean=4.74e-05 std=1.15e-04 | CIAM: mean=2.26e-06 std=5.47e-06
[05/14 06:56:00] [GradMonitor step=4530] param-grad: weight_base: mean=-2.00e-09 std=2.79e-07 | weight_base_open: mean=8.51e-06 std=8.54e-04 | enc_conv1_weight: mean=-8.44e-05 std=1.18e-02
[05/14 06:56:01] [GradMonitor step=4540] near-input: bn0: mean=-5.48e-09 std=2.01e-04 pos=0.50 | enc_conv1: mean=2.00e-14 std=2.61e-05 pos=0.34
[05/14 06:56:01] [GradMonitor step=4540] deep/task: enc_layer4: mean=2.08e-06 std=5.66e-06 | PAM: mean=4.36e-05 std=1.19e-04 | CIAM: mean=2.09e-06 std=5.66e-06
[05/14 06:56:01] [GradMonitor step=4540] param-grad: weight_base: mean=-1.17e-09 std=2.19e-07 | weight_base_open: mean=5.27e-05 std=8.89e-04 | enc_conv1_weight: mean=-1.28e-03 std=1.02e-02
[05/14 06:56:01] [GradMonitor step=4550] near-input: bn0: mean=-5.32e-08 std=2.58e-04 pos=0.50 | enc_conv1: mean=-1.08e-14 std=3.21e-05 pos=0.34
[05/14 06:56:01] [GradMonitor step=4550] deep/task: enc_layer4: mean=2.30e-06 std=6.47e-06 | PAM: mean=4.86e-05 std=1.37e-04 | CIAM: mean=2.31e-06 std=6.47e-06
[05/14 06:56:01] [GradMonitor step=4550] param-grad: weight_base: mean=7.20e-10 std=2.20e-07 | weight_base_open: mean=-3.70e-05 std=8.37e-04 | enc_conv1_weight: mean=3.15e-03 std=1.17e-02
[05/14 06:56:02] [GradMonitor step=4560] near-input: bn0: mean=3.55e-08 std=2.54e-04 pos=0.50 | enc_conv1: mean=3.65e-15 std=3.25e-05 pos=0.35
[05/14 06:56:02] [GradMonitor step=4560] deep/task: enc_layer4: mean=2.55e-06 std=4.08e-06 | PAM: mean=5.37e-05 std=8.59e-05 | CIAM: mean=2.57e-06 std=4.08e-06
[05/14 06:56:02] [GradMonitor step=4560] param-grad: weight_base: mean=1.08e-08 std=1.76e-07 | weight_base_open: mean=-4.59e-06 std=7.43e-04 | enc_conv1_weight: mean=1.14e-03 std=7.12e-03
[05/14 06:56:03] [GradMonitor step=4570] near-input: bn0: mean=-3.17e-08 std=3.13e-04 pos=0.50 | enc_conv1: mean=-7.57e-15 std=4.07e-05 pos=0.40
[05/14 06:56:03] [GradMonitor step=4570] deep/task: enc_layer4: mean=2.47e-06 std=5.72e-06 | PAM: mean=5.21e-05 std=1.20e-04 | CIAM: mean=2.49e-06 std=5.72e-06
[05/14 06:56:03] [GradMonitor step=4570] param-grad: weight_base: mean=6.28e-09 std=5.32e-07 | weight_base_open: mean=3.80e-05 std=7.44e-04 | enc_conv1_weight: mean=5.97e-04 std=8.81e-03
[05/14 06:56:04] [GradMonitor step=4580] near-input: bn0: mean=-9.56e-08 std=2.72e-04 pos=0.50 | enc_conv1: mean=1.40e-14 std=3.37e-05 pos=0.31
[05/14 06:56:04] [GradMonitor step=4580] deep/task: enc_layer4: mean=2.69e-06 std=5.14e-06 | PAM: mean=5.68e-05 std=1.09e-04 | CIAM: mean=2.71e-06 std=5.15e-06
[05/14 06:56:04] [GradMonitor step=4580] param-grad: weight_base: mean=-1.74e-09 std=2.35e-07 | weight_base_open: mean=4.76e-05 std=9.55e-04 | enc_conv1_weight: mean=2.35e-04 std=1.11e-02
[05/14 06:56:05] [GradMonitor step=4590] near-input: bn0: mean=1.09e-07 std=3.58e-04 pos=0.50 | enc_conv1: mean=3.39e-15 std=4.37e-05 pos=0.42
[05/14 06:56:05] [GradMonitor step=4590] deep/task: enc_layer4: mean=3.15e-06 std=6.16e-06 | PAM: mean=6.63e-05 std=1.30e-04 | CIAM: mean=3.16e-06 std=6.17e-06
[05/14 06:56:05] [GradMonitor step=4590] param-grad: weight_base: mean=-1.29e-08 std=3.04e-07 | weight_base_open: mean=1.74e-06 std=8.94e-04 | enc_conv1_weight: mean=2.23e-04 std=8.64e-03
[05/14 06:56:05] [GradMonitor step=4600] near-input: bn0: mean=-1.37e-08 std=2.34e-04 pos=0.50 | enc_conv1: mean=6.84e-15 std=3.36e-05 pos=0.37
[05/14 06:56:05] [GradMonitor step=4600] deep/task: enc_layer4: mean=2.78e-06 std=4.87e-06 | PAM: mean=5.85e-05 std=1.03e-04 | CIAM: mean=2.80e-06 std=4.87e-06
[05/14 06:56:05] [GradMonitor step=4600] param-grad: weight_base: mean=6.11e-09 std=2.07e-07 | weight_base_open: mean=2.12e-05 std=1.02e-03 | enc_conv1_weight: mean=5.14e-04 std=8.50e-03
[05/14 06:56:06] [GradMonitor step=4610] near-input: bn0: mean=1.06e-07 std=2.99e-04 pos=0.50 | enc_conv1: mean=2.24e-15 std=4.24e-05 pos=0.30
[05/14 06:56:06] [GradMonitor step=4610] deep/task: enc_layer4: mean=1.54e-06 std=7.55e-06 | PAM: mean=3.24e-05 std=1.60e-04 | CIAM: mean=1.56e-06 std=7.55e-06
[05/14 06:56:06] [GradMonitor step=4610] param-grad: weight_base: mean=-5.37e-09 std=3.28e-07 | weight_base_open: mean=-3.82e-05 std=7.98e-04 | enc_conv1_weight: mean=-1.32e-03 std=1.20e-02
[05/14 06:56:07] [GradMonitor step=4620] near-input: bn0: mean=4.35e-08 std=2.43e-04 pos=0.50 | enc_conv1: mean=6.53e-15 std=3.02e-05 pos=0.32
[05/14 06:56:07] [GradMonitor step=4620] deep/task: enc_layer4: mean=2.79e-06 std=5.04e-06 | PAM: mean=5.88e-05 std=1.07e-04 | CIAM: mean=2.80e-06 std=5.04e-06
[05/14 06:56:07] [GradMonitor step=4620] param-grad: weight_base: mean=-7.23e-09 std=4.43e-07 | weight_base_open: mean=2.86e-05 std=9.46e-04 | enc_conv1_weight: mean=-2.83e-03 std=9.96e-03
[05/14 06:56:08] [GradMonitor step=4630] near-input: bn0: mean=-2.96e-08 std=1.63e-04 pos=0.50 | enc_conv1: mean=1.75e-15 std=2.11e-05 pos=0.33
[05/14 06:56:08] [GradMonitor step=4630] deep/task: enc_layer4: mean=2.00e-06 std=4.38e-06 | PAM: mean=4.19e-05 std=9.21e-05 | CIAM: mean=2.01e-06 std=4.38e-06
[05/14 06:56:08] [GradMonitor step=4630] param-grad: weight_base: mean=-4.47e-09 std=1.63e-07 | weight_base_open: mean=1.73e-06 std=7.78e-04 | enc_conv1_weight: mean=-1.46e-03 std=9.54e-03
[05/14 06:56:09] [GradMonitor step=4640] near-input: bn0: mean=-1.24e-07 std=2.32e-04 pos=0.50 | enc_conv1: mean=-1.33e-16 std=3.16e-05 pos=0.38
[05/14 06:56:09] [GradMonitor step=4640] deep/task: enc_layer4: mean=2.43e-06 std=5.30e-06 | PAM: mean=5.10e-05 std=1.12e-04 | CIAM: mean=2.45e-06 std=5.30e-06
[05/14 06:56:09] [GradMonitor step=4640] param-grad: weight_base: mean=-1.60e-09 std=2.31e-07 | weight_base_open: mean=8.86e-06 std=9.01e-04 | enc_conv1_weight: mean=4.37e-03 std=1.10e-02
[05/14 06:56:10] [GradMonitor step=4650] near-input: bn0: mean=2.07e-09 std=3.13e-04 pos=0.50 | enc_conv1: mean=7.05e-15 std=4.00e-05 pos=0.38
[05/14 06:56:10] [GradMonitor step=4650] deep/task: enc_layer4: mean=2.61e-06 std=6.18e-06 | PAM: mean=5.47e-05 std=1.30e-04 | CIAM: mean=2.62e-06 std=6.18e-06
[05/14 06:56:10] [GradMonitor step=4650] param-grad: weight_base: mean=-5.56e-09 std=2.00e-07 | weight_base_open: mean=7.59e-05 std=8.65e-04 | enc_conv1_weight: mean=-3.22e-04 std=9.76e-03
[05/14 06:56:10] [GradMonitor step=4660] near-input: bn0: mean=-5.51e-08 std=4.48e-04 pos=0.50 | enc_conv1: mean=7.36e-15 std=5.61e-05 pos=0.35
[05/14 06:56:10] [GradMonitor step=4660] deep/task: enc_layer4: mean=2.79e-06 std=6.85e-06 | PAM: mean=5.91e-05 std=1.46e-04 | CIAM: mean=2.81e-06 std=6.86e-06
[05/14 06:56:10] [GradMonitor step=4660] param-grad: weight_base: mean=2.22e-09 std=2.48e-07 | weight_base_open: mean=4.54e-06 std=8.23e-04 | enc_conv1_weight: mean=-2.16e-03 std=1.25e-02
[05/14 06:56:11] [GradMonitor step=4670] near-input: bn0: mean=3.23e-08 std=2.38e-04 pos=0.50 | enc_conv1: mean=7.97e-15 std=3.12e-05 pos=0.35
[05/14 06:56:11] [GradMonitor step=4670] deep/task: enc_layer4: mean=2.45e-06 std=5.87e-06 | PAM: mean=5.17e-05 std=1.23e-04 | CIAM: mean=2.47e-06 std=5.88e-06
[05/14 06:56:11] [GradMonitor step=4670] param-grad: weight_base: mean=-6.00e-09 std=2.69e-07 | weight_base_open: mean=-1.21e-05 std=8.27e-04 | enc_conv1_weight: mean=-2.10e-03 std=1.23e-02
[05/14 06:56:12] [GradMonitor step=4680] near-input: bn0: mean=-1.93e-08 std=3.40e-04 pos=0.50 | enc_conv1: mean=-7.60e-15 std=4.50e-05 pos=0.39
[05/14 06:56:12] [GradMonitor step=4680] deep/task: enc_layer4: mean=2.59e-06 std=7.00e-06 | PAM: mean=5.50e-05 std=1.48e-04 | CIAM: mean=2.61e-06 std=7.00e-06
[05/14 06:56:12] [GradMonitor step=4680] param-grad: weight_base: mean=1.36e-08 std=2.16e-07 | weight_base_open: mean=7.39e-05 std=9.82e-04 | enc_conv1_weight: mean=1.17e-03 std=1.15e-02
[05/14 06:56:13] [GradMonitor step=4690] near-input: bn0: mean=1.45e-08 std=2.04e-04 pos=0.50 | enc_conv1: mean=-4.62e-15 std=2.74e-05 pos=0.33
[05/14 06:56:13] [GradMonitor step=4690] deep/task: enc_layer4: mean=2.86e-06 std=4.97e-06 | PAM: mean=6.02e-05 std=1.05e-04 | CIAM: mean=2.88e-06 std=4.98e-06
[05/14 06:56:13] [GradMonitor step=4690] param-grad: weight_base: mean=-9.30e-09 std=1.36e-07 | weight_base_open: mean=-1.03e-05 std=6.69e-04 | enc_conv1_weight: mean=8.19e-05 std=8.08e-03
[05/14 06:56:14] [GradMonitor step=4700] near-input: bn0: mean=-9.28e-08 std=2.48e-04 pos=0.50 | enc_conv1: mean=-4.30e-15 std=3.35e-05 pos=0.39
[05/14 06:56:14] [GradMonitor step=4700] deep/task: enc_layer4: mean=2.95e-06 std=6.58e-06 | PAM: mean=6.23e-05 std=1.39e-04 | CIAM: mean=2.97e-06 std=6.59e-06
[05/14 06:56:14] [GradMonitor step=4700] param-grad: weight_base: mean=-2.25e-09 std=1.82e-07 | weight_base_open: mean=3.77e-06 std=8.56e-04 | enc_conv1_weight: mean=2.79e-03 std=1.49e-02
[05/14 06:56:14] [GradMonitor step=4710] near-input: bn0: mean=-4.79e-08 std=2.05e-04 pos=0.50 | enc_conv1: mean=-1.21e-14 std=2.68e-05 pos=0.37
[05/14 06:56:14] [GradMonitor step=4710] deep/task: enc_layer4: mean=2.01e-06 std=4.61e-06 | PAM: mean=4.26e-05 std=9.74e-05 | CIAM: mean=2.02e-06 std=4.61e-06
[05/14 06:56:14] [GradMonitor step=4710] param-grad: weight_base: mean=1.73e-09 std=2.67e-07 | weight_base_open: mean=-2.85e-06 std=9.42e-04 | enc_conv1_weight: mean=-1.62e-04 std=1.11e-02
[05/14 06:56:15] [GradMonitor step=4720] near-input: bn0: mean=-9.71e-08 std=2.20e-04 pos=0.50 | enc_conv1: mean=4.36e-15 std=3.02e-05 pos=0.39
[05/14 06:56:15] [GradMonitor step=4720] deep/task: enc_layer4: mean=2.91e-06 std=5.84e-06 | PAM: mean=6.16e-05 std=1.24e-04 | CIAM: mean=2.92e-06 std=5.84e-06
[05/14 06:56:15] [GradMonitor step=4720] param-grad: weight_base: mean=8.58e-09 std=2.67e-07 | weight_base_open: mean=-1.42e-05 std=1.11e-03 | enc_conv1_weight: mean=4.92e-04 std=1.30e-02
[05/14 06:56:16] [GradMonitor step=4730] near-input: bn0: mean=-3.22e-08 std=2.01e-04 pos=0.50 | enc_conv1: mean=-2.54e-15 std=2.75e-05 pos=0.29
[05/14 06:56:16] [GradMonitor step=4730] deep/task: enc_layer4: mean=2.17e-06 std=5.37e-06 | PAM: mean=4.56e-05 std=1.13e-04 | CIAM: mean=2.19e-06 std=5.37e-06
[05/14 06:56:16] [GradMonitor step=4730] param-grad: weight_base: mean=-1.49e-08 std=2.74e-07 | weight_base_open: mean=-5.44e-06 std=7.74e-04 | enc_conv1_weight: mean=1.55e-04 std=1.25e-02
[05/14 06:56:17] [GradMonitor step=4740] near-input: bn0: mean=-2.47e-08 std=3.62e-04 pos=0.50 | enc_conv1: mean=-2.29e-15 std=4.44e-05 pos=0.37
[05/14 06:56:17] [GradMonitor step=4740] deep/task: enc_layer4: mean=2.25e-06 std=5.57e-06 | PAM: mean=4.73e-05 std=1.18e-04 | CIAM: mean=2.26e-06 std=5.57e-06
[05/14 06:56:17] [GradMonitor step=4740] param-grad: weight_base: mean=4.57e-09 std=1.84e-07 | weight_base_open: mean=1.33e-05 std=8.90e-04 | enc_conv1_weight: mean=-2.23e-04 std=1.20e-02
[05/14 06:56:18] [GradMonitor step=4750] near-input: bn0: mean=3.25e-08 std=2.06e-04 pos=0.50 | enc_conv1: mean=-9.19e-15 std=2.77e-05 pos=0.34
[05/14 06:56:18] [GradMonitor step=4750] deep/task: enc_layer4: mean=2.26e-06 std=5.86e-06 | PAM: mean=4.73e-05 std=1.24e-04 | CIAM: mean=2.27e-06 std=5.86e-06
[05/14 06:56:18] [GradMonitor step=4750] param-grad: weight_base: mean=1.11e-08 std=2.01e-07 | weight_base_open: mean=-6.18e-05 std=8.20e-04 | enc_conv1_weight: mean=-1.14e-03 std=1.06e-02
[05/14 06:56:18] [GradMonitor step=4760] near-input: bn0: mean=1.93e-08 std=4.15e-04 pos=0.50 | enc_conv1: mean=-1.45e-14 std=5.47e-05 pos=0.46
[05/14 06:56:18] [GradMonitor step=4760] deep/task: enc_layer4: mean=2.82e-06 std=6.79e-06 | PAM: mean=5.96e-05 std=1.44e-04 | CIAM: mean=2.85e-06 std=6.80e-06
[05/14 06:56:18] [GradMonitor step=4760] param-grad: weight_base: mean=-1.64e-09 std=1.33e-07 | weight_base_open: mean=1.84e-05 std=7.20e-04 | enc_conv1_weight: mean=2.09e-03 std=1.08e-02
[05/14 06:56:19] [GradMonitor step=4770] near-input: bn0: mean=1.61e-07 std=3.08e-04 pos=0.50 | enc_conv1: mean=1.72e-15 std=4.35e-05 pos=0.39
[05/14 06:56:19] [GradMonitor step=4770] deep/task: enc_layer4: mean=2.94e-06 std=6.30e-06 | PAM: mean=6.25e-05 std=1.34e-04 | CIAM: mean=2.96e-06 std=6.31e-06
[05/14 06:56:19] [GradMonitor step=4770] param-grad: weight_base: mean=1.05e-08 std=1.56e-07 | weight_base_open: mean=-1.85e-05 std=9.26e-04 | enc_conv1_weight: mean=-2.65e-03 std=1.03e-02
[05/14 06:56:20] [GradMonitor step=4780] near-input: bn0: mean=2.60e-08 std=2.55e-04 pos=0.50 | enc_conv1: mean=-1.09e-14 std=3.20e-05 pos=0.32
[05/14 06:56:20] [GradMonitor step=4780] deep/task: enc_layer4: mean=2.71e-06 std=5.72e-06 | PAM: mean=5.67e-05 std=1.20e-04 | CIAM: mean=2.73e-06 std=5.73e-06
[05/14 06:56:20] [GradMonitor step=4780] param-grad: weight_base: mean=-4.36e-09 std=3.43e-07 | weight_base_open: mean=-9.54e-05 std=8.76e-04 | enc_conv1_weight: mean=-1.48e-03 std=1.02e-02
[05/14 06:56:21] [GradMonitor step=4790] near-input: bn0: mean=6.09e-08 std=3.46e-04 pos=0.50 | enc_conv1: mean=1.10e-14 std=4.54e-05 pos=0.33
[05/14 06:56:21] [GradMonitor step=4790] deep/task: enc_layer4: mean=2.37e-06 std=6.99e-06 | PAM: mean=5.04e-05 std=1.49e-04 | CIAM: mean=2.39e-06 std=7.00e-06
[05/14 06:56:21] [GradMonitor step=4790] param-grad: weight_base: mean=-7.72e-09 std=1.53e-07 | weight_base_open: mean=-1.43e-06 std=7.95e-04 | enc_conv1_weight: mean=-9.74e-04 std=1.19e-02
[05/14 06:56:22] [GradMonitor step=4800] near-input: bn0: mean=5.51e-08 std=3.76e-04 pos=0.50 | enc_conv1: mean=-2.64e-14 std=5.02e-05 pos=0.37
[05/14 06:56:22] [GradMonitor step=4800] deep/task: enc_layer4: mean=2.52e-06 std=7.95e-06 | PAM: mean=5.32e-05 std=1.67e-04 | CIAM: mean=2.53e-06 std=7.94e-06
[05/14 06:56:22] [GradMonitor step=4800] param-grad: weight_base: mean=1.49e-09 std=2.94e-07 | weight_base_open: mean=-9.71e-05 std=9.14e-04 | enc_conv1_weight: mean=-2.99e-03 std=1.39e-02
[05/14 06:56:22] 
[05/14 06:56:22] epoch 12/40, iter 4800:
[05/14 06:56:22] train_loss: 1.02629
[05/14 06:56:22] train_acc: 0.972
[05/14 06:56:22] train_auroc: 0.952
[05/14 06:56:27] Summary name val_6-way-5-shot_tpr@tnr95 is illegal; using val_6-way-5-shot_tpr_tnr95 instead.
[05/14 06:56:27] val_6-way-5-shot_acc: 66.306	0.637
[05/14 06:56:27] val_6-way-5-shot_auroc: 37.312	1.855
[05/14 06:56:27] val_6-way-5-shot_fscore: 19.656	0.266
[05/14 06:56:27] val_6-way-5-shot_tpr@tnr95: 4.200	1.204
[05/14 06:56:27] val_6-way-5-shot_osr: 48.866	0.606
[05/14 06:56:28] [GradMonitor step=4810] near-input: bn0: mean=-7.07e-08 std=1.47e-04 pos=0.50 | enc_conv1: mean=-6.95e-15 std=2.02e-05 pos=0.29
[05/14 06:56:28] [GradMonitor step=4810] deep/task: enc_layer4: mean=2.69e-06 std=5.58e-06 | PAM: mean=5.66e-05 std=1.17e-04 | CIAM: mean=2.71e-06 std=5.58e-06
[05/14 06:56:28] [GradMonitor step=4810] param-grad: weight_base: mean=-2.12e-09 std=9.52e-08 | weight_base_open: mean=1.52e-05 std=1.00e-03 | enc_conv1_weight: mean=-4.57e-03 std=1.19e-02
[05/14 06:56:29] [GradMonitor step=4820] near-input: bn0: mean=1.25e-07 std=4.43e-04 pos=0.50 | enc_conv1: mean=3.87e-14 std=6.22e-05 pos=0.40
[05/14 06:56:29] [GradMonitor step=4820] deep/task: enc_layer4: mean=2.24e-06 std=8.11e-06 | PAM: mean=4.80e-05 std=1.72e-04 | CIAM: mean=2.25e-06 std=8.11e-06
[05/14 06:56:29] [GradMonitor step=4820] param-grad: weight_base: mean=2.04e-09 std=3.23e-07 | weight_base_open: mean=-3.79e-05 std=1.14e-03 | enc_conv1_weight: mean=3.91e-03 std=1.27e-02
[05/14 06:56:30] [GradMonitor step=4830] near-input: bn0: mean=7.85e-08 std=3.08e-04 pos=0.50 | enc_conv1: mean=6.08e-16 std=4.04e-05 pos=0.39
[05/14 06:56:30] [GradMonitor step=4830] deep/task: enc_layer4: mean=2.48e-06 std=5.93e-06 | PAM: mean=5.23e-05 std=1.26e-04 | CIAM: mean=2.49e-06 std=5.94e-06
[05/14 06:56:30] [GradMonitor step=4830] param-grad: weight_base: mean=1.28e-08 std=2.34e-07 | weight_base_open: mean=-8.55e-06 std=1.02e-03 | enc_conv1_weight: mean=2.69e-03 std=1.05e-02
[05/14 06:56:31] [GradMonitor step=4840] near-input: bn0: mean=2.88e-08 std=2.51e-04 pos=0.50 | enc_conv1: mean=1.36e-15 std=3.18e-05 pos=0.37
[05/14 06:56:31] [GradMonitor step=4840] deep/task: enc_layer4: mean=2.47e-06 std=5.99e-06 | PAM: mean=5.19e-05 std=1.26e-04 | CIAM: mean=2.49e-06 std=5.99e-06
[05/14 06:56:31] [GradMonitor step=4840] param-grad: weight_base: mean=8.38e-10 std=1.67e-07 | weight_base_open: mean=-4.33e-05 std=9.96e-04 | enc_conv1_weight: mean=2.69e-03 std=1.01e-02
[05/14 06:56:32] [GradMonitor step=4850] near-input: bn0: mean=-3.89e-08 std=2.37e-04 pos=0.50 | enc_conv1: mean=-1.06e-15 std=3.21e-05 pos=0.32
[05/14 06:56:32] [GradMonitor step=4850] deep/task: enc_layer4: mean=2.85e-06 std=6.04e-06 | PAM: mean=6.02e-05 std=1.27e-04 | CIAM: mean=2.86e-06 std=6.05e-06
[05/14 06:56:32] [GradMonitor step=4850] param-grad: weight_base: mean=5.55e-09 std=1.86e-07 | weight_base_open: mean=-2.43e-05 std=8.36e-04 | enc_conv1_weight: mean=2.30e-03 std=1.00e-02
[05/14 06:56:32] [GradMonitor step=4860] near-input: bn0: mean=2.62e-08 std=2.32e-04 pos=0.50 | enc_conv1: mean=1.13e-14 std=3.01e-05 pos=0.38
[05/14 06:56:32] [GradMonitor step=4860] deep/task: enc_layer4: mean=2.47e-06 std=5.33e-06 | PAM: mean=5.23e-05 std=1.13e-04 | CIAM: mean=2.49e-06 std=5.33e-06
[05/14 06:56:32] [GradMonitor step=4860] param-grad: weight_base: mean=1.87e-09 std=8.66e-08 | weight_base_open: mean=2.85e-05 std=8.80e-04 | enc_conv1_weight: mean=-1.95e-03 std=1.09e-02
[05/14 06:56:33] [GradMonitor step=4870] near-input: bn0: mean=2.14e-08 std=1.69e-04 pos=0.50 | enc_conv1: mean=7.64e-16 std=2.19e-05 pos=0.32
[05/14 06:56:33] [GradMonitor step=4870] deep/task: enc_layer4: mean=2.30e-06 std=4.78e-06 | PAM: mean=4.85e-05 std=1.01e-04 | CIAM: mean=2.32e-06 std=4.78e-06
[05/14 06:56:33] [GradMonitor step=4870] param-grad: weight_base: mean=-1.59e-09 std=1.33e-07 | weight_base_open: mean=-1.98e-06 std=6.26e-04 | enc_conv1_weight: mean=7.79e-05 std=1.07e-02
[05/14 06:56:34] [GradMonitor step=4880] near-input: bn0: mean=3.65e-08 std=3.76e-04 pos=0.50 | enc_conv1: mean=-2.52e-14 std=5.64e-05 pos=0.40
[05/14 06:56:34] [GradMonitor step=4880] deep/task: enc_layer4: mean=2.65e-06 std=7.69e-06 | PAM: mean=5.63e-05 std=1.62e-04 | CIAM: mean=2.65e-06 std=7.69e-06
[05/14 06:56:34] [GradMonitor step=4880] param-grad: weight_base: mean=-1.15e-08 std=2.72e-07 | weight_base_open: mean=1.80e-05 std=1.04e-03 | enc_conv1_weight: mean=9.49e-04 std=1.58e-02
[05/14 06:56:35] [GradMonitor step=4890] near-input: bn0: mean=6.74e-08 std=2.20e-04 pos=0.50 | enc_conv1: mean=-2.47e-14 std=3.06e-05 pos=0.33
[05/14 06:56:35] [GradMonitor step=4890] deep/task: enc_layer4: mean=2.90e-06 std=6.29e-06 | PAM: mean=6.10e-05 std=1.32e-04 | CIAM: mean=2.92e-06 std=6.29e-06
[05/14 06:56:35] [GradMonitor step=4890] param-grad: weight_base: mean=-3.08e-09 std=2.35e-07 | weight_base_open: mean=8.01e-07 std=1.02e-03 | enc_conv1_weight: mean=-2.44e-04 std=1.12e-02
[05/14 06:56:36] [GradMonitor step=4900] near-input: bn0: mean=4.14e-08 std=2.30e-04 pos=0.50 | enc_conv1: mean=1.47e-15 std=2.94e-05 pos=0.31
[05/14 06:56:36] [GradMonitor step=4900] deep/task: enc_layer4: mean=2.59e-06 std=4.48e-06 | PAM: mean=5.46e-05 std=9.44e-05 | CIAM: mean=2.60e-06 std=4.48e-06
[05/14 06:56:36] [GradMonitor step=4900] param-grad: weight_base: mean=-1.89e-08 std=2.68e-07 | weight_base_open: mean=5.40e-05 std=1.34e-03 | enc_conv1_weight: mean=-2.54e-04 std=8.47e-03
[05/14 06:56:37] [GradMonitor step=4910] near-input: bn0: mean=1.92e-07 std=3.87e-04 pos=0.50 | enc_conv1: mean=-1.53e-14 std=5.24e-05 pos=0.39
[05/14 06:56:37] [GradMonitor step=4910] deep/task: enc_layer4: mean=1.81e-06 std=8.12e-06 | PAM: mean=3.83e-05 std=1.72e-04 | CIAM: mean=1.82e-06 std=8.12e-06
[05/14 06:56:37] [GradMonitor step=4910] param-grad: weight_base: mean=-3.86e-09 std=4.52e-07 | weight_base_open: mean=-7.69e-05 std=1.44e-03 | enc_conv1_weight: mean=-1.85e-03 std=1.06e-02
[05/14 06:56:37] [GradMonitor step=4920] near-input: bn0: mean=9.07e-08 std=2.34e-04 pos=0.50 | enc_conv1: mean=-4.25e-15 std=3.37e-05 pos=0.32
[05/14 06:56:37] [GradMonitor step=4920] deep/task: enc_layer4: mean=2.75e-06 std=6.26e-06 | PAM: mean=5.84e-05 std=1.33e-04 | CIAM: mean=2.77e-06 std=6.26e-06
[05/14 06:56:37] [GradMonitor step=4920] param-grad: weight_base: mean=-1.24e-08 std=2.67e-07 | weight_base_open: mean=-9.24e-05 std=1.18e-03 | enc_conv1_weight: mean=4.12e-04 std=1.04e-02
[05/14 06:56:38] [GradMonitor step=4930] near-input: bn0: mean=-5.09e-08 std=2.14e-04 pos=0.50 | enc_conv1: mean=4.14e-15 std=2.86e-05 pos=0.34
[05/14 06:56:38] [GradMonitor step=4930] deep/task: enc_layer4: mean=2.39e-06 std=5.13e-06 | PAM: mean=5.04e-05 std=1.08e-04 | CIAM: mean=2.41e-06 std=5.14e-06
[05/14 06:56:38] [GradMonitor step=4930] param-grad: weight_base: mean=-4.83e-09 std=3.04e-07 | weight_base_open: mean=-8.97e-06 std=8.38e-04 | enc_conv1_weight: mean=-3.91e-05 std=1.08e-02
[05/14 06:56:39] [GradMonitor step=4940] near-input: bn0: mean=8.16e-11 std=1.95e-04 pos=0.50 | enc_conv1: mean=-2.46e-15 std=2.52e-05 pos=0.34
[05/14 06:56:39] [GradMonitor step=4940] deep/task: enc_layer4: mean=2.10e-06 std=5.58e-06 | PAM: mean=4.42e-05 std=1.17e-04 | CIAM: mean=2.12e-06 std=5.58e-06
[05/14 06:56:39] [GradMonitor step=4940] param-grad: weight_base: mean=4.87e-09 std=1.03e-07 | weight_base_open: mean=-4.08e-05 std=9.19e-04 | enc_conv1_weight: mean=-1.03e-03 std=1.03e-02
[05/14 06:56:40] [GradMonitor step=4950] near-input: bn0: mean=-1.56e-08 std=2.46e-04 pos=0.50 | enc_conv1: mean=-1.23e-14 std=3.05e-05 pos=0.32
[05/14 06:56:40] [GradMonitor step=4950] deep/task: enc_layer4: mean=2.32e-06 std=6.16e-06 | PAM: mean=4.90e-05 std=1.30e-04 | CIAM: mean=2.33e-06 std=6.16e-06
[05/14 06:56:40] [GradMonitor step=4950] param-grad: weight_base: mean=-1.12e-08 std=3.50e-07 | weight_base_open: mean=-1.63e-05 std=7.93e-04 | enc_conv1_weight: mean=2.48e-03 std=1.12e-02
[05/14 06:56:41] [GradMonitor step=4960] near-input: bn0: mean=3.27e-08 std=2.38e-04 pos=0.50 | enc_conv1: mean=-2.36e-15 std=3.01e-05 pos=0.35
[05/14 06:56:41] [GradMonitor step=4960] deep/task: enc_layer4: mean=2.51e-06 std=3.69e-06 | PAM: mean=5.27e-05 std=7.77e-05 | CIAM: mean=2.53e-06 std=3.69e-06
[05/14 06:56:41] [GradMonitor step=4960] param-grad: weight_base: mean=-7.91e-10 std=1.69e-07 | weight_base_open: mean=2.28e-05 std=5.94e-04 | enc_conv1_weight: mean=8.71e-04 std=6.19e-03
[05/14 06:56:41] [GradMonitor step=4970] near-input: bn0: mean=-1.69e-08 std=2.92e-04 pos=0.50 | enc_conv1: mean=-1.35e-14 std=3.77e-05 pos=0.39
[05/14 06:56:41] [GradMonitor step=4970] deep/task: enc_layer4: mean=2.48e-06 std=5.53e-06 | PAM: mean=5.22e-05 std=1.16e-04 | CIAM: mean=2.50e-06 std=5.53e-06
[05/14 06:56:41] [GradMonitor step=4970] param-grad: weight_base: mean=2.00e-09 std=2.09e-07 | weight_base_open: mean=-2.81e-05 std=8.59e-04 | enc_conv1_weight: mean=8.35e-04 std=8.63e-03
[05/14 06:56:42] [GradMonitor step=4980] near-input: bn0: mean=-1.09e-07 std=2.41e-04 pos=0.50 | enc_conv1: mean=-8.93e-15 std=3.00e-05 pos=0.32
[05/14 06:56:42] [GradMonitor step=4980] deep/task: enc_layer4: mean=2.71e-06 std=4.78e-06 | PAM: mean=5.72e-05 std=1.01e-04 | CIAM: mean=2.73e-06 std=4.79e-06
[05/14 06:56:42] [GradMonitor step=4980] param-grad: weight_base: mean=-2.25e-09 std=2.02e-07 | weight_base_open: mean=3.86e-05 std=8.20e-04 | enc_conv1_weight: mean=7.22e-04 std=1.07e-02
[05/14 06:56:43] [GradMonitor step=4990] near-input: bn0: mean=7.41e-08 std=3.22e-04 pos=0.50 | enc_conv1: mean=-5.91e-15 std=3.93e-05 pos=0.42
[05/14 06:56:43] [GradMonitor step=4990] deep/task: enc_layer4: mean=3.16e-06 std=5.79e-06 | PAM: mean=6.66e-05 std=1.22e-04 | CIAM: mean=3.18e-06 std=5.79e-06
[05/14 06:56:43] [GradMonitor step=4990] param-grad: weight_base: mean=-1.77e-08 std=2.67e-07 | weight_base_open: mean=9.85e-05 std=1.09e-03 | enc_conv1_weight: mean=2.67e-04 std=8.71e-03
[05/14 06:56:44] [GradMonitor step=5000] near-input: bn0: mean=-3.02e-08 std=2.17e-04 pos=0.50 | enc_conv1: mean=3.49e-15 std=3.08e-05 pos=0.35
[05/14 06:56:44] [GradMonitor step=5000] deep/task: enc_layer4: mean=2.75e-06 std=4.52e-06 | PAM: mean=5.78e-05 std=9.52e-05 | CIAM: mean=2.77e-06 std=4.52e-06
[05/14 06:56:44] [GradMonitor step=5000] param-grad: weight_base: mean=-6.86e-09 std=2.78e-07 | weight_base_open: mean=-1.73e-05 std=1.07e-03 | enc_conv1_weight: mean=4.85e-04 std=8.09e-03
[05/14 06:56:45] [GradMonitor step=5010] near-input: bn0: mean=9.89e-08 std=2.98e-04 pos=0.50 | enc_conv1: mean=-3.08e-15 std=4.21e-05 pos=0.30
[05/14 06:56:45] [GradMonitor step=5010] deep/task: enc_layer4: mean=1.65e-06 std=7.27e-06 | PAM: mean=3.49e-05 std=1.54e-04 | CIAM: mean=1.67e-06 std=7.26e-06
[05/14 06:56:45] [GradMonitor step=5010] param-grad: weight_base: mean=4.71e-10 std=2.70e-07 | weight_base_open: mean=1.71e-05 std=9.70e-04 | enc_conv1_weight: mean=-1.07e-03 std=1.16e-02
[05/14 06:56:45] [GradMonitor step=5020] near-input: bn0: mean=3.67e-08 std=2.25e-04 pos=0.50 | enc_conv1: mean=6.27e-15 std=2.81e-05 pos=0.31
[05/14 06:56:45] [GradMonitor step=5020] deep/task: enc_layer4: mean=2.71e-06 std=4.58e-06 | PAM: mean=5.71e-05 std=9.70e-05 | CIAM: mean=2.72e-06 std=4.58e-06
[05/14 06:56:45] [GradMonitor step=5020] param-grad: weight_base: mean=-4.83e-09 std=2.20e-07 | weight_base_open: mean=6.05e-05 std=9.91e-04 | enc_conv1_weight: mean=-2.70e-03 std=9.76e-03
[05/14 06:56:46] [GradMonitor step=5030] near-input: bn0: mean=-5.21e-08 std=1.51e-04 pos=0.50 | enc_conv1: mean=9.17e-16 std=1.98e-05 pos=0.34
[05/14 06:56:46] [GradMonitor step=5030] deep/task: enc_layer4: mean=1.94e-06 std=4.02e-06 | PAM: mean=4.07e-05 std=8.46e-05 | CIAM: mean=1.95e-06 std=4.03e-06
[05/14 06:56:46] [GradMonitor step=5030] param-grad: weight_base: mean=-7.77e-09 std=2.12e-07 | weight_base_open: mean=-3.09e-05 std=8.59e-04 | enc_conv1_weight: mean=-2.02e-03 std=9.42e-03
[05/14 06:56:47] [GradMonitor step=5040] near-input: bn0: mean=-1.11e-07 std=2.17e-04 pos=0.50 | enc_conv1: mean=-1.60e-16 std=2.96e-05 pos=0.38
[05/14 06:56:47] [GradMonitor step=5040] deep/task: enc_layer4: mean=2.43e-06 std=4.79e-06 | PAM: mean=5.10e-05 std=1.01e-04 | CIAM: mean=2.45e-06 std=4.80e-06
[05/14 06:56:47] [GradMonitor step=5040] param-grad: weight_base: mean=-1.09e-08 std=3.70e-07 | weight_base_open: mean=1.98e-05 std=8.78e-04 | enc_conv1_weight: mean=3.53e-03 std=9.68e-03
[05/14 06:56:48] [GradMonitor step=5050] near-input: bn0: mean=-1.84e-10 std=2.83e-04 pos=0.50 | enc_conv1: mean=6.22e-16 std=3.64e-05 pos=0.39
[05/14 06:56:48] [GradMonitor step=5050] deep/task: enc_layer4: mean=2.63e-06 std=5.66e-06 | PAM: mean=5.52e-05 std=1.19e-04 | CIAM: mean=2.65e-06 std=5.66e-06
[05/14 06:56:48] [GradMonitor step=5050] param-grad: weight_base: mean=-6.36e-09 std=2.15e-07 | weight_base_open: mean=1.16e-05 std=8.76e-04 | enc_conv1_weight: mean=1.79e-04 std=9.17e-03
[05/14 06:56:49] [GradMonitor step=5060] near-input: bn0: mean=-6.73e-08 std=4.06e-04 pos=0.50 | enc_conv1: mean=-6.33e-15 std=5.08e-05 pos=0.36
[05/14 06:56:49] [GradMonitor step=5060] deep/task: enc_layer4: mean=2.77e-06 std=6.18e-06 | PAM: mean=5.86e-05 std=1.32e-04 | CIAM: mean=2.79e-06 std=6.18e-06
[05/14 06:56:49] [GradMonitor step=5060] param-grad: weight_base: mean=1.85e-09 std=2.59e-07 | weight_base_open: mean=-1.44e-05 std=9.00e-04 | enc_conv1_weight: mean=-2.45e-03 std=1.25e-02
[05/14 06:56:49] [GradMonitor step=5070] near-input: bn0: mean=6.09e-08 std=2.30e-04 pos=0.50 | enc_conv1: mean=-8.13e-16 std=3.01e-05 pos=0.35
[05/14 06:56:49] [GradMonitor step=5070] deep/task: enc_layer4: mean=2.60e-06 std=5.63e-06 | PAM: mean=5.48e-05 std=1.18e-04 | CIAM: mean=2.62e-06 std=5.64e-06
[05/14 06:56:49] [GradMonitor step=5070] param-grad: weight_base: mean=-5.61e-10 std=3.19e-07 | weight_base_open: mean=-7.10e-06 std=8.63e-04 | enc_conv1_weight: mean=-1.51e-03 std=1.09e-02
[05/14 06:56:50] [GradMonitor step=5080] near-input: bn0: mean=3.16e-09 std=3.06e-04 pos=0.50 | enc_conv1: mean=-8.79e-15 std=4.10e-05 pos=0.41
[05/14 06:56:50] [GradMonitor step=5080] deep/task: enc_layer4: mean=2.52e-06 std=6.27e-06 | PAM: mean=5.34e-05 std=1.33e-04 | CIAM: mean=2.53e-06 std=6.27e-06
[05/14 06:56:50] [GradMonitor step=5080] param-grad: weight_base: mean=-3.30e-10 std=1.67e-07 | weight_base_open: mean=-4.06e-06 std=1.00e-03 | enc_conv1_weight: mean=1.01e-03 std=1.08e-02
[05/14 06:56:51] [GradMonitor step=5090] near-input: bn0: mean=7.61e-09 std=1.97e-04 pos=0.50 | enc_conv1: mean=8.83e-15 std=2.64e-05 pos=0.31
[05/14 06:56:51] [GradMonitor step=5090] deep/task: enc_layer4: mean=2.89e-06 std=4.68e-06 | PAM: mean=6.07e-05 std=9.91e-05 | CIAM: mean=2.91e-06 std=4.69e-06
[05/14 06:56:51] [GradMonitor step=5090] param-grad: weight_base: mean=-7.11e-10 std=1.80e-07 | weight_base_open: mean=1.85e-05 std=8.29e-04 | enc_conv1_weight: mean=-6.46e-05 std=8.55e-03
[05/14 06:56:52] [GradMonitor step=5100] near-input: bn0: mean=-8.94e-08 std=2.31e-04 pos=0.50 | enc_conv1: mean=-2.54e-15 std=3.14e-05 pos=0.38
[05/14 06:56:52] [GradMonitor step=5100] deep/task: enc_layer4: mean=3.08e-06 std=6.10e-06 | PAM: mean=6.51e-05 std=1.29e-04 | CIAM: mean=3.10e-06 std=6.11e-06
[05/14 06:56:52] [GradMonitor step=5100] param-grad: weight_base: mean=5.95e-09 std=2.08e-07 | weight_base_open: mean=-2.83e-05 std=7.94e-04 | enc_conv1_weight: mean=2.15e-03 std=1.25e-02
[05/14 06:56:53] [GradMonitor step=5110] near-input: bn0: mean=-6.57e-08 std=1.92e-04 pos=0.50 | enc_conv1: mean=-9.11e-15 std=2.52e-05 pos=0.36
[05/14 06:56:53] [GradMonitor step=5110] deep/task: enc_layer4: mean=1.97e-06 std=4.16e-06 | PAM: mean=4.19e-05 std=8.80e-05 | CIAM: mean=1.99e-06 std=4.17e-06
[05/14 06:56:53] [GradMonitor step=5110] param-grad: weight_base: mean=9.25e-09 std=2.48e-07 | weight_base_open: mean=-3.84e-05 std=9.44e-04 | enc_conv1_weight: mean=-3.70e-04 std=9.56e-03
[05/14 06:56:54] [GradMonitor step=5120] near-input: bn0: mean=-7.62e-08 std=2.05e-04 pos=0.50 | enc_conv1: mean=1.86e-14 std=2.78e-05 pos=0.39
[05/14 06:56:54] [GradMonitor step=5120] deep/task: enc_layer4: mean=2.88e-06 std=5.31e-06 | PAM: mean=6.09e-05 std=1.12e-04 | CIAM: mean=2.90e-06 std=5.31e-06
[05/14 06:56:54] [GradMonitor step=5120] param-grad: weight_base: mean=-2.65e-08 std=4.39e-07 | weight_base_open: mean=2.35e-05 std=1.22e-03 | enc_conv1_weight: mean=1.05e-03 std=1.27e-02
[05/14 06:56:54] [GradMonitor step=5130] near-input: bn0: mean=-3.27e-08 std=1.88e-04 pos=0.50 | enc_conv1: mean=1.01e-15 std=2.58e-05 pos=0.28
[05/14 06:56:54] [GradMonitor step=5130] deep/task: enc_layer4: mean=2.16e-06 std=5.01e-06 | PAM: mean=4.54e-05 std=1.05e-04 | CIAM: mean=2.18e-06 std=5.02e-06
[05/14 06:56:54] [GradMonitor step=5130] param-grad: weight_base: mean=-1.29e-08 std=3.60e-07 | weight_base_open: mean=-5.44e-06 std=8.61e-04 | enc_conv1_weight: mean=2.57e-04 std=1.22e-02
[05/14 06:56:55] [GradMonitor step=5140] near-input: bn0: mean=7.46e-09 std=3.68e-04 pos=0.50 | enc_conv1: mean=-2.40e-15 std=4.51e-05 pos=0.38
[05/14 06:56:55] [GradMonitor step=5140] deep/task: enc_layer4: mean=2.33e-06 std=5.35e-06 | PAM: mean=4.90e-05 std=1.13e-04 | CIAM: mean=2.34e-06 std=5.35e-06
[05/14 06:56:55] [GradMonitor step=5140] param-grad: weight_base: mean=-1.06e-08 std=4.76e-07 | weight_base_open: mean=-2.78e-05 std=8.97e-04 | enc_conv1_weight: mean=1.78e-04 std=1.20e-02
[05/14 06:56:56] [GradMonitor step=5150] near-input: bn0: mean=1.24e-08 std=2.05e-04 pos=0.50 | enc_conv1: mean=-1.60e-15 std=2.78e-05 pos=0.33
[05/14 06:56:56] [GradMonitor step=5150] deep/task: enc_layer4: mean=2.32e-06 std=5.65e-06 | PAM: mean=4.87e-05 std=1.20e-04 | CIAM: mean=2.34e-06 std=5.65e-06
[05/14 06:56:56] [GradMonitor step=5150] param-grad: weight_base: mean=1.77e-08 std=2.89e-07 | weight_base_open: mean=-9.77e-06 std=9.45e-04 | enc_conv1_weight: mean=-1.04e-03 std=1.03e-02
[05/14 06:56:57] [GradMonitor step=5160] near-input: bn0: mean=-1.96e-09 std=3.97e-04 pos=0.50 | enc_conv1: mean=-3.05e-15 std=5.22e-05 pos=0.46
[05/14 06:56:57] [GradMonitor step=5160] deep/task: enc_layer4: mean=2.87e-06 std=6.45e-06 | PAM: mean=6.07e-05 std=1.36e-04 | CIAM: mean=2.90e-06 std=6.45e-06
[05/14 06:56:57] [GradMonitor step=5160] param-grad: weight_base: mean=-4.69e-09 std=2.44e-07 | weight_base_open: mean=-3.70e-06 std=7.90e-04 | enc_conv1_weight: mean=1.63e-03 std=1.13e-02
[05/14 06:56:58] [GradMonitor step=5170] near-input: bn0: mean=1.58e-07 std=3.16e-04 pos=0.50 | enc_conv1: mean=4.08e-15 std=4.54e-05 pos=0.41
[05/14 06:56:58] [GradMonitor step=5170] deep/task: enc_layer4: mean=2.99e-06 std=6.11e-06 | PAM: mean=6.35e-05 std=1.30e-04 | CIAM: mean=3.01e-06 std=6.12e-06
[05/14 06:56:58] [GradMonitor step=5170] param-grad: weight_base: mean=9.82e-09 std=1.74e-07 | weight_base_open: mean=-3.65e-05 std=1.15e-03 | enc_conv1_weight: mean=-2.44e-03 std=1.03e-02
[05/14 06:56:58] [GradMonitor step=5180] near-input: bn0: mean=1.30e-08 std=2.35e-04 pos=0.50 | enc_conv1: mean=7.22e-15 std=2.97e-05 pos=0.31
[05/14 06:56:58] [GradMonitor step=5180] deep/task: enc_layer4: mean=2.80e-06 std=5.38e-06 | PAM: mean=5.85e-05 std=1.12e-04 | CIAM: mean=2.82e-06 std=5.39e-06
[05/14 06:56:58] [GradMonitor step=5180] param-grad: weight_base: mean=1.27e-08 std=4.46e-07 | weight_base_open: mean=-1.09e-06 std=9.43e-04 | enc_conv1_weight: mean=-1.76e-03 std=9.92e-03
[05/14 06:56:59] [GradMonitor step=5190] near-input: bn0: mean=7.03e-08 std=3.32e-04 pos=0.50 | enc_conv1: mean=-2.05e-14 std=4.28e-05 pos=0.35
[05/14 06:56:59] [GradMonitor step=5190] deep/task: enc_layer4: mean=2.59e-06 std=6.85e-06 | PAM: mean=5.51e-05 std=1.46e-04 | CIAM: mean=2.61e-06 std=6.86e-06
[05/14 06:56:59] [GradMonitor step=5190] param-grad: weight_base: mean=1.27e-08 std=2.98e-07 | weight_base_open: mean=-2.54e-05 std=8.28e-04 | enc_conv1_weight: mean=-7.12e-04 std=1.14e-02
[05/14 06:57:00] [GradMonitor step=5200] near-input: bn0: mean=6.56e-08 std=3.83e-04 pos=0.50 | enc_conv1: mean=1.94e-15 std=5.13e-05 pos=0.37
[05/14 06:57:00] [GradMonitor step=5200] deep/task: enc_layer4: mean=2.62e-06 std=7.70e-06 | PAM: mean=5.55e-05 std=1.61e-04 | CIAM: mean=2.64e-06 std=7.70e-06
[05/14 06:57:00] [GradMonitor step=5200] param-grad: weight_base: mean=8.25e-09 std=2.72e-07 | weight_base_open: mean=-3.36e-05 std=1.01e-03 | enc_conv1_weight: mean=-3.23e-03 std=1.39e-02
[05/14 06:57:00] 
[05/14 06:57:00] epoch 13/40, iter 5200:
[05/14 06:57:00] train_loss: 0.98055
[05/14 06:57:00] train_acc: 0.979
[05/14 06:57:00] train_auroc: 0.963
[05/14 06:57:06] Summary name val_6-way-5-shot_tpr@tnr95 is illegal; using val_6-way-5-shot_tpr_tnr95 instead.
[05/14 06:57:06] val_6-way-5-shot_acc: 66.072	0.647
[05/14 06:57:06] val_6-way-5-shot_auroc: 37.693	1.901
[05/14 06:57:06] val_6-way-5-shot_fscore: 19.700	0.265
[05/14 06:57:06] val_6-way-5-shot_tpr@tnr95: 4.525	1.274
[05/14 06:57:06] val_6-way-5-shot_osr: 49.036	0.643
[05/14 06:57:06] BEST Fscore!
[05/14 06:57:07] [GradMonitor step=5210] near-input: bn0: mean=-7.30e-08 std=1.40e-04 pos=0.50 | enc_conv1: mean=-9.80e-15 std=1.93e-05 pos=0.30
[05/14 06:57:07] [GradMonitor step=5210] deep/task: enc_layer4: mean=2.76e-06 std=5.19e-06 | PAM: mean=5.79e-05 std=1.09e-04 | CIAM: mean=2.78e-06 std=5.19e-06
[05/14 06:57:07] [GradMonitor step=5210] param-grad: weight_base: mean=3.79e-09 std=4.23e-07 | weight_base_open: mean=1.75e-05 std=1.03e-03 | enc_conv1_weight: mean=-4.13e-03 std=1.13e-02
[05/14 06:57:08] [GradMonitor step=5220] near-input: bn0: mean=1.20e-07 std=4.32e-04 pos=0.50 | enc_conv1: mean=2.08e-14 std=6.09e-05 pos=0.40
[05/14 06:57:08] [GradMonitor step=5220] deep/task: enc_layer4: mean=2.29e-06 std=7.70e-06 | PAM: mean=4.89e-05 std=1.63e-04 | CIAM: mean=2.30e-06 std=7.70e-06
[05/14 06:57:08] [GradMonitor step=5220] param-grad: weight_base: mean=6.75e-09 std=3.14e-07 | weight_base_open: mean=-3.80e-05 std=1.33e-03 | enc_conv1_weight: mean=3.23e-03 std=1.28e-02
[05/14 06:57:09] [GradMonitor step=5230] near-input: bn0: mean=8.87e-08 std=3.05e-04 pos=0.50 | enc_conv1: mean=6.12e-15 std=4.01e-05 pos=0.38
[05/14 06:57:09] [GradMonitor step=5230] deep/task: enc_layer4: mean=2.52e-06 std=5.68e-06 | PAM: mean=5.32e-05 std=1.20e-04 | CIAM: mean=2.53e-06 std=5.68e-06
[05/14 06:57:09] [GradMonitor step=5230] param-grad: weight_base: mean=1.01e-08 std=1.42e-07 | weight_base_open: mean=-1.75e-05 std=1.05e-03 | enc_conv1_weight: mean=2.85e-03 std=1.07e-02
[05/14 06:57:10] [GradMonitor step=5240] near-input: bn0: mean=4.60e-08 std=2.47e-04 pos=0.50 | enc_conv1: mean=5.33e-15 std=3.17e-05 pos=0.34
[05/14 06:57:10] [GradMonitor step=5240] deep/task: enc_layer4: mean=2.49e-06 std=5.85e-06 | PAM: mean=5.23e-05 std=1.23e-04 | CIAM: mean=2.50e-06 std=5.85e-06
[05/14 06:57:10] [GradMonitor step=5240] param-grad: weight_base: mean=-1.44e-09 std=1.28e-07 | weight_base_open: mean=7.82e-05 std=9.63e-04 | enc_conv1_weight: mean=2.31e-03 std=9.62e-03
[05/14 06:57:11] [GradMonitor step=5250] near-input: bn0: mean=2.15e-08 std=2.39e-04 pos=0.50 | enc_conv1: mean=-1.02e-14 std=3.24e-05 pos=0.33
[05/14 06:57:11] [GradMonitor step=5250] deep/task: enc_layer4: mean=2.94e-06 std=6.05e-06 | PAM: mean=6.21e-05 std=1.27e-04 | CIAM: mean=2.96e-06 std=6.05e-06
[05/14 06:57:11] [GradMonitor step=5250] param-grad: weight_base: mean=-6.07e-09 std=2.53e-07 | weight_base_open: mean=-3.73e-05 std=9.85e-04 | enc_conv1_weight: mean=9.77e-04 std=9.55e-03
[05/14 06:57:12] [GradMonitor step=5260] near-input: bn0: mean=5.49e-08 std=2.17e-04 pos=0.50 | enc_conv1: mean=3.62e-15 std=2.81e-05 pos=0.38
[05/14 06:57:12] [GradMonitor step=5260] deep/task: enc_layer4: mean=2.39e-06 std=4.78e-06 | PAM: mean=5.05e-05 std=1.01e-04 | CIAM: mean=2.41e-06 std=4.78e-06
[05/14 06:57:12] [GradMonitor step=5260] param-grad: weight_base: mean=-1.10e-08 std=2.90e-07 | weight_base_open: mean=8.63e-07 std=1.04e-03 | enc_conv1_weight: mean=-1.65e-03 std=1.02e-02
[05/14 06:57:12] [GradMonitor step=5270] near-input: bn0: mean=9.61e-09 std=1.54e-04 pos=0.50 | enc_conv1: mean=3.81e-15 std=1.97e-05 pos=0.30
[05/14 06:57:12] [GradMonitor step=5270] deep/task: enc_layer4: mean=2.20e-06 std=4.38e-06 | PAM: mean=4.63e-05 std=9.23e-05 | CIAM: mean=2.21e-06 std=4.38e-06
[05/14 06:57:12] [GradMonitor step=5270] param-grad: weight_base: mean=-7.33e-09 std=1.60e-07 | weight_base_open: mean=1.07e-05 std=6.10e-04 | enc_conv1_weight: mean=-3.40e-04 std=1.07e-02
[05/14 06:57:13] [GradMonitor step=5280] near-input: bn0: mean=1.73e-08 std=3.72e-04 pos=0.50 | enc_conv1: mean=-1.15e-14 std=5.69e-05 pos=0.41
[05/14 06:57:13] [GradMonitor step=5280] deep/task: enc_layer4: mean=2.78e-06 std=7.32e-06 | PAM: mean=5.93e-05 std=1.54e-04 | CIAM: mean=2.79e-06 std=7.32e-06
[05/14 06:57:13] [GradMonitor step=5280] param-grad: weight_base: mean=6.24e-09 std=2.47e-07 | weight_base_open: mean=2.01e-05 std=1.00e-03 | enc_conv1_weight: mean=9.11e-05 std=1.45e-02
[05/14 06:57:14] [GradMonitor step=5290] near-input: bn0: mean=3.82e-08 std=2.12e-04 pos=0.50 | enc_conv1: mean=-6.37e-15 std=2.91e-05 pos=0.31
[05/14 06:57:14] [GradMonitor step=5290] deep/task: enc_layer4: mean=2.96e-06 std=5.91e-06 | PAM: mean=6.22e-05 std=1.24e-04 | CIAM: mean=2.98e-06 std=5.91e-06
[05/14 06:57:14] [GradMonitor step=5290] param-grad: weight_base: mean=-1.04e-08 std=3.49e-07 | weight_base_open: mean=-2.08e-05 std=1.11e-03 | enc_conv1_weight: mean=1.09e-04 std=1.06e-02
[05/14 06:57:15] [GradMonitor step=5300] near-input: bn0: mean=2.44e-08 std=2.10e-04 pos=0.50 | enc_conv1: mean=1.45e-14 std=2.68e-05 pos=0.29
[05/14 06:57:15] [GradMonitor step=5300] deep/task: enc_layer4: mean=2.57e-06 std=4.14e-06 | PAM: mean=5.41e-05 std=8.72e-05 | CIAM: mean=2.58e-06 std=4.14e-06
[05/14 06:57:15] [GradMonitor step=5300] param-grad: weight_base: mean=-8.51e-09 std=3.71e-07 | weight_base_open: mean=1.48e-04 std=1.14e-03 | enc_conv1_weight: mean=-6.13e-05 std=8.20e-03
[05/14 06:57:16] [GradMonitor step=5310] near-input: bn0: mean=1.86e-07 std=3.85e-04 pos=0.50 | enc_conv1: mean=-8.12e-15 std=5.28e-05 pos=0.39
[05/14 06:57:16] [GradMonitor step=5310] deep/task: enc_layer4: mean=1.90e-06 std=7.69e-06 | PAM: mean=4.02e-05 std=1.62e-04 | CIAM: mean=1.92e-06 std=7.69e-06
[05/14 06:57:16] [GradMonitor step=5310] param-grad: weight_base: mean=3.88e-09 std=4.98e-07 | weight_base_open: mean=6.59e-05 std=1.54e-03 | enc_conv1_weight: mean=-2.02e-03 std=1.07e-02
[05/14 06:57:16] [GradMonitor step=5320] near-input: bn0: mean=8.15e-08 std=2.17e-04 pos=0.50 | enc_conv1: mean=3.74e-15 std=3.10e-05 pos=0.33
[05/14 06:57:16] [GradMonitor step=5320] deep/task: enc_layer4: mean=2.78e-06 std=5.86e-06 | PAM: mean=5.90e-05 std=1.24e-04 | CIAM: mean=2.80e-06 std=5.86e-06
[05/14 06:57:16] [GradMonitor step=5320] param-grad: weight_base: mean=-1.43e-08 std=2.79e-07 | weight_base_open: mean=-6.80e-06 std=1.07e-03 | enc_conv1_weight: mean=-3.94e-04 std=1.02e-02
[05/14 06:57:17] [GradMonitor step=5330] near-input: bn0: mean=-5.01e-08 std=2.09e-04 pos=0.50 | enc_conv1: mean=-7.64e-15 std=2.79e-05 pos=0.35
[05/14 06:57:17] [GradMonitor step=5330] deep/task: enc_layer4: mean=2.53e-06 std=4.90e-06 | PAM: mean=5.33e-05 std=1.03e-04 | CIAM: mean=2.55e-06 std=4.91e-06
[05/14 06:57:17] [GradMonitor step=5330] param-grad: weight_base: mean=-5.08e-09 std=2.12e-07 | weight_base_open: mean=3.52e-05 std=8.93e-04 | enc_conv1_weight: mean=-1.29e-04 std=1.05e-02
[05/14 06:57:18] [GradMonitor step=5340] near-input: bn0: mean=2.30e-08 std=1.90e-04 pos=0.50 | enc_conv1: mean=-3.99e-15 std=2.46e-05 pos=0.33
[05/14 06:57:18] [GradMonitor step=5340] deep/task: enc_layer4: mean=2.17e-06 std=5.49e-06 | PAM: mean=4.56e-05 std=1.16e-04 | CIAM: mean=2.18e-06 std=5.50e-06
[05/14 06:57:18] [GradMonitor step=5340] param-grad: weight_base: mean=6.55e-11 std=1.25e-07 | weight_base_open: mean=-5.27e-05 std=1.01e-03 | enc_conv1_weight: mean=-5.77e-04 std=1.01e-02
[05/14 06:57:19] [GradMonitor step=5350] near-input: bn0: mean=-9.13e-09 std=2.49e-04 pos=0.50 | enc_conv1: mean=3.44e-15 std=3.08e-05 pos=0.33
[05/14 06:57:19] [GradMonitor step=5350] deep/task: enc_layer4: mean=2.34e-06 std=5.99e-06 | PAM: mean=4.94e-05 std=1.27e-04 | CIAM: mean=2.35e-06 std=5.99e-06
[05/14 06:57:19] [GradMonitor step=5350] param-grad: weight_base: mean=5.44e-09 std=1.39e-07 | weight_base_open: mean=2.22e-05 std=8.04e-04 | enc_conv1_weight: mean=2.61e-03 std=1.07e-02
[05/14 06:57:20] [GradMonitor step=5360] near-input: bn0: mean=2.57e-08 std=2.22e-04 pos=0.50 | enc_conv1: mean=6.60e-15 std=2.77e-05 pos=0.32
[05/14 06:57:20] [GradMonitor step=5360] deep/task: enc_layer4: mean=2.42e-06 std=3.35e-06 | PAM: mean=5.09e-05 std=7.06e-05 | CIAM: mean=2.44e-06 std=3.36e-06
[05/14 06:57:20] [GradMonitor step=5360] param-grad: weight_base: mean=-3.26e-09 std=1.69e-07 | weight_base_open: mean=3.96e-05 std=6.62e-04 | enc_conv1_weight: mean=9.92e-04 std=5.74e-03
[05/14 06:57:21] [GradMonitor step=5370] near-input: bn0: mean=-4.00e-08 std=2.77e-04 pos=0.50 | enc_conv1: mean=-5.60e-15 std=3.62e-05 pos=0.40
[05/14 06:57:21] [GradMonitor step=5370] deep/task: enc_layer4: mean=2.50e-06 std=5.43e-06 | PAM: mean=5.26e-05 std=1.14e-04 | CIAM: mean=2.52e-06 std=5.43e-06
[05/14 06:57:21] [GradMonitor step=5370] param-grad: weight_base: mean=-7.39e-09 std=1.66e-07 | weight_base_open: mean=-1.82e-05 std=7.65e-04 | enc_conv1_weight: mean=4.70e-04 std=8.78e-03
[05/14 06:57:21] [GradMonitor step=5380] near-input: bn0: mean=-1.17e-07 std=2.25e-04 pos=0.50 | enc_conv1: mean=-6.74e-15 std=2.80e-05 pos=0.32
[05/14 06:57:21] [GradMonitor step=5380] deep/task: enc_layer4: mean=2.71e-06 std=4.44e-06 | PAM: mean=5.71e-05 std=9.39e-05 | CIAM: mean=2.72e-06 std=4.45e-06
[05/14 06:57:21] [GradMonitor step=5380] param-grad: weight_base: mean=-6.13e-09 std=1.63e-07 | weight_base_open: mean=2.08e-05 std=7.85e-04 | enc_conv1_weight: mean=3.21e-04 std=1.08e-02
[05/14 06:57:22] [GradMonitor step=5390] near-input: bn0: mean=4.73e-08 std=3.00e-04 pos=0.50 | enc_conv1: mean=-2.03e-15 std=3.66e-05 pos=0.37
[05/14 06:57:22] [GradMonitor step=5390] deep/task: enc_layer4: mean=3.16e-06 std=5.49e-06 | PAM: mean=6.65e-05 std=1.16e-04 | CIAM: mean=3.18e-06 std=5.49e-06
[05/14 06:57:22] [GradMonitor step=5390] param-grad: weight_base: mean=-2.80e-09 std=4.07e-07 | weight_base_open: mean=-3.29e-06 std=1.06e-03 | enc_conv1_weight: mean=2.34e-04 std=8.96e-03
[05/14 06:57:23] [GradMonitor step=5400] near-input: bn0: mean=-2.39e-08 std=2.02e-04 pos=0.50 | enc_conv1: mean=9.86e-15 std=2.89e-05 pos=0.37
[05/14 06:57:23] [GradMonitor step=5400] deep/task: enc_layer4: mean=2.72e-06 std=4.26e-06 | PAM: mean=5.72e-05 std=8.96e-05 | CIAM: mean=2.74e-06 std=4.26e-06
[05/14 06:57:23] [GradMonitor step=5400] param-grad: weight_base: mean=-1.68e-08 std=3.17e-07 | weight_base_open: mean=-6.25e-05 std=1.10e-03 | enc_conv1_weight: mean=8.41e-04 std=7.65e-03
[05/14 06:57:24] [GradMonitor step=5410] near-input: bn0: mean=1.05e-07 std=2.92e-04 pos=0.50 | enc_conv1: mean=-9.41e-16 std=4.18e-05 pos=0.31
[05/14 06:57:24] [GradMonitor step=5410] deep/task: enc_layer4: mean=1.73e-06 std=7.01e-06 | PAM: mean=3.67e-05 std=1.48e-04 | CIAM: mean=1.76e-06 std=7.01e-06
[05/14 06:57:24] [GradMonitor step=5410] param-grad: weight_base: mean=-3.65e-09 std=1.79e-07 | weight_base_open: mean=1.49e-05 std=9.11e-04 | enc_conv1_weight: mean=-1.82e-04 std=1.14e-02
[05/14 06:57:25] [GradMonitor step=5420] near-input: bn0: mean=2.28e-08 std=2.04e-04 pos=0.50 | enc_conv1: mean=3.90e-15 std=2.56e-05 pos=0.32
[05/14 06:57:25] [GradMonitor step=5420] deep/task: enc_layer4: mean=2.62e-06 std=4.20e-06 | PAM: mean=5.53e-05 std=8.89e-05 | CIAM: mean=2.64e-06 std=4.21e-06
[05/14 06:57:25] [GradMonitor step=5420] param-grad: weight_base: mean=-1.24e-08 std=3.29e-07 | weight_base_open: mean=-5.47e-07 std=9.69e-04 | enc_conv1_weight: mean=-2.57e-03 std=9.72e-03
[05/14 06:57:26] [GradMonitor step=5430] near-input: bn0: mean=-5.46e-08 std=1.48e-04 pos=0.50 | enc_conv1: mean=-1.51e-15 std=1.95e-05 pos=0.33
[05/14 06:57:26] [GradMonitor step=5430] deep/task: enc_layer4: mean=1.87e-06 std=3.75e-06 | PAM: mean=3.93e-05 std=7.87e-05 | CIAM: mean=1.88e-06 std=3.75e-06
[05/14 06:57:26] [GradMonitor step=5430] param-grad: weight_base: mean=-1.48e-08 std=2.67e-07 | weight_base_open: mean=-2.89e-05 std=8.70e-04 | enc_conv1_weight: mean=-2.55e-03 std=9.36e-03
[05/14 06:57:27] [GradMonitor step=5440] near-input: bn0: mean=-1.20e-07 std=1.99e-04 pos=0.50 | enc_conv1: mean=-1.15e-14 std=2.71e-05 pos=0.36
[05/14 06:57:27] [GradMonitor step=5440] deep/task: enc_layer4: mean=2.40e-06 std=4.37e-06 | PAM: mean=5.03e-05 std=9.19e-05 | CIAM: mean=2.42e-06 std=4.37e-06
[05/14 06:57:27] [GradMonitor step=5440] param-grad: weight_base: mean=4.97e-09 std=1.77e-07 | weight_base_open: mean=4.59e-05 std=8.69e-04 | enc_conv1_weight: mean=2.41e-03 std=8.24e-03
[05/14 06:57:27] [GradMonitor step=5450] near-input: bn0: mean=-1.92e-08 std=2.58e-04 pos=0.50 | enc_conv1: mean=1.02e-14 std=3.31e-05 pos=0.38
[05/14 06:57:27] [GradMonitor step=5450] deep/task: enc_layer4: mean=2.67e-06 std=5.24e-06 | PAM: mean=5.61e-05 std=1.10e-04 | CIAM: mean=2.69e-06 std=5.24e-06
[05/14 06:57:27] [GradMonitor step=5450] param-grad: weight_base: mean=-1.38e-09 std=1.10e-07 | weight_base_open: mean=8.46e-06 std=1.07e-03 | enc_conv1_weight: mean=-9.14e-05 std=8.11e-03
[05/14 06:57:28] [GradMonitor step=5460] near-input: bn0: mean=-2.79e-08 std=3.66e-04 pos=0.50 | enc_conv1: mean=5.13e-15 std=4.56e-05 pos=0.35
[05/14 06:57:28] [GradMonitor step=5460] deep/task: enc_layer4: mean=2.70e-06 std=5.58e-06 | PAM: mean=5.72e-05 std=1.19e-04 | CIAM: mean=2.73e-06 std=5.58e-06
[05/14 06:57:28] [GradMonitor step=5460] param-grad: weight_base: mean=-1.92e-09 std=1.40e-07 | weight_base_open: mean=1.20e-05 std=8.80e-04 | enc_conv1_weight: mean=-2.42e-03 std=1.17e-02
[05/14 06:57:29] [GradMonitor step=5470] near-input: bn0: mean=4.70e-08 std=2.20e-04 pos=0.50 | enc_conv1: mean=-1.03e-15 std=2.87e-05 pos=0.38
[05/14 06:57:29] [GradMonitor step=5470] deep/task: enc_layer4: mean=2.73e-06 std=5.42e-06 | PAM: mean=5.76e-05 std=1.14e-04 | CIAM: mean=2.75e-06 std=5.43e-06
[05/14 06:57:29] [GradMonitor step=5470] param-grad: weight_base: mean=5.96e-09 std=1.68e-07 | weight_base_open: mean=-9.30e-05 std=8.96e-04 | enc_conv1_weight: mean=-1.31e-03 std=1.01e-02
[05/14 06:57:30] [GradMonitor step=5480] near-input: bn0: mean=1.30e-08 std=2.63e-04 pos=0.50 | enc_conv1: mean=5.08e-15 std=3.48e-05 pos=0.38
[05/14 06:57:30] [GradMonitor step=5480] deep/task: enc_layer4: mean=2.38e-06 std=5.63e-06 | PAM: mean=5.05e-05 std=1.19e-04 | CIAM: mean=2.40e-06 std=5.64e-06
[05/14 06:57:30] [GradMonitor step=5480] param-grad: weight_base: mean=-3.65e-08 std=5.86e-07 | weight_base_open: mean=-1.42e-05 std=1.12e-03 | enc_conv1_weight: mean=1.66e-03 std=9.84e-03
[05/14 06:57:31] [GradMonitor step=5490] near-input: bn0: mean=-2.67e-09 std=1.85e-04 pos=0.50 | enc_conv1: mean=1.10e-15 std=2.48e-05 pos=0.31
[05/14 06:57:31] [GradMonitor step=5490] deep/task: enc_layer4: mean=2.88e-06 std=4.39e-06 | PAM: mean=6.06e-05 std=9.30e-05 | CIAM: mean=2.90e-06 std=4.40e-06
[05/14 06:57:31] [GradMonitor step=5490] param-grad: weight_base: mean=9.62e-10 std=1.96e-07 | weight_base_open: mean=3.31e-05 std=7.91e-04 | enc_conv1_weight: mean=-1.22e-05 std=8.27e-03
[05/14 06:57:31] [GradMonitor step=5500] near-input: bn0: mean=-9.31e-08 std=2.15e-04 pos=0.50 | enc_conv1: mean=3.13e-15 std=2.91e-05 pos=0.36
[05/14 06:57:31] [GradMonitor step=5500] deep/task: enc_layer4: mean=3.18e-06 std=5.78e-06 | PAM: mean=6.74e-05 std=1.22e-04 | CIAM: mean=3.21e-06 std=5.80e-06
[05/14 06:57:31] [GradMonitor step=5500] param-grad: weight_base: mean=1.87e-08 std=2.74e-07 | weight_base_open: mean=7.32e-06 std=9.72e-04 | enc_conv1_weight: mean=1.73e-03 std=1.13e-02
[05/14 06:57:32] [GradMonitor step=5510] near-input: bn0: mean=-8.86e-08 std=1.77e-04 pos=0.50 | enc_conv1: mean=-3.46e-15 std=2.34e-05 pos=0.35
[05/14 06:57:32] [GradMonitor step=5510] deep/task: enc_layer4: mean=1.92e-06 std=3.79e-06 | PAM: mean=4.07e-05 std=8.02e-05 | CIAM: mean=1.93e-06 std=3.79e-06
[05/14 06:57:32] [GradMonitor step=5510] param-grad: weight_base: mean=6.00e-09 std=3.26e-07 | weight_base_open: mean=8.59e-05 std=1.16e-03 | enc_conv1_weight: mean=-2.25e-04 std=8.78e-03
[05/14 06:57:33] [GradMonitor step=5520] near-input: bn0: mean=-6.60e-08 std=1.90e-04 pos=0.50 | enc_conv1: mean=8.32e-15 std=2.56e-05 pos=0.36
[05/14 06:57:33] [GradMonitor step=5520] deep/task: enc_layer4: mean=2.80e-06 std=4.80e-06 | PAM: mean=5.92e-05 std=1.02e-04 | CIAM: mean=2.82e-06 std=4.81e-06
[05/14 06:57:33] [GradMonitor step=5520] param-grad: weight_base: mean=-2.14e-08 std=4.26e-07 | weight_base_open: mean=2.71e-05 std=1.10e-03 | enc_conv1_weight: mean=1.78e-03 std=1.18e-02
[05/14 06:57:34] [GradMonitor step=5530] near-input: bn0: mean=-1.29e-08 std=1.79e-04 pos=0.50 | enc_conv1: mean=4.08e-15 std=2.46e-05 pos=0.28
[05/14 06:57:34] [GradMonitor step=5530] deep/task: enc_layer4: mean=2.16e-06 std=4.71e-06 | PAM: mean=4.53e-05 std=9.88e-05 | CIAM: mean=2.17e-06 std=4.72e-06
[05/14 06:57:34] [GradMonitor step=5530] param-grad: weight_base: mean=-4.47e-09 std=1.27e-07 | weight_base_open: mean=4.98e-06 std=9.48e-04 | enc_conv1_weight: mean=-3.24e-05 std=1.16e-02
[05/14 06:57:35] [GradMonitor step=5540] near-input: bn0: mean=3.23e-08 std=3.51e-04 pos=0.50 | enc_conv1: mean=-5.65e-15 std=4.30e-05 pos=0.39
[05/14 06:57:35] [GradMonitor step=5540] deep/task: enc_layer4: mean=2.42e-06 std=4.97e-06 | PAM: mean=5.09e-05 std=1.05e-04 | CIAM: mean=2.43e-06 std=4.97e-06
[05/14 06:57:35] [GradMonitor step=5540] param-grad: weight_base: mean=-1.50e-09 std=2.37e-07 | weight_base_open: mean=6.25e-05 std=9.00e-04 | enc_conv1_weight: mean=3.59e-04 std=1.15e-02
[05/14 06:57:36] [GradMonitor step=5550] near-input: bn0: mean=4.12e-09 std=2.08e-04 pos=0.50 | enc_conv1: mean=-2.34e-15 std=2.82e-05 pos=0.34
[05/14 06:57:36] [GradMonitor step=5550] deep/task: enc_layer4: mean=2.40e-06 std=5.47e-06 | PAM: mean=5.05e-05 std=1.16e-04 | CIAM: mean=2.42e-06 std=5.47e-06
[05/14 06:57:36] [GradMonitor step=5550] param-grad: weight_base: mean=1.62e-08 std=2.61e-07 | weight_base_open: mean=-2.27e-05 std=9.56e-04 | enc_conv1_weight: mean=-8.95e-04 std=1.02e-02
[05/14 06:57:36] [GradMonitor step=5560] near-input: bn0: mean=-2.80e-09 std=3.87e-04 pos=0.50 | enc_conv1: mean=-1.88e-14 std=5.07e-05 pos=0.45
[05/14 06:57:36] [GradMonitor step=5560] deep/task: enc_layer4: mean=2.92e-06 std=6.15e-06 | PAM: mean=6.17e-05 std=1.30e-04 | CIAM: mean=2.95e-06 std=6.15e-06
[05/14 06:57:36] [GradMonitor step=5560] param-grad: weight_base: mean=5.82e-09 std=1.08e-07 | weight_base_open: mean=3.87e-06 std=6.63e-04 | enc_conv1_weight: mean=1.82e-03 std=1.17e-02
[05/14 06:57:37] [GradMonitor step=5570] near-input: bn0: mean=1.49e-07 std=3.28e-04 pos=0.50 | enc_conv1: mean=-1.11e-14 std=4.75e-05 pos=0.39
[05/14 06:57:37] [GradMonitor step=5570] deep/task: enc_layer4: mean=3.03e-06 std=5.98e-06 | PAM: mean=6.44e-05 std=1.27e-04 | CIAM: mean=3.05e-06 std=5.99e-06
[05/14 06:57:37] [GradMonitor step=5570] param-grad: weight_base: mean=1.62e-08 std=3.45e-07 | weight_base_open: mean=-1.18e-04 std=1.19e-03 | enc_conv1_weight: mean=-1.42e-03 std=1.04e-02
[05/14 06:57:38] [GradMonitor step=5580] near-input: bn0: mean=2.39e-08 std=2.19e-04 pos=0.50 | enc_conv1: mean=-5.77e-15 std=2.79e-05 pos=0.30
[05/14 06:57:38] [GradMonitor step=5580] deep/task: enc_layer4: mean=2.86e-06 std=4.98e-06 | PAM: mean=5.99e-05 std=1.04e-04 | CIAM: mean=2.88e-06 std=4.99e-06
[05/14 06:57:38] [GradMonitor step=5580] param-grad: weight_base: mean=-7.03e-09 std=2.48e-07 | weight_base_open: mean=-1.38e-05 std=9.96e-04 | enc_conv1_weight: mean=-1.52e-03 std=9.23e-03
[05/14 06:57:39] [GradMonitor step=5590] near-input: bn0: mean=7.58e-08 std=3.17e-04 pos=0.50 | enc_conv1: mean=6.90e-15 std=4.07e-05 pos=0.35
[05/14 06:57:39] [GradMonitor step=5590] deep/task: enc_layer4: mean=2.76e-06 std=6.77e-06 | PAM: mean=5.88e-05 std=1.44e-04 | CIAM: mean=2.79e-06 std=6.78e-06
[05/14 06:57:39] [GradMonitor step=5590] param-grad: weight_base: mean=1.75e-08 std=3.26e-07 | weight_base_open: mean=8.75e-06 std=1.01e-03 | enc_conv1_weight: mean=4.03e-05 std=1.15e-02
[05/14 06:57:39] [GradMonitor step=5600] near-input: bn0: mean=3.79e-08 std=3.83e-04 pos=0.50 | enc_conv1: mean=1.64e-14 std=5.15e-05 pos=0.38
[05/14 06:57:39] [GradMonitor step=5600] deep/task: enc_layer4: mean=2.72e-06 std=7.51e-06 | PAM: mean=5.76e-05 std=1.57e-04 | CIAM: mean=2.74e-06 std=7.50e-06
[05/14 06:57:39] [GradMonitor step=5600] param-grad: weight_base: mean=-4.90e-10 std=4.62e-07 | weight_base_open: mean=-2.01e-05 std=1.01e-03 | enc_conv1_weight: mean=-3.40e-03 std=1.29e-02
[05/14 06:57:39] 
[05/14 06:57:39] epoch 14/40, iter 5600:
[05/14 06:57:39] train_loss: 0.93889
[05/14 06:57:39] train_acc: 0.984
[05/14 06:57:39] train_auroc: 0.972
[05/14 06:57:45] Summary name val_6-way-5-shot_tpr@tnr95 is illegal; using val_6-way-5-shot_tpr_tnr95 instead.
[05/14 06:57:45] val_6-way-5-shot_acc: 65.956	0.643
[05/14 06:57:45] val_6-way-5-shot_auroc: 38.078	1.937
[05/14 06:57:45] val_6-way-5-shot_fscore: 19.689	0.265
[05/14 06:57:45] val_6-way-5-shot_tpr@tnr95: 4.900	1.366
[05/14 06:57:45] val_6-way-5-shot_osr: 49.233	0.691
[05/14 06:57:46] [GradMonitor step=5610] near-input: bn0: mean=-5.58e-08 std=1.39e-04 pos=0.50 | enc_conv1: mean=9.46e-15 std=1.95e-05 pos=0.30
[05/14 06:57:46] [GradMonitor step=5610] deep/task: enc_layer4: mean=2.79e-06 std=4.75e-06 | PAM: mean=5.85e-05 std=9.96e-05 | CIAM: mean=2.81e-06 std=4.75e-06
[05/14 06:57:46] [GradMonitor step=5610] param-grad: weight_base: mean=-1.19e-08 std=3.12e-07 | weight_base_open: mean=-1.08e-05 std=1.02e-03 | enc_conv1_weight: mean=-3.58e-03 std=9.91e-03
[05/14 06:57:47] [GradMonitor step=5620] near-input: bn0: mean=9.50e-08 std=4.15e-04 pos=0.50 | enc_conv1: mean=3.59e-15 std=5.87e-05 pos=0.40
[05/14 06:57:47] [GradMonitor step=5620] deep/task: enc_layer4: mean=2.33e-06 std=7.32e-06 | PAM: mean=4.99e-05 std=1.55e-04 | CIAM: mean=2.34e-06 std=7.32e-06
[05/14 06:57:47] [GradMonitor step=5620] param-grad: weight_base: mean=1.17e-08 std=4.89e-07 | weight_base_open: mean=3.14e-05 std=1.31e-03 | enc_conv1_weight: mean=3.26e-03 std=1.24e-02
[05/14 06:57:48] [GradMonitor step=5630] near-input: bn0: mean=6.48e-08 std=3.06e-04 pos=0.50 | enc_conv1: mean=-5.76e-15 std=4.03e-05 pos=0.38
[05/14 06:57:48] [GradMonitor step=5630] deep/task: enc_layer4: mean=2.56e-06 std=5.51e-06 | PAM: mean=5.41e-05 std=1.16e-04 | CIAM: mean=2.58e-06 std=5.51e-06
[05/14 06:57:48] [GradMonitor step=5630] param-grad: weight_base: mean=4.04e-09 std=1.51e-07 | weight_base_open: mean=8.53e-05 std=1.07e-03 | enc_conv1_weight: mean=2.91e-03 std=1.09e-02
[05/14 06:57:49] [GradMonitor step=5640] near-input: bn0: mean=3.66e-08 std=2.38e-04 pos=0.50 | enc_conv1: mean=1.95e-15 std=3.05e-05 pos=0.33
[05/14 06:57:49] [GradMonitor step=5640] deep/task: enc_layer4: mean=2.44e-06 std=5.74e-06 | PAM: mean=5.13e-05 std=1.21e-04 | CIAM: mean=2.45e-06 std=5.74e-06
[05/14 06:57:49] [GradMonitor step=5640] param-grad: weight_base: mean=-1.35e-08 std=2.42e-07 | weight_base_open: mean=4.82e-05 std=1.05e-03 | enc_conv1_weight: mean=2.10e-03 std=9.86e-03
[05/14 06:57:50] [GradMonitor step=5650] near-input: bn0: mean=3.29e-08 std=2.34e-04 pos=0.50 | enc_conv1: mean=7.35e-15 std=3.18e-05 pos=0.34
[05/14 06:57:50] [GradMonitor step=5650] deep/task: enc_layer4: mean=3.01e-06 std=6.10e-06 | PAM: mean=6.36e-05 std=1.28e-04 | CIAM: mean=3.03e-06 std=6.11e-06
[05/14 06:57:50] [GradMonitor step=5650] param-grad: weight_base: mean=5.47e-09 std=2.24e-07 | weight_base_open: mean=-1.99e-05 std=8.32e-04 | enc_conv1_weight: mean=1.43e-03 std=9.39e-03
[05/14 06:57:50] [GradMonitor step=5660] near-input: bn0: mean=4.43e-08 std=1.97e-04 pos=0.50 | enc_conv1: mean=1.97e-15 std=2.53e-05 pos=0.37
[05/14 06:57:50] [GradMonitor step=5660] deep/task: enc_layer4: mean=2.27e-06 std=4.26e-06 | PAM: mean=4.80e-05 std=9.01e-05 | CIAM: mean=2.29e-06 std=4.27e-06
[05/14 06:57:50] [GradMonitor step=5660] param-grad: weight_base: mean=3.61e-09 std=2.50e-07 | weight_base_open: mean=6.61e-05 std=1.09e-03 | enc_conv1_weight: mean=-1.96e-03 std=9.52e-03
[05/14 06:57:51] [GradMonitor step=5670] near-input: bn0: mean=3.61e-09 std=1.40e-04 pos=0.50 | enc_conv1: mean=-6.69e-15 std=1.80e-05 pos=0.31
[05/14 06:57:51] [GradMonitor step=5670] deep/task: enc_layer4: mean=2.10e-06 std=4.01e-06 | PAM: mean=4.42e-05 std=8.44e-05 | CIAM: mean=2.12e-06 std=4.01e-06
[05/14 06:57:51] [GradMonitor step=5670] param-grad: weight_base: mean=7.49e-09 std=1.96e-07 | weight_base_open: mean=1.54e-05 std=6.31e-04 | enc_conv1_weight: mean=-4.49e-04 std=1.06e-02
[05/14 06:57:52] [GradMonitor step=5680] near-input: bn0: mean=3.99e-08 std=3.84e-04 pos=0.50 | enc_conv1: mean=5.83e-15 std=5.91e-05 pos=0.40
[05/14 06:57:52] [GradMonitor step=5680] deep/task: enc_layer4: mean=2.89e-06 std=7.08e-06 | PAM: mean=6.17e-05 std=1.49e-04 | CIAM: mean=2.90e-06 std=7.08e-06
[05/14 06:57:52] [GradMonitor step=5680] param-grad: weight_base: mean=4.40e-09 std=1.24e-07 | weight_base_open: mean=-3.95e-05 std=1.10e-03 | enc_conv1_weight: mean=6.94e-04 std=1.39e-02
[05/14 06:57:53] [GradMonitor step=5690] near-input: bn0: mean=1.52e-08 std=1.99e-04 pos=0.50 | enc_conv1: mean=8.85e-15 std=2.74e-05 pos=0.31
[05/14 06:57:53] [GradMonitor step=5690] deep/task: enc_layer4: mean=3.01e-06 std=5.50e-06 | PAM: mean=6.33e-05 std=1.15e-04 | CIAM: mean=3.03e-06 std=5.51e-06
[05/14 06:57:53] [GradMonitor step=5690] param-grad: weight_base: mean=-8.77e-09 std=1.68e-07 | weight_base_open: mean=1.38e-05 std=1.07e-03 | enc_conv1_weight: mean=-3.06e-04 std=1.01e-02
[05/14 06:57:54] [GradMonitor step=5700] near-input: bn0: mean=4.17e-09 std=1.89e-04 pos=0.50 | enc_conv1: mean=-4.56e-15 std=2.43e-05 pos=0.28
[05/14 06:57:54] [GradMonitor step=5700] deep/task: enc_layer4: mean=2.55e-06 std=3.87e-06 | PAM: mean=5.36e-05 std=8.14e-05 | CIAM: mean=2.56e-06 std=3.88e-06
[05/14 06:57:54] [GradMonitor step=5700] param-grad: weight_base: mean=-6.24e-09 std=1.74e-07 | weight_base_open: mean=8.69e-05 std=1.44e-03 | enc_conv1_weight: mean=3.42e-04 std=7.73e-03
[05/14 06:57:55] [GradMonitor step=5710] near-input: bn0: mean=1.81e-07 std=3.78e-04 pos=0.50 | enc_conv1: mean=-2.21e-14 std=5.21e-05 pos=0.39
[05/14 06:57:55] [GradMonitor step=5710] deep/task: enc_layer4: mean=1.99e-06 std=7.26e-06 | PAM: mean=4.22e-05 std=1.53e-04 | CIAM: mean=2.01e-06 std=7.27e-06
[05/14 06:57:55] [GradMonitor step=5710] param-grad: weight_base: mean=-1.51e-08 std=4.59e-07 | weight_base_open: mean=2.31e-05 std=1.63e-03 | enc_conv1_weight: mean=-1.85e-03 std=1.04e-02
[05/14 06:57:55] [GradMonitor step=5720] near-input: bn0: mean=5.06e-08 std=1.98e-04 pos=0.50 | enc_conv1: mean=-4.98e-15 std=2.83e-05 pos=0.32
[05/14 06:57:55] [GradMonitor step=5720] deep/task: enc_layer4: mean=2.77e-06 std=5.49e-06 | PAM: mean=5.90e-05 std=1.17e-04 | CIAM: mean=2.80e-06 std=5.50e-06
[05/14 06:57:55] [GradMonitor step=5720] param-grad: weight_base: mean=1.18e-08 std=3.86e-07 | weight_base_open: mean=-4.99e-05 std=1.04e-03 | enc_conv1_weight: mean=-4.91e-04 std=9.50e-03
[05/14 06:57:56] [GradMonitor step=5730] near-input: bn0: mean=-3.60e-08 std=1.98e-04 pos=0.50 | enc_conv1: mean=1.24e-15 std=2.64e-05 pos=0.34
[05/14 06:57:56] [GradMonitor step=5730] deep/task: enc_layer4: mean=2.64e-06 std=4.63e-06 | PAM: mean=5.57e-05 std=9.73e-05 | CIAM: mean=2.67e-06 std=4.64e-06
[05/14 06:57:56] [GradMonitor step=5730] param-grad: weight_base: mean=-7.42e-09 std=2.39e-07 | weight_base_open: mean=-3.16e-05 std=9.20e-04 | enc_conv1_weight: mean=-4.32e-04 std=9.81e-03
[05/14 06:57:57] [GradMonitor step=5740] near-input: bn0: mean=3.44e-08 std=1.83e-04 pos=0.50 | enc_conv1: mean=-3.92e-15 std=2.39e-05 pos=0.31
[05/14 06:57:57] [GradMonitor step=5740] deep/task: enc_layer4: mean=2.24e-06 std=5.39e-06 | PAM: mean=4.71e-05 std=1.14e-04 | CIAM: mean=2.25e-06 std=5.40e-06
[05/14 06:57:57] [GradMonitor step=5740] param-grad: weight_base: mean=1.04e-08 std=2.63e-07 | weight_base_open: mean=-1.56e-05 std=8.28e-04 | enc_conv1_weight: mean=4.19e-04 std=8.52e-03
[05/14 06:57:58] [GradMonitor step=5750] near-input: bn0: mean=3.33e-08 std=2.52e-04 pos=0.50 | enc_conv1: mean=3.92e-15 std=3.15e-05 pos=0.34
[05/14 06:57:58] [GradMonitor step=5750] deep/task: enc_layer4: mean=2.36e-06 std=5.91e-06 | PAM: mean=4.99e-05 std=1.25e-04 | CIAM: mean=2.37e-06 std=5.92e-06
[05/14 06:57:58] [GradMonitor step=5750] param-grad: weight_base: mean=7.36e-10 std=9.57e-08 | weight_base_open: mean=2.11e-05 std=7.94e-04 | enc_conv1_weight: mean=3.02e-03 std=1.06e-02
[05/14 06:57:59] [GradMonitor step=5760] near-input: bn0: mean=4.05e-08 std=2.08e-04 pos=0.50 | enc_conv1: mean=3.45e-15 std=2.58e-05 pos=0.34
[05/14 06:57:59] [GradMonitor step=5760] deep/task: enc_layer4: mean=2.31e-06 std=3.07e-06 | PAM: mean=4.86e-05 std=6.47e-05 | CIAM: mean=2.33e-06 std=3.07e-06
[05/14 06:57:59] [GradMonitor step=5760] param-grad: weight_base: mean=5.24e-09 std=1.88e-07 | weight_base_open: mean=3.47e-05 std=7.47e-04 | enc_conv1_weight: mean=1.18e-03 std=5.31e-03
[05/14 06:58:00] [GradMonitor step=5770] near-input: bn0: mean=-2.75e-08 std=2.69e-04 pos=0.50 | enc_conv1: mean=-1.49e-14 std=3.48e-05 pos=0.38
[05/14 06:58:00] [GradMonitor step=5770] deep/task: enc_layer4: mean=2.48e-06 std=5.27e-06 | PAM: mean=5.22e-05 std=1.11e-04 | CIAM: mean=2.50e-06 std=5.28e-06
[05/14 06:58:00] [GradMonitor step=5770] param-grad: weight_base: mean=-8.20e-09 std=1.68e-07 | weight_base_open: mean=1.57e-05 std=7.74e-04 | enc_conv1_weight: mean=2.22e-04 std=8.82e-03
[05/14 06:58:00] [GradMonitor step=5780] near-input: bn0: mean=-9.89e-08 std=2.09e-04 pos=0.50 | enc_conv1: mean=-3.77e-15 std=2.58e-05 pos=0.30
[05/14 06:58:00] [GradMonitor step=5780] deep/task: enc_layer4: mean=2.65e-06 std=4.11e-06 | PAM: mean=5.59e-05 std=8.68e-05 | CIAM: mean=2.67e-06 std=4.11e-06
[05/14 06:58:00] [GradMonitor step=5780] param-grad: weight_base: mean=8.15e-09 std=1.39e-07 | weight_base_open: mean=-5.33e-05 std=7.62e-04 | enc_conv1_weight: mean=3.17e-04 std=1.03e-02
[05/14 06:58:01] [GradMonitor step=5790] near-input: bn0: mean=1.05e-08 std=2.86e-04 pos=0.50 | enc_conv1: mean=6.16e-15 std=3.47e-05 pos=0.37
[05/14 06:58:01] [GradMonitor step=5790] deep/task: enc_layer4: mean=3.15e-06 std=5.25e-06 | PAM: mean=6.64e-05 std=1.10e-04 | CIAM: mean=3.17e-06 std=5.26e-06
[05/14 06:58:01] [GradMonitor step=5790] param-grad: weight_base: mean=-1.54e-08 std=2.31e-07 | weight_base_open: mean=2.63e-05 std=1.11e-03 | enc_conv1_weight: mean=1.08e-04 std=8.95e-03
[05/14 06:58:02] [GradMonitor step=5800] near-input: bn0: mean=-1.85e-08 std=1.87e-04 pos=0.50 | enc_conv1: mean=-7.20e-15 std=2.69e-05 pos=0.36
[05/14 06:58:02] [GradMonitor step=5800] deep/task: enc_layer4: mean=2.68e-06 std=4.03e-06 | PAM: mean=5.65e-05 std=8.49e-05 | CIAM: mean=2.71e-06 std=4.04e-06
[05/14 06:58:02] [GradMonitor step=5800] param-grad: weight_base: mean=-1.56e-08 std=2.75e-07 | weight_base_open: mean=-3.91e-05 std=1.21e-03 | enc_conv1_weight: mean=1.60e-04 std=7.05e-03
[05/14 06:58:03] [GradMonitor step=5810] near-input: bn0: mean=1.06e-07 std=2.92e-04 pos=0.50 | enc_conv1: mean=4.21e-15 std=4.19e-05 pos=0.31
[05/14 06:58:03] [GradMonitor step=5810] deep/task: enc_layer4: mean=1.77e-06 std=6.78e-06 | PAM: mean=3.76e-05 std=1.43e-04 | CIAM: mean=1.80e-06 std=6.78e-06
[05/14 06:58:03] [GradMonitor step=5810] param-grad: weight_base: mean=5.93e-09 std=2.29e-07 | weight_base_open: mean=-2.20e-06 std=1.04e-03 | enc_conv1_weight: mean=3.94e-04 std=1.17e-02
[05/14 06:58:04] [GradMonitor step=5820] near-input: bn0: mean=1.11e-08 std=1.89e-04 pos=0.50 | enc_conv1: mean=-9.24e-16 std=2.37e-05 pos=0.31
[05/14 06:58:04] [GradMonitor step=5820] deep/task: enc_layer4: mean=2.55e-06 std=3.93e-06 | PAM: mean=5.39e-05 std=8.31e-05 | CIAM: mean=2.57e-06 std=3.94e-06
[05/14 06:58:04] [GradMonitor step=5820] param-grad: weight_base: mean=6.37e-09 std=3.54e-07 | weight_base_open: mean=2.06e-05 std=1.05e-03 | enc_conv1_weight: mean=-2.41e-03 std=1.02e-02
[05/14 06:58:05] [GradMonitor step=5830] near-input: bn0: mean=-5.95e-08 std=1.41e-04 pos=0.50 | enc_conv1: mean=-3.66e-17 std=1.86e-05 pos=0.33
[05/14 06:58:05] [GradMonitor step=5830] deep/task: enc_layer4: mean=1.79e-06 std=3.51e-06 | PAM: mean=3.75e-05 std=7.37e-05 | CIAM: mean=1.80e-06 std=3.52e-06
[05/14 06:58:05] [GradMonitor step=5830] param-grad: weight_base: mean=-5.86e-09 std=1.02e-07 | weight_base_open: mean=4.84e-05 std=9.02e-04 | enc_conv1_weight: mean=-2.23e-03 std=8.78e-03
[05/14 06:58:05] [GradMonitor step=5840] near-input: bn0: mean=-8.98e-08 std=1.76e-04 pos=0.50 | enc_conv1: mean=2.94e-15 std=2.41e-05 pos=0.35
[05/14 06:58:05] [GradMonitor step=5840] deep/task: enc_layer4: mean=2.33e-06 std=3.96e-06 | PAM: mean=4.89e-05 std=8.32e-05 | CIAM: mean=2.35e-06 std=3.96e-06
[05/14 06:58:05] [GradMonitor step=5840] param-grad: weight_base: mean=-1.21e-09 std=2.26e-07 | weight_base_open: mean=3.12e-05 std=8.41e-04 | enc_conv1_weight: mean=2.17e-03 std=7.29e-03
[05/14 06:58:06] [GradMonitor step=5850] near-input: bn0: mean=1.54e-08 std=2.31e-04 pos=0.50 | enc_conv1: mean=-7.99e-15 std=3.00e-05 pos=0.38
[05/14 06:58:06] [GradMonitor step=5850] deep/task: enc_layer4: mean=2.70e-06 std=4.83e-06 | PAM: mean=5.68e-05 std=1.02e-04 | CIAM: mean=2.73e-06 std=4.84e-06
[05/14 06:58:06] [GradMonitor step=5850] param-grad: weight_base: mean=-1.17e-08 std=1.67e-07 | weight_base_open: mean=9.15e-05 std=1.03e-03 | enc_conv1_weight: mean=-3.46e-04 std=8.59e-03
[05/14 06:58:07] [GradMonitor step=5860] near-input: bn0: mean=-6.21e-08 std=3.22e-04 pos=0.50 | enc_conv1: mean=-9.63e-15 std=4.01e-05 pos=0.35
[05/14 06:58:07] [GradMonitor step=5860] deep/task: enc_layer4: mean=2.60e-06 std=5.05e-06 | PAM: mean=5.50e-05 std=1.08e-04 | CIAM: mean=2.62e-06 std=5.05e-06
[05/14 06:58:07] [GradMonitor step=5860] param-grad: weight_base: mean=-9.49e-09 std=2.34e-07 | weight_base_open: mean=2.79e-05 std=8.30e-04 | enc_conv1_weight: mean=-1.84e-03 std=1.07e-02
[05/14 06:58:08] [GradMonitor step=5870] near-input: bn0: mean=6.62e-08 std=2.13e-04 pos=0.50 | enc_conv1: mean=2.78e-16 std=2.79e-05 pos=0.37
[05/14 06:58:08] [GradMonitor step=5870] deep/task: enc_layer4: mean=2.85e-06 std=5.25e-06 | PAM: mean=6.01e-05 std=1.10e-04 | CIAM: mean=2.88e-06 std=5.27e-06
[05/14 06:58:08] [GradMonitor step=5870] param-grad: weight_base: mean=4.14e-09 std=2.82e-07 | weight_base_open: mean=-4.29e-05 std=9.32e-04 | enc_conv1_weight: mean=-1.68e-03 std=1.03e-02
[05/14 06:58:09] [GradMonitor step=5880] near-input: bn0: mean=2.91e-09 std=2.26e-04 pos=0.50 | enc_conv1: mean=2.43e-15 std=3.00e-05 pos=0.38
[05/14 06:58:09] [GradMonitor step=5880] deep/task: enc_layer4: mean=2.23e-06 std=5.06e-06 | PAM: mean=4.71e-05 std=1.07e-04 | CIAM: mean=2.25e-06 std=5.06e-06
[05/14 06:58:09] [GradMonitor step=5880] param-grad: weight_base: mean=-1.54e-08 std=3.65e-07 | weight_base_open: mean=9.51e-05 std=1.12e-03 | enc_conv1_weight: mean=1.25e-03 std=9.28e-03
[05/14 06:58:10] [GradMonitor step=5890] near-input: bn0: mean=-2.53e-08 std=1.74e-04 pos=0.50 | enc_conv1: mean=1.30e-15 std=2.34e-05 pos=0.31
[05/14 06:58:10] [GradMonitor step=5890] deep/task: enc_layer4: mean=2.86e-06 std=4.14e-06 | PAM: mean=6.01e-05 std=8.77e-05 | CIAM: mean=2.88e-06 std=4.15e-06
[05/14 06:58:10] [GradMonitor step=5890] param-grad: weight_base: mean=1.25e-08 std=3.16e-07 | weight_base_open: mean=-2.90e-05 std=1.05e-03 | enc_conv1_weight: mean=4.50e-04 std=7.71e-03
[05/14 06:58:10] [GradMonitor step=5900] near-input: bn0: mean=-8.09e-08 std=2.00e-04 pos=0.50 | enc_conv1: mean=6.05e-15 std=2.72e-05 pos=0.36
[05/14 06:58:10] [GradMonitor step=5900] deep/task: enc_layer4: mean=3.25e-06 std=5.54e-06 | PAM: mean=6.90e-05 std=1.17e-04 | CIAM: mean=3.29e-06 std=5.55e-06
[05/14 06:58:10] [GradMonitor step=5900] param-grad: weight_base: mean=-4.96e-09 std=2.05e-07 | weight_base_open: mean=-4.20e-05 std=1.01e-03 | enc_conv1_weight: mean=1.13e-03 std=1.05e-02
[05/14 06:58:11] [GradMonitor step=5910] near-input: bn0: mean=-7.81e-08 std=1.60e-04 pos=0.50 | enc_conv1: mean=7.81e-15 std=2.12e-05 pos=0.32
[05/14 06:58:11] [GradMonitor step=5910] deep/task: enc_layer4: mean=1.86e-06 std=3.48e-06 | PAM: mean=3.96e-05 std=7.37e-05 | CIAM: mean=1.88e-06 std=3.49e-06
[05/14 06:58:11] [GradMonitor step=5910] param-grad: weight_base: mean=6.05e-09 std=3.92e-07 | weight_base_open: mean=-9.41e-07 std=1.16e-03 | enc_conv1_weight: mean=-2.68e-04 std=8.16e-03
[05/14 06:58:12] [GradMonitor step=5920] near-input: bn0: mean=-5.81e-08 std=1.74e-04 pos=0.50 | enc_conv1: mean=-7.58e-15 std=2.35e-05 pos=0.35
[05/14 06:58:12] [GradMonitor step=5920] deep/task: enc_layer4: mean=2.68e-06 std=4.34e-06 | PAM: mean=5.67e-05 std=9.17e-05 | CIAM: mean=2.70e-06 std=4.34e-06
[05/14 06:58:12] [GradMonitor step=5920] param-grad: weight_base: mean=-1.39e-08 std=3.57e-07 | weight_base_open: mean=1.90e-06 std=1.27e-03 | enc_conv1_weight: mean=2.05e-03 std=1.15e-02
[05/14 06:58:13] [GradMonitor step=5930] near-input: bn0: mean=-5.19e-08 std=1.74e-04 pos=0.50 | enc_conv1: mean=5.57e-15 std=2.38e-05 pos=0.28
[05/14 06:58:13] [GradMonitor step=5930] deep/task: enc_layer4: mean=2.14e-06 std=4.49e-06 | PAM: mean=4.49e-05 std=9.41e-05 | CIAM: mean=2.16e-06 std=4.50e-06
[05/14 06:58:13] [GradMonitor step=5930] param-grad: weight_base: mean=-5.65e-09 std=1.33e-07 | weight_base_open: mean=1.04e-05 std=9.40e-04 | enc_conv1_weight: mean=-4.23e-04 std=1.16e-02
[05/14 06:58:14] [GradMonitor step=5940] near-input: bn0: mean=4.67e-08 std=3.23e-04 pos=0.50 | enc_conv1: mean=8.59e-15 std=3.96e-05 pos=0.38
[05/14 06:58:14] [GradMonitor step=5940] deep/task: enc_layer4: mean=2.42e-06 std=4.59e-06 | PAM: mean=5.10e-05 std=9.68e-05 | CIAM: mean=2.44e-06 std=4.59e-06
[05/14 06:58:14] [GradMonitor step=5940] param-grad: weight_base: mean=-1.07e-08 std=3.31e-07 | weight_base_open: mean=7.25e-05 std=1.15e-03 | enc_conv1_weight: mean=-4.98e-05 std=1.10e-02
[05/14 06:58:14] [GradMonitor step=5950] near-input: bn0: mean=-1.41e-08 std=2.13e-04 pos=0.50 | enc_conv1: mean=1.07e-15 std=2.90e-05 pos=0.33
[05/14 06:58:14] [GradMonitor step=5950] deep/task: enc_layer4: mean=2.46e-06 std=5.33e-06 | PAM: mean=5.18e-05 std=1.13e-04 | CIAM: mean=2.48e-06 std=5.34e-06
[05/14 06:58:14] [GradMonitor step=5950] param-grad: weight_base: mean=4.99e-09 std=1.22e-07 | weight_base_open: mean=7.70e-06 std=1.04e-03 | enc_conv1_weight: mean=-1.09e-03 std=1.04e-02
[05/14 06:58:15] [GradMonitor step=5960] near-input: bn0: mean=9.44e-09 std=3.78e-04 pos=0.50 | enc_conv1: mean=-1.58e-14 std=4.97e-05 pos=0.46
[05/14 06:58:15] [GradMonitor step=5960] deep/task: enc_layer4: mean=2.96e-06 std=5.83e-06 | PAM: mean=6.26e-05 std=1.23e-04 | CIAM: mean=3.00e-06 std=5.83e-06
[05/14 06:58:15] [GradMonitor step=5960] param-grad: weight_base: mean=1.99e-09 std=6.21e-08 | weight_base_open: mean=-4.97e-05 std=8.20e-04 | enc_conv1_weight: mean=2.05e-03 std=1.15e-02
[05/14 06:58:16] [GradMonitor step=5970] near-input: bn0: mean=1.66e-07 std=3.38e-04 pos=0.50 | enc_conv1: mean=2.07e-14 std=4.98e-05 pos=0.39
[05/14 06:58:16] [GradMonitor step=5970] deep/task: enc_layer4: mean=3.05e-06 std=5.88e-06 | PAM: mean=6.50e-05 std=1.25e-04 | CIAM: mean=3.08e-06 std=5.89e-06
[05/14 06:58:16] [GradMonitor step=5970] param-grad: weight_base: mean=-7.55e-09 std=1.19e-07 | weight_base_open: mean=-1.16e-04 std=1.21e-03 | enc_conv1_weight: mean=-1.42e-03 std=1.09e-02
[05/14 06:58:17] [GradMonitor step=5980] near-input: bn0: mean=1.20e-08 std=2.08e-04 pos=0.50 | enc_conv1: mean=-6.48e-15 std=2.67e-05 pos=0.30
[05/14 06:58:17] [GradMonitor step=5980] deep/task: enc_layer4: mean=2.89e-06 std=4.59e-06 | PAM: mean=6.06e-05 std=9.59e-05 | CIAM: mean=2.92e-06 std=4.60e-06
[05/14 06:58:17] [GradMonitor step=5980] param-grad: weight_base: mean=-3.58e-09 std=2.77e-07 | weight_base_open: mean=-9.52e-05 std=1.07e-03 | enc_conv1_weight: mean=-1.00e-03 std=8.29e-03
[05/14 06:58:17] [GradMonitor step=5990] near-input: bn0: mean=9.11e-08 std=3.00e-04 pos=0.50 | enc_conv1: mean=2.50e-15 std=3.82e-05 pos=0.35
[05/14 06:58:17] [GradMonitor step=5990] deep/task: enc_layer4: mean=2.92e-06 std=6.79e-06 | PAM: mean=6.24e-05 std=1.45e-04 | CIAM: mean=2.96e-06 std=6.80e-06
[05/14 06:58:17] [GradMonitor step=5990] param-grad: weight_base: mean=6.54e-09 std=1.34e-07 | weight_base_open: mean=4.41e-05 std=1.02e-03 | enc_conv1_weight: mean=-2.18e-04 std=1.18e-02
[05/14 06:58:18] [GradMonitor step=6000] near-input: bn0: mean=5.67e-08 std=3.97e-04 pos=0.50 | enc_conv1: mean=-1.24e-14 std=5.31e-05 pos=0.38
[05/14 06:58:18] [GradMonitor step=6000] deep/task: enc_layer4: mean=2.82e-06 std=7.37e-06 | PAM: mean=5.97e-05 std=1.54e-04 | CIAM: mean=2.84e-06 std=7.37e-06
[05/14 06:58:18] [GradMonitor step=6000] param-grad: weight_base: mean=4.90e-09 std=3.10e-07 | weight_base_open: mean=2.89e-05 std=1.13e-03 | enc_conv1_weight: mean=-4.62e-03 std=1.29e-02
[05/14 06:58:18] 
[05/14 06:58:18] epoch 15/40, iter 6000:
[05/14 06:58:18] train_loss: 0.90080
[05/14 06:58:18] train_acc: 0.988
[05/14 06:58:18] train_auroc: 0.978
[05/14 06:58:24] Summary name val_6-way-5-shot_tpr@tnr95 is illegal; using val_6-way-5-shot_tpr_tnr95 instead.
[05/14 06:58:24] val_6-way-5-shot_acc: 65.844	0.661
[05/14 06:58:24] val_6-way-5-shot_auroc: 38.192	1.931
[05/14 06:58:24] val_6-way-5-shot_fscore: 19.711	0.268
[05/14 06:58:24] val_6-way-5-shot_tpr@tnr95: 4.538	1.296
[05/14 06:58:24] val_6-way-5-shot_osr: 49.058	0.661
[05/14 06:58:25] BEST Fscore!
[05/14 06:58:26] [GradMonitor step=6010] near-input: bn0: mean=-4.08e-08 std=1.39e-04 pos=0.50 | enc_conv1: mean=-1.45e-15 std=1.99e-05 pos=0.31
[05/14 06:58:26] [GradMonitor step=6010] deep/task: enc_layer4: mean=2.77e-06 std=4.37e-06 | PAM: mean=5.81e-05 std=9.15e-05 | CIAM: mean=2.79e-06 std=4.37e-06
[05/14 06:58:26] [GradMonitor step=6010] param-grad: weight_base: mean=-5.51e-09 std=1.92e-07 | weight_base_open: mean=-1.28e-04 std=1.16e-03 | enc_conv1_weight: mean=-2.96e-03 std=9.40e-03
[05/14 06:58:26] [GradMonitor step=6020] near-input: bn0: mean=8.11e-08 std=4.03e-04 pos=0.50 | enc_conv1: mean=1.49e-14 std=5.73e-05 pos=0.39
[05/14 06:58:26] [GradMonitor step=6020] deep/task: enc_layer4: mean=2.41e-06 std=6.99e-06 | PAM: mean=5.16e-05 std=1.48e-04 | CIAM: mean=2.43e-06 std=6.99e-06
[05/14 06:58:26] [GradMonitor step=6020] param-grad: weight_base: mean=9.57e-09 std=2.46e-07 | weight_base_open: mean=-1.02e-04 std=1.33e-03 | enc_conv1_weight: mean=2.67e-03 std=1.27e-02
[05/14 06:58:27] [GradMonitor step=6030] near-input: bn0: mean=6.26e-08 std=3.07e-04 pos=0.50 | enc_conv1: mean=-8.62e-16 std=4.03e-05 pos=0.39
[05/14 06:58:27] [GradMonitor step=6030] deep/task: enc_layer4: mean=2.61e-06 std=5.36e-06 | PAM: mean=5.52e-05 std=1.13e-04 | CIAM: mean=2.63e-06 std=5.37e-06
[05/14 06:58:27] [GradMonitor step=6030] param-grad: weight_base: mean=7.80e-09 std=2.72e-07 | weight_base_open: mean=2.59e-05 std=1.21e-03 | enc_conv1_weight: mean=2.42e-03 std=1.08e-02
[05/14 06:58:28] [GradMonitor step=6040] near-input: bn0: mean=3.86e-08 std=2.29e-04 pos=0.50 | enc_conv1: mean=-2.66e-15 std=2.94e-05 pos=0.35
[05/14 06:58:28] [GradMonitor step=6040] deep/task: enc_layer4: mean=2.38e-06 std=5.59e-06 | PAM: mean=5.01e-05 std=1.17e-04 | CIAM: mean=2.40e-06 std=5.59e-06
[05/14 06:58:28] [GradMonitor step=6040] param-grad: weight_base: mean=-7.85e-09 std=1.68e-07 | weight_base_open: mean=8.12e-05 std=9.12e-04 | enc_conv1_weight: mean=1.62e-03 std=9.97e-03
[05/14 06:58:29] [GradMonitor step=6050] near-input: bn0: mean=4.42e-08 std=2.40e-04 pos=0.50 | enc_conv1: mean=6.50e-15 std=3.25e-05 pos=0.34
[05/14 06:58:29] [GradMonitor step=6050] deep/task: enc_layer4: mean=3.11e-06 std=6.27e-06 | PAM: mean=6.58e-05 std=1.32e-04 | CIAM: mean=3.14e-06 std=6.28e-06
[05/14 06:58:29] [GradMonitor step=6050] param-grad: weight_base: mean=-4.08e-09 std=2.45e-07 | weight_base_open: mean=-3.59e-05 std=8.94e-04 | enc_conv1_weight: mean=1.14e-03 std=9.57e-03
[05/14 06:58:30] [GradMonitor step=6060] near-input: bn0: mean=5.50e-08 std=1.73e-04 pos=0.50 | enc_conv1: mean=-4.79e-15 std=2.24e-05 pos=0.35
[05/14 06:58:30] [GradMonitor step=6060] deep/task: enc_layer4: mean=2.15e-06 std=3.84e-06 | PAM: mean=4.55e-05 std=8.10e-05 | CIAM: mean=2.17e-06 std=3.84e-06
[05/14 06:58:30] [GradMonitor step=6060] param-grad: weight_base: mean=-1.39e-08 std=4.91e-07 | weight_base_open: mean=-2.60e-05 std=1.16e-03 | enc_conv1_weight: mean=-1.39e-03 std=8.32e-03
[05/14 06:58:30] [GradMonitor step=6070] near-input: bn0: mean=-4.76e-09 std=1.29e-04 pos=0.50 | enc_conv1: mean=-1.87e-15 std=1.66e-05 pos=0.31
[05/14 06:58:30] [GradMonitor step=6070] deep/task: enc_layer4: mean=2.02e-06 std=3.66e-06 | PAM: mean=4.25e-05 std=7.71e-05 | CIAM: mean=2.04e-06 std=3.67e-06
[05/14 06:58:30] [GradMonitor step=6070] param-grad: weight_base: mean=5.90e-09 std=1.19e-07 | weight_base_open: mean=2.29e-05 std=7.84e-04 | enc_conv1_weight: mean=-3.71e-04 std=9.87e-03
[05/14 06:58:31] [GradMonitor step=6080] near-input: bn0: mean=6.49e-08 std=3.93e-04 pos=0.50 | enc_conv1: mean=8.70e-16 std=6.09e-05 pos=0.41
[05/14 06:58:31] [GradMonitor step=6080] deep/task: enc_layer4: mean=2.98e-06 std=6.92e-06 | PAM: mean=6.35e-05 std=1.46e-04 | CIAM: mean=2.99e-06 std=6.92e-06
[05/14 06:58:31] [GradMonitor step=6080] param-grad: weight_base: mean=1.54e-08 std=2.89e-07 | weight_base_open: mean=1.89e-05 std=9.97e-04 | enc_conv1_weight: mean=4.82e-04 std=1.43e-02
[05/14 06:58:32] [GradMonitor step=6090] near-input: bn0: mean=1.64e-08 std=1.85e-04 pos=0.50 | enc_conv1: mean=-5.45e-15 std=2.58e-05 pos=0.31
[05/14 06:58:32] [GradMonitor step=6090] deep/task: enc_layer4: mean=3.01e-06 std=5.04e-06 | PAM: mean=6.34e-05 std=1.06e-04 | CIAM: mean=3.03e-06 std=5.05e-06
[05/14 06:58:32] [GradMonitor step=6090] param-grad: weight_base: mean=-1.32e-08 std=3.01e-07 | weight_base_open: mean=4.28e-05 std=1.13e-03 | enc_conv1_weight: mean=-5.20e-04 std=9.50e-03
[05/14 06:58:33] [GradMonitor step=6100] near-input: bn0: mean=2.45e-08 std=1.76e-04 pos=0.50 | enc_conv1: mean=-4.55e-15 std=2.28e-05 pos=0.26
[05/14 06:58:33] [GradMonitor step=6100] deep/task: enc_layer4: mean=2.51e-06 std=3.65e-06 | PAM: mean=5.29e-05 std=7.67e-05 | CIAM: mean=2.53e-06 std=3.65e-06
[05/14 06:58:33] [GradMonitor step=6100] param-grad: weight_base: mean=-2.09e-08 std=3.81e-07 | weight_base_open: mean=-9.13e-06 std=1.19e-03 | enc_conv1_weight: mean=4.52e-04 std=7.42e-03
[05/14 06:58:34] [GradMonitor step=6110] near-input: bn0: mean=2.30e-07 std=3.70e-04 pos=0.50 | enc_conv1: mean=-3.26e-15 std=5.12e-05 pos=0.37
[05/14 06:58:34] [GradMonitor step=6110] deep/task: enc_layer4: mean=2.07e-06 std=6.81e-06 | PAM: mean=4.39e-05 std=1.44e-04 | CIAM: mean=2.10e-06 std=6.82e-06
[05/14 06:58:34] [GradMonitor step=6110] param-grad: weight_base: mean=9.51e-09 std=4.51e-07 | weight_base_open: mean=-8.04e-05 std=1.91e-03 | enc_conv1_weight: mean=-1.58e-03 std=1.00e-02
[05/14 06:58:35] [GradMonitor step=6120] near-input: bn0: mean=5.08e-08 std=1.83e-04 pos=0.50 | enc_conv1: mean=3.42e-16 std=2.59e-05 pos=0.31
[05/14 06:58:35] [GradMonitor step=6120] deep/task: enc_layer4: mean=2.73e-06 std=5.15e-06 | PAM: mean=5.82e-05 std=1.09e-04 | CIAM: mean=2.76e-06 std=5.16e-06
[05/14 06:58:35] [GradMonitor step=6120] param-grad: weight_base: mean=1.88e-08 std=3.53e-07 | weight_base_open: mean=-8.60e-06 std=1.12e-03 | enc_conv1_weight: mean=-1.25e-03 std=8.98e-03
[05/14 06:58:35] [GradMonitor step=6130] near-input: bn0: mean=-2.04e-08 std=1.78e-04 pos=0.50 | enc_conv1: mean=2.40e-15 std=2.34e-05 pos=0.32
[05/14 06:58:35] [GradMonitor step=6130] deep/task: enc_layer4: mean=2.73e-06 std=4.44e-06 | PAM: mean=5.75e-05 std=9.33e-05 | CIAM: mean=2.75e-06 std=4.46e-06
[05/14 06:58:35] [GradMonitor step=6130] param-grad: weight_base: mean=-3.36e-09 std=1.55e-07 | weight_base_open: mean=2.03e-05 std=8.99e-04 | enc_conv1_weight: mean=-3.13e-04 std=9.33e-03
[05/14 06:58:36] [GradMonitor step=6140] near-input: bn0: mean=2.68e-08 std=1.76e-04 pos=0.50 | enc_conv1: mean=-9.55e-15 std=2.30e-05 pos=0.30
[05/14 06:58:36] [GradMonitor step=6140] deep/task: enc_layer4: mean=2.29e-06 std=5.37e-06 | PAM: mean=4.82e-05 std=1.13e-04 | CIAM: mean=2.31e-06 std=5.38e-06
[05/14 06:58:36] [GradMonitor step=6140] param-grad: weight_base: mean=5.28e-10 std=1.80e-07 | weight_base_open: mean=-2.70e-05 std=8.77e-04 | enc_conv1_weight: mean=7.80e-04 std=8.08e-03
[05/14 06:58:37] [GradMonitor step=6150] near-input: bn0: mean=5.47e-08 std=2.64e-04 pos=0.50 | enc_conv1: mean=-4.28e-15 std=3.29e-05 pos=0.35
[05/14 06:58:37] [GradMonitor step=6150] deep/task: enc_layer4: mean=2.38e-06 std=5.89e-06 | PAM: mean=5.04e-05 std=1.24e-04 | CIAM: mean=2.40e-06 std=5.89e-06
[05/14 06:58:37] [GradMonitor step=6150] param-grad: weight_base: mean=1.59e-08 std=2.79e-07 | weight_base_open: mean=2.31e-05 std=8.72e-04 | enc_conv1_weight: mean=3.32e-03 std=1.02e-02
[05/14 06:58:38] [GradMonitor step=6160] near-input: bn0: mean=2.34e-08 std=1.91e-04 pos=0.50 | enc_conv1: mean=-3.69e-15 std=2.37e-05 pos=0.32
[05/14 06:58:38] [GradMonitor step=6160] deep/task: enc_layer4: mean=2.20e-06 std=2.84e-06 | PAM: mean=4.63e-05 std=6.00e-05 | CIAM: mean=2.22e-06 std=2.85e-06
[05/14 06:58:38] [GradMonitor step=6160] param-grad: weight_base: mean=1.12e-08 std=2.24e-07 | weight_base_open: mean=3.19e-05 std=7.48e-04 | enc_conv1_weight: mean=1.08e-03 std=4.82e-03
[05/14 06:58:39] [GradMonitor step=6170] near-input: bn0: mean=-1.19e-08 std=2.53e-04 pos=0.50 | enc_conv1: mean=1.35e-15 std=3.28e-05 pos=0.37
[05/14 06:58:39] [GradMonitor step=6170] deep/task: enc_layer4: mean=2.38e-06 std=5.02e-06 | PAM: mean=5.02e-05 std=1.05e-04 | CIAM: mean=2.40e-06 std=5.02e-06
[05/14 06:58:39] [GradMonitor step=6170] param-grad: weight_base: mean=6.33e-10 std=1.47e-07 | weight_base_open: mean=-8.30e-07 std=8.59e-04 | enc_conv1_weight: mean=2.12e-04 std=8.39e-03
[05/14 06:58:39] [GradMonitor step=6180] near-input: bn0: mean=-9.87e-08 std=1.96e-04 pos=0.50 | enc_conv1: mean=6.10e-15 std=2.43e-05 pos=0.29
[05/14 06:58:39] [GradMonitor step=6180] deep/task: enc_layer4: mean=2.56e-06 std=3.86e-06 | PAM: mean=5.41e-05 std=8.13e-05 | CIAM: mean=2.58e-06 std=3.86e-06
[05/14 06:58:39] [GradMonitor step=6180] param-grad: weight_base: mean=-8.84e-09 std=2.60e-07 | weight_base_open: mean=-1.05e-05 std=8.34e-04 | enc_conv1_weight: mean=4.50e-04 std=9.93e-03
[05/14 06:58:40] [GradMonitor step=6190] near-input: bn0: mean=1.22e-09 std=2.66e-04 pos=0.50 | enc_conv1: mean=2.99e-15 std=3.23e-05 pos=0.37
[05/14 06:58:40] [GradMonitor step=6190] deep/task: enc_layer4: mean=3.12e-06 std=5.00e-06 | PAM: mean=6.58e-05 std=1.05e-04 | CIAM: mean=3.15e-06 std=5.00e-06
[05/14 06:58:40] [GradMonitor step=6190] param-grad: weight_base: mean=-6.33e-09 std=1.98e-07 | weight_base_open: mean=7.51e-06 std=1.05e-03 | enc_conv1_weight: mean=1.21e-04 std=8.60e-03
[05/14 06:58:41] [GradMonitor step=6200] near-input: bn0: mean=-2.48e-08 std=1.73e-04 pos=0.50 | enc_conv1: mean=1.05e-14 std=2.50e-05 pos=0.34
[05/14 06:58:41] [GradMonitor step=6200] deep/task: enc_layer4: mean=2.65e-06 std=3.86e-06 | PAM: mean=5.60e-05 std=8.13e-05 | CIAM: mean=2.68e-06 std=3.87e-06
[05/14 06:58:41] [GradMonitor step=6200] param-grad: weight_base: mean=-5.48e-09 std=1.53e-07 | weight_base_open: mean=5.54e-05 std=1.16e-03 | enc_conv1_weight: mean=3.09e-04 std=7.09e-03
[05/14 06:58:42] [GradMonitor step=6210] near-input: bn0: mean=1.10e-07 std=2.94e-04 pos=0.50 | enc_conv1: mean=-6.41e-15 std=4.21e-05 pos=0.31
[05/14 06:58:42] [GradMonitor step=6210] deep/task: enc_layer4: mean=1.71e-06 std=6.62e-06 | PAM: mean=3.64e-05 std=1.40e-04 | CIAM: mean=1.74e-06 std=6.61e-06
[05/14 06:58:42] [GradMonitor step=6210] param-grad: weight_base: mean=1.63e-08 std=3.13e-07 | weight_base_open: mean=-6.76e-05 std=1.20e-03 | enc_conv1_weight: mean=1.17e-04 std=1.16e-02
[05/14 06:58:43] [GradMonitor step=6220] near-input: bn0: mean=1.89e-08 std=1.75e-04 pos=0.50 | enc_conv1: mean=-4.55e-15 std=2.21e-05 pos=0.31
[05/14 06:58:43] [GradMonitor step=6220] deep/task: enc_layer4: mean=2.50e-06 std=3.74e-06 | PAM: mean=5.28e-05 std=7.90e-05 | CIAM: mean=2.52e-06 std=3.75e-06
[05/14 06:58:43] [GradMonitor step=6220] param-grad: weight_base: mean=-1.06e-08 std=2.64e-07 | weight_base_open: mean=2.39e-05 std=1.15e-03 | enc_conv1_weight: mean=-1.82e-03 std=1.06e-02
[05/14 06:58:44] [GradMonitor step=6230] near-input: bn0: mean=-4.94e-08 std=1.37e-04 pos=0.50 | enc_conv1: mean=1.60e-15 std=1.81e-05 pos=0.33
[05/14 06:58:44] [GradMonitor step=6230] deep/task: enc_layer4: mean=1.73e-06 std=3.32e-06 | PAM: mean=3.63e-05 std=6.96e-05 | CIAM: mean=1.74e-06 std=3.32e-06
[05/14 06:58:44] [GradMonitor step=6230] param-grad: weight_base: mean=-7.32e-09 std=2.36e-07 | weight_base_open: mean=4.56e-05 std=9.27e-04 | enc_conv1_weight: mean=-2.37e-03 std=8.54e-03
[05/14 06:58:44] [GradMonitor step=6240] near-input: bn0: mean=-6.70e-08 std=1.58e-04 pos=0.50 | enc_conv1: mean=-5.25e-15 std=2.18e-05 pos=0.34
[05/14 06:58:44] [GradMonitor step=6240] deep/task: enc_layer4: mean=2.24e-06 std=3.63e-06 | PAM: mean=4.70e-05 std=7.62e-05 | CIAM: mean=2.26e-06 std=3.63e-06
[05/14 06:58:44] [GradMonitor step=6240] param-grad: weight_base: mean=-1.24e-08 std=1.89e-07 | weight_base_open: mean=5.54e-05 std=9.37e-04 | enc_conv1_weight: mean=1.79e-03 std=6.47e-03
[05/14 06:58:45] [GradMonitor step=6250] near-input: bn0: mean=3.20e-09 std=2.10e-04 pos=0.50 | enc_conv1: mean=-2.77e-15 std=2.74e-05 pos=0.37
[05/14 06:58:45] [GradMonitor step=6250] deep/task: enc_layer4: mean=2.73e-06 std=4.35e-06 | PAM: mean=5.74e-05 std=9.15e-05 | CIAM: mean=2.75e-06 std=4.36e-06
[05/14 06:58:45] [GradMonitor step=6250] param-grad: weight_base: mean=2.77e-10 std=1.59e-07 | weight_base_open: mean=3.92e-07 std=1.11e-03 | enc_conv1_weight: mean=-6.45e-04 std=8.50e-03
[05/14 06:58:46] [GradMonitor step=6260] near-input: bn0: mean=-6.93e-08 std=2.80e-04 pos=0.50 | enc_conv1: mean=9.84e-15 std=3.48e-05 pos=0.35
[05/14 06:58:46] [GradMonitor step=6260] deep/task: enc_layer4: mean=2.48e-06 std=4.61e-06 | PAM: mean=5.26e-05 std=9.82e-05 | CIAM: mean=2.51e-06 std=4.61e-06
[05/14 06:58:46] [GradMonitor step=6260] param-grad: weight_base: mean=-7.16e-09 std=2.63e-07 | weight_base_open: mean=-4.27e-06 std=7.85e-04 | enc_conv1_weight: mean=-1.62e-03 std=9.98e-03
[05/14 06:58:47] [GradMonitor step=6270] near-input: bn0: mean=7.15e-08 std=2.01e-04 pos=0.50 | enc_conv1: mean=4.10e-15 std=2.65e-05 pos=0.37
[05/14 06:58:47] [GradMonitor step=6270] deep/task: enc_layer4: mean=2.91e-06 std=5.08e-06 | PAM: mean=6.15e-05 std=1.06e-04 | CIAM: mean=2.95e-06 std=5.10e-06
[05/14 06:58:47] [GradMonitor step=6270] param-grad: weight_base: mean=8.39e-10 std=2.02e-07 | weight_base_open: mean=-1.91e-05 std=9.78e-04 | enc_conv1_weight: mean=-1.75e-03 std=9.93e-03
[05/14 06:58:48] [GradMonitor step=6280] near-input: bn0: mean=3.17e-08 std=1.93e-04 pos=0.50 | enc_conv1: mean=7.24e-16 std=2.58e-05 pos=0.37
[05/14 06:58:48] [GradMonitor step=6280] deep/task: enc_layer4: mean=2.08e-06 std=4.55e-06 | PAM: mean=4.41e-05 std=9.58e-05 | CIAM: mean=2.10e-06 std=4.56e-06
[05/14 06:58:48] [GradMonitor step=6280] param-grad: weight_base: mean=1.78e-08 std=3.39e-07 | weight_base_open: mean=4.40e-05 std=1.08e-03 | enc_conv1_weight: mean=8.79e-04 std=7.94e-03
[05/14 06:58:48] [GradMonitor step=6290] near-input: bn0: mean=-1.82e-08 std=1.63e-04 pos=0.50 | enc_conv1: mean=-2.43e-15 std=2.19e-05 pos=0.32
[05/14 06:58:48] [GradMonitor step=6290] deep/task: enc_layer4: mean=2.81e-06 std=3.91e-06 | PAM: mean=5.92e-05 std=8.28e-05 | CIAM: mean=2.84e-06 std=3.92e-06
[05/14 06:58:48] [GradMonitor step=6290] param-grad: weight_base: mean=1.94e-09 std=2.49e-07 | weight_base_open: mean=9.79e-06 std=1.05e-03 | enc_conv1_weight: mean=1.86e-04 std=7.37e-03
[05/14 06:58:49] [GradMonitor step=6300] near-input: bn0: mean=-7.31e-08 std=1.83e-04 pos=0.50 | enc_conv1: mean=-6.75e-16 std=2.48e-05 pos=0.34
[05/14 06:58:49] [GradMonitor step=6300] deep/task: enc_layer4: mean=3.32e-06 std=5.36e-06 | PAM: mean=7.06e-05 std=1.13e-04 | CIAM: mean=3.37e-06 std=5.38e-06
[05/14 06:58:49] [GradMonitor step=6300] param-grad: weight_base: mean=9.70e-09 std=2.59e-07 | weight_base_open: mean=-5.50e-05 std=1.01e-03 | enc_conv1_weight: mean=1.06e-03 std=1.05e-02
[05/14 06:58:50] [GradMonitor step=6310] near-input: bn0: mean=-5.56e-08 std=1.48e-04 pos=0.50 | enc_conv1: mean=5.18e-15 std=1.97e-05 pos=0.33
[05/14 06:58:50] [GradMonitor step=6310] deep/task: enc_layer4: mean=1.81e-06 std=3.22e-06 | PAM: mean=3.86e-05 std=6.81e-05 | CIAM: mean=1.83e-06 std=3.22e-06
[05/14 06:58:50] [GradMonitor step=6310] param-grad: weight_base: mean=-1.46e-09 std=2.56e-07 | weight_base_open: mean=-3.31e-05 std=1.20e-03 | enc_conv1_weight: mean=-4.03e-05 std=7.53e-03
[05/14 06:58:51] [GradMonitor step=6320] near-input: bn0: mean=-6.94e-08 std=1.62e-04 pos=0.50 | enc_conv1: mean=1.39e-15 std=2.19e-05 pos=0.34
[05/14 06:58:51] [GradMonitor step=6320] deep/task: enc_layer4: mean=2.56e-06 std=3.96e-06 | PAM: mean=5.43e-05 std=8.36e-05 | CIAM: mean=2.59e-06 std=3.96e-06
[05/14 06:58:51] [GradMonitor step=6320] param-grad: weight_base: mean=-3.23e-08 std=4.38e-07 | weight_base_open: mean=-1.61e-05 std=1.01e-03 | enc_conv1_weight: mean=1.98e-03 std=1.12e-02
[05/14 06:58:52] [GradMonitor step=6330] near-input: bn0: mean=-4.99e-08 std=1.66e-04 pos=0.50 | enc_conv1: mean=3.65e-15 std=2.27e-05 pos=0.27
[05/14 06:58:52] [GradMonitor step=6330] deep/task: enc_layer4: mean=2.09e-06 std=4.33e-06 | PAM: mean=4.41e-05 std=9.06e-05 | CIAM: mean=2.12e-06 std=4.33e-06
[05/14 06:58:52] [GradMonitor step=6330] param-grad: weight_base: mean=-1.18e-08 std=4.39e-07 | weight_base_open: mean=-1.13e-06 std=9.98e-04 | enc_conv1_weight: mean=-1.03e-03 std=1.08e-02
[05/14 06:58:52] [GradMonitor step=6340] near-input: bn0: mean=3.30e-08 std=3.00e-04 pos=0.50 | enc_conv1: mean=-1.25e-14 std=3.67e-05 pos=0.38
[05/14 06:58:52] [GradMonitor step=6340] deep/task: enc_layer4: mean=2.38e-06 std=4.26e-06 | PAM: mean=5.03e-05 std=8.98e-05 | CIAM: mean=2.40e-06 std=4.27e-06
[05/14 06:58:52] [GradMonitor step=6340] param-grad: weight_base: mean=-2.00e-08 std=3.90e-07 | weight_base_open: mean=-1.86e-05 std=9.50e-04 | enc_conv1_weight: mean=1.97e-04 std=1.00e-02
[05/14 06:58:53] [GradMonitor step=6350] near-input: bn0: mean=-1.57e-08 std=2.17e-04 pos=0.50 | enc_conv1: mean=1.23e-14 std=2.99e-05 pos=0.34
[05/14 06:58:53] [GradMonitor step=6350] deep/task: enc_layer4: mean=2.50e-06 std=5.24e-06 | PAM: mean=5.29e-05 std=1.11e-04 | CIAM: mean=2.53e-06 std=5.25e-06
[05/14 06:58:53] [GradMonitor step=6350] param-grad: weight_base: mean=1.95e-08 std=3.27e-07 | weight_base_open: mean=3.17e-06 std=1.17e-03 | enc_conv1_weight: mean=-7.15e-04 std=1.10e-02
[05/14 06:58:54] [GradMonitor step=6360] near-input: bn0: mean=4.03e-08 std=3.39e-04 pos=0.50 | enc_conv1: mean=-2.02e-15 std=4.45e-05 pos=0.45
[05/14 06:58:54] [GradMonitor step=6360] deep/task: enc_layer4: mean=2.94e-06 std=5.39e-06 | PAM: mean=6.23e-05 std=1.14e-04 | CIAM: mean=2.99e-06 std=5.40e-06
[05/14 06:58:54] [GradMonitor step=6360] param-grad: weight_base: mean=1.50e-09 std=1.70e-07 | weight_base_open: mean=-8.64e-06 std=8.82e-04 | enc_conv1_weight: mean=1.84e-03 std=1.07e-02
[05/14 06:58:55] [GradMonitor step=6370] near-input: bn0: mean=1.34e-07 std=3.49e-04 pos=0.50 | enc_conv1: mean=-3.22e-14 std=5.20e-05 pos=0.39
[05/14 06:58:55] [GradMonitor step=6370] deep/task: enc_layer4: mean=3.10e-06 std=5.83e-06 | PAM: mean=6.61e-05 std=1.24e-04 | CIAM: mean=3.13e-06 std=5.84e-06
[05/14 06:58:55] [GradMonitor step=6370] param-grad: weight_base: mean=-9.64e-09 std=2.66e-07 | weight_base_open: mean=-9.98e-05 std=1.23e-03 | enc_conv1_weight: mean=-7.47e-04 std=1.13e-02
[05/14 06:58:56] [GradMonitor step=6380] near-input: bn0: mean=7.55e-09 std=1.92e-04 pos=0.50 | enc_conv1: mean=-1.07e-15 std=2.47e-05 pos=0.31
[05/14 06:58:56] [GradMonitor step=6380] deep/task: enc_layer4: mean=2.90e-06 std=4.33e-06 | PAM: mean=6.08e-05 std=9.03e-05 | CIAM: mean=2.93e-06 std=4.34e-06
[05/14 06:58:56] [GradMonitor step=6380] param-grad: weight_base: mean=5.25e-09 std=3.77e-07 | weight_base_open: mean=-3.65e-05 std=1.04e-03 | enc_conv1_weight: mean=-4.83e-04 std=7.19e-03
[05/14 06:58:56] [GradMonitor step=6390] near-input: bn0: mean=7.49e-08 std=2.84e-04 pos=0.50 | enc_conv1: mean=2.37e-14 std=3.61e-05 pos=0.36
[05/14 06:58:56] [GradMonitor step=6390] deep/task: enc_layer4: mean=3.06e-06 std=6.81e-06 | PAM: mean=6.53e-05 std=1.45e-04 | CIAM: mean=3.10e-06 std=6.82e-06
[05/14 06:58:56] [GradMonitor step=6390] param-grad: weight_base: mean=1.43e-09 std=2.90e-07 | weight_base_open: mean=7.60e-06 std=9.67e-04 | enc_conv1_weight: mean=-3.65e-04 std=1.22e-02
[05/14 06:58:57] [GradMonitor step=6400] near-input: bn0: mean=5.40e-08 std=3.88e-04 pos=0.50 | enc_conv1: mean=-2.94e-14 std=5.21e-05 pos=0.38
[05/14 06:58:57] [GradMonitor step=6400] deep/task: enc_layer4: mean=2.91e-06 std=7.15e-06 | PAM: mean=6.14e-05 std=1.50e-04 | CIAM: mean=2.93e-06 std=7.15e-06
[05/14 06:58:57] [GradMonitor step=6400] param-grad: weight_base: mean=3.40e-09 std=2.95e-07 | weight_base_open: mean=5.82e-05 std=1.11e-03 | enc_conv1_weight: mean=-4.13e-03 std=1.24e-02
[05/14 06:58:57] 
[05/14 06:58:57] epoch 16/40, iter 6400:
[05/14 06:58:57] train_loss: 0.86630
[05/14 06:58:57] train_acc: 0.991
[05/14 06:58:57] train_auroc: 0.983
[05/14 06:59:03] Summary name val_6-way-5-shot_tpr@tnr95 is illegal; using val_6-way-5-shot_tpr_tnr95 instead.
[05/14 06:59:03] val_6-way-5-shot_acc: 65.578	0.668
[05/14 06:59:03] val_6-way-5-shot_auroc: 38.462	1.920
[05/14 06:59:03] val_6-way-5-shot_fscore: 19.700	0.270
[05/14 06:59:03] val_6-way-5-shot_tpr@tnr95: 4.425	1.295
[05/14 06:59:03] val_6-way-5-shot_osr: 49.014	0.660
[05/14 06:59:04] [GradMonitor step=6410] near-input: bn0: mean=-2.36e-08 std=1.41e-04 pos=0.50 | enc_conv1: mean=-5.99e-15 std=2.02e-05 pos=0.33
[05/14 06:59:04] [GradMonitor step=6410] deep/task: enc_layer4: mean=2.70e-06 std=4.03e-06 | PAM: mean=5.67e-05 std=8.45e-05 | CIAM: mean=2.72e-06 std=4.04e-06
[05/14 06:59:04] [GradMonitor step=6410] param-grad: weight_base: mean=7.17e-09 std=3.82e-07 | weight_base_open: mean=4.58e-07 std=1.10e-03 | enc_conv1_weight: mean=-2.03e-03 std=8.63e-03
[05/14 06:59:05] [GradMonitor step=6420] near-input: bn0: mean=6.03e-08 std=3.96e-04 pos=0.50 | enc_conv1: mean=-4.51e-15 std=5.63e-05 pos=0.39
[05/14 06:59:05] [GradMonitor step=6420] deep/task: enc_layer4: mean=2.53e-06 std=6.76e-06 | PAM: mean=5.41e-05 std=1.43e-04 | CIAM: mean=2.54e-06 std=6.76e-06
[05/14 06:59:05] [GradMonitor step=6420] param-grad: weight_base: mean=1.29e-08 std=5.83e-07 | weight_base_open: mean=-5.01e-05 std=1.39e-03 | enc_conv1_weight: mean=2.64e-03 std=1.32e-02
[05/14 06:59:06] [GradMonitor step=6430] near-input: bn0: mean=4.91e-08 std=3.12e-04 pos=0.50 | enc_conv1: mean=1.77e-14 std=4.11e-05 pos=0.40
[05/14 06:59:06] [GradMonitor step=6430] deep/task: enc_layer4: mean=2.66e-06 std=5.27e-06 | PAM: mean=5.61e-05 std=1.11e-04 | CIAM: mean=2.67e-06 std=5.27e-06
[05/14 06:59:06] [GradMonitor step=6430] param-grad: weight_base: mean=-1.18e-08 std=2.95e-07 | weight_base_open: mean=7.14e-05 std=1.27e-03 | enc_conv1_weight: mean=2.10e-03 std=1.10e-02
[05/14 06:59:07] [GradMonitor step=6440] near-input: bn0: mean=4.02e-08 std=2.26e-04 pos=0.50 | enc_conv1: mean=-7.15e-16 std=2.90e-05 pos=0.34
[05/14 06:59:07] [GradMonitor step=6440] deep/task: enc_layer4: mean=2.30e-06 std=5.38e-06 | PAM: mean=4.85e-05 std=1.13e-04 | CIAM: mean=2.32e-06 std=5.38e-06
[05/14 06:59:07] [GradMonitor step=6440] param-grad: weight_base: mean=-1.74e-09 std=2.26e-07 | weight_base_open: mean=7.58e-05 std=9.45e-04 | enc_conv1_weight: mean=1.54e-03 std=9.04e-03
[05/14 06:59:08] [GradMonitor step=6450] near-input: bn0: mean=6.42e-08 std=2.43e-04 pos=0.50 | enc_conv1: mean=-7.82e-16 std=3.33e-05 pos=0.33
[05/14 06:59:08] [GradMonitor step=6450] deep/task: enc_layer4: mean=3.20e-06 std=6.39e-06 | PAM: mean=6.77e-05 std=1.34e-04 | CIAM: mean=3.23e-06 std=6.40e-06
[05/14 06:59:08] [GradMonitor step=6450] param-grad: weight_base: mean=6.57e-09 std=4.10e-07 | weight_base_open: mean=-5.28e-05 std=1.07e-03 | enc_conv1_weight: mean=1.27e-03 std=1.00e-02
[05/14 06:59:09] [GradMonitor step=6460] near-input: bn0: mean=4.00e-08 std=1.60e-04 pos=0.50 | enc_conv1: mean=1.03e-14 std=2.05e-05 pos=0.35
[05/14 06:59:09] [GradMonitor step=6460] deep/task: enc_layer4: mean=2.04e-06 std=3.47e-06 | PAM: mean=4.32e-05 std=7.32e-05 | CIAM: mean=2.06e-06 std=3.47e-06
[05/14 06:59:09] [GradMonitor step=6460] param-grad: weight_base: mean=-1.11e-08 std=4.06e-07 | weight_base_open: mean=3.38e-05 std=1.10e-03 | enc_conv1_weight: mean=-1.17e-03 std=7.27e-03
[05/14 06:59:09] [GradMonitor step=6470] near-input: bn0: mean=4.44e-09 std=1.20e-04 pos=0.50 | enc_conv1: mean=-2.49e-16 std=1.53e-05 pos=0.30
[05/14 06:59:09] [GradMonitor step=6470] deep/task: enc_layer4: mean=1.95e-06 std=3.41e-06 | PAM: mean=4.12e-05 std=7.16e-05 | CIAM: mean=1.98e-06 std=3.41e-06
[05/14 06:59:09] [GradMonitor step=6470] param-grad: weight_base: mean=1.76e-08 std=2.74e-07 | weight_base_open: mean=4.50e-05 std=7.70e-04 | enc_conv1_weight: mean=-3.03e-04 std=8.73e-03
[05/14 06:59:10] [GradMonitor step=6480] near-input: bn0: mean=7.17e-08 std=4.19e-04 pos=0.50 | enc_conv1: mean=1.45e-14 std=6.49e-05 pos=0.39
[05/14 06:59:10] [GradMonitor step=6480] deep/task: enc_layer4: mean=3.05e-06 std=6.84e-06 | PAM: mean=6.50e-05 std=1.44e-04 | CIAM: mean=3.06e-06 std=6.84e-06
[05/14 06:59:10] [GradMonitor step=6480] param-grad: weight_base: mean=5.77e-09 std=3.15e-07 | weight_base_open: mean=-6.70e-05 std=1.14e-03 | enc_conv1_weight: mean=-4.70e-04 std=1.44e-02
[05/14 06:59:11] [GradMonitor step=6490] near-input: bn0: mean=1.61e-08 std=1.73e-04 pos=0.50 | enc_conv1: mean=-3.10e-15 std=2.41e-05 pos=0.32
[05/14 06:59:11] [GradMonitor step=6490] deep/task: enc_layer4: mean=2.98e-06 std=4.66e-06 | PAM: mean=6.28e-05 std=9.75e-05 | CIAM: mean=3.01e-06 std=4.66e-06
[05/14 06:59:11] [GradMonitor step=6490] param-grad: weight_base: mean=-2.39e-09 std=2.85e-07 | weight_base_open: mean=6.25e-05 std=1.08e-03 | enc_conv1_weight: mean=-3.80e-04 std=8.56e-03
[05/14 06:59:12] [GradMonitor step=6500] near-input: bn0: mean=8.26e-09 std=1.67e-04 pos=0.50 | enc_conv1: mean=-4.21e-15 std=2.16e-05 pos=0.26
[05/14 06:59:12] [GradMonitor step=6500] deep/task: enc_layer4: mean=2.47e-06 std=3.46e-06 | PAM: mean=5.19e-05 std=7.26e-05 | CIAM: mean=2.48e-06 std=3.46e-06
[05/14 06:59:12] [GradMonitor step=6500] param-grad: weight_base: mean=-9.67e-10 std=3.53e-07 | weight_base_open: mean=4.24e-05 std=1.19e-03 | enc_conv1_weight: mean=2.13e-04 std=7.07e-03
[05/14 06:59:13] [GradMonitor step=6510] near-input: bn0: mean=2.24e-07 std=3.46e-04 pos=0.50 | enc_conv1: mean=-1.11e-14 std=4.82e-05 pos=0.37
[05/14 06:59:13] [GradMonitor step=6510] deep/task: enc_layer4: mean=2.14e-06 std=6.32e-06 | PAM: mean=4.55e-05 std=1.33e-04 | CIAM: mean=2.17e-06 std=6.32e-06
[05/14 06:59:13] [GradMonitor step=6510] param-grad: weight_base: mean=-3.03e-09 std=3.96e-07 | weight_base_open: mean=-9.05e-05 std=1.91e-03 | enc_conv1_weight: mean=-1.07e-03 std=1.00e-02
[05/14 06:59:14] [GradMonitor step=6520] near-input: bn0: mean=4.40e-08 std=1.68e-04 pos=0.50 | enc_conv1: mean=1.18e-14 std=2.40e-05 pos=0.31
[05/14 06:59:14] [GradMonitor step=6520] deep/task: enc_layer4: mean=2.66e-06 std=4.81e-06 | PAM: mean=5.67e-05 std=1.02e-04 | CIAM: mean=2.69e-06 std=4.82e-06
[05/14 06:59:14] [GradMonitor step=6520] param-grad: weight_base: mean=2.19e-09 std=2.35e-07 | weight_base_open: mean=2.64e-05 std=1.00e-03 | enc_conv1_weight: mean=-1.47e-03 std=8.27e-03
[05/14 06:59:14] [GradMonitor step=6530] near-input: bn0: mean=-3.67e-09 std=1.67e-04 pos=0.50 | enc_conv1: mean=3.74e-15 std=2.21e-05 pos=0.30
[05/14 06:59:14] [GradMonitor step=6530] deep/task: enc_layer4: mean=2.75e-06 std=4.27e-06 | PAM: mean=5.81e-05 std=8.95e-05 | CIAM: mean=2.78e-06 std=4.28e-06
[05/14 06:59:14] [GradMonitor step=6530] param-grad: weight_base: mean=-2.45e-09 std=2.94e-07 | weight_base_open: mean=-2.22e-05 std=1.01e-03 | enc_conv1_weight: mean=-3.21e-04 std=9.41e-03
[05/14 06:59:15] [GradMonitor step=6540] near-input: bn0: mean=3.02e-08 std=1.67e-04 pos=0.50 | enc_conv1: mean=-4.57e-15 std=2.20e-05 pos=0.30
[05/14 06:59:15] [GradMonitor step=6540] deep/task: enc_layer4: mean=2.31e-06 std=5.33e-06 | PAM: mean=4.86e-05 std=1.12e-04 | CIAM: mean=2.33e-06 std=5.34e-06
[05/14 06:59:15] [GradMonitor step=6540] param-grad: weight_base: mean=1.15e-08 std=2.45e-07 | weight_base_open: mean=7.63e-05 std=9.54e-04 | enc_conv1_weight: mean=8.18e-04 std=7.97e-03
[05/14 06:59:16] [GradMonitor step=6550] near-input: bn0: mean=8.77e-08 std=2.71e-04 pos=0.50 | enc_conv1: mean=-3.50e-15 std=3.40e-05 pos=0.36
[05/14 06:59:16] [GradMonitor step=6550] deep/task: enc_layer4: mean=2.41e-06 std=5.87e-06 | PAM: mean=5.11e-05 std=1.24e-04 | CIAM: mean=2.43e-06 std=5.88e-06
[05/14 06:59:16] [GradMonitor step=6550] param-grad: weight_base: mean=-1.64e-09 std=1.68e-07 | weight_base_open: mean=-1.57e-05 std=9.10e-04 | enc_conv1_weight: mean=3.58e-03 std=1.05e-02
[05/14 06:59:17] [GradMonitor step=6560] near-input: bn0: mean=7.13e-09 std=1.77e-04 pos=0.50 | enc_conv1: mean=-1.06e-15 std=2.21e-05 pos=0.31
[05/14 06:59:17] [GradMonitor step=6560] deep/task: enc_layer4: mean=2.09e-06 std=2.69e-06 | PAM: mean=4.40e-05 std=5.68e-05 | CIAM: mean=2.12e-06 std=2.69e-06
[05/14 06:59:17] [GradMonitor step=6560] param-grad: weight_base: mean=9.09e-10 std=1.48e-07 | weight_base_open: mean=2.54e-05 std=6.67e-04 | enc_conv1_weight: mean=9.33e-04 std=4.52e-03
[05/14 06:59:18] [GradMonitor step=6570] near-input: bn0: mean=-7.78e-09 std=2.44e-04 pos=0.50 | enc_conv1: mean=-1.64e-15 std=3.17e-05 pos=0.36
[05/14 06:59:18] [GradMonitor step=6570] deep/task: enc_layer4: mean=2.23e-06 std=4.70e-06 | PAM: mean=4.71e-05 std=9.85e-05 | CIAM: mean=2.26e-06 std=4.71e-06
[05/14 06:59:18] [GradMonitor step=6570] param-grad: weight_base: mean=7.72e-09 std=2.50e-07 | weight_base_open: mean=-4.58e-05 std=9.71e-04 | enc_conv1_weight: mean=5.06e-04 std=8.11e-03
[05/14 06:59:19] [GradMonitor step=6580] near-input: bn0: mean=-6.44e-08 std=1.85e-04 pos=0.50 | enc_conv1: mean=3.92e-15 std=2.30e-05 pos=0.30
[05/14 06:59:19] [GradMonitor step=6580] deep/task: enc_layer4: mean=2.46e-06 std=3.66e-06 | PAM: mean=5.19e-05 std=7.72e-05 | CIAM: mean=2.48e-06 std=3.66e-06
[05/14 06:59:19] [GradMonitor step=6580] param-grad: weight_base: mean=-4.57e-09 std=2.00e-07 | weight_base_open: mean=-1.63e-05 std=8.23e-04 | enc_conv1_weight: mean=4.96e-04 std=8.82e-03
[05/14 06:59:19] [GradMonitor step=6590] near-input: bn0: mean=1.06e-08 std=2.41e-04 pos=0.50 | enc_conv1: mean=2.13e-14 std=2.93e-05 pos=0.38
[05/14 06:59:19] [GradMonitor step=6590] deep/task: enc_layer4: mean=3.08e-06 std=4.69e-06 | PAM: mean=6.49e-05 std=9.86e-05 | CIAM: mean=3.11e-06 std=4.70e-06
[05/14 06:59:19] [GradMonitor step=6590] param-grad: weight_base: mean=-2.67e-08 std=3.73e-07 | weight_base_open: mean=6.43e-05 std=1.17e-03 | enc_conv1_weight: mean=1.20e-04 std=8.05e-03
[05/14 06:59:20] [GradMonitor step=6600] near-input: bn0: mean=-3.65e-08 std=1.63e-04 pos=0.50 | enc_conv1: mean=4.15e-15 std=2.38e-05 pos=0.34
[05/14 06:59:20] [GradMonitor step=6600] deep/task: enc_layer4: mean=2.62e-06 std=3.72e-06 | PAM: mean=5.52e-05 std=7.83e-05 | CIAM: mean=2.65e-06 std=3.73e-06
[05/14 06:59:20] [GradMonitor step=6600] param-grad: weight_base: mean=-1.36e-08 std=4.91e-07 | weight_base_open: mean=3.61e-05 std=1.18e-03 | enc_conv1_weight: mean=3.24e-04 std=6.84e-03
[05/14 06:59:21] [GradMonitor step=6610] near-input: bn0: mean=1.01e-07 std=2.96e-04 pos=0.50 | enc_conv1: mean=-1.87e-14 std=4.23e-05 pos=0.32
[05/14 06:59:21] [GradMonitor step=6610] deep/task: enc_layer4: mean=1.66e-06 std=6.45e-06 | PAM: mean=3.52e-05 std=1.36e-04 | CIAM: mean=1.69e-06 std=6.44e-06
[05/14 06:59:21] [GradMonitor step=6610] param-grad: weight_base: mean=-3.25e-09 std=1.73e-07 | weight_base_open: mean=-2.74e-05 std=1.00e-03 | enc_conv1_weight: mean=7.41e-05 std=1.23e-02
[05/14 06:59:22] [GradMonitor step=6620] near-input: bn0: mean=6.82e-09 std=1.60e-04 pos=0.50 | enc_conv1: mean=-1.48e-15 std=2.01e-05 pos=0.33
[05/14 06:59:22] [GradMonitor step=6620] deep/task: enc_layer4: mean=2.46e-06 std=3.58e-06 | PAM: mean=5.19e-05 std=7.54e-05 | CIAM: mean=2.48e-06 std=3.58e-06
[05/14 06:59:22] [GradMonitor step=6620] param-grad: weight_base: mean=-2.06e-09 std=2.61e-07 | weight_base_open: mean=6.77e-05 std=1.01e-03 | enc_conv1_weight: mean=-1.91e-03 std=1.10e-02
[05/14 06:59:23] [GradMonitor step=6630] near-input: bn0: mean=-4.63e-08 std=1.29e-04 pos=0.50 | enc_conv1: mean=2.19e-15 std=1.72e-05 pos=0.31
[05/14 06:59:23] [GradMonitor step=6630] deep/task: enc_layer4: mean=1.66e-06 std=3.14e-06 | PAM: mean=3.50e-05 std=6.58e-05 | CIAM: mean=1.68e-06 std=3.14e-06
[05/14 06:59:23] [GradMonitor step=6630] param-grad: weight_base: mean=-1.26e-08 std=2.75e-07 | weight_base_open: mean=-1.96e-05 std=9.25e-04 | enc_conv1_weight: mean=-2.59e-03 std=8.35e-03
[05/14 06:59:24] [GradMonitor step=6640] near-input: bn0: mean=-6.18e-08 std=1.42e-04 pos=0.50 | enc_conv1: mean=-1.11e-14 std=1.97e-05 pos=0.34
[05/14 06:59:24] [GradMonitor step=6640] deep/task: enc_layer4: mean=2.13e-06 std=3.34e-06 | PAM: mean=4.48e-05 std=7.01e-05 | CIAM: mean=2.16e-06 std=3.34e-06
[05/14 06:59:24] [GradMonitor step=6640] param-grad: weight_base: mean=2.78e-10 std=3.09e-07 | weight_base_open: mean=3.34e-05 std=9.30e-04 | enc_conv1_weight: mean=1.62e-03 std=5.87e-03
[05/14 06:59:24] [GradMonitor step=6650] near-input: bn0: mean=2.92e-08 std=1.78e-04 pos=0.50 | enc_conv1: mean=3.69e-16 std=2.33e-05 pos=0.36
[05/14 06:59:24] [GradMonitor step=6650] deep/task: enc_layer4: mean=2.68e-06 std=3.80e-06 | PAM: mean=5.64e-05 std=7.98e-05 | CIAM: mean=2.71e-06 std=3.81e-06
[05/14 06:59:24] [GradMonitor step=6650] param-grad: weight_base: mean=-1.05e-08 std=2.63e-07 | weight_base_open: mean=2.99e-05 std=1.10e-03 | enc_conv1_weight: mean=-2.68e-04 std=6.62e-03
[05/14 06:59:25] [GradMonitor step=6660] near-input: bn0: mean=-6.43e-08 std=2.54e-04 pos=0.50 | enc_conv1: mean=8.97e-15 std=3.16e-05 pos=0.33
[05/14 06:59:25] [GradMonitor step=6660] deep/task: enc_layer4: mean=2.35e-06 std=4.25e-06 | PAM: mean=4.99e-05 std=9.06e-05 | CIAM: mean=2.38e-06 std=4.25e-06
[05/14 06:59:25] [GradMonitor step=6660] param-grad: weight_base: mean=1.76e-09 std=8.32e-08 | weight_base_open: mean=2.96e-05 std=8.26e-04 | enc_conv1_weight: mean=-2.03e-03 std=9.91e-03
[05/14 06:59:26] [GradMonitor step=6670] near-input: bn0: mean=5.75e-08 std=1.86e-04 pos=0.50 | enc_conv1: mean=-4.07e-15 std=2.44e-05 pos=0.35
[05/14 06:59:26] [GradMonitor step=6670] deep/task: enc_layer4: mean=2.95e-06 std=4.94e-06 | PAM: mean=6.22e-05 std=1.03e-04 | CIAM: mean=2.98e-06 std=4.96e-06
[05/14 06:59:26] [GradMonitor step=6670] param-grad: weight_base: mean=-1.11e-08 std=2.62e-07 | weight_base_open: mean=-5.95e-05 std=1.01e-03 | enc_conv1_weight: mean=-1.65e-03 std=9.18e-03
[05/14 06:59:27] [GradMonitor step=6680] near-input: bn0: mean=4.09e-08 std=1.75e-04 pos=0.50 | enc_conv1: mean=-2.59e-15 std=2.32e-05 pos=0.35
[05/14 06:59:27] [GradMonitor step=6680] deep/task: enc_layer4: mean=1.98e-06 std=4.11e-06 | PAM: mean=4.19e-05 std=8.66e-05 | CIAM: mean=2.00e-06 std=4.12e-06
[05/14 06:59:27] [GradMonitor step=6680] param-grad: weight_base: mean=-8.99e-10 std=5.15e-07 | weight_base_open: mean=6.55e-05 std=1.20e-03 | enc_conv1_weight: mean=3.29e-04 std=7.65e-03
[05/14 06:59:28] [GradMonitor step=6690] near-input: bn0: mean=-3.73e-08 std=1.58e-04 pos=0.50 | enc_conv1: mean=-6.84e-16 std=2.11e-05 pos=0.30
[05/14 06:59:28] [GradMonitor step=6690] deep/task: enc_layer4: mean=2.73e-06 std=3.65e-06 | PAM: mean=5.75e-05 std=7.73e-05 | CIAM: mean=2.76e-06 std=3.66e-06
[05/14 06:59:28] [GradMonitor step=6690] param-grad: weight_base: mean=1.09e-08 std=2.54e-07 | weight_base_open: mean=-3.00e-05 std=1.15e-03 | enc_conv1_weight: mean=1.68e-04 std=7.20e-03
[05/14 06:59:28] [GradMonitor step=6700] near-input: bn0: mean=-6.79e-08 std=1.71e-04 pos=0.50 | enc_conv1: mean=1.22e-14 std=2.32e-05 pos=0.32
[05/14 06:59:28] [GradMonitor step=6700] deep/task: enc_layer4: mean=3.38e-06 std=5.19e-06 | PAM: mean=7.19e-05 std=1.10e-04 | CIAM: mean=3.43e-06 std=5.22e-06
[05/14 06:59:28] [GradMonitor step=6700] param-grad: weight_base: mean=1.34e-09 std=8.32e-08 | weight_base_open: mean=-6.49e-05 std=9.71e-04 | enc_conv1_weight: mean=6.30e-04 std=1.05e-02
[05/14 06:59:29] [GradMonitor step=6710] near-input: bn0: mean=-4.49e-08 std=1.38e-04 pos=0.50 | enc_conv1: mean=-3.52e-15 std=1.85e-05 pos=0.29
[05/14 06:59:29] [GradMonitor step=6710] deep/task: enc_layer4: mean=1.77e-06 std=3.02e-06 | PAM: mean=3.76e-05 std=6.39e-05 | CIAM: mean=1.78e-06 std=3.02e-06
[05/14 06:59:29] [GradMonitor step=6710] param-grad: weight_base: mean=-1.25e-08 std=4.03e-07 | weight_base_open: mean=-5.60e-05 std=1.05e-03 | enc_conv1_weight: mean=1.92e-04 std=7.23e-03
[05/14 06:59:30] [GradMonitor step=6720] near-input: bn0: mean=-6.83e-08 std=1.48e-04 pos=0.50 | enc_conv1: mean=-4.40e-15 std=2.01e-05 pos=0.33
[05/14 06:59:30] [GradMonitor step=6720] deep/task: enc_layer4: mean=2.45e-06 std=3.65e-06 | PAM: mean=5.20e-05 std=7.70e-05 | CIAM: mean=2.48e-06 std=3.65e-06
[05/14 06:59:30] [GradMonitor step=6720] param-grad: weight_base: mean=-1.70e-08 std=2.62e-07 | weight_base_open: mean=-1.11e-05 std=1.30e-03 | enc_conv1_weight: mean=1.71e-03 std=1.06e-02
[05/14 06:59:31] [GradMonitor step=6730] near-input: bn0: mean=-5.43e-08 std=1.57e-04 pos=0.50 | enc_conv1: mean=-8.70e-15 std=2.15e-05 pos=0.27
[05/14 06:59:31] [GradMonitor step=6730] deep/task: enc_layer4: mean=2.01e-06 std=4.18e-06 | PAM: mean=4.23e-05 std=8.75e-05 | CIAM: mean=2.04e-06 std=4.19e-06
[05/14 06:59:31] [GradMonitor step=6730] param-grad: weight_base: mean=-8.14e-09 std=3.65e-07 | weight_base_open: mean=1.05e-05 std=1.07e-03 | enc_conv1_weight: mean=-9.62e-04 std=9.87e-03
[05/14 06:59:32] [GradMonitor step=6740] near-input: bn0: mean=2.93e-08 std=2.83e-04 pos=0.50 | enc_conv1: mean=-1.15e-14 std=3.47e-05 pos=0.38
[05/14 06:59:32] [GradMonitor step=6740] deep/task: enc_layer4: mean=2.35e-06 std=4.04e-06 | PAM: mean=4.95e-05 std=8.51e-05 | CIAM: mean=2.36e-06 std=4.05e-06
[05/14 06:59:32] [GradMonitor step=6740] param-grad: weight_base: mean=-9.12e-09 std=1.80e-07 | weight_base_open: mean=-3.41e-05 std=1.07e-03 | enc_conv1_weight: mean=-1.50e-04 std=9.02e-03
[05/14 06:59:33] [GradMonitor step=6750] near-input: bn0: mean=8.13e-09 std=2.27e-04 pos=0.50 | enc_conv1: mean=3.98e-15 std=3.14e-05 pos=0.34
[05/14 06:59:33] [GradMonitor step=6750] deep/task: enc_layer4: mean=2.56e-06 std=5.20e-06 | PAM: mean=5.41e-05 std=1.10e-04 | CIAM: mean=2.58e-06 std=5.20e-06
[05/14 06:59:33] [GradMonitor step=6750] param-grad: weight_base: mean=1.64e-08 std=2.47e-07 | weight_base_open: mean=-1.20e-05 std=1.10e-03 | enc_conv1_weight: mean=-2.31e-04 std=1.19e-02
[05/14 06:59:33] [GradMonitor step=6760] near-input: bn0: mean=3.69e-08 std=3.02e-04 pos=0.50 | enc_conv1: mean=-1.71e-14 std=3.97e-05 pos=0.43
[05/14 06:59:33] [GradMonitor step=6760] deep/task: enc_layer4: mean=2.85e-06 std=5.01e-06 | PAM: mean=6.04e-05 std=1.06e-04 | CIAM: mean=2.90e-06 std=5.02e-06
[05/14 06:59:33] [GradMonitor step=6760] param-grad: weight_base: mean=1.34e-09 std=1.33e-07 | weight_base_open: mean=2.01e-05 std=8.60e-04 | enc_conv1_weight: mean=1.57e-03 std=1.01e-02
[05/14 06:59:34] [GradMonitor step=6770] near-input: bn0: mean=1.11e-07 std=3.47e-04 pos=0.50 | enc_conv1: mean=4.01e-15 std=5.25e-05 pos=0.41
[05/14 06:59:34] [GradMonitor step=6770] deep/task: enc_layer4: mean=3.12e-06 std=5.72e-06 | PAM: mean=6.65e-05 std=1.21e-04 | CIAM: mean=3.15e-06 std=5.73e-06
[05/14 06:59:34] [GradMonitor step=6770] param-grad: weight_base: mean=2.50e-09 std=4.46e-07 | weight_base_open: mean=-5.17e-05 std=1.40e-03 | enc_conv1_weight: mean=-4.69e-04 std=1.14e-02
[05/14 06:59:35] [GradMonitor step=6780] near-input: bn0: mean=2.28e-08 std=1.80e-04 pos=0.50 | enc_conv1: mean=1.15e-15 std=2.31e-05 pos=0.31
[05/14 06:59:35] [GradMonitor step=6780] deep/task: enc_layer4: mean=2.92e-06 std=4.24e-06 | PAM: mean=6.12e-05 std=8.84e-05 | CIAM: mean=2.96e-06 std=4.25e-06
[05/14 06:59:35] [GradMonitor step=6780] param-grad: weight_base: mean=-9.16e-09 std=2.36e-07 | weight_base_open: mean=-9.66e-05 std=9.87e-04 | enc_conv1_weight: mean=-6.25e-05 std=6.66e-03
[05/14 06:59:36] [GradMonitor step=6790] near-input: bn0: mean=7.63e-08 std=2.75e-04 pos=0.50 | enc_conv1: mean=6.06e-15 std=3.47e-05 pos=0.34
[05/14 06:59:36] [GradMonitor step=6790] deep/task: enc_layer4: mean=3.12e-06 std=6.75e-06 | PAM: mean=6.68e-05 std=1.44e-04 | CIAM: mean=3.17e-06 std=6.76e-06
[05/14 06:59:36] [GradMonitor step=6790] param-grad: weight_base: mean=6.83e-09 std=1.65e-07 | weight_base_open: mean=-6.59e-05 std=1.17e-03 | enc_conv1_weight: mean=-7.02e-04 std=1.21e-02
[05/14 06:59:37] [GradMonitor step=6800] near-input: bn0: mean=5.33e-08 std=3.84e-04 pos=0.50 | enc_conv1: mean=-1.96e-14 std=5.18e-05 pos=0.36
[05/14 06:59:37] [GradMonitor step=6800] deep/task: enc_layer4: mean=2.96e-06 std=6.97e-06 | PAM: mean=6.27e-05 std=1.46e-04 | CIAM: mean=2.99e-06 std=6.97e-06
[05/14 06:59:37] [GradMonitor step=6800] param-grad: weight_base: mean=-5.12e-09 std=4.05e-07 | weight_base_open: mean=-8.27e-05 std=1.29e-03 | enc_conv1_weight: mean=-3.79e-03 std=1.23e-02
[05/14 06:59:37] 
[05/14 06:59:37] epoch 17/40, iter 6800:
[05/14 06:59:37] train_loss: 0.83517
[05/14 06:59:37] train_acc: 0.993
[05/14 06:59:37] train_auroc: 0.986
[05/14 06:59:43] Summary name val_6-way-5-shot_tpr@tnr95 is illegal; using val_6-way-5-shot_tpr_tnr95 instead.
[05/14 06:59:43] val_6-way-5-shot_acc: 65.394	0.677
[05/14 06:59:43] val_6-way-5-shot_auroc: 38.585	1.921
[05/14 06:59:43] val_6-way-5-shot_fscore: 19.700	0.273
[05/14 06:59:43] val_6-way-5-shot_tpr@tnr95: 4.500	1.319
[05/14 06:59:43] val_6-way-5-shot_osr: 49.021	0.676
[05/14 06:59:44] [GradMonitor step=6810] near-input: bn0: mean=-2.76e-08 std=1.37e-04 pos=0.50 | enc_conv1: mean=-9.03e-15 std=1.95e-05 pos=0.32
[05/14 06:59:44] [GradMonitor step=6810] deep/task: enc_layer4: mean=2.58e-06 std=3.73e-06 | PAM: mean=5.44e-05 std=7.80e-05 | CIAM: mean=2.61e-06 std=3.73e-06
[05/14 06:59:44] [GradMonitor step=6810] param-grad: weight_base: mean=-5.25e-09 std=1.17e-07 | weight_base_open: mean=-2.50e-05 std=1.07e-03 | enc_conv1_weight: mean=-1.63e-03 std=7.72e-03
[05/14 06:59:44] [GradMonitor step=6820] near-input: bn0: mean=6.22e-08 std=3.86e-04 pos=0.50 | enc_conv1: mean=5.86e-16 std=5.47e-05 pos=0.38
[05/14 06:59:44] [GradMonitor step=6820] deep/task: enc_layer4: mean=2.62e-06 std=6.56e-06 | PAM: mean=5.61e-05 std=1.39e-04 | CIAM: mean=2.64e-06 std=6.56e-06
[05/14 06:59:44] [GradMonitor step=6820] param-grad: weight_base: mean=9.91e-09 std=5.25e-07 | weight_base_open: mean=-1.64e-05 std=1.42e-03 | enc_conv1_weight: mean=2.40e-03 std=1.37e-02
[05/14 06:59:45] [GradMonitor step=6830] near-input: bn0: mean=3.53e-08 std=3.21e-04 pos=0.50 | enc_conv1: mean=3.19e-15 std=4.27e-05 pos=0.41
[05/14 06:59:45] [GradMonitor step=6830] deep/task: enc_layer4: mean=2.72e-06 std=5.24e-06 | PAM: mean=5.75e-05 std=1.11e-04 | CIAM: mean=2.73e-06 std=5.24e-06
[05/14 06:59:45] [GradMonitor step=6830] param-grad: weight_base: mean=2.17e-08 std=3.67e-07 | weight_base_open: mean=5.67e-05 std=1.21e-03 | enc_conv1_weight: mean=2.48e-03 std=1.16e-02
[05/14 06:59:46] [GradMonitor step=6840] near-input: bn0: mean=2.47e-08 std=2.27e-04 pos=0.50 | enc_conv1: mean=-1.55e-15 std=2.92e-05 pos=0.32
[05/14 06:59:46] [GradMonitor step=6840] deep/task: enc_layer4: mean=2.21e-06 std=5.16e-06 | PAM: mean=4.67e-05 std=1.08e-04 | CIAM: mean=2.24e-06 std=5.17e-06
[05/14 06:59:46] [GradMonitor step=6840] param-grad: weight_base: mean=-1.43e-08 std=2.67e-07 | weight_base_open: mean=-2.04e-05 std=1.10e-03 | enc_conv1_weight: mean=1.79e-03 std=9.23e-03
[05/14 06:59:47] [GradMonitor step=6850] near-input: bn0: mean=1.15e-08 std=2.53e-04 pos=0.50 | enc_conv1: mean=-1.62e-15 std=3.47e-05 pos=0.34
[05/14 06:59:47] [GradMonitor step=6850] deep/task: enc_layer4: mean=3.28e-06 std=6.43e-06 | PAM: mean=6.96e-05 std=1.35e-04 | CIAM: mean=3.32e-06 std=6.44e-06
[05/14 06:59:47] [GradMonitor step=6850] param-grad: weight_base: mean=-7.61e-11 std=4.13e-07 | weight_base_open: mean=-7.22e-06 std=9.74e-04 | enc_conv1_weight: mean=3.20e-04 std=1.05e-02
[05/14 06:59:48] [GradMonitor step=6860] near-input: bn0: mean=5.15e-08 std=1.47e-04 pos=0.50 | enc_conv1: mean=3.10e-15 std=1.91e-05 pos=0.33
[05/14 06:59:48] [GradMonitor step=6860] deep/task: enc_layer4: mean=1.94e-06 std=3.18e-06 | PAM: mean=4.12e-05 std=6.71e-05 | CIAM: mean=1.96e-06 std=3.19e-06
[05/14 06:59:48] [GradMonitor step=6860] param-grad: weight_base: mean=-1.89e-08 std=4.82e-07 | weight_base_open: mean=-9.48e-05 std=1.05e-03 | enc_conv1_weight: mean=-1.15e-03 std=6.40e-03
[05/14 06:59:48] [GradMonitor step=6870] near-input: bn0: mean=2.40e-09 std=1.15e-04 pos=0.50 | enc_conv1: mean=-5.96e-15 std=1.47e-05 pos=0.28
[05/14 06:59:48] [GradMonitor step=6870] deep/task: enc_layer4: mean=1.89e-06 std=3.20e-06 | PAM: mean=3.98e-05 std=6.72e-05 | CIAM: mean=1.91e-06 std=3.20e-06
[05/14 06:59:48] [GradMonitor step=6870] param-grad: weight_base: mean=6.21e-09 std=1.86e-07 | weight_base_open: mean=7.13e-05 std=7.09e-04 | enc_conv1_weight: mean=-1.06e-04 std=7.85e-03
[05/14 06:59:49] [GradMonitor step=6880] near-input: bn0: mean=1.10e-07 std=4.36e-04 pos=0.50 | enc_conv1: mean=-4.58e-15 std=6.80e-05 pos=0.38
[05/14 06:59:49] [GradMonitor step=6880] deep/task: enc_layer4: mean=3.12e-06 std=6.79e-06 | PAM: mean=6.66e-05 std=1.43e-04 | CIAM: mean=3.13e-06 std=6.79e-06
[05/14 06:59:49] [GradMonitor step=6880] param-grad: weight_base: mean=-1.48e-10 std=3.67e-07 | weight_base_open: mean=5.65e-06 std=1.18e-03 | enc_conv1_weight: mean=-1.19e-03 std=1.51e-02
[05/14 06:59:50] [GradMonitor step=6890] near-input: bn0: mean=-1.21e-09 std=1.64e-04 pos=0.50 | enc_conv1: mean=5.95e-16 std=2.29e-05 pos=0.32
[05/14 06:59:50] [GradMonitor step=6890] deep/task: enc_layer4: mean=2.93e-06 std=4.38e-06 | PAM: mean=6.18e-05 std=9.15e-05 | CIAM: mean=2.96e-06 std=4.38e-06
[05/14 06:59:50] [GradMonitor step=6890] param-grad: weight_base: mean=6.62e-09 std=1.54e-07 | weight_base_open: mean=2.88e-05 std=1.21e-03 | enc_conv1_weight: mean=-6.22e-04 std=7.66e-03
[05/14 06:59:51] [GradMonitor step=6900] near-input: bn0: mean=9.81e-09 std=1.59e-04 pos=0.50 | enc_conv1: mean=2.13e-15 std=2.07e-05 pos=0.27
[05/14 06:59:51] [GradMonitor step=6900] deep/task: enc_layer4: mean=2.41e-06 std=3.29e-06 | PAM: mean=5.08e-05 std=6.89e-05 | CIAM: mean=2.43e-06 std=3.29e-06
[05/14 06:59:51] [GradMonitor step=6900] param-grad: weight_base: mean=-1.67e-08 std=3.24e-07 | weight_base_open: mean=-4.53e-05 std=1.28e-03 | enc_conv1_weight: mean=1.67e-04 std=6.66e-03
[05/14 06:59:52] [GradMonitor step=6910] near-input: bn0: mean=2.27e-07 std=3.08e-04 pos=0.50 | enc_conv1: mean=6.27e-15 std=4.33e-05 pos=0.37
[05/14 06:59:52] [GradMonitor step=6910] deep/task: enc_layer4: mean=2.20e-06 std=5.83e-06 | PAM: mean=4.66e-05 std=1.23e-04 | CIAM: mean=2.22e-06 std=5.83e-06
[05/14 06:59:52] [GradMonitor step=6910] param-grad: weight_base: mean=2.35e-08 std=4.83e-07 | weight_base_open: mean=-1.92e-05 std=2.20e-03 | enc_conv1_weight: mean=-7.39e-04 std=1.01e-02
[05/14 06:59:52] [GradMonitor step=6920] near-input: bn0: mean=4.54e-08 std=1.56e-04 pos=0.50 | enc_conv1: mean=2.89e-15 std=2.21e-05 pos=0.30
[05/14 06:59:52] [GradMonitor step=6920] deep/task: enc_layer4: mean=2.58e-06 std=4.51e-06 | PAM: mean=5.50e-05 std=9.55e-05 | CIAM: mean=2.61e-06 std=4.52e-06
[05/14 06:59:52] [GradMonitor step=6920] param-grad: weight_base: mean=-1.12e-08 std=2.80e-07 | weight_base_open: mean=-8.91e-05 std=1.00e-03 | enc_conv1_weight: mean=-1.85e-03 std=7.90e-03
[05/14 06:59:53] [GradMonitor step=6930] near-input: bn0: mean=8.75e-09 std=1.63e-04 pos=0.50 | enc_conv1: mean=2.63e-15 std=2.12e-05 pos=0.30
[05/14 06:59:53] [GradMonitor step=6930] deep/task: enc_layer4: mean=2.74e-06 std=4.10e-06 | PAM: mean=5.79e-05 std=8.60e-05 | CIAM: mean=2.77e-06 std=4.12e-06
[05/14 06:59:53] [GradMonitor step=6930] param-grad: weight_base: mean=-2.03e-08 std=2.79e-07 | weight_base_open: mean=-1.12e-04 std=1.10e-03 | enc_conv1_weight: mean=-1.12e-04 std=9.45e-03
[05/14 06:59:54] [GradMonitor step=6940] near-input: bn0: mean=2.58e-08 std=1.56e-04 pos=0.50 | enc_conv1: mean=3.31e-16 std=2.05e-05 pos=0.32
[05/14 06:59:54] [GradMonitor step=6940] deep/task: enc_layer4: mean=2.31e-06 std=5.28e-06 | PAM: mean=4.88e-05 std=1.11e-04 | CIAM: mean=2.33e-06 std=5.29e-06
[05/14 06:59:54] [GradMonitor step=6940] param-grad: weight_base: mean=1.22e-08 std=2.01e-07 | weight_base_open: mean=3.25e-05 std=8.80e-04 | enc_conv1_weight: mean=1.29e-03 std=7.77e-03
[05/14 06:59:55] [GradMonitor step=6950] near-input: bn0: mean=1.10e-07 std=2.89e-04 pos=0.50 | enc_conv1: mean=-6.57e-16 std=3.61e-05 pos=0.37
[05/14 06:59:55] [GradMonitor step=6950] deep/task: enc_layer4: mean=2.44e-06 std=5.88e-06 | PAM: mean=5.18e-05 std=1.23e-04 | CIAM: mean=2.47e-06 std=5.88e-06
[05/14 06:59:55] [GradMonitor step=6950] param-grad: weight_base: mean=-3.26e-09 std=8.99e-08 | weight_base_open: mean=-1.35e-05 std=8.89e-04 | enc_conv1_weight: mean=3.68e-03 std=1.05e-02
[05/14 06:59:56] [GradMonitor step=6960] near-input: bn0: mean=1.58e-08 std=1.67e-04 pos=0.50 | enc_conv1: mean=-3.03e-15 std=2.08e-05 pos=0.30
[05/14 06:59:56] [GradMonitor step=6960] deep/task: enc_layer4: mean=1.98e-06 std=2.57e-06 | PAM: mean=4.17e-05 std=5.43e-05 | CIAM: mean=2.01e-06 std=2.58e-06
[05/14 06:59:56] [GradMonitor step=6960] param-grad: weight_base: mean=-1.67e-11 std=1.26e-07 | weight_base_open: mean=3.49e-05 std=7.38e-04 | enc_conv1_weight: mean=7.72e-04 std=4.28e-03
[05/14 06:59:57] [GradMonitor step=6970] near-input: bn0: mean=1.52e-08 std=2.35e-04 pos=0.50 | enc_conv1: mean=1.77e-15 std=3.08e-05 pos=0.36
[05/14 06:59:57] [GradMonitor step=6970] deep/task: enc_layer4: mean=2.05e-06 std=4.39e-06 | PAM: mean=4.34e-05 std=9.21e-05 | CIAM: mean=2.08e-06 std=4.40e-06
[05/14 06:59:57] [GradMonitor step=6970] param-grad: weight_base: mean=3.04e-09 std=1.50e-07 | weight_base_open: mean=-3.89e-05 std=9.74e-04 | enc_conv1_weight: mean=8.78e-04 std=7.59e-03
[05/14 06:59:57] [GradMonitor step=6980] near-input: bn0: mean=-5.66e-08 std=1.78e-04 pos=0.50 | enc_conv1: mean=4.62e-15 std=2.20e-05 pos=0.30
[05/14 06:59:57] [GradMonitor step=6980] deep/task: enc_layer4: mean=2.36e-06 std=3.50e-06 | PAM: mean=4.99e-05 std=7.37e-05 | CIAM: mean=2.39e-06 std=3.50e-06
[05/14 06:59:57] [GradMonitor step=6980] param-grad: weight_base: mean=-7.01e-10 std=1.90e-07 | weight_base_open: mean=-1.98e-05 std=9.05e-04 | enc_conv1_weight: mean=2.35e-04 std=7.97e-03
[05/14 06:59:58] [GradMonitor step=6990] near-input: bn0: mean=-1.85e-08 std=2.31e-04 pos=0.50 | enc_conv1: mean=1.08e-14 std=2.78e-05 pos=0.35
[05/14 06:59:58] [GradMonitor step=6990] deep/task: enc_layer4: mean=3.01e-06 std=4.41e-06 | PAM: mean=6.35e-05 std=9.27e-05 | CIAM: mean=3.04e-06 std=4.42e-06
[05/14 06:59:58] [GradMonitor step=6990] param-grad: weight_base: mean=-1.01e-08 std=3.70e-07 | weight_base_open: mean=2.88e-05 std=1.04e-03 | enc_conv1_weight: mean=4.86e-04 std=7.70e-03
[05/14 06:59:59] [GradMonitor step=7000] near-input: bn0: mean=-4.48e-08 std=1.51e-04 pos=0.50 | enc_conv1: mean=3.15e-15 std=2.18e-05 pos=0.32
[05/14 06:59:59] [GradMonitor step=7000] deep/task: enc_layer4: mean=2.55e-06 std=3.58e-06 | PAM: mean=5.38e-05 std=7.53e-05 | CIAM: mean=2.58e-06 std=3.58e-06
[05/14 06:59:59] [GradMonitor step=7000] param-grad: weight_base: mean=-9.75e-09 std=3.24e-07 | weight_base_open: mean=-3.34e-05 std=1.28e-03 | enc_conv1_weight: mean=3.61e-04 std=6.87e-03
[05/14 07:00:00] [GradMonitor step=7010] near-input: bn0: mean=1.17e-07 std=2.91e-04 pos=0.50 | enc_conv1: mean=4.09e-16 std=4.12e-05 pos=0.33
[05/14 07:00:00] [GradMonitor step=7010] deep/task: enc_layer4: mean=1.63e-06 std=6.26e-06 | PAM: mean=3.47e-05 std=1.32e-04 | CIAM: mean=1.66e-06 std=6.25e-06
[05/14 07:00:00] [GradMonitor step=7010] param-grad: weight_base: mean=4.60e-09 std=2.83e-07 | weight_base_open: mean=2.85e-05 std=1.08e-03 | enc_conv1_weight: mean=-3.32e-04 std=1.25e-02
[05/14 07:00:01] [GradMonitor step=7020] near-input: bn0: mean=6.37e-09 std=1.54e-04 pos=0.50 | enc_conv1: mean=3.26e-15 std=1.94e-05 pos=0.33
[05/14 07:00:01] [GradMonitor step=7020] deep/task: enc_layer4: mean=2.43e-06 std=3.48e-06 | PAM: mean=5.15e-05 std=7.32e-05 | CIAM: mean=2.46e-06 std=3.48e-06
[05/14 07:00:01] [GradMonitor step=7020] param-grad: weight_base: mean=2.87e-09 std=3.42e-07 | weight_base_open: mean=3.55e-06 std=1.11e-03 | enc_conv1_weight: mean=-2.10e-03 std=1.08e-02
[05/14 07:00:02] [GradMonitor step=7030] near-input: bn0: mean=-5.61e-08 std=1.22e-04 pos=0.50 | enc_conv1: mean=-8.16e-15 std=1.65e-05 pos=0.30
[05/14 07:00:02] [GradMonitor step=7030] deep/task: enc_layer4: mean=1.61e-06 std=2.98e-06 | PAM: mean=3.40e-05 std=6.24e-05 | CIAM: mean=1.63e-06 std=2.98e-06
[05/14 07:00:02] [GradMonitor step=7030] param-grad: weight_base: mean=-1.81e-08 std=2.47e-07 | weight_base_open: mean=3.87e-05 std=9.98e-04 | enc_conv1_weight: mean=-2.83e-03 std=7.94e-03
[05/14 07:00:02] [GradMonitor step=7040] near-input: bn0: mean=-5.61e-08 std=1.32e-04 pos=0.50 | enc_conv1: mean=-3.77e-15 std=1.84e-05 pos=0.33
[05/14 07:00:02] [GradMonitor step=7040] deep/task: enc_layer4: mean=2.01e-06 std=3.12e-06 | PAM: mean=4.23e-05 std=6.54e-05 | CIAM: mean=2.04e-06 std=3.12e-06
[05/14 07:00:02] [GradMonitor step=7040] param-grad: weight_base: mean=-1.04e-08 std=2.10e-07 | weight_base_open: mean=5.64e-05 std=9.06e-04 | enc_conv1_weight: mean=1.43e-03 std=5.46e-03
[05/14 07:00:03] [GradMonitor step=7050] near-input: bn0: mean=3.09e-08 std=1.57e-04 pos=0.50 | enc_conv1: mean=4.80e-15 std=2.06e-05 pos=0.34
[05/14 07:00:03] [GradMonitor step=7050] deep/task: enc_layer4: mean=2.59e-06 std=3.48e-06 | PAM: mean=5.46e-05 std=7.31e-05 | CIAM: mean=2.62e-06 std=3.49e-06
[05/14 07:00:03] [GradMonitor step=7050] param-grad: weight_base: mean=-1.02e-08 std=2.12e-07 | weight_base_open: mean=-1.01e-05 std=1.26e-03 | enc_conv1_weight: mean=-4.96e-04 std=5.94e-03
[05/14 07:00:04] [GradMonitor step=7060] near-input: bn0: mean=-5.12e-08 std=2.30e-04 pos=0.50 | enc_conv1: mean=-1.17e-14 std=2.85e-05 pos=0.31
[05/14 07:00:04] [GradMonitor step=7060] deep/task: enc_layer4: mean=2.23e-06 std=4.00e-06 | PAM: mean=4.75e-05 std=8.51e-05 | CIAM: mean=2.27e-06 std=4.00e-06
[05/14 07:00:04] [GradMonitor step=7060] param-grad: weight_base: mean=-5.94e-09 std=3.73e-07 | weight_base_open: mean=-2.18e-05 std=9.73e-04 | enc_conv1_weight: mean=-1.67e-03 std=9.42e-03
[05/14 07:00:05] [GradMonitor step=7070] near-input: bn0: mean=5.94e-08 std=1.72e-04 pos=0.50 | enc_conv1: mean=5.76e-15 std=2.23e-05 pos=0.34
[05/14 07:00:05] [GradMonitor step=7070] deep/task: enc_layer4: mean=2.97e-06 std=4.89e-06 | PAM: mean=6.28e-05 std=1.02e-04 | CIAM: mean=3.01e-06 std=4.91e-06
[05/14 07:00:05] [GradMonitor step=7070] param-grad: weight_base: mean=3.65e-09 std=1.63e-07 | weight_base_open: mean=-9.75e-05 std=9.95e-04 | enc_conv1_weight: mean=-1.88e-03 std=9.00e-03
[05/14 07:00:06] [GradMonitor step=7080] near-input: bn0: mean=4.16e-08 std=1.63e-04 pos=0.50 | enc_conv1: mean=3.90e-15 std=2.16e-05 pos=0.34
[05/14 07:00:06] [GradMonitor step=7080] deep/task: enc_layer4: mean=1.90e-06 std=3.76e-06 | PAM: mean=4.02e-05 std=7.93e-05 | CIAM: mean=1.93e-06 std=3.77e-06
[05/14 07:00:06] [GradMonitor step=7080] param-grad: weight_base: mean=-9.28e-09 std=6.21e-07 | weight_base_open: mean=-1.98e-06 std=1.16e-03 | enc_conv1_weight: mean=7.20e-05 std=6.52e-03
[05/14 07:00:06] [GradMonitor step=7090] near-input: bn0: mean=-3.36e-08 std=1.49e-04 pos=0.50 | enc_conv1: mean=2.78e-15 std=2.00e-05 pos=0.29
[05/14 07:00:06] [GradMonitor step=7090] deep/task: enc_layer4: mean=2.61e-06 std=3.42e-06 | PAM: mean=5.51e-05 std=7.24e-05 | CIAM: mean=2.64e-06 std=3.43e-06
[05/14 07:00:06] [GradMonitor step=7090] param-grad: weight_base: mean=9.53e-09 std=3.46e-07 | weight_base_open: mean=-2.43e-05 std=1.11e-03 | enc_conv1_weight: mean=1.57e-04 std=7.09e-03
[05/14 07:00:07] [GradMonitor step=7100] near-input: bn0: mean=-4.94e-08 std=1.62e-04 pos=0.50 | enc_conv1: mean=-4.85e-15 std=2.19e-05 pos=0.31
[05/14 07:00:07] [GradMonitor step=7100] deep/task: enc_layer4: mean=3.43e-06 std=5.10e-06 | PAM: mean=7.30e-05 std=1.07e-04 | CIAM: mean=3.49e-06 std=5.13e-06
[05/14 07:00:07] [GradMonitor step=7100] param-grad: weight_base: mean=-1.46e-08 std=2.42e-07 | weight_base_open: mean=2.05e-05 std=1.15e-03 | enc_conv1_weight: mean=2.34e-04 std=1.10e-02
[05/14 07:00:08] [GradMonitor step=7110] near-input: bn0: mean=-4.76e-08 std=1.30e-04 pos=0.50 | enc_conv1: mean=2.79e-15 std=1.75e-05 pos=0.28
[05/14 07:00:08] [GradMonitor step=7110] deep/task: enc_layer4: mean=1.70e-06 std=2.88e-06 | PAM: mean=3.62e-05 std=6.10e-05 | CIAM: mean=1.71e-06 std=2.89e-06
[05/14 07:00:08] [GradMonitor step=7110] param-grad: weight_base: mean=7.62e-09 std=3.75e-07 | weight_base_open: mean=-5.36e-06 std=1.33e-03 | enc_conv1_weight: mean=2.98e-04 std=7.32e-03
[05/14 07:00:09] [GradMonitor step=7120] near-input: bn0: mean=-5.28e-08 std=1.35e-04 pos=0.50 | enc_conv1: mean=8.76e-15 std=1.85e-05 pos=0.32
[05/14 07:00:09] [GradMonitor step=7120] deep/task: enc_layer4: mean=2.36e-06 std=3.45e-06 | PAM: mean=5.00e-05 std=7.27e-05 | CIAM: mean=2.38e-06 std=3.45e-06
[05/14 07:00:09] [GradMonitor step=7120] param-grad: weight_base: mean=-1.96e-08 std=4.51e-07 | weight_base_open: mean=-8.82e-05 std=1.33e-03 | enc_conv1_weight: mean=1.75e-03 std=9.98e-03
[05/14 07:00:10] [GradMonitor step=7130] near-input: bn0: mean=-4.85e-08 std=1.49e-04 pos=0.50 | enc_conv1: mean=8.11e-15 std=2.04e-05 pos=0.27
[05/14 07:00:10] [GradMonitor step=7130] deep/task: enc_layer4: mean=1.91e-06 std=4.06e-06 | PAM: mean=4.03e-05 std=8.51e-05 | CIAM: mean=1.94e-06 std=4.07e-06
[05/14 07:00:10] [GradMonitor step=7130] param-grad: weight_base: mean=-1.90e-10 std=2.83e-07 | weight_base_open: mean=-6.36e-06 std=1.16e-03 | enc_conv1_weight: mean=-9.60e-04 std=9.09e-03
[05/14 07:00:10] [GradMonitor step=7140] near-input: bn0: mean=2.81e-08 std=2.67e-04 pos=0.50 | enc_conv1: mean=-3.35e-15 std=3.24e-05 pos=0.38
[05/14 07:00:10] [GradMonitor step=7140] deep/task: enc_layer4: mean=2.31e-06 std=3.91e-06 | PAM: mean=4.88e-05 std=8.22e-05 | CIAM: mean=2.33e-06 std=3.91e-06
[05/14 07:00:10] [GradMonitor step=7140] param-grad: weight_base: mean=-2.20e-08 std=3.88e-07 | weight_base_open: mean=-3.71e-05 std=1.12e-03 | enc_conv1_weight: mean=-2.15e-04 std=8.39e-03
[05/14 07:00:11] [GradMonitor step=7150] near-input: bn0: mean=5.88e-09 std=2.29e-04 pos=0.50 | enc_conv1: mean=2.23e-15 std=3.19e-05 pos=0.35
[05/14 07:00:11] [GradMonitor step=7150] deep/task: enc_layer4: mean=2.62e-06 std=5.11e-06 | PAM: mean=5.56e-05 std=1.08e-04 | CIAM: mean=2.65e-06 std=5.12e-06
[05/14 07:00:11] [GradMonitor step=7150] param-grad: weight_base: mean=9.74e-09 std=1.50e-07 | weight_base_open: mean=-8.19e-06 std=1.28e-03 | enc_conv1_weight: mean=-5.31e-04 std=1.21e-02
[05/14 07:00:12] [GradMonitor step=7160] near-input: bn0: mean=3.27e-08 std=2.71e-04 pos=0.50 | enc_conv1: mean=1.71e-15 std=3.54e-05 pos=0.40
[05/14 07:00:12] [GradMonitor step=7160] deep/task: enc_layer4: mean=2.74e-06 std=4.72e-06 | PAM: mean=5.82e-05 std=9.95e-05 | CIAM: mean=2.80e-06 std=4.73e-06
[05/14 07:00:12] [GradMonitor step=7160] param-grad: weight_base: mean=4.29e-09 std=1.12e-07 | weight_base_open: mean=2.34e-05 std=8.49e-04 | enc_conv1_weight: mean=1.86e-03 std=9.59e-03
[05/14 07:00:13] [GradMonitor step=7170] near-input: bn0: mean=9.44e-08 std=3.40e-04 pos=0.50 | enc_conv1: mean=4.37e-15 std=5.20e-05 pos=0.41
[05/14 07:00:13] [GradMonitor step=7170] deep/task: enc_layer4: mean=3.14e-06 std=5.60e-06 | PAM: mean=6.70e-05 std=1.19e-04 | CIAM: mean=3.18e-06 std=5.62e-06
[05/14 07:00:13] [GradMonitor step=7170] param-grad: weight_base: mean=-8.37e-09 std=4.44e-07 | weight_base_open: mean=-5.39e-05 std=1.44e-03 | enc_conv1_weight: mean=-1.96e-04 std=1.25e-02
[05/14 07:00:14] [GradMonitor step=7180] near-input: bn0: mean=2.45e-08 std=1.71e-04 pos=0.50 | enc_conv1: mean=1.10e-14 std=2.20e-05 pos=0.32
[05/14 07:00:14] [GradMonitor step=7180] deep/task: enc_layer4: mean=2.92e-06 std=4.19e-06 | PAM: mean=6.14e-05 std=8.73e-05 | CIAM: mean=2.97e-06 std=4.20e-06
[05/14 07:00:14] [GradMonitor step=7180] param-grad: weight_base: mean=-1.18e-08 std=2.86e-07 | weight_base_open: mean=-3.30e-05 std=1.06e-03 | enc_conv1_weight: mean=3.91e-05 std=6.52e-03
[05/14 07:00:14] [GradMonitor step=7190] near-input: bn0: mean=6.35e-08 std=2.66e-04 pos=0.50 | enc_conv1: mean=2.39e-15 std=3.37e-05 pos=0.35
[05/14 07:00:14] [GradMonitor step=7190] deep/task: enc_layer4: mean=3.14e-06 std=6.65e-06 | PAM: mean=6.72e-05 std=1.42e-04 | CIAM: mean=3.19e-06 std=6.66e-06
[05/14 07:00:14] [GradMonitor step=7190] param-grad: weight_base: mean=-3.23e-10 std=2.28e-07 | weight_base_open: mean=3.44e-05 std=1.19e-03 | enc_conv1_weight: mean=-5.12e-04 std=1.24e-02
[05/14 07:00:15] [GradMonitor step=7200] near-input: bn0: mean=7.09e-08 std=3.80e-04 pos=0.50 | enc_conv1: mean=-2.54e-14 std=5.15e-05 pos=0.37
[05/14 07:00:15] [GradMonitor step=7200] deep/task: enc_layer4: mean=3.00e-06 std=6.78e-06 | PAM: mean=6.34e-05 std=1.42e-04 | CIAM: mean=3.02e-06 std=6.78e-06
[05/14 07:00:15] [GradMonitor step=7200] param-grad: weight_base: mean=3.46e-09 std=3.19e-07 | weight_base_open: mean=7.49e-06 std=1.26e-03 | enc_conv1_weight: mean=-4.58e-03 std=1.24e-02
[05/14 07:00:15] 
[05/14 07:00:15] epoch 18/40, iter 7200:
[05/14 07:00:15] train_loss: 0.80711
[05/14 07:00:15] train_acc: 0.994
[05/14 07:00:15] train_auroc: 0.988
[05/14 07:00:21] Summary name val_6-way-5-shot_tpr@tnr95 is illegal; using val_6-way-5-shot_tpr_tnr95 instead.
[05/14 07:00:21] val_6-way-5-shot_acc: 65.056	0.676
[05/14 07:00:21] val_6-way-5-shot_auroc: 38.799	1.927
[05/14 07:00:21] val_6-way-5-shot_fscore: 19.700	0.268
[05/14 07:00:21] val_6-way-5-shot_tpr@tnr95: 4.450	1.297
[05/14 07:00:21] val_6-way-5-shot_osr: 48.993	0.662
[05/14 07:00:22] [GradMonitor step=7210] near-input: bn0: mean=-3.96e-08 std=1.28e-04 pos=0.50 | enc_conv1: mean=-1.84e-15 std=1.84e-05 pos=0.30
[05/14 07:00:22] [GradMonitor step=7210] deep/task: enc_layer4: mean=2.42e-06 std=3.47e-06 | PAM: mean=5.12e-05 std=7.26e-05 | CIAM: mean=2.46e-06 std=3.48e-06
[05/14 07:00:22] [GradMonitor step=7210] param-grad: weight_base: mean=4.19e-09 std=2.69e-07 | weight_base_open: mean=-3.30e-05 std=1.23e-03 | enc_conv1_weight: mean=-1.98e-03 std=7.42e-03
[05/14 07:00:23] [GradMonitor step=7220] near-input: bn0: mean=1.91e-08 std=3.91e-04 pos=0.50 | enc_conv1: mean=-9.56e-15 std=5.54e-05 pos=0.41
[05/14 07:00:23] [GradMonitor step=7220] deep/task: enc_layer4: mean=2.71e-06 std=6.41e-06 | PAM: mean=5.80e-05 std=1.36e-04 | CIAM: mean=2.73e-06 std=6.41e-06
[05/14 07:00:23] [GradMonitor step=7220] param-grad: weight_base: mean=6.16e-09 std=1.68e-07 | weight_base_open: mean=-2.16e-05 std=1.32e-03 | enc_conv1_weight: mean=2.35e-03 std=1.43e-02
[05/14 07:00:24] [GradMonitor step=7230] near-input: bn0: mean=-8.33e-09 std=3.36e-04 pos=0.50 | enc_conv1: mean=-1.64e-15 std=4.48e-05 pos=0.41
[05/14 07:00:24] [GradMonitor step=7230] deep/task: enc_layer4: mean=2.78e-06 std=5.27e-06 | PAM: mean=5.89e-05 std=1.11e-04 | CIAM: mean=2.80e-06 std=5.27e-06
[05/14 07:00:24] [GradMonitor step=7230] param-grad: weight_base: mean=-8.17e-09 std=3.50e-07 | weight_base_open: mean=-1.20e-04 std=1.30e-03 | enc_conv1_weight: mean=1.78e-03 std=1.15e-02
[05/14 07:00:25] [GradMonitor step=7240] near-input: bn0: mean=2.49e-08 std=2.24e-04 pos=0.50 | enc_conv1: mean=9.47e-15 std=2.92e-05 pos=0.32
[05/14 07:00:25] [GradMonitor step=7240] deep/task: enc_layer4: mean=2.13e-06 std=4.93e-06 | PAM: mean=4.51e-05 std=1.04e-04 | CIAM: mean=2.16e-06 std=4.94e-06
[05/14 07:00:25] [GradMonitor step=7240] param-grad: weight_base: mean=1.68e-09 std=3.10e-07 | weight_base_open: mean=1.24e-04 std=9.69e-04 | enc_conv1_weight: mean=1.88e-03 std=8.49e-03
[05/14 07:00:26] [GradMonitor step=7250] near-input: bn0: mean=-4.22e-09 std=2.57e-04 pos=0.50 | enc_conv1: mean=1.16e-14 std=3.52e-05 pos=0.35
[05/14 07:00:26] [GradMonitor step=7250] deep/task: enc_layer4: mean=3.33e-06 std=6.24e-06 | PAM: mean=7.06e-05 std=1.31e-04 | CIAM: mean=3.37e-06 std=6.26e-06
[05/14 07:00:26] [GradMonitor step=7250] param-grad: weight_base: mean=-8.53e-10 std=1.81e-07 | weight_base_open: mean=2.18e-07 std=9.42e-04 | enc_conv1_weight: mean=6.91e-04 std=9.64e-03
[05/14 07:00:26] [GradMonitor step=7260] near-input: bn0: mean=4.08e-08 std=1.40e-04 pos=0.50 | enc_conv1: mean=-6.39e-15 std=1.81e-05 pos=0.30
[05/14 07:00:26] [GradMonitor step=7260] deep/task: enc_layer4: mean=1.84e-06 std=2.98e-06 | PAM: mean=3.92e-05 std=6.28e-05 | CIAM: mean=1.87e-06 std=2.98e-06
[05/14 07:00:26] [GradMonitor step=7260] param-grad: weight_base: mean=-4.89e-09 std=2.48e-07 | weight_base_open: mean=-3.75e-05 std=1.14e-03 | enc_conv1_weight: mean=-6.71e-04 std=6.08e-03
[05/14 07:00:27] [GradMonitor step=7270] near-input: bn0: mean=8.44e-09 std=1.10e-04 pos=0.50 | enc_conv1: mean=-1.60e-15 std=1.42e-05 pos=0.26
[05/14 07:00:27] [GradMonitor step=7270] deep/task: enc_layer4: mean=1.82e-06 std=3.09e-06 | PAM: mean=3.85e-05 std=6.49e-05 | CIAM: mean=1.85e-06 std=3.09e-06
[05/14 07:00:27] [GradMonitor step=7270] param-grad: weight_base: mean=1.01e-08 std=2.02e-07 | weight_base_open: mean=3.01e-05 std=8.37e-04 | enc_conv1_weight: mean=-5.99e-05 std=6.98e-03
[05/14 07:00:28] [GradMonitor step=7280] near-input: bn0: mean=8.79e-08 std=4.54e-04 pos=0.50 | enc_conv1: mean=9.41e-15 std=7.12e-05 pos=0.37
[05/14 07:00:28] [GradMonitor step=7280] deep/task: enc_layer4: mean=3.18e-06 std=6.75e-06 | PAM: mean=6.80e-05 std=1.42e-04 | CIAM: mean=3.20e-06 std=6.75e-06
[05/14 07:00:28] [GradMonitor step=7280] param-grad: weight_base: mean=1.46e-09 std=3.53e-07 | weight_base_open: mean=-2.41e-05 std=1.25e-03 | enc_conv1_weight: mean=-1.34e-03 std=1.55e-02
[05/14 07:00:29] [GradMonitor step=7290] near-input: bn0: mean=-4.57e-09 std=1.56e-04 pos=0.50 | enc_conv1: mean=1.78e-16 std=2.16e-05 pos=0.32
[05/14 07:00:29] [GradMonitor step=7290] deep/task: enc_layer4: mean=2.86e-06 std=4.16e-06 | PAM: mean=6.04e-05 std=8.69e-05 | CIAM: mean=2.89e-06 std=4.16e-06
[05/14 07:00:29] [GradMonitor step=7290] param-grad: weight_base: mean=1.27e-08 std=2.98e-07 | weight_base_open: mean=7.10e-06 std=1.19e-03 | enc_conv1_weight: mean=-8.02e-04 std=6.92e-03
[05/14 07:00:30] [GradMonitor step=7300] near-input: bn0: mean=-4.19e-09 std=1.53e-04 pos=0.50 | enc_conv1: mean=5.47e-15 std=2.01e-05 pos=0.28
[05/14 07:00:30] [GradMonitor step=7300] deep/task: enc_layer4: mean=2.35e-06 std=3.15e-06 | PAM: mean=4.96e-05 std=6.60e-05 | CIAM: mean=2.37e-06 std=3.15e-06
[05/14 07:00:30] [GradMonitor step=7300] param-grad: weight_base: mean=-3.84e-09 std=3.57e-07 | weight_base_open: mean=-3.23e-05 std=1.25e-03 | enc_conv1_weight: mean=2.28e-04 std=6.52e-03
[05/14 07:00:30] [GradMonitor step=7310] near-input: bn0: mean=2.08e-07 std=2.74e-04 pos=0.50 | enc_conv1: mean=6.22e-15 std=3.78e-05 pos=0.35
[05/14 07:00:30] [GradMonitor step=7310] deep/task: enc_layer4: mean=2.23e-06 std=5.43e-06 | PAM: mean=4.73e-05 std=1.15e-04 | CIAM: mean=2.25e-06 std=5.44e-06
[05/14 07:00:30] [GradMonitor step=7310] param-grad: weight_base: mean=1.32e-09 std=8.42e-07 | weight_base_open: mean=-2.48e-05 std=2.39e-03 | enc_conv1_weight: mean=-2.49e-04 std=1.02e-02
[05/14 07:00:31] [GradMonitor step=7320] near-input: bn0: mean=3.14e-08 std=1.43e-04 pos=0.50 | enc_conv1: mean=-9.24e-16 std=2.05e-05 pos=0.29
[05/14 07:00:31] [GradMonitor step=7320] deep/task: enc_layer4: mean=2.51e-06 std=4.23e-06 | PAM: mean=5.37e-05 std=8.95e-05 | CIAM: mean=2.55e-06 std=4.24e-06
[05/14 07:00:31] [GradMonitor step=7320] param-grad: weight_base: mean=-1.19e-08 std=2.13e-07 | weight_base_open: mean=2.09e-05 std=1.06e-03 | enc_conv1_weight: mean=-1.54e-03 std=7.60e-03
[05/14 07:00:32] [GradMonitor step=7330] near-input: bn0: mean=1.25e-08 std=1.50e-04 pos=0.50 | enc_conv1: mean=2.01e-15 std=1.96e-05 pos=0.30
[05/14 07:00:32] [GradMonitor step=7330] deep/task: enc_layer4: mean=2.70e-06 std=3.94e-06 | PAM: mean=5.72e-05 std=8.27e-05 | CIAM: mean=2.74e-06 std=3.96e-06
[05/14 07:00:32] [GradMonitor step=7330] param-grad: weight_base: mean=-3.28e-09 std=4.85e-07 | weight_base_open: mean=-5.78e-05 std=1.26e-03 | enc_conv1_weight: mean=-1.64e-04 std=9.10e-03
[05/14 07:00:33] [GradMonitor step=7340] near-input: bn0: mean=1.95e-08 std=1.50e-04 pos=0.50 | enc_conv1: mean=1.48e-14 std=1.97e-05 pos=0.30
[05/14 07:00:33] [GradMonitor step=7340] deep/task: enc_layer4: mean=2.29e-06 std=5.24e-06 | PAM: mean=4.84e-05 std=1.10e-04 | CIAM: mean=2.31e-06 std=5.25e-06
[05/14 07:00:33] [GradMonitor step=7340] param-grad: weight_base: mean=-2.38e-09 std=1.87e-07 | weight_base_open: mean=2.24e-06 std=1.01e-03 | enc_conv1_weight: mean=1.39e-03 std=7.41e-03
[05/14 07:00:34] [GradMonitor step=7350] near-input: bn0: mean=1.24e-07 std=3.09e-04 pos=0.50 | enc_conv1: mean=-8.42e-15 std=3.87e-05 pos=0.37
[05/14 07:00:34] [GradMonitor step=7350] deep/task: enc_layer4: mean=2.47e-06 std=5.85e-06 | PAM: mean=5.23e-05 std=1.23e-04 | CIAM: mean=2.49e-06 std=5.85e-06
[05/14 07:00:34] [GradMonitor step=7350] param-grad: weight_base: mean=-1.16e-08 std=3.32e-07 | weight_base_open: mean=6.78e-05 std=9.19e-04 | enc_conv1_weight: mean=3.55e-03 std=1.00e-02
[05/14 07:00:34] [GradMonitor step=7360] near-input: bn0: mean=1.88e-08 std=1.56e-04 pos=0.50 | enc_conv1: mean=-1.94e-15 std=1.94e-05 pos=0.29
[05/14 07:00:34] [GradMonitor step=7360] deep/task: enc_layer4: mean=1.87e-06 std=2.48e-06 | PAM: mean=3.95e-05 std=5.25e-05 | CIAM: mean=1.90e-06 std=2.49e-06
[05/14 07:00:34] [GradMonitor step=7360] param-grad: weight_base: mean=-4.14e-09 std=2.33e-07 | weight_base_open: mean=6.58e-05 std=8.21e-04 | enc_conv1_weight: mean=7.34e-04 std=4.14e-03
[05/14 07:00:35] [GradMonitor step=7370] near-input: bn0: mean=1.11e-08 std=2.19e-04 pos=0.50 | enc_conv1: mean=2.18e-15 std=2.88e-05 pos=0.37
[05/14 07:00:35] [GradMonitor step=7370] deep/task: enc_layer4: mean=1.85e-06 std=4.21e-06 | PAM: mean=3.94e-05 std=8.84e-05 | CIAM: mean=1.89e-06 std=4.22e-06
[05/14 07:00:35] [GradMonitor step=7370] param-grad: weight_base: mean=1.11e-08 std=3.46e-07 | weight_base_open: mean=2.20e-05 std=9.00e-04 | enc_conv1_weight: mean=6.06e-04 std=7.47e-03
[05/14 07:00:36] [GradMonitor step=7380] near-input: bn0: mean=-6.57e-08 std=1.75e-04 pos=0.50 | enc_conv1: mean=-7.41e-15 std=2.16e-05 pos=0.29
[05/14 07:00:36] [GradMonitor step=7380] deep/task: enc_layer4: mean=2.26e-06 std=3.41e-06 | PAM: mean=4.79e-05 std=7.17e-05 | CIAM: mean=2.29e-06 std=3.41e-06
[05/14 07:00:36] [GradMonitor step=7380] param-grad: weight_base: mean=1.71e-08 std=3.59e-07 | weight_base_open: mean=-1.28e-05 std=9.00e-04 | enc_conv1_weight: mean=1.52e-04 std=7.58e-03
[05/14 07:00:37] [GradMonitor step=7390] near-input: bn0: mean=-2.76e-08 std=2.15e-04 pos=0.50 | enc_conv1: mean=-8.11e-15 std=2.60e-05 pos=0.35
[05/14 07:00:37] [GradMonitor step=7390] deep/task: enc_layer4: mean=2.91e-06 std=4.13e-06 | PAM: mean=6.16e-05 std=8.68e-05 | CIAM: mean=2.95e-06 std=4.14e-06
[05/14 07:00:37] [GradMonitor step=7390] param-grad: weight_base: mean=6.35e-09 std=2.07e-07 | weight_base_open: mean=6.62e-06 std=1.01e-03 | enc_conv1_weight: mean=3.29e-04 std=7.05e-03
[05/14 07:00:37] [GradMonitor step=7400] near-input: bn0: mean=-3.37e-08 std=1.44e-04 pos=0.50 | enc_conv1: mean=3.49e-15 std=2.09e-05 pos=0.31
[05/14 07:00:37] [GradMonitor step=7400] deep/task: enc_layer4: mean=2.49e-06 std=3.49e-06 | PAM: mean=5.27e-05 std=7.34e-05 | CIAM: mean=2.53e-06 std=3.49e-06
[05/14 07:00:37] [GradMonitor step=7400] param-grad: weight_base: mean=5.22e-10 std=3.28e-07 | weight_base_open: mean=2.01e-05 std=1.23e-03 | enc_conv1_weight: mean=-1.46e-05 std=6.82e-03
[05/14 07:00:38] [GradMonitor step=7410] near-input: bn0: mean=1.37e-07 std=2.87e-04 pos=0.50 | enc_conv1: mean=2.48e-15 std=4.06e-05 pos=0.32
[05/14 07:00:38] [GradMonitor step=7410] deep/task: enc_layer4: mean=1.63e-06 std=6.07e-06 | PAM: mean=3.49e-05 std=1.28e-04 | CIAM: mean=1.67e-06 std=6.07e-06
[05/14 07:00:38] [GradMonitor step=7410] param-grad: weight_base: mean=-1.09e-08 std=2.43e-07 | weight_base_open: mean=-5.36e-05 std=9.99e-04 | enc_conv1_weight: mean=-4.98e-04 std=1.28e-02
[05/14 07:00:39] [GradMonitor step=7420] near-input: bn0: mean=5.35e-09 std=1.51e-04 pos=0.50 | enc_conv1: mean=7.93e-16 std=1.91e-05 pos=0.31
[05/14 07:00:39] [GradMonitor step=7420] deep/task: enc_layer4: mean=2.42e-06 std=3.41e-06 | PAM: mean=5.11e-05 std=7.16e-05 | CIAM: mean=2.44e-06 std=3.41e-06
[05/14 07:00:39] [GradMonitor step=7420] param-grad: weight_base: mean=1.28e-08 std=3.71e-07 | weight_base_open: mean=5.55e-05 std=1.12e-03 | enc_conv1_weight: mean=-2.45e-03 std=1.06e-02
[05/14 07:00:40] [GradMonitor step=7430] near-input: bn0: mean=-5.05e-08 std=1.16e-04 pos=0.50 | enc_conv1: mean=3.54e-15 std=1.56e-05 pos=0.29
[05/14 07:00:40] [GradMonitor step=7430] deep/task: enc_layer4: mean=1.57e-06 std=2.82e-06 | PAM: mean=3.31e-05 std=5.91e-05 | CIAM: mean=1.59e-06 std=2.82e-06
[05/14 07:00:40] [GradMonitor step=7430] param-grad: weight_base: mean=-3.25e-09 std=3.11e-07 | weight_base_open: mean=-2.58e-05 std=9.82e-04 | enc_conv1_weight: mean=-2.53e-03 std=7.43e-03
[05/14 07:00:41] [GradMonitor step=7440] near-input: bn0: mean=-5.63e-08 std=1.25e-04 pos=0.50 | enc_conv1: mean=2.16e-15 std=1.76e-05 pos=0.31
[05/14 07:00:41] [GradMonitor step=7440] deep/task: enc_layer4: mean=1.90e-06 std=2.98e-06 | PAM: mean=4.00e-05 std=6.25e-05 | CIAM: mean=1.93e-06 std=2.98e-06
[05/14 07:00:41] [GradMonitor step=7440] param-grad: weight_base: mean=-9.32e-09 std=2.05e-07 | weight_base_open: mean=7.29e-06 std=9.47e-04 | enc_conv1_weight: mean=1.19e-03 std=5.26e-03
[05/14 07:00:42] [GradMonitor step=7450] near-input: bn0: mean=1.89e-08 std=1.41e-04 pos=0.50 | enc_conv1: mean=-1.36e-15 std=1.87e-05 pos=0.33
[05/14 07:00:42] [GradMonitor step=7450] deep/task: enc_layer4: mean=2.48e-06 std=3.25e-06 | PAM: mean=5.23e-05 std=6.82e-05 | CIAM: mean=2.51e-06 std=3.26e-06
[05/14 07:00:42] [GradMonitor step=7450] param-grad: weight_base: mean=-1.61e-09 std=1.96e-07 | weight_base_open: mean=5.25e-05 std=1.24e-03 | enc_conv1_weight: mean=-7.70e-04 std=5.46e-03
[05/14 07:00:43] [GradMonitor step=7460] near-input: bn0: mean=-6.63e-08 std=2.15e-04 pos=0.50 | enc_conv1: mean=-2.64e-15 std=2.67e-05 pos=0.31
[05/14 07:00:43] [GradMonitor step=7460] deep/task: enc_layer4: mean=2.13e-06 std=3.88e-06 | PAM: mean=4.55e-05 std=8.26e-05 | CIAM: mean=2.17e-06 std=3.88e-06
[05/14 07:00:43] [GradMonitor step=7460] param-grad: weight_base: mean=-1.73e-09 std=3.87e-07 | weight_base_open: mean=-3.62e-05 std=8.98e-04 | enc_conv1_weight: mean=-1.43e-03 std=8.58e-03
[05/14 07:00:43] [GradMonitor step=7470] near-input: bn0: mean=4.92e-08 std=1.62e-04 pos=0.50 | enc_conv1: mean=1.68e-15 std=2.07e-05 pos=0.33
[05/14 07:00:43] [GradMonitor step=7470] deep/task: enc_layer4: mean=2.99e-06 std=4.90e-06 | PAM: mean=6.32e-05 std=1.02e-04 | CIAM: mean=3.03e-06 std=4.92e-06
[05/14 07:00:43] [GradMonitor step=7470] param-grad: weight_base: mean=7.63e-10 std=3.28e-07 | weight_base_open: mean=-1.39e-05 std=9.62e-04 | enc_conv1_weight: mean=-1.95e-03 std=8.71e-03
[05/14 07:00:44] [GradMonitor step=7480] near-input: bn0: mean=3.74e-08 std=1.51e-04 pos=0.50 | enc_conv1: mean=-1.01e-15 std=2.01e-05 pos=0.33
[05/14 07:00:44] [GradMonitor step=7480] deep/task: enc_layer4: mean=1.83e-06 std=3.50e-06 | PAM: mean=3.88e-05 std=7.36e-05 | CIAM: mean=1.86e-06 std=3.51e-06
[05/14 07:00:44] [GradMonitor step=7480] param-grad: weight_base: mean=1.51e-08 std=4.47e-07 | weight_base_open: mean=7.87e-06 std=1.04e-03 | enc_conv1_weight: mean=1.04e-04 std=6.23e-03
[05/14 07:00:45] [GradMonitor step=7490] near-input: bn0: mean=-4.22e-08 std=1.39e-04 pos=0.50 | enc_conv1: mean=3.10e-15 std=1.86e-05 pos=0.29
[05/14 07:00:45] [GradMonitor step=7490] deep/task: enc_layer4: mean=2.50e-06 std=3.25e-06 | PAM: mean=5.29e-05 std=6.88e-05 | CIAM: mean=2.54e-06 std=3.25e-06
[05/14 07:00:45] [GradMonitor step=7490] param-grad: weight_base: mean=5.92e-09 std=3.25e-07 | weight_base_open: mean=3.59e-05 std=1.12e-03 | enc_conv1_weight: mean=1.66e-04 std=6.80e-03
[05/14 07:00:46] [GradMonitor step=7500] near-input: bn0: mean=-3.51e-08 std=1.55e-04 pos=0.50 | enc_conv1: mean=4.69e-15 std=2.11e-05 pos=0.33
[05/14 07:00:46] [GradMonitor step=7500] deep/task: enc_layer4: mean=3.43e-06 std=4.98e-06 | PAM: mean=7.31e-05 std=1.05e-04 | CIAM: mean=3.49e-06 std=5.01e-06
[05/14 07:00:46] [GradMonitor step=7500] param-grad: weight_base: mean=1.70e-08 std=2.26e-07 | weight_base_open: mean=1.33e-05 std=1.09e-03 | enc_conv1_weight: mean=-2.78e-04 std=1.06e-02
[05/14 07:00:47] [GradMonitor step=7510] near-input: bn0: mean=-6.41e-08 std=1.29e-04 pos=0.50 | enc_conv1: mean=-1.40e-15 std=1.74e-05 pos=0.26
[05/14 07:00:47] [GradMonitor step=7510] deep/task: enc_layer4: mean=1.65e-06 std=2.81e-06 | PAM: mean=3.52e-05 std=5.94e-05 | CIAM: mean=1.66e-06 std=2.81e-06
[05/14 07:00:47] [GradMonitor step=7510] param-grad: weight_base: mean=-1.55e-08 std=2.78e-07 | weight_base_open: mean=-7.88e-05 std=1.30e-03 | enc_conv1_weight: mean=1.53e-04 std=7.16e-03
[05/14 07:00:48] [GradMonitor step=7520] near-input: bn0: mean=-4.99e-08 std=1.28e-04 pos=0.50 | enc_conv1: mean=1.02e-14 std=1.75e-05 pos=0.32
[05/14 07:00:48] [GradMonitor step=7520] deep/task: enc_layer4: mean=2.27e-06 std=3.31e-06 | PAM: mean=4.81e-05 std=6.98e-05 | CIAM: mean=2.29e-06 std=3.32e-06
[05/14 07:00:48] [GradMonitor step=7520] param-grad: weight_base: mean=7.88e-09 std=1.16e-07 | weight_base_open: mean=4.04e-05 std=1.14e-03 | enc_conv1_weight: mean=1.58e-03 std=8.80e-03
[05/14 07:00:48] [GradMonitor step=7530] near-input: bn0: mean=-5.36e-08 std=1.44e-04 pos=0.50 | enc_conv1: mean=2.55e-15 std=1.96e-05 pos=0.26
[05/14 07:00:48] [GradMonitor step=7530] deep/task: enc_layer4: mean=1.81e-06 std=3.99e-06 | PAM: mean=3.82e-05 std=8.33e-05 | CIAM: mean=1.84e-06 std=3.99e-06
[05/14 07:00:48] [GradMonitor step=7530] param-grad: weight_base: mean=-1.08e-08 std=2.98e-07 | weight_base_open: mean=3.80e-05 std=1.08e-03 | enc_conv1_weight: mean=-1.17e-03 std=8.76e-03
[05/14 07:00:49] [GradMonitor step=7540] near-input: bn0: mean=1.32e-08 std=2.59e-04 pos=0.50 | enc_conv1: mean=-2.50e-15 std=3.18e-05 pos=0.37
[05/14 07:00:49] [GradMonitor step=7540] deep/task: enc_layer4: mean=2.29e-06 std=3.84e-06 | PAM: mean=4.83e-05 std=8.05e-05 | CIAM: mean=2.31e-06 std=3.83e-06
[05/14 07:00:49] [GradMonitor step=7540] param-grad: weight_base: mean=-1.87e-09 std=1.92e-07 | weight_base_open: mean=-4.34e-05 std=1.15e-03 | enc_conv1_weight: mean=-2.01e-04 std=8.17e-03
[05/14 07:00:50] [GradMonitor step=7550] near-input: bn0: mean=2.03e-08 std=2.33e-04 pos=0.50 | enc_conv1: mean=-5.32e-15 std=3.30e-05 pos=0.34
[05/14 07:00:50] [GradMonitor step=7550] deep/task: enc_layer4: mean=2.68e-06 std=5.04e-06 | PAM: mean=5.69e-05 std=1.06e-04 | CIAM: mean=2.71e-06 std=5.05e-06
[05/14 07:00:50] [GradMonitor step=7550] param-grad: weight_base: mean=1.35e-08 std=2.26e-07 | weight_base_open: mean=2.42e-05 std=1.32e-03 | enc_conv1_weight: mean=-5.36e-04 std=1.27e-02
[05/14 07:00:51] [GradMonitor step=7560] near-input: bn0: mean=2.92e-08 std=2.47e-04 pos=0.50 | enc_conv1: mean=2.19e-15 std=3.21e-05 pos=0.37
[05/14 07:00:51] [GradMonitor step=7560] deep/task: enc_layer4: mean=2.61e-06 std=4.47e-06 | PAM: mean=5.54e-05 std=9.42e-05 | CIAM: mean=2.67e-06 std=4.48e-06
[05/14 07:00:51] [GradMonitor step=7560] param-grad: weight_base: mean=3.46e-09 std=1.76e-07 | weight_base_open: mean=-5.36e-06 std=9.38e-04 | enc_conv1_weight: mean=2.00e-03 std=8.96e-03
[05/14 07:00:52] [GradMonitor step=7570] near-input: bn0: mean=7.31e-08 std=3.36e-04 pos=0.50 | enc_conv1: mean=-9.10e-15 std=5.18e-05 pos=0.42
[05/14 07:00:52] [GradMonitor step=7570] deep/task: enc_layer4: mean=3.16e-06 std=5.45e-06 | PAM: mean=6.76e-05 std=1.16e-04 | CIAM: mean=3.20e-06 std=5.46e-06
[05/14 07:00:52] [GradMonitor step=7570] param-grad: weight_base: mean=2.48e-08 std=5.17e-07 | weight_base_open: mean=-1.76e-05 std=1.41e-03 | enc_conv1_weight: mean=-1.00e-04 std=1.26e-02
[05/14 07:00:52] [GradMonitor step=7580] near-input: bn0: mean=1.06e-08 std=1.64e-04 pos=0.50 | enc_conv1: mean=5.87e-15 std=2.11e-05 pos=0.30
[05/14 07:00:52] [GradMonitor step=7580] deep/task: enc_layer4: mean=2.92e-06 std=4.18e-06 | PAM: mean=6.14e-05 std=8.72e-05 | CIAM: mean=2.97e-06 std=4.20e-06
[05/14 07:00:52] [GradMonitor step=7580] param-grad: weight_base: mean=-1.23e-09 std=4.04e-07 | weight_base_open: mean=-1.17e-05 std=1.23e-03 | enc_conv1_weight: mean=1.99e-04 std=6.68e-03
[05/14 07:00:53] [GradMonitor step=7590] near-input: bn0: mean=3.30e-08 std=2.51e-04 pos=0.50 | enc_conv1: mean=8.06e-15 std=3.18e-05 pos=0.35
[05/14 07:00:53] [GradMonitor step=7590] deep/task: enc_layer4: mean=3.10e-06 std=6.49e-06 | PAM: mean=6.65e-05 std=1.38e-04 | CIAM: mean=3.16e-06 std=6.51e-06
[05/14 07:00:53] [GradMonitor step=7590] param-grad: weight_base: mean=-1.13e-08 std=2.39e-07 | weight_base_open: mean=8.52e-05 std=1.27e-03 | enc_conv1_weight: mean=-1.77e-04 std=1.13e-02
[05/14 07:00:54] [GradMonitor step=7600] near-input: bn0: mean=5.45e-08 std=3.77e-04 pos=0.50 | enc_conv1: mean=1.70e-14 std=5.09e-05 pos=0.38
[05/14 07:00:54] [GradMonitor step=7600] deep/task: enc_layer4: mean=3.03e-06 std=6.64e-06 | PAM: mean=6.41e-05 std=1.39e-04 | CIAM: mean=3.05e-06 std=6.64e-06
[05/14 07:00:54] [GradMonitor step=7600] param-grad: weight_base: mean=1.90e-08 std=3.14e-07 | weight_base_open: mean=9.58e-05 std=1.34e-03 | enc_conv1_weight: mean=-4.36e-03 std=1.17e-02
[05/14 07:00:54] 
[05/14 07:00:54] epoch 19/40, iter 7600:
[05/14 07:00:54] train_loss: 0.78177
[05/14 07:00:54] train_acc: 0.995
[05/14 07:00:54] train_auroc: 0.990
[05/14 07:01:00] Summary name val_6-way-5-shot_tpr@tnr95 is illegal; using val_6-way-5-shot_tpr_tnr95 instead.
[05/14 07:01:00] val_6-way-5-shot_acc: 64.850	0.678
[05/14 07:01:00] val_6-way-5-shot_auroc: 39.022	1.923
[05/14 07:01:00] val_6-way-5-shot_fscore: 19.678	0.267
[05/14 07:01:00] val_6-way-5-shot_tpr@tnr95: 4.000	1.239
[05/14 07:01:00] val_6-way-5-shot_osr: 48.749	0.631
[05/14 07:01:01] [GradMonitor step=7610] near-input: bn0: mean=-4.93e-08 std=1.22e-04 pos=0.50 | enc_conv1: mean=8.19e-16 std=1.75e-05 pos=0.29
[05/14 07:01:01] [GradMonitor step=7610] deep/task: enc_layer4: mean=2.28e-06 std=3.30e-06 | PAM: mean=4.82e-05 std=6.90e-05 | CIAM: mean=2.31e-06 std=3.31e-06
[05/14 07:01:01] [GradMonitor step=7610] param-grad: weight_base: mean=2.02e-09 std=3.12e-07 | weight_base_open: mean=-7.72e-06 std=1.08e-03 | enc_conv1_weight: mean=-1.70e-03 std=7.29e-03
[05/14 07:01:02] [GradMonitor step=7620] near-input: bn0: mean=-3.12e-08 std=3.86e-04 pos=0.50 | enc_conv1: mean=1.78e-14 std=5.50e-05 pos=0.39
[05/14 07:01:02] [GradMonitor step=7620] deep/task: enc_layer4: mean=2.78e-06 std=6.27e-06 | PAM: mean=5.94e-05 std=1.33e-04 | CIAM: mean=2.79e-06 std=6.27e-06
[05/14 07:01:02] [GradMonitor step=7620] param-grad: weight_base: mean=6.61e-09 std=3.86e-07 | weight_base_open: mean=2.37e-05 std=1.26e-03 | enc_conv1_weight: mean=2.01e-03 std=1.43e-02
[05/14 07:01:02] [GradMonitor step=7630] near-input: bn0: mean=-2.13e-08 std=3.58e-04 pos=0.50 | enc_conv1: mean=7.32e-15 std=4.76e-05 pos=0.42
[05/14 07:01:02] [GradMonitor step=7630] deep/task: enc_layer4: mean=2.84e-06 std=5.31e-06 | PAM: mean=6.01e-05 std=1.12e-04 | CIAM: mean=2.85e-06 std=5.31e-06
[05/14 07:01:02] [GradMonitor step=7630] param-grad: weight_base: mean=3.73e-09 std=2.47e-07 | weight_base_open: mean=1.43e-05 std=1.31e-03 | enc_conv1_weight: mean=1.76e-03 std=1.14e-02
[05/14 07:01:03] [GradMonitor step=7640] near-input: bn0: mean=2.44e-08 std=2.23e-04 pos=0.50 | enc_conv1: mean=-2.07e-15 std=2.91e-05 pos=0.30
[05/14 07:01:03] [GradMonitor step=7640] deep/task: enc_layer4: mean=2.07e-06 std=4.76e-06 | PAM: mean=4.39e-05 std=9.99e-05 | CIAM: mean=2.10e-06 std=4.77e-06
[05/14 07:01:03] [GradMonitor step=7640] param-grad: weight_base: mean=2.41e-09 std=1.46e-07 | weight_base_open: mean=-6.11e-07 std=1.00e-03 | enc_conv1_weight: mean=2.48e-03 std=8.14e-03
[05/14 07:01:04] [GradMonitor step=7650] near-input: bn0: mean=-4.51e-08 std=2.51e-04 pos=0.50 | enc_conv1: mean=9.68e-16 std=3.42e-05 pos=0.34
[05/14 07:01:04] [GradMonitor step=7650] deep/task: enc_layer4: mean=3.30e-06 std=5.88e-06 | PAM: mean=7.00e-05 std=1.23e-04 | CIAM: mean=3.35e-06 std=5.89e-06
[05/14 07:01:04] [GradMonitor step=7650] param-grad: weight_base: mean=-7.52e-09 std=3.25e-07 | weight_base_open: mean=-3.53e-05 std=1.02e-03 | enc_conv1_weight: mean=8.41e-04 std=8.71e-03
[05/14 07:01:05] [GradMonitor step=7660] near-input: bn0: mean=5.17e-08 std=1.36e-04 pos=0.50 | enc_conv1: mean=2.61e-15 std=1.76e-05 pos=0.29
[05/14 07:01:05] [GradMonitor step=7660] deep/task: enc_layer4: mean=1.76e-06 std=2.88e-06 | PAM: mean=3.75e-05 std=6.06e-05 | CIAM: mean=1.79e-06 std=2.88e-06
[05/14 07:01:05] [GradMonitor step=7660] param-grad: weight_base: mean=-1.34e-08 std=2.97e-07 | weight_base_open: mean=5.92e-05 std=1.11e-03 | enc_conv1_weight: mean=-5.36e-04 std=5.48e-03
[05/14 07:01:06] [GradMonitor step=7670] near-input: bn0: mean=2.23e-08 std=1.03e-04 pos=0.50 | enc_conv1: mean=6.62e-16 std=1.33e-05 pos=0.26
[05/14 07:01:06] [GradMonitor step=7670] deep/task: enc_layer4: mean=1.76e-06 std=3.01e-06 | PAM: mean=3.73e-05 std=6.31e-05 | CIAM: mean=1.79e-06 std=3.01e-06
[05/14 07:01:06] [GradMonitor step=7670] param-grad: weight_base: mean=5.33e-09 std=1.96e-07 | weight_base_open: mean=3.04e-05 std=8.31e-04 | enc_conv1_weight: mean=-1.65e-04 std=6.59e-03
[05/14 07:01:07] [GradMonitor step=7680] near-input: bn0: mean=1.13e-07 std=4.82e-04 pos=0.50 | enc_conv1: mean=2.17e-14 std=7.66e-05 pos=0.37
[05/14 07:01:07] [GradMonitor step=7680] deep/task: enc_layer4: mean=3.25e-06 std=6.76e-06 | PAM: mean=6.95e-05 std=1.42e-04 | CIAM: mean=3.26e-06 std=6.76e-06
[05/14 07:01:07] [GradMonitor step=7680] param-grad: weight_base: mean=6.98e-09 std=2.73e-07 | weight_base_open: mean=-3.60e-05 std=1.38e-03 | enc_conv1_weight: mean=-1.58e-03 std=1.63e-02
[05/14 07:01:07] [GradMonitor step=7690] near-input: bn0: mean=6.31e-09 std=1.47e-04 pos=0.50 | enc_conv1: mean=-6.72e-15 std=2.05e-05 pos=0.32
[05/14 07:01:07] [GradMonitor step=7690] deep/task: enc_layer4: mean=2.77e-06 std=4.04e-06 | PAM: mean=5.87e-05 std=8.43e-05 | CIAM: mean=2.81e-06 std=4.04e-06
[05/14 07:01:07] [GradMonitor step=7690] param-grad: weight_base: mean=-3.81e-09 std=4.13e-07 | weight_base_open: mean=-1.83e-05 std=1.50e-03 | enc_conv1_weight: mean=-1.01e-03 std=6.63e-03
[05/14 07:01:08] [GradMonitor step=7700] near-input: bn0: mean=-1.88e-08 std=1.50e-04 pos=0.50 | enc_conv1: mean=-7.05e-15 std=1.97e-05 pos=0.27
[05/14 07:01:08] [GradMonitor step=7700] deep/task: enc_layer4: mean=2.30e-06 std=3.06e-06 | PAM: mean=4.85e-05 std=6.39e-05 | CIAM: mean=2.32e-06 std=3.06e-06
[05/14 07:01:08] [GradMonitor step=7700] param-grad: weight_base: mean=-1.98e-08 std=3.75e-07 | weight_base_open: mean=6.02e-05 std=1.12e-03 | enc_conv1_weight: mean=4.56e-04 std=6.24e-03
[05/14 07:01:09] [GradMonitor step=7710] near-input: bn0: mean=1.74e-07 std=2.54e-04 pos=0.50 | enc_conv1: mean=2.78e-15 std=3.48e-05 pos=0.34
[05/14 07:01:09] [GradMonitor step=7710] deep/task: enc_layer4: mean=2.26e-06 std=5.14e-06 | PAM: mean=4.80e-05 std=1.09e-04 | CIAM: mean=2.29e-06 std=5.15e-06
[05/14 07:01:09] [GradMonitor step=7710] param-grad: weight_base: mean=2.36e-08 std=5.85e-07 | weight_base_open: mean=-6.89e-06 std=2.57e-03 | enc_conv1_weight: mean=1.87e-04 std=1.03e-02
[05/14 07:01:10] [GradMonitor step=7720] near-input: bn0: mean=1.57e-08 std=1.36e-04 pos=0.50 | enc_conv1: mean=-1.87e-15 std=1.93e-05 pos=0.29
[05/14 07:01:10] [GradMonitor step=7720] deep/task: enc_layer4: mean=2.46e-06 std=4.02e-06 | PAM: mean=5.26e-05 std=8.50e-05 | CIAM: mean=2.50e-06 std=4.03e-06
[05/14 07:01:10] [GradMonitor step=7720] param-grad: weight_base: mean=-1.17e-08 std=2.70e-07 | weight_base_open: mean=-8.57e-07 std=9.18e-04 | enc_conv1_weight: mean=-1.35e-03 std=7.30e-03
[05/14 07:01:11] [GradMonitor step=7730] near-input: bn0: mean=5.01e-09 std=1.35e-04 pos=0.50 | enc_conv1: mean=3.89e-15 std=1.76e-05 pos=0.30
[05/14 07:01:11] [GradMonitor step=7730] deep/task: enc_layer4: mean=2.63e-06 std=3.76e-06 | PAM: mean=5.58e-05 std=7.89e-05 | CIAM: mean=2.67e-06 std=3.78e-06
[05/14 07:01:11] [GradMonitor step=7730] param-grad: weight_base: mean=5.07e-10 std=2.32e-07 | weight_base_open: mean=5.57e-05 std=1.13e-03 | enc_conv1_weight: mean=-2.80e-04 std=8.63e-03
[05/14 07:01:11] [GradMonitor step=7740] near-input: bn0: mean=2.30e-08 std=1.40e-04 pos=0.50 | enc_conv1: mean=-3.73e-16 std=1.85e-05 pos=0.29
[05/14 07:01:11] [GradMonitor step=7740] deep/task: enc_layer4: mean=2.24e-06 std=5.17e-06 | PAM: mean=4.76e-05 std=1.09e-04 | CIAM: mean=2.27e-06 std=5.18e-06
[05/14 07:01:11] [GradMonitor step=7740] param-grad: weight_base: mean=-5.61e-10 std=1.43e-07 | weight_base_open: mean=1.74e-05 std=8.92e-04 | enc_conv1_weight: mean=1.47e-03 std=7.24e-03
[05/14 07:01:12] [GradMonitor step=7750] near-input: bn0: mean=1.52e-07 std=3.27e-04 pos=0.50 | enc_conv1: mean=1.95e-16 std=4.17e-05 pos=0.40
[05/14 07:01:12] [GradMonitor step=7750] deep/task: enc_layer4: mean=2.48e-06 std=5.86e-06 | PAM: mean=5.26e-05 std=1.22e-04 | CIAM: mean=2.51e-06 std=5.86e-06
[05/14 07:01:12] [GradMonitor step=7750] param-grad: weight_base: mean=1.32e-09 std=3.24e-07 | weight_base_open: mean=-4.48e-06 std=9.64e-04 | enc_conv1_weight: mean=2.52e-03 std=9.49e-03
[05/14 07:01:13] [GradMonitor step=7760] near-input: bn0: mean=1.11e-08 std=1.50e-04 pos=0.50 | enc_conv1: mean=-2.34e-15 std=1.87e-05 pos=0.28
[05/14 07:01:13] [GradMonitor step=7760] deep/task: enc_layer4: mean=1.78e-06 std=2.45e-06 | PAM: mean=3.77e-05 std=5.18e-05 | CIAM: mean=1.82e-06 std=2.46e-06
[05/14 07:01:13] [GradMonitor step=7760] param-grad: weight_base: mean=6.24e-09 std=2.00e-07 | weight_base_open: mean=9.41e-05 std=9.37e-04 | enc_conv1_weight: mean=5.70e-04 std=3.97e-03
[05/14 07:01:14] [GradMonitor step=7770] near-input: bn0: mean=-4.23e-09 std=2.07e-04 pos=0.50 | enc_conv1: mean=-1.18e-14 std=2.70e-05 pos=0.37
[05/14 07:01:14] [GradMonitor step=7770] deep/task: enc_layer4: mean=1.67e-06 std=4.12e-06 | PAM: mean=3.57e-05 std=8.65e-05 | CIAM: mean=1.71e-06 std=4.13e-06
[05/14 07:01:14] [GradMonitor step=7770] param-grad: weight_base: mean=-1.24e-08 std=3.81e-07 | weight_base_open: mean=-3.64e-05 std=1.09e-03 | enc_conv1_weight: mean=8.38e-04 std=7.05e-03
[05/14 07:01:15] [GradMonitor step=7780] near-input: bn0: mean=-6.74e-08 std=1.71e-04 pos=0.50 | enc_conv1: mean=-3.73e-16 std=2.09e-05 pos=0.30
[05/14 07:01:15] [GradMonitor step=7780] deep/task: enc_layer4: mean=2.19e-06 std=3.36e-06 | PAM: mean=4.65e-05 std=7.06e-05 | CIAM: mean=2.22e-06 std=3.35e-06
[05/14 07:01:15] [GradMonitor step=7780] param-grad: weight_base: mean=7.01e-12 std=3.35e-07 | weight_base_open: mean=1.45e-05 std=9.09e-04 | enc_conv1_weight: mean=-1.88e-04 std=7.14e-03
[05/14 07:01:16] [GradMonitor step=7790] near-input: bn0: mean=-2.05e-08 std=2.04e-04 pos=0.50 | enc_conv1: mean=3.01e-15 std=2.47e-05 pos=0.34
[05/14 07:01:16] [GradMonitor step=7790] deep/task: enc_layer4: mean=2.81e-06 std=3.90e-06 | PAM: mean=5.96e-05 std=8.20e-05 | CIAM: mean=2.85e-06 std=3.91e-06
[05/14 07:01:16] [GradMonitor step=7790] param-grad: weight_base: mean=-2.40e-08 std=3.59e-07 | weight_base_open: mean=-4.03e-05 std=9.67e-04 | enc_conv1_weight: mean=4.69e-04 std=6.43e-03
[05/14 07:01:16] [GradMonitor step=7800] near-input: bn0: mean=-4.57e-08 std=1.41e-04 pos=0.50 | enc_conv1: mean=2.42e-15 std=2.02e-05 pos=0.31
[05/14 07:01:16] [GradMonitor step=7800] deep/task: enc_layer4: mean=2.42e-06 std=3.37e-06 | PAM: mean=5.12e-05 std=7.10e-05 | CIAM: mean=2.46e-06 std=3.37e-06
[05/14 07:01:16] [GradMonitor step=7800] param-grad: weight_base: mean=-1.15e-08 std=1.94e-07 | weight_base_open: mean=-3.23e-06 std=9.97e-04 | enc_conv1_weight: mean=1.20e-04 std=6.78e-03
[05/14 07:01:17] [GradMonitor step=7810] near-input: bn0: mean=1.46e-07 std=2.85e-04 pos=0.50 | enc_conv1: mean=1.19e-14 std=4.01e-05 pos=0.32
[05/14 07:01:17] [GradMonitor step=7810] deep/task: enc_layer4: mean=1.66e-06 std=5.87e-06 | PAM: mean=3.55e-05 std=1.24e-04 | CIAM: mean=1.70e-06 std=5.86e-06
[05/14 07:01:17] [GradMonitor step=7810] param-grad: weight_base: mean=2.66e-09 std=2.49e-07 | weight_base_open: mean=4.58e-05 std=1.05e-03 | enc_conv1_weight: mean=-1.17e-03 std=1.31e-02
[05/14 07:01:18] [GradMonitor step=7820] near-input: bn0: mean=1.36e-09 std=1.46e-04 pos=0.50 | enc_conv1: mean=1.92e-15 std=1.83e-05 pos=0.29
[05/14 07:01:18] [GradMonitor step=7820] deep/task: enc_layer4: mean=2.40e-06 std=3.35e-06 | PAM: mean=5.08e-05 std=7.05e-05 | CIAM: mean=2.43e-06 std=3.36e-06
[05/14 07:01:18] [GradMonitor step=7820] param-grad: weight_base: mean=-1.73e-08 std=2.80e-07 | weight_base_open: mean=-1.77e-05 std=1.12e-03 | enc_conv1_weight: mean=-2.12e-03 std=1.03e-02
[05/14 07:01:19] [GradMonitor step=7830] near-input: bn0: mean=-4.25e-08 std=1.13e-04 pos=0.50 | enc_conv1: mean=-1.72e-15 std=1.54e-05 pos=0.30
[05/14 07:01:19] [GradMonitor step=7830] deep/task: enc_layer4: mean=1.50e-06 std=2.69e-06 | PAM: mean=3.18e-05 std=5.64e-05 | CIAM: mean=1.53e-06 std=2.70e-06
[05/14 07:01:19] [GradMonitor step=7830] param-grad: weight_base: mean=-5.59e-09 std=3.65e-07 | weight_base_open: mean=6.61e-05 std=1.09e-03 | enc_conv1_weight: mean=-2.11e-03 std=6.61e-03
[05/14 07:01:20] [GradMonitor step=7840] near-input: bn0: mean=-4.84e-08 std=1.20e-04 pos=0.50 | enc_conv1: mean=4.53e-15 std=1.70e-05 pos=0.32
[05/14 07:01:20] [GradMonitor step=7840] deep/task: enc_layer4: mean=1.79e-06 std=2.91e-06 | PAM: mean=3.79e-05 std=6.11e-05 | CIAM: mean=1.82e-06 std=2.92e-06
[05/14 07:01:20] [GradMonitor step=7840] param-grad: weight_base: mean=-1.75e-08 std=2.99e-07 | weight_base_open: mean=6.75e-06 std=9.96e-04 | enc_conv1_weight: mean=1.07e-03 std=5.05e-03
[05/14 07:01:20] [GradMonitor step=7850] near-input: bn0: mean=1.67e-08 std=1.36e-04 pos=0.50 | enc_conv1: mean=3.85e-15 std=1.80e-05 pos=0.32
[05/14 07:01:20] [GradMonitor step=7850] deep/task: enc_layer4: mean=2.36e-06 std=3.12e-06 | PAM: mean=5.00e-05 std=6.54e-05 | CIAM: mean=2.40e-06 std=3.13e-06
[05/14 07:01:20] [GradMonitor step=7850] param-grad: weight_base: mean=8.62e-11 std=1.98e-07 | weight_base_open: mean=-2.40e-05 std=1.26e-03 | enc_conv1_weight: mean=-8.02e-04 std=5.46e-03
[05/14 07:01:21] [GradMonitor step=7860] near-input: bn0: mean=-6.54e-08 std=1.99e-04 pos=0.50 | enc_conv1: mean=-3.73e-16 std=2.48e-05 pos=0.31
[05/14 07:01:21] [GradMonitor step=7860] deep/task: enc_layer4: mean=2.05e-06 std=3.80e-06 | PAM: mean=4.39e-05 std=8.08e-05 | CIAM: mean=2.09e-06 std=3.81e-06
[05/14 07:01:21] [GradMonitor step=7860] param-grad: weight_base: mean=-2.00e-09 std=3.75e-07 | weight_base_open: mean=-1.99e-06 std=9.69e-04 | enc_conv1_weight: mean=-1.12e-03 std=8.31e-03
[05/14 07:01:22] [GradMonitor step=7870] near-input: bn0: mean=3.15e-08 std=1.50e-04 pos=0.50 | enc_conv1: mean=-1.02e-14 std=1.93e-05 pos=0.30
[05/14 07:01:22] [GradMonitor step=7870] deep/task: enc_layer4: mean=2.97e-06 std=4.90e-06 | PAM: mean=6.29e-05 std=1.02e-04 | CIAM: mean=3.02e-06 std=4.92e-06
[05/14 07:01:22] [GradMonitor step=7870] param-grad: weight_base: mean=-8.25e-09 std=3.33e-07 | weight_base_open: mean=-9.89e-06 std=1.08e-03 | enc_conv1_weight: mean=-1.65e-03 std=8.35e-03
[05/14 07:01:23] [GradMonitor step=7880] near-input: bn0: mean=3.02e-08 std=1.42e-04 pos=0.50 | enc_conv1: mean=5.15e-16 std=1.88e-05 pos=0.32
[05/14 07:01:23] [GradMonitor step=7880] deep/task: enc_layer4: mean=1.79e-06 std=3.33e-06 | PAM: mean=3.80e-05 std=7.01e-05 | CIAM: mean=1.82e-06 std=3.34e-06
[05/14 07:01:23] [GradMonitor step=7880] param-grad: weight_base: mean=5.11e-09 std=2.39e-07 | weight_base_open: mean=-6.05e-05 std=1.06e-03 | enc_conv1_weight: mean=7.89e-05 std=5.97e-03
[05/14 07:01:24] [GradMonitor step=7890] near-input: bn0: mean=-4.60e-08 std=1.32e-04 pos=0.50 | enc_conv1: mean=-3.18e-15 std=1.76e-05 pos=0.27
[05/14 07:01:24] [GradMonitor step=7890] deep/task: enc_layer4: mean=2.40e-06 std=3.09e-06 | PAM: mean=5.09e-05 std=6.56e-05 | CIAM: mean=2.44e-06 std=3.10e-06
[05/14 07:01:24] [GradMonitor step=7890] param-grad: weight_base: mean=1.36e-08 std=3.28e-07 | weight_base_open: mean=-4.16e-06 std=1.09e-03 | enc_conv1_weight: mean=2.04e-04 std=6.25e-03
[05/14 07:01:25] [GradMonitor step=7900] near-input: bn0: mean=-2.79e-08 std=1.46e-04 pos=0.50 | enc_conv1: mean=-3.58e-15 std=2.01e-05 pos=0.32
[05/14 07:01:25] [GradMonitor step=7900] deep/task: enc_layer4: mean=3.44e-06 std=4.93e-06 | PAM: mean=7.34e-05 std=1.04e-04 | CIAM: mean=3.51e-06 std=4.97e-06
[05/14 07:01:25] [GradMonitor step=7900] param-grad: weight_base: mean=-7.57e-09 std=2.93e-07 | weight_base_open: mean=-3.32e-05 std=1.18e-03 | enc_conv1_weight: mean=-4.27e-05 std=1.09e-02
[05/14 07:01:25] [GradMonitor step=7910] near-input: bn0: mean=-5.81e-08 std=1.28e-04 pos=0.50 | enc_conv1: mean=6.31e-15 std=1.73e-05 pos=0.26
[05/14 07:01:25] [GradMonitor step=7910] deep/task: enc_layer4: mean=1.59e-06 std=2.78e-06 | PAM: mean=3.41e-05 std=5.86e-05 | CIAM: mean=1.61e-06 std=2.78e-06
[05/14 07:01:25] [GradMonitor step=7910] param-grad: weight_base: mean=3.19e-09 std=2.25e-07 | weight_base_open: mean=7.30e-05 std=1.50e-03 | enc_conv1_weight: mean=2.57e-04 std=6.96e-03
[05/14 07:01:26] [GradMonitor step=7920] near-input: bn0: mean=-3.72e-08 std=1.21e-04 pos=0.50 | enc_conv1: mean=-1.60e-16 std=1.65e-05 pos=0.31
[05/14 07:01:26] [GradMonitor step=7920] deep/task: enc_layer4: mean=2.19e-06 std=3.24e-06 | PAM: mean=4.66e-05 std=6.82e-05 | CIAM: mean=2.22e-06 std=3.24e-06
[05/14 07:01:26] [GradMonitor step=7920] param-grad: weight_base: mean=-6.86e-09 std=2.26e-07 | weight_base_open: mean=-2.85e-06 std=1.34e-03 | enc_conv1_weight: mean=1.49e-03 std=8.16e-03
[05/14 07:01:27] [GradMonitor step=7930] near-input: bn0: mean=-5.70e-08 std=1.41e-04 pos=0.50 | enc_conv1: mean=4.50e-15 std=1.93e-05 pos=0.27
[05/14 07:01:27] [GradMonitor step=7930] deep/task: enc_layer4: mean=1.69e-06 std=3.94e-06 | PAM: mean=3.57e-05 std=8.23e-05 | CIAM: mean=1.72e-06 std=3.95e-06
[05/14 07:01:27] [GradMonitor step=7930] param-grad: weight_base: mean=-8.60e-09 std=3.46e-07 | weight_base_open: mean=1.35e-05 std=1.08e-03 | enc_conv1_weight: mean=-9.98e-04 std=8.25e-03
[05/14 07:01:28] [GradMonitor step=7940] near-input: bn0: mean=2.27e-08 std=2.57e-04 pos=0.50 | enc_conv1: mean=1.78e-16 std=3.12e-05 pos=0.38
[05/14 07:01:28] [GradMonitor step=7940] deep/task: enc_layer4: mean=2.27e-06 std=3.80e-06 | PAM: mean=4.79e-05 std=7.96e-05 | CIAM: mean=2.29e-06 std=3.79e-06
[05/14 07:01:28] [GradMonitor step=7940] param-grad: weight_base: mean=4.22e-09 std=2.80e-07 | weight_base_open: mean=-3.56e-06 std=1.06e-03 | enc_conv1_weight: mean=-1.35e-04 std=8.03e-03
[05/14 07:01:29] [GradMonitor step=7950] near-input: bn0: mean=4.86e-08 std=2.36e-04 pos=0.50 | enc_conv1: mean=1.44e-14 std=3.38e-05 pos=0.32
[05/14 07:01:29] [GradMonitor step=7950] deep/task: enc_layer4: mean=2.75e-06 std=5.00e-06 | PAM: mean=5.87e-05 std=1.06e-04 | CIAM: mean=2.79e-06 std=5.01e-06
[05/14 07:01:29] [GradMonitor step=7950] param-grad: weight_base: mean=2.78e-10 std=2.49e-07 | weight_base_open: mean=-2.81e-05 std=1.30e-03 | enc_conv1_weight: mean=-5.40e-04 std=1.28e-02
[05/14 07:01:30] [GradMonitor step=7960] near-input: bn0: mean=2.28e-08 std=2.26e-04 pos=0.50 | enc_conv1: mean=4.49e-15 std=2.90e-05 pos=0.35
[05/14 07:01:30] [GradMonitor step=7960] deep/task: enc_layer4: mean=2.46e-06 std=4.21e-06 | PAM: mean=5.23e-05 std=8.86e-05 | CIAM: mean=2.51e-06 std=4.22e-06
[05/14 07:01:30] [GradMonitor step=7960] param-grad: weight_base: mean=-1.73e-09 std=1.68e-07 | weight_base_open: mean=4.84e-06 std=8.83e-04 | enc_conv1_weight: mean=1.67e-03 std=8.31e-03
[05/14 07:01:30] [GradMonitor step=7970] near-input: bn0: mean=4.04e-08 std=3.14e-04 pos=0.50 | enc_conv1: mean=9.25e-15 std=4.82e-05 pos=0.42
[05/14 07:01:30] [GradMonitor step=7970] deep/task: enc_layer4: mean=3.18e-06 std=5.28e-06 | PAM: mean=6.79e-05 std=1.12e-04 | CIAM: mean=3.22e-06 std=5.29e-06
[05/14 07:01:30] [GradMonitor step=7970] param-grad: weight_base: mean=1.71e-08 std=3.42e-07 | weight_base_open: mean=3.15e-05 std=1.32e-03 | enc_conv1_weight: mean=-6.60e-04 std=1.20e-02
[05/14 07:01:31] [GradMonitor step=7980] near-input: bn0: mean=1.46e-08 std=1.62e-04 pos=0.50 | enc_conv1: mean=-4.18e-15 std=2.07e-05 pos=0.30
[05/14 07:01:31] [GradMonitor step=7980] deep/task: enc_layer4: mean=2.90e-06 std=4.22e-06 | PAM: mean=6.11e-05 std=8.80e-05 | CIAM: mean=2.96e-06 std=4.24e-06
[05/14 07:01:31] [GradMonitor step=7980] param-grad: weight_base: mean=-2.76e-09 std=3.35e-07 | weight_base_open: mean=1.38e-05 std=1.15e-03 | enc_conv1_weight: mean=4.98e-04 std=6.75e-03
[05/14 07:01:32] [GradMonitor step=7990] near-input: bn0: mean=2.07e-08 std=2.36e-04 pos=0.50 | enc_conv1: mean=3.66e-15 std=3.01e-05 pos=0.36
[05/14 07:01:32] [GradMonitor step=7990] deep/task: enc_layer4: mean=3.02e-06 std=6.29e-06 | PAM: mean=6.49e-05 std=1.33e-04 | CIAM: mean=3.08e-06 std=6.30e-06
[05/14 07:01:32] [GradMonitor step=7990] param-grad: weight_base: mean=1.25e-08 std=2.56e-07 | weight_base_open: mean=-1.03e-04 std=1.25e-03 | enc_conv1_weight: mean=3.15e-04 std=1.12e-02
[05/14 07:01:33] [GradMonitor step=8000] near-input: bn0: mean=4.81e-08 std=3.68e-04 pos=0.50 | enc_conv1: mean=1.02e-14 std=5.00e-05 pos=0.38
[05/14 07:01:33] [GradMonitor step=8000] deep/task: enc_layer4: mean=3.05e-06 std=6.48e-06 | PAM: mean=6.45e-05 std=1.36e-04 | CIAM: mean=3.08e-06 std=6.48e-06
[05/14 07:01:33] [GradMonitor step=8000] param-grad: weight_base: mean=-9.02e-09 std=3.19e-07 | weight_base_open: mean=-2.47e-05 std=1.39e-03 | enc_conv1_weight: mean=-4.55e-03 std=1.18e-02
[05/14 07:01:33] 
[05/14 07:01:33] epoch 20/40, iter 8000:
[05/14 07:01:33] train_loss: 0.75892
[05/14 07:01:33] train_acc: 0.996
[05/14 07:01:33] train_auroc: 0.990
[05/14 07:01:39] Summary name val_6-way-5-shot_tpr@tnr95 is illegal; using val_6-way-5-shot_tpr_tnr95 instead.
[05/14 07:01:39] val_6-way-5-shot_acc: 64.550	0.673
[05/14 07:01:39] val_6-way-5-shot_auroc: 39.392	1.946
[05/14 07:01:39] val_6-way-5-shot_fscore: 19.700	0.268
[05/14 07:01:39] val_6-way-5-shot_tpr@tnr95: 3.512	1.180
[05/14 07:01:39] val_6-way-5-shot_osr: 48.471	0.598
[05/14 07:01:40] [GradMonitor step=8010] near-input: bn0: mean=-5.67e-08 std=1.16e-04 pos=0.50 | enc_conv1: mean=-2.06e-15 std=1.67e-05 pos=0.29
[05/14 07:01:40] [GradMonitor step=8010] deep/task: enc_layer4: mean=2.14e-06 std=3.19e-06 | PAM: mean=4.55e-05 std=6.67e-05 | CIAM: mean=2.18e-06 std=3.20e-06
[05/14 07:01:40] [GradMonitor step=8010] param-grad: weight_base: mean=6.86e-09 std=2.14e-07 | weight_base_open: mean=-2.76e-06 std=1.12e-03 | enc_conv1_weight: mean=-1.81e-03 std=7.04e-03
[05/14 07:01:40] [GradMonitor step=8020] near-input: bn0: mean=1.38e-08 std=3.84e-04 pos=0.50 | enc_conv1: mean=-4.25e-15 std=5.49e-05 pos=0.39
[05/14 07:01:40] [GradMonitor step=8020] deep/task: enc_layer4: mean=2.84e-06 std=6.15e-06 | PAM: mean=6.06e-05 std=1.31e-04 | CIAM: mean=2.85e-06 std=6.15e-06
[05/14 07:01:40] [GradMonitor step=8020] param-grad: weight_base: mean=7.88e-09 std=2.48e-07 | weight_base_open: mean=1.41e-05 std=1.19e-03 | enc_conv1_weight: mean=1.42e-03 std=1.48e-02
[05/14 07:01:41] [GradMonitor step=8030] near-input: bn0: mean=-4.87e-08 std=3.52e-04 pos=0.50 | enc_conv1: mean=-3.06e-15 std=4.66e-05 pos=0.42
[05/14 07:01:41] [GradMonitor step=8030] deep/task: enc_layer4: mean=2.87e-06 std=5.28e-06 | PAM: mean=6.09e-05 std=1.11e-04 | CIAM: mean=2.89e-06 std=5.28e-06
[05/14 07:01:41] [GradMonitor step=8030] param-grad: weight_base: mean=1.95e-08 std=2.89e-07 | weight_base_open: mean=-4.82e-07 std=1.59e-03 | enc_conv1_weight: mean=1.63e-03 std=1.10e-02
[05/14 07:01:42] [GradMonitor step=8040] near-input: bn0: mean=-4.77e-09 std=2.18e-04 pos=0.50 | enc_conv1: mean=-7.27e-15 std=2.88e-05 pos=0.30
[05/14 07:01:42] [GradMonitor step=8040] deep/task: enc_layer4: mean=2.01e-06 std=4.60e-06 | PAM: mean=4.27e-05 std=9.64e-05 | CIAM: mean=2.04e-06 std=4.61e-06
[05/14 07:01:42] [GradMonitor step=8040] param-grad: weight_base: mean=-1.11e-08 std=2.69e-07 | weight_base_open: mean=-2.17e-06 std=1.08e-03 | enc_conv1_weight: mean=2.40e-03 std=7.55e-03
[05/14 07:01:43] [GradMonitor step=8050] near-input: bn0: mean=-3.71e-08 std=2.40e-04 pos=0.50 | enc_conv1: mean=-3.95e-15 std=3.28e-05 pos=0.33
[05/14 07:01:43] [GradMonitor step=8050] deep/task: enc_layer4: mean=3.24e-06 std=5.59e-06 | PAM: mean=6.88e-05 std=1.17e-04 | CIAM: mean=3.29e-06 std=5.60e-06
[05/14 07:01:43] [GradMonitor step=8050] param-grad: weight_base: mean=-3.26e-09 std=2.30e-07 | weight_base_open: mean=2.43e-06 std=1.13e-03 | enc_conv1_weight: mean=8.01e-04 std=7.96e-03
[05/14 07:01:44] [GradMonitor step=8060] near-input: bn0: mean=4.15e-08 std=1.35e-04 pos=0.50 | enc_conv1: mean=2.46e-15 std=1.75e-05 pos=0.29
[05/14 07:01:44] [GradMonitor step=8060] deep/task: enc_layer4: mean=1.69e-06 std=2.86e-06 | PAM: mean=3.63e-05 std=6.03e-05 | CIAM: mean=1.73e-06 std=2.86e-06
[05/14 07:01:44] [GradMonitor step=8060] param-grad: weight_base: mean=-1.02e-08 std=4.00e-07 | weight_base_open: mean=-1.76e-05 std=1.17e-03 | enc_conv1_weight: mean=1.76e-04 std=5.20e-03
[05/14 07:01:44] [GradMonitor step=8070] near-input: bn0: mean=2.35e-08 std=1.00e-04 pos=0.50 | enc_conv1: mean=-1.43e-15 std=1.30e-05 pos=0.25
[05/14 07:01:44] [GradMonitor step=8070] deep/task: enc_layer4: mean=1.71e-06 std=2.97e-06 | PAM: mean=3.63e-05 std=6.24e-05 | CIAM: mean=1.74e-06 std=2.98e-06
[05/14 07:01:44] [GradMonitor step=8070] param-grad: weight_base: mean=4.44e-09 std=2.59e-07 | weight_base_open: mean=5.89e-05 std=9.28e-04 | enc_conv1_weight: mean=-2.97e-04 std=6.10e-03
[05/14 07:01:45] [GradMonitor step=8080] near-input: bn0: mean=5.92e-08 std=5.27e-04 pos=0.50 | enc_conv1: mean=7.60e-15 std=8.50e-05 pos=0.38
[05/14 07:01:45] [GradMonitor step=8080] deep/task: enc_layer4: mean=3.31e-06 std=6.77e-06 | PAM: mean=7.07e-05 std=1.43e-04 | CIAM: mean=3.32e-06 std=6.77e-06
[05/14 07:01:45] [GradMonitor step=8080] param-grad: weight_base: mean=-1.07e-08 std=3.11e-07 | weight_base_open: mean=-3.21e-06 std=1.47e-03 | enc_conv1_weight: mean=-9.19e-04 std=1.71e-02
[05/14 07:01:46] [GradMonitor step=8090] near-input: bn0: mean=7.38e-09 std=1.43e-04 pos=0.50 | enc_conv1: mean=-3.95e-15 std=1.98e-05 pos=0.33
[05/14 07:01:46] [GradMonitor step=8090] deep/task: enc_layer4: mean=2.69e-06 std=3.96e-06 | PAM: mean=5.70e-05 std=8.28e-05 | CIAM: mean=2.73e-06 std=3.97e-06
[05/14 07:01:46] [GradMonitor step=8090] param-grad: weight_base: mean=-2.79e-08 std=6.58e-07 | weight_base_open: mean=9.05e-05 std=1.44e-03 | enc_conv1_weight: mean=-1.06e-03 std=6.48e-03
[05/14 07:01:47] [GradMonitor step=8100] near-input: bn0: mean=-1.75e-08 std=1.47e-04 pos=0.50 | enc_conv1: mean=-2.15e-15 std=1.94e-05 pos=0.27
[05/14 07:01:47] [GradMonitor step=8100] deep/task: enc_layer4: mean=2.25e-06 std=2.97e-06 | PAM: mean=4.74e-05 std=6.20e-05 | CIAM: mean=2.27e-06 std=2.97e-06
[05/14 07:01:47] [GradMonitor step=8100] param-grad: weight_base: mean=-9.27e-09 std=2.32e-07 | weight_base_open: mean=-5.56e-05 std=1.34e-03 | enc_conv1_weight: mean=2.99e-04 std=5.92e-03
[05/14 07:01:48] [GradMonitor step=8110] near-input: bn0: mean=1.36e-07 std=2.42e-04 pos=0.50 | enc_conv1: mean=2.12e-14 std=3.29e-05 pos=0.32
[05/14 07:01:48] [GradMonitor step=8110] deep/task: enc_layer4: mean=2.26e-06 std=4.94e-06 | PAM: mean=4.80e-05 std=1.05e-04 | CIAM: mean=2.28e-06 std=4.94e-06
[05/14 07:01:48] [GradMonitor step=8110] param-grad: weight_base: mean=1.61e-08 std=5.05e-07 | weight_base_open: mean=-6.17e-05 std=2.62e-03 | enc_conv1_weight: mean=2.54e-04 std=1.03e-02
[05/14 07:01:49] [GradMonitor step=8120] near-input: bn0: mean=3.46e-09 std=1.30e-04 pos=0.50 | enc_conv1: mean=1.75e-15 std=1.83e-05 pos=0.28
[05/14 07:01:49] [GradMonitor step=8120] deep/task: enc_layer4: mean=2.38e-06 std=3.86e-06 | PAM: mean=5.11e-05 std=8.15e-05 | CIAM: mean=2.42e-06 std=3.86e-06
[05/14 07:01:49] [GradMonitor step=8120] param-grad: weight_base: mean=1.79e-09 std=2.21e-07 | weight_base_open: mean=-8.59e-05 std=9.88e-04 | enc_conv1_weight: mean=-1.19e-03 std=7.15e-03
[05/14 07:01:49] [GradMonitor step=8130] near-input: bn0: mean=9.28e-09 std=1.22e-04 pos=0.50 | enc_conv1: mean=4.65e-15 std=1.60e-05 pos=0.27
[05/14 07:01:49] [GradMonitor step=8130] deep/task: enc_layer4: mean=2.54e-06 std=3.61e-06 | PAM: mean=5.39e-05 std=7.57e-05 | CIAM: mean=2.58e-06 std=3.63e-06
[05/14 07:01:49] [GradMonitor step=8130] param-grad: weight_base: mean=2.37e-09 std=4.02e-07 | weight_base_open: mean=-1.26e-05 std=1.21e-03 | enc_conv1_weight: mean=-4.72e-04 std=8.48e-03
[05/14 07:01:50] [GradMonitor step=8140] near-input: bn0: mean=2.27e-08 std=1.30e-04 pos=0.50 | enc_conv1: mean=7.73e-16 std=1.73e-05 pos=0.27
[05/14 07:01:50] [GradMonitor step=8140] deep/task: enc_layer4: mean=2.19e-06 std=5.02e-06 | PAM: mean=4.66e-05 std=1.06e-04 | CIAM: mean=2.22e-06 std=5.04e-06
[05/14 07:01:50] [GradMonitor step=8140] param-grad: weight_base: mean=7.72e-09 std=3.53e-07 | weight_base_open: mean=2.40e-05 std=1.01e-03 | enc_conv1_weight: mean=1.78e-03 std=7.01e-03
[05/14 07:01:51] [GradMonitor step=8150] near-input: bn0: mean=1.61e-07 std=3.60e-04 pos=0.50 | enc_conv1: mean=1.85e-15 std=4.68e-05 pos=0.39
[05/14 07:01:51] [GradMonitor step=8150] deep/task: enc_layer4: mean=2.52e-06 std=5.95e-06 | PAM: mean=5.37e-05 std=1.24e-04 | CIAM: mean=2.56e-06 std=5.94e-06
[05/14 07:01:51] [GradMonitor step=8150] param-grad: weight_base: mean=-2.43e-09 std=2.10e-07 | weight_base_open: mean=1.24e-05 std=1.10e-03 | enc_conv1_weight: mean=2.69e-03 std=9.74e-03
[05/14 07:01:52] [GradMonitor step=8160] near-input: bn0: mean=4.57e-09 std=1.46e-04 pos=0.50 | enc_conv1: mean=2.13e-15 std=1.85e-05 pos=0.28
[05/14 07:01:52] [GradMonitor step=8160] deep/task: enc_layer4: mean=1.71e-06 std=2.45e-06 | PAM: mean=3.62e-05 std=5.17e-05 | CIAM: mean=1.74e-06 std=2.45e-06
[05/14 07:01:52] [GradMonitor step=8160] param-grad: weight_base: mean=8.96e-09 std=1.66e-07 | weight_base_open: mean=1.04e-04 std=8.93e-04 | enc_conv1_weight: mean=4.03e-04 std=4.08e-03
[05/14 07:01:53] [GradMonitor step=8170] near-input: bn0: mean=-3.00e-09 std=1.96e-04 pos=0.50 | enc_conv1: mean=1.02e-15 std=2.57e-05 pos=0.38
[05/14 07:01:53] [GradMonitor step=8170] deep/task: enc_layer4: mean=1.51e-06 std=4.06e-06 | PAM: mean=3.23e-05 std=8.51e-05 | CIAM: mean=1.54e-06 std=4.07e-06
[05/14 07:01:53] [GradMonitor step=8170] param-grad: weight_base: mean=1.23e-09 std=1.82e-07 | weight_base_open: mean=-6.34e-05 std=1.00e-03 | enc_conv1_weight: mean=9.53e-04 std=6.78e-03
[05/14 07:01:54] [GradMonitor step=8180] near-input: bn0: mean=-6.00e-08 std=1.70e-04 pos=0.50 | enc_conv1: mean=-3.10e-15 std=2.08e-05 pos=0.30
[05/14 07:01:54] [GradMonitor step=8180] deep/task: enc_layer4: mean=2.13e-06 std=3.35e-06 | PAM: mean=4.52e-05 std=7.02e-05 | CIAM: mean=2.16e-06 std=3.33e-06
[05/14 07:01:54] [GradMonitor step=8180] param-grad: weight_base: mean=4.80e-09 std=1.82e-07 | weight_base_open: mean=-1.34e-05 std=8.47e-04 | enc_conv1_weight: mean=-6.85e-04 std=7.14e-03
[05/14 07:01:54] [GradMonitor step=8190] near-input: bn0: mean=-3.32e-08 std=1.93e-04 pos=0.50 | enc_conv1: mean=-1.27e-14 std=2.35e-05 pos=0.33
[05/14 07:01:54] [GradMonitor step=8190] deep/task: enc_layer4: mean=2.72e-06 std=3.75e-06 | PAM: mean=5.77e-05 std=7.88e-05 | CIAM: mean=2.76e-06 std=3.76e-06
[05/14 07:01:54] [GradMonitor step=8190] param-grad: weight_base: mean=-4.36e-09 std=2.83e-07 | weight_base_open: mean=3.12e-05 std=1.04e-03 | enc_conv1_weight: mean=5.04e-04 std=6.14e-03
[05/14 07:01:55] [GradMonitor step=8200] near-input: bn0: mean=-4.85e-08 std=1.39e-04 pos=0.50 | enc_conv1: mean=4.53e-15 std=1.99e-05 pos=0.31
[05/14 07:01:55] [GradMonitor step=8200] deep/task: enc_layer4: mean=2.36e-06 std=3.31e-06 | PAM: mean=4.99e-05 std=6.97e-05 | CIAM: mean=2.40e-06 std=3.31e-06
[05/14 07:01:55] [GradMonitor step=8200] param-grad: weight_base: mean=8.76e-09 std=1.82e-07 | weight_base_open: mean=-1.03e-05 std=1.02e-03 | enc_conv1_weight: mean=5.65e-04 std=6.91e-03
[05/14 07:01:56] [GradMonitor step=8210] near-input: bn0: mean=1.34e-07 std=2.78e-04 pos=0.50 | enc_conv1: mean=-6.15e-15 std=3.93e-05 pos=0.32
[05/14 07:01:56] [GradMonitor step=8210] deep/task: enc_layer4: mean=1.74e-06 std=5.64e-06 | PAM: mean=3.72e-05 std=1.19e-04 | CIAM: mean=1.78e-06 std=5.64e-06
[05/14 07:01:56] [GradMonitor step=8210] param-grad: weight_base: mean=6.27e-10 std=2.27e-07 | weight_base_open: mean=6.77e-05 std=1.09e-03 | enc_conv1_weight: mean=-1.20e-03 std=1.38e-02
[05/14 07:01:57] [GradMonitor step=8220] near-input: bn0: mean=-3.98e-09 std=1.47e-04 pos=0.50 | enc_conv1: mean=-3.79e-15 std=1.82e-05 pos=0.30
[05/14 07:01:57] [GradMonitor step=8220] deep/task: enc_layer4: mean=2.38e-06 std=3.31e-06 | PAM: mean=5.04e-05 std=6.95e-05 | CIAM: mean=2.41e-06 std=3.31e-06
[05/14 07:01:57] [GradMonitor step=8220] param-grad: weight_base: mean=1.30e-08 std=2.79e-07 | weight_base_open: mean=7.88e-06 std=1.27e-03 | enc_conv1_weight: mean=-2.13e-03 std=9.77e-03
[05/14 07:01:58] [GradMonitor step=8230] near-input: bn0: mean=-3.85e-08 std=1.12e-04 pos=0.50 | enc_conv1: mean=2.71e-15 std=1.54e-05 pos=0.29
[05/14 07:01:58] [GradMonitor step=8230] deep/task: enc_layer4: mean=1.45e-06 std=2.62e-06 | PAM: mean=3.08e-05 std=5.48e-05 | CIAM: mean=1.47e-06 std=2.62e-06
[05/14 07:01:58] [GradMonitor step=8230] param-grad: weight_base: mean=-9.00e-09 std=2.88e-07 | weight_base_open: mean=-4.15e-06 std=1.12e-03 | enc_conv1_weight: mean=-1.94e-03 std=5.92e-03
[05/14 07:01:58] [GradMonitor step=8240] near-input: bn0: mean=-3.85e-08 std=1.17e-04 pos=0.50 | enc_conv1: mean=2.46e-15 std=1.65e-05 pos=0.31
[05/14 07:01:58] [GradMonitor step=8240] deep/task: enc_layer4: mean=1.71e-06 std=2.88e-06 | PAM: mean=3.61e-05 std=6.03e-05 | CIAM: mean=1.74e-06 std=2.88e-06
[05/14 07:01:58] [GradMonitor step=8240] param-grad: weight_base: mean=-8.51e-09 std=2.07e-07 | weight_base_open: mean=1.07e-04 std=9.73e-04 | enc_conv1_weight: mean=9.44e-04 std=4.92e-03
[05/14 07:01:59] [GradMonitor step=8250] near-input: bn0: mean=8.85e-09 std=1.26e-04 pos=0.50 | enc_conv1: mean=-5.00e-16 std=1.69e-05 pos=0.30
[05/14 07:01:59] [GradMonitor step=8250] deep/task: enc_layer4: mean=2.25e-06 std=3.01e-06 | PAM: mean=4.75e-05 std=6.32e-05 | CIAM: mean=2.29e-06 std=3.02e-06
[05/14 07:01:59] [GradMonitor step=8250] param-grad: weight_base: mean=2.67e-09 std=5.50e-07 | weight_base_open: mean=3.99e-05 std=1.31e-03 | enc_conv1_weight: mean=-9.61e-04 std=5.62e-03
[05/14 07:02:00] [GradMonitor step=8260] near-input: bn0: mean=-8.82e-08 std=1.95e-04 pos=0.50 | enc_conv1: mean=6.24e-15 std=2.43e-05 pos=0.30
[05/14 07:02:00] [GradMonitor step=8260] deep/task: enc_layer4: mean=1.95e-06 std=3.80e-06 | PAM: mean=4.18e-05 std=8.07e-05 | CIAM: mean=1.99e-06 std=3.80e-06
[05/14 07:02:00] [GradMonitor step=8260] param-grad: weight_base: mean=8.40e-10 std=4.07e-07 | weight_base_open: mean=-2.38e-05 std=9.37e-04 | enc_conv1_weight: mean=-6.41e-04 std=7.77e-03
[05/14 07:02:01] [GradMonitor step=8270] near-input: bn0: mean=2.39e-08 std=1.41e-04 pos=0.50 | enc_conv1: mean=4.35e-15 std=1.80e-05 pos=0.30
[05/14 07:02:01] [GradMonitor step=8270] deep/task: enc_layer4: mean=2.95e-06 std=4.86e-06 | PAM: mean=6.26e-05 std=1.01e-04 | CIAM: mean=3.00e-06 std=4.88e-06
[05/14 07:02:01] [GradMonitor step=8270] param-grad: weight_base: mean=1.05e-08 std=2.64e-07 | weight_base_open: mean=4.50e-05 std=1.21e-03 | enc_conv1_weight: mean=-1.88e-03 std=8.71e-03
[05/14 07:02:02] [GradMonitor step=8280] near-input: bn0: mean=3.49e-08 std=1.34e-04 pos=0.50 | enc_conv1: mean=-4.42e-15 std=1.79e-05 pos=0.31
[05/14 07:02:02] [GradMonitor step=8280] deep/task: enc_layer4: mean=1.75e-06 std=3.19e-06 | PAM: mean=3.73e-05 std=6.71e-05 | CIAM: mean=1.79e-06 std=3.20e-06
[05/14 07:02:02] [GradMonitor step=8280] param-grad: weight_base: mean=-1.21e-08 std=3.29e-07 | weight_base_open: mean=6.29e-06 std=1.11e-03 | enc_conv1_weight: mean=2.35e-05 std=5.62e-03
[05/14 07:02:03] [GradMonitor step=8290] near-input: bn0: mean=-4.32e-08 std=1.25e-04 pos=0.50 | enc_conv1: mean=1.55e-16 std=1.67e-05 pos=0.27
[05/14 07:02:03] [GradMonitor step=8290] deep/task: enc_layer4: mean=2.28e-06 std=2.92e-06 | PAM: mean=4.83e-05 std=6.20e-05 | CIAM: mean=2.32e-06 std=2.93e-06
[05/14 07:02:03] [GradMonitor step=8290] param-grad: weight_base: mean=-1.41e-09 std=2.09e-07 | weight_base_open: mean=-8.43e-05 std=1.18e-03 | enc_conv1_weight: mean=-3.75e-05 std=5.83e-03
[05/14 07:02:04] [GradMonitor step=8300] near-input: bn0: mean=-2.61e-08 std=1.38e-04 pos=0.50 | enc_conv1: mean=-3.11e-15 std=1.91e-05 pos=0.31
[05/14 07:02:04] [GradMonitor step=8300] deep/task: enc_layer4: mean=3.38e-06 std=4.81e-06 | PAM: mean=7.22e-05 std=1.01e-04 | CIAM: mean=3.46e-06 std=4.85e-06
[05/14 07:02:04] [GradMonitor step=8300] param-grad: weight_base: mean=8.42e-09 std=3.37e-07 | weight_base_open: mean=-2.63e-06 std=1.29e-03 | enc_conv1_weight: mean=-4.44e-04 std=1.19e-02
[05/14 07:02:04] [GradMonitor step=8310] near-input: bn0: mean=-5.26e-08 std=1.27e-04 pos=0.50 | enc_conv1: mean=-1.03e-14 std=1.74e-05 pos=0.25
[05/14 07:02:04] [GradMonitor step=8310] deep/task: enc_layer4: mean=1.53e-06 std=2.79e-06 | PAM: mean=3.29e-05 std=5.87e-05 | CIAM: mean=1.55e-06 std=2.78e-06
[05/14 07:02:04] [GradMonitor step=8310] param-grad: weight_base: mean=2.41e-08 std=6.14e-07 | weight_base_open: mean=-8.20e-05 std=1.56e-03 | enc_conv1_weight: mean=3.51e-04 std=6.59e-03
[05/14 07:02:05] [GradMonitor step=8320] near-input: bn0: mean=-3.85e-08 std=1.20e-04 pos=0.50 | enc_conv1: mean=4.36e-15 std=1.62e-05 pos=0.30
[05/14 07:02:05] [GradMonitor step=8320] deep/task: enc_layer4: mean=2.12e-06 std=3.20e-06 | PAM: mean=4.52e-05 std=6.75e-05 | CIAM: mean=2.15e-06 std=3.21e-06
[05/14 07:02:05] [GradMonitor step=8320] param-grad: weight_base: mean=-3.83e-09 std=3.13e-07 | weight_base_open: mean=-1.67e-05 std=1.32e-03 | enc_conv1_weight: mean=1.56e-03 std=7.48e-03
[05/14 07:02:06] [GradMonitor step=8330] near-input: bn0: mean=-5.05e-08 std=1.39e-04 pos=0.50 | enc_conv1: mean=-8.57e-16 std=1.91e-05 pos=0.27
[05/14 07:02:06] [GradMonitor step=8330] deep/task: enc_layer4: mean=1.56e-06 std=3.94e-06 | PAM: mean=3.31e-05 std=8.23e-05 | CIAM: mean=1.59e-06 std=3.94e-06
[05/14 07:02:06] [GradMonitor step=8330] param-grad: weight_base: mean=9.96e-10 std=1.95e-07 | weight_base_open: mean=-9.36e-05 std=1.01e-03 | enc_conv1_weight: mean=-9.72e-04 std=7.78e-03
[05/14 07:02:07] [GradMonitor step=8340] near-input: bn0: mean=2.63e-08 std=2.61e-04 pos=0.50 | enc_conv1: mean=-6.50e-15 std=3.17e-05 pos=0.38
[05/14 07:02:07] [GradMonitor step=8340] deep/task: enc_layer4: mean=2.28e-06 std=3.84e-06 | PAM: mean=4.82e-05 std=8.05e-05 | CIAM: mean=2.30e-06 std=3.84e-06
[05/14 07:02:07] [GradMonitor step=8340] param-grad: weight_base: mean=-1.91e-08 std=3.16e-07 | weight_base_open: mean=1.50e-07 std=1.08e-03 | enc_conv1_weight: mean=-1.27e-04 std=7.86e-03
[05/14 07:02:08] [GradMonitor step=8350] near-input: bn0: mean=3.78e-08 std=2.36e-04 pos=0.50 | enc_conv1: mean=-8.16e-15 std=3.41e-05 pos=0.34
[05/14 07:02:08] [GradMonitor step=8350] deep/task: enc_layer4: mean=2.81e-06 std=4.96e-06 | PAM: mean=6.01e-05 std=1.05e-04 | CIAM: mean=2.85e-06 std=4.97e-06
[05/14 07:02:08] [GradMonitor step=8350] param-grad: weight_base: mean=2.16e-08 std=4.22e-07 | weight_base_open: mean=2.98e-05 std=1.49e-03 | enc_conv1_weight: mean=-4.72e-04 std=1.27e-02
[05/14 07:02:08] [GradMonitor step=8360] near-input: bn0: mean=-6.04e-09 std=2.12e-04 pos=0.50 | enc_conv1: mean=3.52e-15 std=2.73e-05 pos=0.35
[05/14 07:02:08] [GradMonitor step=8360] deep/task: enc_layer4: mean=2.28e-06 std=4.05e-06 | PAM: mean=4.87e-05 std=8.50e-05 | CIAM: mean=2.34e-06 std=4.05e-06
[05/14 07:02:08] [GradMonitor step=8360] param-grad: weight_base: mean=-4.90e-09 std=2.98e-07 | weight_base_open: mean=-1.01e-05 std=1.09e-03 | enc_conv1_weight: mean=1.81e-03 std=7.57e-03
[05/14 07:02:09] [GradMonitor step=8370] near-input: bn0: mean=1.32e-08 std=3.20e-04 pos=0.50 | enc_conv1: mean=-4.63e-15 std=4.81e-05 pos=0.41
[05/14 07:02:09] [GradMonitor step=8370] deep/task: enc_layer4: mean=3.18e-06 std=5.12e-06 | PAM: mean=6.80e-05 std=1.09e-04 | CIAM: mean=3.23e-06 std=5.13e-06
[05/14 07:02:09] [GradMonitor step=8370] param-grad: weight_base: mean=4.86e-11 std=2.57e-07 | weight_base_open: mean=-3.73e-05 std=1.23e-03 | enc_conv1_weight: mean=-6.15e-04 std=1.19e-02
[05/14 07:02:10] [GradMonitor step=8380] near-input: bn0: mean=1.20e-08 std=1.60e-04 pos=0.50 | enc_conv1: mean=4.62e-15 std=2.04e-05 pos=0.30
[05/14 07:02:10] [GradMonitor step=8380] deep/task: enc_layer4: mean=2.89e-06 std=4.26e-06 | PAM: mean=6.09e-05 std=8.87e-05 | CIAM: mean=2.94e-06 std=4.28e-06
[05/14 07:02:10] [GradMonitor step=8380] param-grad: weight_base: mean=-2.94e-09 std=2.60e-07 | weight_base_open: mean=-1.24e-04 std=1.17e-03 | enc_conv1_weight: mean=7.48e-04 std=6.88e-03
[05/14 07:02:11] [GradMonitor step=8390] near-input: bn0: mean=1.13e-08 std=2.21e-04 pos=0.50 | enc_conv1: mean=1.44e-15 std=2.78e-05 pos=0.35
[05/14 07:02:11] [GradMonitor step=8390] deep/task: enc_layer4: mean=2.85e-06 std=5.91e-06 | PAM: mean=6.12e-05 std=1.25e-04 | CIAM: mean=2.91e-06 std=5.92e-06
[05/14 07:02:11] [GradMonitor step=8390] param-grad: weight_base: mean=4.45e-09 std=2.14e-07 | weight_base_open: mean=-9.31e-06 std=1.25e-03 | enc_conv1_weight: mean=2.59e-04 std=9.89e-03
[05/14 07:02:12] [GradMonitor step=8400] near-input: bn0: mean=1.60e-08 std=3.77e-04 pos=0.50 | enc_conv1: mean=9.13e-15 std=5.05e-05 pos=0.38
[05/14 07:02:12] [GradMonitor step=8400] deep/task: enc_layer4: mean=3.07e-06 std=6.38e-06 | PAM: mean=6.50e-05 std=1.34e-04 | CIAM: mean=3.10e-06 std=6.39e-06
[05/14 07:02:12] [GradMonitor step=8400] param-grad: weight_base: mean=3.02e-08 std=5.35e-07 | weight_base_open: mean=2.47e-05 std=1.41e-03 | enc_conv1_weight: mean=-4.29e-03 std=1.19e-02
[05/14 07:02:12] 
[05/14 07:02:12] epoch 21/40, iter 8400:
[05/14 07:02:12] train_loss: 0.73824
[05/14 07:02:12] train_acc: 0.996
[05/14 07:02:12] train_auroc: 0.991
[05/14 07:02:17] Summary name val_6-way-5-shot_tpr@tnr95 is illegal; using val_6-way-5-shot_tpr_tnr95 instead.
[05/14 07:02:17] val_6-way-5-shot_acc: 64.372	0.669
[05/14 07:02:17] val_6-way-5-shot_auroc: 39.649	1.973
[05/14 07:02:17] val_6-way-5-shot_fscore: 19.667	0.276
[05/14 07:02:17] val_6-way-5-shot_tpr@tnr95: 3.012	1.035
[05/14 07:02:17] val_6-way-5-shot_osr: 48.229	0.525
[05/14 07:02:18] [GradMonitor step=8410] near-input: bn0: mean=-5.23e-08 std=1.11e-04 pos=0.50 | enc_conv1: mean=3.28e-15 std=1.59e-05 pos=0.27
[05/14 07:02:18] [GradMonitor step=8410] deep/task: enc_layer4: mean=2.02e-06 std=3.12e-06 | PAM: mean=4.30e-05 std=6.52e-05 | CIAM: mean=2.06e-06 std=3.13e-06
[05/14 07:02:18] [GradMonitor step=8410] param-grad: weight_base: mean=4.56e-09 std=9.88e-08 | weight_base_open: mean=-1.91e-05 std=1.13e-03 | enc_conv1_weight: mean=-2.10e-03 std=6.69e-03
[05/14 07:02:19] [GradMonitor step=8420] near-input: bn0: mean=-2.29e-08 std=3.74e-04 pos=0.50 | enc_conv1: mean=-9.86e-16 std=5.30e-05 pos=0.40
[05/14 07:02:19] [GradMonitor step=8420] deep/task: enc_layer4: mean=2.89e-06 std=6.08e-06 | PAM: mean=6.17e-05 std=1.29e-04 | CIAM: mean=2.90e-06 std=6.09e-06
[05/14 07:02:19] [GradMonitor step=8420] param-grad: weight_base: mean=8.98e-09 std=3.86e-07 | weight_base_open: mean=-5.12e-06 std=1.28e-03 | enc_conv1_weight: mean=7.18e-04 std=1.47e-02
[05/14 07:02:20] [GradMonitor step=8430] near-input: bn0: mean=-6.38e-08 std=3.54e-04 pos=0.50 | enc_conv1: mean=-9.18e-15 std=4.69e-05 pos=0.42
[05/14 07:02:20] [GradMonitor step=8430] deep/task: enc_layer4: mean=2.90e-06 std=5.28e-06 | PAM: mean=6.15e-05 std=1.11e-04 | CIAM: mean=2.91e-06 std=5.29e-06
[05/14 07:02:20] [GradMonitor step=8430] param-grad: weight_base: mean=-4.00e-09 std=2.68e-07 | weight_base_open: mean=-7.32e-05 std=1.58e-03 | enc_conv1_weight: mean=1.43e-03 std=1.05e-02
[05/14 07:02:21] [GradMonitor step=8440] near-input: bn0: mean=-5.78e-09 std=2.18e-04 pos=0.50 | enc_conv1: mean=-1.56e-14 std=2.88e-05 pos=0.30
[05/14 07:02:21] [GradMonitor step=8440] deep/task: enc_layer4: mean=1.94e-06 std=4.46e-06 | PAM: mean=4.12e-05 std=9.33e-05 | CIAM: mean=1.97e-06 std=4.46e-06
[05/14 07:02:21] [GradMonitor step=8440] param-grad: weight_base: mean=9.29e-09 std=3.03e-07 | weight_base_open: mean=-1.56e-05 std=1.06e-03 | enc_conv1_weight: mean=1.97e-03 std=6.67e-03
[05/14 07:02:22] [GradMonitor step=8450] near-input: bn0: mean=-1.60e-08 std=2.30e-04 pos=0.50 | enc_conv1: mean=-1.56e-14 std=3.16e-05 pos=0.34
[05/14 07:02:22] [GradMonitor step=8450] deep/task: enc_layer4: mean=3.20e-06 std=5.44e-06 | PAM: mean=6.80e-05 std=1.13e-04 | CIAM: mean=3.25e-06 std=5.45e-06
[05/14 07:02:22] [GradMonitor step=8450] param-grad: weight_base: mean=-2.28e-10 std=1.54e-07 | weight_base_open: mean=-4.13e-06 std=9.03e-04 | enc_conv1_weight: mean=6.38e-04 std=7.56e-03
[05/14 07:02:22] [GradMonitor step=8460] near-input: bn0: mean=2.30e-08 std=1.35e-04 pos=0.50 | enc_conv1: mean=1.59e-15 std=1.76e-05 pos=0.29
[05/14 07:02:22] [GradMonitor step=8460] deep/task: enc_layer4: mean=1.65e-06 std=2.90e-06 | PAM: mean=3.54e-05 std=6.10e-05 | CIAM: mean=1.68e-06 std=2.90e-06
[05/14 07:02:22] [GradMonitor step=8460] param-grad: weight_base: mean=-9.60e-09 std=2.66e-07 | weight_base_open: mean=4.14e-05 std=1.30e-03 | enc_conv1_weight: mean=1.87e-04 std=5.11e-03
[05/14 07:02:23] [GradMonitor step=8470] near-input: bn0: mean=2.74e-08 std=1.01e-04 pos=0.50 | enc_conv1: mean=-6.06e-16 std=1.31e-05 pos=0.26
[05/14 07:02:23] [GradMonitor step=8470] deep/task: enc_layer4: mean=1.68e-06 std=3.00e-06 | PAM: mean=3.57e-05 std=6.29e-05 | CIAM: mean=1.72e-06 std=3.00e-06
[05/14 07:02:23] [GradMonitor step=8470] param-grad: weight_base: mean=2.87e-09 std=2.80e-07 | weight_base_open: mean=-1.38e-05 std=9.23e-04 | enc_conv1_weight: mean=-2.15e-04 std=5.81e-03
[05/14 07:02:24] [GradMonitor step=8480] near-input: bn0: mean=1.73e-08 std=5.71e-04 pos=0.50 | enc_conv1: mean=-9.97e-15 std=9.46e-05 pos=0.37
[05/14 07:02:24] [GradMonitor step=8480] deep/task: enc_layer4: mean=3.37e-06 std=6.75e-06 | PAM: mean=7.19e-05 std=1.42e-04 | CIAM: mean=3.38e-06 std=6.76e-06
[05/14 07:02:24] [GradMonitor step=8480] param-grad: weight_base: mean=-5.08e-09 std=4.48e-07 | weight_base_open: mean=1.57e-05 std=1.40e-03 | enc_conv1_weight: mean=-9.37e-04 std=1.79e-02
[05/14 07:02:25] [GradMonitor step=8490] near-input: bn0: mean=-1.02e-09 std=1.42e-04 pos=0.50 | enc_conv1: mean=1.89e-15 std=1.96e-05 pos=0.33
[05/14 07:02:25] [GradMonitor step=8490] deep/task: enc_layer4: mean=2.61e-06 std=3.95e-06 | PAM: mean=5.53e-05 std=8.25e-05 | CIAM: mean=2.65e-06 std=3.95e-06
[05/14 07:02:25] [GradMonitor step=8490] param-grad: weight_base: mean=1.07e-08 std=2.08e-07 | weight_base_open: mean=3.18e-05 std=1.31e-03 | enc_conv1_weight: mean=-1.07e-03 std=6.27e-03
[05/14 07:02:26] [GradMonitor step=8500] near-input: bn0: mean=-3.06e-08 std=1.46e-04 pos=0.50 | enc_conv1: mean=-2.91e-15 std=1.94e-05 pos=0.28
[05/14 07:02:26] [GradMonitor step=8500] deep/task: enc_layer4: mean=2.21e-06 std=2.92e-06 | PAM: mean=4.68e-05 std=6.09e-05 | CIAM: mean=2.24e-06 std=2.92e-06
[05/14 07:02:26] [GradMonitor step=8500] param-grad: weight_base: mean=-2.19e-08 std=4.23e-07 | weight_base_open: mean=8.20e-05 std=1.50e-03 | enc_conv1_weight: mean=5.24e-04 std=5.50e-03
[05/14 07:02:27] [GradMonitor step=8510] near-input: bn0: mean=1.28e-07 std=2.35e-04 pos=0.50 | enc_conv1: mean=1.16e-14 std=3.16e-05 pos=0.32
[05/14 07:02:27] [GradMonitor step=8510] deep/task: enc_layer4: mean=2.27e-06 std=4.77e-06 | PAM: mean=4.82e-05 std=1.01e-04 | CIAM: mean=2.29e-06 std=4.78e-06
[05/14 07:02:27] [GradMonitor step=8510] param-grad: weight_base: mean=-7.07e-09 std=6.12e-07 | weight_base_open: mean=9.96e-05 std=2.73e-03 | enc_conv1_weight: mean=1.11e-04 std=1.09e-02
[05/14 07:02:28] [GradMonitor step=8520] near-input: bn0: mean=-3.99e-09 std=1.27e-04 pos=0.50 | enc_conv1: mean=-2.24e-15 std=1.79e-05 pos=0.27
[05/14 07:02:28] [GradMonitor step=8520] deep/task: enc_layer4: mean=2.33e-06 std=3.74e-06 | PAM: mean=5.02e-05 std=7.89e-05 | CIAM: mean=2.38e-06 std=3.75e-06
[05/14 07:02:28] [GradMonitor step=8520] param-grad: weight_base: mean=-3.48e-09 std=2.02e-07 | weight_base_open: mean=-4.69e-05 std=1.00e-03 | enc_conv1_weight: mean=-9.30e-04 std=6.85e-03
[05/14 07:02:28] [GradMonitor step=8530] near-input: bn0: mean=1.92e-08 std=1.14e-04 pos=0.50 | enc_conv1: mean=-1.28e-15 std=1.48e-05 pos=0.26
[05/14 07:02:28] [GradMonitor step=8530] deep/task: enc_layer4: mean=2.43e-06 std=3.49e-06 | PAM: mean=5.17e-05 std=7.30e-05 | CIAM: mean=2.48e-06 std=3.50e-06
[05/14 07:02:28] [GradMonitor step=8530] param-grad: weight_base: mean=-7.96e-09 std=4.10e-07 | weight_base_open: mean=1.35e-05 std=1.27e-03 | enc_conv1_weight: mean=-7.37e-04 std=7.71e-03
[05/14 07:02:29] [GradMonitor step=8540] near-input: bn0: mean=1.65e-08 std=1.25e-04 pos=0.50 | enc_conv1: mean=9.86e-16 std=1.67e-05 pos=0.27
[05/14 07:02:29] [GradMonitor step=8540] deep/task: enc_layer4: mean=2.12e-06 std=4.85e-06 | PAM: mean=4.51e-05 std=1.02e-04 | CIAM: mean=2.15e-06 std=4.87e-06
[05/14 07:02:29] [GradMonitor step=8540] param-grad: weight_base: mean=5.87e-09 std=1.37e-07 | weight_base_open: mean=-2.00e-06 std=9.15e-04 | enc_conv1_weight: mean=1.73e-03 std=6.55e-03
[05/14 07:02:30] [GradMonitor step=8550] near-input: bn0: mean=1.96e-07 std=3.90e-04 pos=0.50 | enc_conv1: mean=2.14e-14 std=5.09e-05 pos=0.40
[05/14 07:02:30] [GradMonitor step=8550] deep/task: enc_layer4: mean=2.54e-06 std=6.00e-06 | PAM: mean=5.42e-05 std=1.24e-04 | CIAM: mean=2.58e-06 std=5.99e-06
[05/14 07:02:30] [GradMonitor step=8550] param-grad: weight_base: mean=1.77e-09 std=2.66e-07 | weight_base_open: mean=-1.62e-05 std=1.05e-03 | enc_conv1_weight: mean=2.41e-03 std=9.16e-03
[05/14 07:02:31] [GradMonitor step=8560] near-input: bn0: mean=9.78e-09 std=1.44e-04 pos=0.50 | enc_conv1: mean=-1.84e-15 std=1.84e-05 pos=0.28
[05/14 07:02:31] [GradMonitor step=8560] deep/task: enc_layer4: mean=1.64e-06 std=2.45e-06 | PAM: mean=3.50e-05 std=5.17e-05 | CIAM: mean=1.68e-06 std=2.45e-06
[05/14 07:02:31] [GradMonitor step=8560] param-grad: weight_base: mean=3.12e-09 std=4.84e-08 | weight_base_open: mean=6.82e-05 std=9.34e-04 | enc_conv1_weight: mean=3.18e-04 std=3.96e-03
[05/14 07:02:32] [GradMonitor step=8570] near-input: bn0: mean=9.06e-09 std=1.86e-04 pos=0.50 | enc_conv1: mean=-1.09e-15 std=2.42e-05 pos=0.37
[05/14 07:02:32] [GradMonitor step=8570] deep/task: enc_layer4: mean=1.37e-06 std=4.02e-06 | PAM: mean=2.95e-05 std=8.43e-05 | CIAM: mean=1.41e-06 std=4.03e-06
[05/14 07:02:32] [GradMonitor step=8570] param-grad: weight_base: mean=-5.09e-09 std=1.45e-07 | weight_base_open: mean=-3.66e-05 std=9.97e-04 | enc_conv1_weight: mean=5.59e-04 std=6.79e-03
[05/14 07:02:32] [GradMonitor step=8580] near-input: bn0: mean=-5.07e-08 std=1.68e-04 pos=0.50 | enc_conv1: mean=-9.01e-15 std=2.07e-05 pos=0.30
[05/14 07:02:32] [GradMonitor step=8580] deep/task: enc_layer4: mean=2.07e-06 std=3.36e-06 | PAM: mean=4.41e-05 std=7.05e-05 | CIAM: mean=2.11e-06 std=3.35e-06
[05/14 07:02:32] [GradMonitor step=8580] param-grad: weight_base: mean=2.03e-08 std=3.55e-07 | weight_base_open: mean=5.83e-06 std=9.65e-04 | enc_conv1_weight: mean=-7.51e-04 std=7.07e-03
[05/14 07:02:33] [GradMonitor step=8590] near-input: bn0: mean=-3.29e-08 std=1.89e-04 pos=0.50 | enc_conv1: mean=1.70e-15 std=2.31e-05 pos=0.34
[05/14 07:02:33] [GradMonitor step=8590] deep/task: enc_layer4: mean=2.63e-06 std=3.65e-06 | PAM: mean=5.59e-05 std=7.67e-05 | CIAM: mean=2.67e-06 std=3.66e-06
[05/14 07:02:33] [GradMonitor step=8590] param-grad: weight_base: mean=-1.10e-08 std=3.19e-07 | weight_base_open: mean=-1.09e-06 std=1.17e-03 | enc_conv1_weight: mean=5.19e-04 std=5.70e-03
[05/14 07:02:34] [GradMonitor step=8600] near-input: bn0: mean=-3.88e-08 std=1.35e-04 pos=0.50 | enc_conv1: mean=-4.09e-15 std=1.92e-05 pos=0.31
[05/14 07:02:34] [GradMonitor step=8600] deep/task: enc_layer4: mean=2.28e-06 std=3.25e-06 | PAM: mean=4.84e-05 std=6.85e-05 | CIAM: mean=2.32e-06 std=3.25e-06
[05/14 07:02:34] [GradMonitor step=8600] param-grad: weight_base: mean=-1.84e-08 std=3.06e-07 | weight_base_open: mean=2.54e-05 std=1.00e-03 | enc_conv1_weight: mean=5.58e-04 std=6.78e-03
[05/14 07:02:35] [GradMonitor step=8610] near-input: bn0: mean=1.31e-07 std=2.72e-04 pos=0.50 | enc_conv1: mean=-4.01e-15 std=3.84e-05 pos=0.31
[05/14 07:02:35] [GradMonitor step=8610] deep/task: enc_layer4: mean=1.84e-06 std=5.40e-06 | PAM: mean=3.93e-05 std=1.14e-04 | CIAM: mean=1.87e-06 std=5.40e-06
[05/14 07:02:35] [GradMonitor step=8610] param-grad: weight_base: mean=-1.14e-08 std=2.34e-07 | weight_base_open: mean=6.23e-07 std=1.17e-03 | enc_conv1_weight: mean=-1.35e-03 std=1.46e-02
[05/14 07:02:36] [GradMonitor step=8620] near-input: bn0: mean=-5.06e-09 std=1.44e-04 pos=0.50 | enc_conv1: mean=3.46e-15 std=1.78e-05 pos=0.30
[05/14 07:02:36] [GradMonitor step=8620] deep/task: enc_layer4: mean=2.35e-06 std=3.26e-06 | PAM: mean=4.99e-05 std=6.85e-05 | CIAM: mean=2.39e-06 std=3.27e-06
[05/14 07:02:36] [GradMonitor step=8620] param-grad: weight_base: mean=-8.20e-09 std=1.92e-07 | weight_base_open: mean=-6.43e-05 std=1.15e-03 | enc_conv1_weight: mean=-2.25e-03 std=8.89e-03
[05/14 07:02:36] [GradMonitor step=8630] near-input: bn0: mean=-2.60e-08 std=1.14e-04 pos=0.50 | enc_conv1: mean=4.75e-15 std=1.58e-05 pos=0.29
[05/14 07:02:36] [GradMonitor step=8630] deep/task: enc_layer4: mean=1.40e-06 std=2.60e-06 | PAM: mean=2.99e-05 std=5.45e-05 | CIAM: mean=1.43e-06 std=2.60e-06
[05/14 07:02:36] [GradMonitor step=8630] param-grad: weight_base: mean=3.50e-09 std=1.76e-07 | weight_base_open: mean=-3.86e-05 std=1.08e-03 | enc_conv1_weight: mean=-1.86e-03 std=5.62e-03
[05/14 07:02:37] [GradMonitor step=8640] near-input: bn0: mean=-4.27e-08 std=1.17e-04 pos=0.50 | enc_conv1: mean=-6.53e-15 std=1.66e-05 pos=0.32
[05/14 07:02:37] [GradMonitor step=8640] deep/task: enc_layer4: mean=1.64e-06 std=2.91e-06 | PAM: mean=3.49e-05 std=6.10e-05 | CIAM: mean=1.68e-06 std=2.91e-06
[05/14 07:02:37] [GradMonitor step=8640] param-grad: weight_base: mean=-1.22e-08 std=1.98e-07 | weight_base_open: mean=-5.35e-06 std=1.07e-03 | enc_conv1_weight: mean=8.56e-04 std=4.92e-03
[05/14 07:02:38] [GradMonitor step=8650] near-input: bn0: mean=6.85e-09 std=1.25e-04 pos=0.50 | enc_conv1: mean=4.07e-15 std=1.68e-05 pos=0.28
[05/14 07:02:38] [GradMonitor step=8650] deep/task: enc_layer4: mean=2.15e-06 std=2.98e-06 | PAM: mean=4.56e-05 std=6.25e-05 | CIAM: mean=2.19e-06 std=2.99e-06
[05/14 07:02:38] [GradMonitor step=8650] param-grad: weight_base: mean=-1.08e-08 std=3.03e-07 | weight_base_open: mean=5.38e-05 std=1.42e-03 | enc_conv1_weight: mean=-8.14e-04 std=5.45e-03
[05/14 07:02:39] [GradMonitor step=8660] near-input: bn0: mean=-8.62e-08 std=1.88e-04 pos=0.50 | enc_conv1: mean=2.57e-15 std=2.34e-05 pos=0.29
[05/14 07:02:39] [GradMonitor step=8660] deep/task: enc_layer4: mean=1.90e-06 std=3.80e-06 | PAM: mean=4.08e-05 std=8.06e-05 | CIAM: mean=1.94e-06 std=3.80e-06
[05/14 07:02:39] [GradMonitor step=8660] param-grad: weight_base: mean=-4.79e-09 std=2.49e-07 | weight_base_open: mean=4.30e-05 std=8.87e-04 | enc_conv1_weight: mean=-6.90e-04 std=8.39e-03
[05/14 07:02:40] [GradMonitor step=8670] near-input: bn0: mean=1.48e-08 std=1.33e-04 pos=0.50 | enc_conv1: mean=-6.59e-15 std=1.69e-05 pos=0.29
[05/14 07:02:40] [GradMonitor step=8670] deep/task: enc_layer4: mean=2.89e-06 std=4.74e-06 | PAM: mean=6.14e-05 std=9.85e-05 | CIAM: mean=2.94e-06 std=4.76e-06
[05/14 07:02:40] [GradMonitor step=8670] param-grad: weight_base: mean=-5.08e-09 std=1.58e-07 | weight_base_open: mean=-1.93e-05 std=1.25e-03 | enc_conv1_weight: mean=-1.78e-03 std=8.66e-03
[05/14 07:02:40] [GradMonitor step=8680] near-input: bn0: mean=2.83e-08 std=1.30e-04 pos=0.50 | enc_conv1: mean=1.64e-15 std=1.73e-05 pos=0.31
[05/14 07:02:40] [GradMonitor step=8680] deep/task: enc_layer4: mean=1.74e-06 std=3.17e-06 | PAM: mean=3.70e-05 std=6.67e-05 | CIAM: mean=1.77e-06 std=3.18e-06
[05/14 07:02:40] [GradMonitor step=8680] param-grad: weight_base: mean=4.88e-09 std=3.47e-07 | weight_base_open: mean=-5.91e-05 std=1.12e-03 | enc_conv1_weight: mean=-2.44e-04 std=5.49e-03
[05/14 07:02:41] [GradMonitor step=8690] near-input: bn0: mean=-4.26e-08 std=1.17e-04 pos=0.50 | enc_conv1: mean=9.90e-16 std=1.56e-05 pos=0.27
[05/14 07:02:41] [GradMonitor step=8690] deep/task: enc_layer4: mean=2.18e-06 std=2.80e-06 | PAM: mean=4.62e-05 std=5.93e-05 | CIAM: mean=2.22e-06 std=2.80e-06
[05/14 07:02:41] [GradMonitor step=8690] param-grad: weight_base: mean=2.68e-09 std=1.51e-07 | weight_base_open: mean=-1.75e-05 std=1.09e-03 | enc_conv1_weight: mean=4.42e-05 std=5.45e-03
[05/14 07:02:42] [GradMonitor step=8700] near-input: bn0: mean=-2.56e-08 std=1.32e-04 pos=0.50 | enc_conv1: mean=-6.09e-15 std=1.83e-05 pos=0.32
[05/14 07:02:42] [GradMonitor step=8700] deep/task: enc_layer4: mean=3.34e-06 std=4.74e-06 | PAM: mean=7.14e-05 std=9.93e-05 | CIAM: mean=3.42e-06 std=4.77e-06
[05/14 07:02:42] [GradMonitor step=8700] param-grad: weight_base: mean=9.65e-10 std=2.16e-07 | weight_base_open: mean=-3.79e-05 std=1.32e-03 | enc_conv1_weight: mean=-2.36e-04 std=1.23e-02
[05/14 07:02:43] [GradMonitor step=8710] near-input: bn0: mean=-5.66e-08 std=1.26e-04 pos=0.50 | enc_conv1: mean=4.90e-15 std=1.76e-05 pos=0.25
[05/14 07:02:43] [GradMonitor step=8710] deep/task: enc_layer4: mean=1.49e-06 std=2.84e-06 | PAM: mean=3.21e-05 std=5.97e-05 | CIAM: mean=1.51e-06 std=2.83e-06
[05/14 07:02:43] [GradMonitor step=8710] param-grad: weight_base: mean=-7.42e-09 std=2.20e-07 | weight_base_open: mean=9.77e-05 std=1.66e-03 | enc_conv1_weight: mean=3.52e-04 std=6.56e-03
[05/14 07:02:44] [GradMonitor step=8720] near-input: bn0: mean=-3.51e-08 std=1.18e-04 pos=0.50 | enc_conv1: mean=-7.62e-15 std=1.58e-05 pos=0.31
[05/14 07:02:44] [GradMonitor step=8720] deep/task: enc_layer4: mean=2.06e-06 std=3.20e-06 | PAM: mean=4.40e-05 std=6.74e-05 | CIAM: mean=2.10e-06 std=3.21e-06
[05/14 07:02:44] [GradMonitor step=8720] param-grad: weight_base: mean=6.87e-09 std=3.37e-07 | weight_base_open: mean=-3.26e-05 std=1.26e-03 | enc_conv1_weight: mean=1.49e-03 std=7.32e-03
[05/14 07:02:45] [GradMonitor step=8730] near-input: bn0: mean=-5.25e-08 std=1.37e-04 pos=0.50 | enc_conv1: mean=7.79e-15 std=1.88e-05 pos=0.25
[05/14 07:02:45] [GradMonitor step=8730] deep/task: enc_layer4: mean=1.44e-06 std=3.99e-06 | PAM: mean=3.06e-05 std=8.32e-05 | CIAM: mean=1.47e-06 std=3.99e-06
[05/14 07:02:45] [GradMonitor step=8730] param-grad: weight_base: mean=8.93e-09 std=2.31e-07 | weight_base_open: mean=5.01e-05 std=1.04e-03 | enc_conv1_weight: mean=-6.87e-04 std=7.71e-03
[05/14 07:02:45] [GradMonitor step=8740] near-input: bn0: mean=2.17e-08 std=2.59e-04 pos=0.50 | enc_conv1: mean=1.00e-14 std=3.14e-05 pos=0.36
[05/14 07:02:45] [GradMonitor step=8740] deep/task: enc_layer4: mean=2.30e-06 std=3.86e-06 | PAM: mean=4.87e-05 std=8.10e-05 | CIAM: mean=2.33e-06 std=3.86e-06
[05/14 07:02:45] [GradMonitor step=8740] param-grad: weight_base: mean=-2.01e-08 std=3.71e-07 | weight_base_open: mean=-3.23e-05 std=1.25e-03 | enc_conv1_weight: mean=-5.21e-05 std=7.66e-03
[05/14 07:02:46] [GradMonitor step=8750] near-input: bn0: mean=1.58e-08 std=2.37e-04 pos=0.50 | enc_conv1: mean=-1.51e-14 std=3.45e-05 pos=0.32
[05/14 07:02:46] [GradMonitor step=8750] deep/task: enc_layer4: mean=2.88e-06 std=4.93e-06 | PAM: mean=6.17e-05 std=1.04e-04 | CIAM: mean=2.92e-06 std=4.93e-06
[05/14 07:02:46] [GradMonitor step=8750] param-grad: weight_base: mean=9.52e-09 std=3.76e-07 | weight_base_open: mean=-4.99e-05 std=1.74e-03 | enc_conv1_weight: mean=-3.79e-04 std=1.18e-02
[05/14 07:02:47] [GradMonitor step=8760] near-input: bn0: mean=-2.20e-09 std=1.98e-04 pos=0.50 | enc_conv1: mean=3.77e-15 std=2.54e-05 pos=0.36
[05/14 07:02:47] [GradMonitor step=8760] deep/task: enc_layer4: mean=2.10e-06 std=3.88e-06 | PAM: mean=4.48e-05 std=8.14e-05 | CIAM: mean=2.16e-06 std=3.88e-06
[05/14 07:02:47] [GradMonitor step=8760] param-grad: weight_base: mean=2.98e-09 std=1.16e-07 | weight_base_open: mean=2.29e-05 std=9.64e-04 | enc_conv1_weight: mean=1.65e-03 std=6.94e-03
[05/14 07:02:48] [GradMonitor step=8770] near-input: bn0: mean=2.50e-09 std=3.14e-04 pos=0.50 | enc_conv1: mean=4.80e-16 std=4.75e-05 pos=0.40
[05/14 07:02:48] [GradMonitor step=8770] deep/task: enc_layer4: mean=3.18e-06 std=4.97e-06 | PAM: mean=6.80e-05 std=1.05e-04 | CIAM: mean=3.22e-06 std=4.98e-06
[05/14 07:02:48] [GradMonitor step=8770] param-grad: weight_base: mean=1.98e-09 std=2.13e-07 | weight_base_open: mean=-1.08e-05 std=1.45e-03 | enc_conv1_weight: mean=-4.53e-04 std=1.22e-02
[05/14 07:02:49] [GradMonitor step=8780] near-input: bn0: mean=1.90e-08 std=1.58e-04 pos=0.50 | enc_conv1: mean=1.88e-15 std=2.03e-05 pos=0.31
[05/14 07:02:49] [GradMonitor step=8780] deep/task: enc_layer4: mean=2.84e-06 std=4.24e-06 | PAM: mean=6.00e-05 std=8.83e-05 | CIAM: mean=2.90e-06 std=4.26e-06
[05/14 07:02:49] [GradMonitor step=8780] param-grad: weight_base: mean=-1.73e-08 std=3.53e-07 | weight_base_open: mean=-5.01e-05 std=1.19e-03 | enc_conv1_weight: mean=1.07e-03 std=7.44e-03
[05/14 07:02:49] [GradMonitor step=8790] near-input: bn0: mean=3.83e-10 std=2.11e-04 pos=0.50 | enc_conv1: mean=1.22e-15 std=2.64e-05 pos=0.31
[05/14 07:02:49] [GradMonitor step=8790] deep/task: enc_layer4: mean=2.70e-06 std=5.65e-06 | PAM: mean=5.80e-05 std=1.19e-04 | CIAM: mean=2.75e-06 std=5.65e-06
[05/14 07:02:49] [GradMonitor step=8790] param-grad: weight_base: mean=9.85e-09 std=4.48e-07 | weight_base_open: mean=-2.17e-05 std=1.26e-03 | enc_conv1_weight: mean=3.57e-04 std=8.44e-03
[05/14 07:02:50] [GradMonitor step=8800] near-input: bn0: mean=8.19e-09 std=3.68e-04 pos=0.50 | enc_conv1: mean=4.80e-16 std=4.93e-05 pos=0.39
[05/14 07:02:50] [GradMonitor step=8800] deep/task: enc_layer4: mean=3.10e-06 std=6.31e-06 | PAM: mean=6.55e-05 std=1.33e-04 | CIAM: mean=3.12e-06 std=6.32e-06
[05/14 07:02:50] [GradMonitor step=8800] param-grad: weight_base: mean=-2.17e-08 std=3.94e-07 | weight_base_open: mean=-8.92e-05 std=1.60e-03 | enc_conv1_weight: mean=-3.63e-03 std=1.14e-02
[05/14 07:02:50] 
[05/14 07:02:50] epoch 22/40, iter 8800:
[05/14 07:02:50] train_loss: 0.71951
[05/14 07:02:50] train_acc: 0.997
[05/14 07:02:50] train_auroc: 0.991
[05/14 07:02:56] Summary name val_6-way-5-shot_tpr@tnr95 is illegal; using val_6-way-5-shot_tpr_tnr95 instead.
[05/14 07:02:56] val_6-way-5-shot_acc: 64.156	0.672
[05/14 07:02:56] val_6-way-5-shot_auroc: 39.989	2.000
[05/14 07:02:56] val_6-way-5-shot_fscore: 19.634	0.282
[05/14 07:02:56] val_6-way-5-shot_tpr@tnr95: 2.800	0.996
[05/14 07:02:56] val_6-way-5-shot_osr: 48.127	0.501
[05/14 07:02:57] [GradMonitor step=8810] near-input: bn0: mean=-4.84e-08 std=1.03e-04 pos=0.50 | enc_conv1: mean=3.23e-15 std=1.49e-05 pos=0.26
[05/14 07:02:57] [GradMonitor step=8810] deep/task: enc_layer4: mean=1.92e-06 std=3.06e-06 | PAM: mean=4.09e-05 std=6.37e-05 | CIAM: mean=1.96e-06 std=3.06e-06
[05/14 07:02:57] [GradMonitor step=8810] param-grad: weight_base: mean=2.86e-11 std=1.63e-07 | weight_base_open: mean=-7.91e-05 std=1.09e-03 | enc_conv1_weight: mean=-2.04e-03 std=6.26e-03
[05/14 07:02:58] [GradMonitor step=8820] near-input: bn0: mean=-4.59e-08 std=3.73e-04 pos=0.50 | enc_conv1: mean=-6.42e-15 std=5.36e-05 pos=0.40
[05/14 07:02:58] [GradMonitor step=8820] deep/task: enc_layer4: mean=2.95e-06 std=5.99e-06 | PAM: mean=6.30e-05 std=1.27e-04 | CIAM: mean=2.97e-06 std=5.99e-06
[05/14 07:02:58] [GradMonitor step=8820] param-grad: weight_base: mean=1.53e-08 std=2.34e-07 | weight_base_open: mean=-5.62e-05 std=1.35e-03 | enc_conv1_weight: mean=-3.59e-06 std=1.53e-02
[05/14 07:02:59] [GradMonitor step=8830] near-input: bn0: mean=-4.95e-08 std=3.45e-04 pos=0.50 | enc_conv1: mean=-3.74e-15 std=4.56e-05 pos=0.42
[05/14 07:02:59] [GradMonitor step=8830] deep/task: enc_layer4: mean=2.90e-06 std=5.25e-06 | PAM: mean=6.15e-05 std=1.11e-04 | CIAM: mean=2.91e-06 std=5.25e-06
[05/14 07:02:59] [GradMonitor step=8830] param-grad: weight_base: mean=6.12e-09 std=3.17e-07 | weight_base_open: mean=-4.19e-06 std=1.46e-03 | enc_conv1_weight: mean=1.14e-03 std=1.03e-02
[05/14 07:02:59] [GradMonitor step=8840] near-input: bn0: mean=6.45e-09 std=2.13e-04 pos=0.50 | enc_conv1: mean=1.19e-14 std=2.84e-05 pos=0.30
[05/14 07:02:59] [GradMonitor step=8840] deep/task: enc_layer4: mean=1.87e-06 std=4.34e-06 | PAM: mean=4.00e-05 std=9.09e-05 | CIAM: mean=1.91e-06 std=4.35e-06
[05/14 07:02:59] [GradMonitor step=8840] param-grad: weight_base: mean=1.09e-08 std=3.33e-07 | weight_base_open: mean=4.04e-05 std=9.94e-04 | enc_conv1_weight: mean=1.59e-03 std=6.53e-03
[05/14 07:03:00] [GradMonitor step=8850] near-input: bn0: mean=-8.71e-09 std=2.22e-04 pos=0.50 | enc_conv1: mean=-3.03e-15 std=3.06e-05 pos=0.32
[05/14 07:03:00] [GradMonitor step=8850] deep/task: enc_layer4: mean=3.14e-06 std=5.27e-06 | PAM: mean=6.68e-05 std=1.10e-04 | CIAM: mean=3.20e-06 std=5.28e-06
[05/14 07:03:00] [GradMonitor step=8850] param-grad: weight_base: mean=-6.60e-09 std=3.45e-07 | weight_base_open: mean=-4.69e-05 std=1.12e-03 | enc_conv1_weight: mean=7.60e-04 std=7.26e-03
[05/14 07:03:01] [GradMonitor step=8860] near-input: bn0: mean=1.29e-08 std=1.38e-04 pos=0.50 | enc_conv1: mean=-2.26e-15 std=1.81e-05 pos=0.29
[05/14 07:03:01] [GradMonitor step=8860] deep/task: enc_layer4: mean=1.61e-06 std=2.94e-06 | PAM: mean=3.47e-05 std=6.20e-05 | CIAM: mean=1.65e-06 std=2.95e-06
[05/14 07:03:01] [GradMonitor step=8860] param-grad: weight_base: mean=-1.96e-09 std=2.01e-07 | weight_base_open: mean=-2.59e-05 std=1.29e-03 | enc_conv1_weight: mean=5.39e-04 std=5.16e-03
[05/14 07:03:02] [GradMonitor step=8870] near-input: bn0: mean=2.32e-08 std=1.01e-04 pos=0.50 | enc_conv1: mean=4.09e-15 std=1.31e-05 pos=0.27
[05/14 07:03:02] [GradMonitor step=8870] deep/task: enc_layer4: mean=1.65e-06 std=3.01e-06 | PAM: mean=3.52e-05 std=6.33e-05 | CIAM: mean=1.69e-06 std=3.02e-06
[05/14 07:03:02] [GradMonitor step=8870] param-grad: weight_base: mean=7.26e-09 std=1.95e-07 | weight_base_open: mean=1.95e-05 std=1.11e-03 | enc_conv1_weight: mean=-2.02e-04 std=5.71e-03
[05/14 07:03:03] [GradMonitor step=8880] near-input: bn0: mean=-1.90e-08 std=6.14e-04 pos=0.50 | enc_conv1: mean=4.54e-15 std=1.02e-04 pos=0.37
[05/14 07:03:03] [GradMonitor step=8880] deep/task: enc_layer4: mean=3.43e-06 std=6.80e-06 | PAM: mean=7.32e-05 std=1.43e-04 | CIAM: mean=3.44e-06 std=6.81e-06
[05/14 07:03:03] [GradMonitor step=8880] param-grad: weight_base: mean=-5.31e-09 std=1.84e-07 | weight_base_open: mean=7.92e-05 std=1.43e-03 | enc_conv1_weight: mean=-8.53e-04 std=1.89e-02
[05/14 07:03:04] [GradMonitor step=8890] near-input: bn0: mean=2.33e-09 std=1.45e-04 pos=0.50 | enc_conv1: mean=-5.99e-15 std=1.99e-05 pos=0.33
[05/14 07:03:04] [GradMonitor step=8890] deep/task: enc_layer4: mean=2.53e-06 std=3.97e-06 | PAM: mean=5.38e-05 std=8.28e-05 | CIAM: mean=2.57e-06 std=3.97e-06
[05/14 07:03:04] [GradMonitor step=8890] param-grad: weight_base: mean=-3.10e-09 std=3.92e-07 | weight_base_open: mean=1.24e-05 std=1.36e-03 | enc_conv1_weight: mean=-1.03e-03 std=5.70e-03
[05/14 07:03:04] [GradMonitor step=8900] near-input: bn0: mean=-3.32e-08 std=1.49e-04 pos=0.50 | enc_conv1: mean=7.77e-16 std=1.98e-05 pos=0.30
[05/14 07:03:04] [GradMonitor step=8900] deep/task: enc_layer4: mean=2.18e-06 std=2.91e-06 | PAM: mean=4.62e-05 std=6.05e-05 | CIAM: mean=2.21e-06 std=2.90e-06
[05/14 07:03:04] [GradMonitor step=8900] param-grad: weight_base: mean=-2.92e-09 std=4.87e-07 | weight_base_open: mean=-1.12e-05 std=1.34e-03 | enc_conv1_weight: mean=3.96e-04 std=5.23e-03
[05/14 07:03:05] [GradMonitor step=8910] near-input: bn0: mean=1.05e-07 std=2.33e-04 pos=0.50 | enc_conv1: mean=2.18e-14 std=3.11e-05 pos=0.32
[05/14 07:03:05] [GradMonitor step=8910] deep/task: enc_layer4: mean=2.26e-06 std=4.65e-06 | PAM: mean=4.79e-05 std=9.84e-05 | CIAM: mean=2.28e-06 std=4.66e-06
[05/14 07:03:05] [GradMonitor step=8910] param-grad: weight_base: mean=1.39e-08 std=5.23e-07 | weight_base_open: mean=-8.47e-06 std=2.92e-03 | enc_conv1_weight: mean=6.06e-05 std=1.13e-02
[05/14 07:03:06] [GradMonitor step=8920] near-input: bn0: mean=-5.48e-09 std=1.25e-04 pos=0.50 | enc_conv1: mean=-2.00e-15 std=1.78e-05 pos=0.27
[05/14 07:03:06] [GradMonitor step=8920] deep/task: enc_layer4: mean=2.29e-06 std=3.64e-06 | PAM: mean=4.93e-05 std=7.68e-05 | CIAM: mean=2.34e-06 std=3.65e-06
[05/14 07:03:06] [GradMonitor step=8920] param-grad: weight_base: mean=-1.10e-08 std=2.58e-07 | weight_base_open: mean=-6.54e-05 std=9.24e-04 | enc_conv1_weight: mean=-6.64e-04 std=6.76e-03
[05/14 07:03:07] [GradMonitor step=8930] near-input: bn0: mean=1.88e-08 std=1.08e-04 pos=0.50 | enc_conv1: mean=-1.80e-15 std=1.42e-05 pos=0.26
[05/14 07:03:07] [GradMonitor step=8930] deep/task: enc_layer4: mean=2.34e-06 std=3.44e-06 | PAM: mean=4.98e-05 std=7.20e-05 | CIAM: mean=2.39e-06 std=3.46e-06
[05/14 07:03:07] [GradMonitor step=8930] param-grad: weight_base: mean=3.03e-09 std=2.83e-07 | weight_base_open: mean=6.24e-07 std=1.36e-03 | enc_conv1_weight: mean=-1.39e-03 std=7.89e-03
[05/14 07:03:08] [GradMonitor step=8940] near-input: bn0: mean=2.08e-08 std=1.20e-04 pos=0.50 | enc_conv1: mean=-2.89e-15 std=1.59e-05 pos=0.28
[05/14 07:03:08] [GradMonitor step=8940] deep/task: enc_layer4: mean=2.03e-06 std=4.69e-06 | PAM: mean=4.33e-05 std=9.87e-05 | CIAM: mean=2.07e-06 std=4.70e-06
[05/14 07:03:08] [GradMonitor step=8940] param-grad: weight_base: mean=3.22e-09 std=1.07e-07 | weight_base_open: mean=-1.58e-05 std=9.10e-04 | enc_conv1_weight: mean=1.63e-03 std=6.38e-03
[05/14 07:03:09] [GradMonitor step=8950] near-input: bn0: mean=2.55e-07 std=4.11e-04 pos=0.50 | enc_conv1: mean=-1.28e-14 std=5.37e-05 pos=0.42
[05/14 07:03:09] [GradMonitor step=8950] deep/task: enc_layer4: mean=2.57e-06 std=6.17e-06 | PAM: mean=5.47e-05 std=1.28e-04 | CIAM: mean=2.61e-06 std=6.17e-06
[05/14 07:03:09] [GradMonitor step=8950] param-grad: weight_base: mean=9.30e-10 std=3.40e-07 | weight_base_open: mean=4.61e-05 std=1.09e-03 | enc_conv1_weight: mean=2.95e-03 std=9.95e-03
[05/14 07:03:09] [GradMonitor step=8960] near-input: bn0: mean=7.07e-09 std=1.44e-04 pos=0.50 | enc_conv1: mean=5.59e-15 std=1.84e-05 pos=0.30
[05/14 07:03:09] [GradMonitor step=8960] deep/task: enc_layer4: mean=1.60e-06 std=2.49e-06 | PAM: mean=3.40e-05 std=5.25e-05 | CIAM: mean=1.64e-06 std=2.49e-06
[05/14 07:03:09] [GradMonitor step=8960] param-grad: weight_base: mean=7.10e-09 std=2.21e-07 | weight_base_open: mean=5.14e-05 std=9.80e-04 | enc_conv1_weight: mean=2.99e-04 std=3.96e-03
[05/14 07:03:10] [GradMonitor step=8970] near-input: bn0: mean=1.07e-08 std=1.84e-04 pos=0.50 | enc_conv1: mean=-6.59e-15 std=2.38e-05 pos=0.37
[05/14 07:03:10] [GradMonitor step=8970] deep/task: enc_layer4: mean=1.25e-06 std=4.04e-06 | PAM: mean=2.70e-05 std=8.47e-05 | CIAM: mean=1.29e-06 std=4.05e-06
[05/14 07:03:10] [GradMonitor step=8970] param-grad: weight_base: mean=7.00e-09 std=1.88e-07 | weight_base_open: mean=6.30e-05 std=9.44e-04 | enc_conv1_weight: mean=7.25e-04 std=7.03e-03
[05/14 07:03:11] [GradMonitor step=8980] near-input: bn0: mean=-4.60e-08 std=1.69e-04 pos=0.50 | enc_conv1: mean=1.38e-15 std=2.07e-05 pos=0.31
[05/14 07:03:11] [GradMonitor step=8980] deep/task: enc_layer4: mean=2.02e-06 std=3.37e-06 | PAM: mean=4.31e-05 std=7.08e-05 | CIAM: mean=2.06e-06 std=3.37e-06
[05/14 07:03:11] [GradMonitor step=8980] param-grad: weight_base: mean=9.64e-09 std=1.77e-07 | weight_base_open: mean=-2.40e-05 std=1.04e-03 | enc_conv1_weight: mean=-8.24e-04 std=6.99e-03
[05/14 07:03:12] [GradMonitor step=8990] near-input: bn0: mean=-3.95e-08 std=1.89e-04 pos=0.50 | enc_conv1: mean=2.66e-17 std=2.33e-05 pos=0.32
[05/14 07:03:12] [GradMonitor step=8990] deep/task: enc_layer4: mean=2.55e-06 std=3.58e-06 | PAM: mean=5.42e-05 std=7.53e-05 | CIAM: mean=2.59e-06 std=3.59e-06
[05/14 07:03:12] [GradMonitor step=8990] param-grad: weight_base: mean=-9.13e-09 std=3.29e-07 | weight_base_open: mean=9.95e-05 std=1.13e-03 | enc_conv1_weight: mean=6.07e-04 std=5.30e-03
[05/14 07:03:13] [GradMonitor step=9000] near-input: bn0: mean=-3.61e-08 std=1.30e-04 pos=0.50 | enc_conv1: mean=-9.46e-16 std=1.84e-05 pos=0.31
[05/14 07:03:13] [GradMonitor step=9000] deep/task: enc_layer4: mean=2.21e-06 std=3.22e-06 | PAM: mean=4.70e-05 std=6.78e-05 | CIAM: mean=2.25e-06 std=3.22e-06
[05/14 07:03:13] [GradMonitor step=9000] param-grad: weight_base: mean=-9.54e-09 std=3.17e-07 | weight_base_open: mean=-1.05e-05 std=1.14e-03 | enc_conv1_weight: mean=5.04e-04 std=6.41e-03
[05/14 07:03:13] [GradMonitor step=9010] near-input: bn0: mean=1.11e-07 std=2.72e-04 pos=0.50 | enc_conv1: mean=-1.87e-16 std=3.84e-05 pos=0.31
[05/14 07:03:13] [GradMonitor step=9010] deep/task: enc_layer4: mean=1.95e-06 std=5.14e-06 | PAM: mean=4.16e-05 std=1.09e-04 | CIAM: mean=1.98e-06 std=5.15e-06
[05/14 07:03:13] [GradMonitor step=9010] param-grad: weight_base: mean=8.30e-09 std=1.38e-07 | weight_base_open: mean=3.07e-06 std=1.06e-03 | enc_conv1_weight: mean=-7.68e-04 std=1.55e-02
[05/14 07:03:14] [GradMonitor step=9020] near-input: bn0: mean=1.13e-08 std=1.44e-04 pos=0.50 | enc_conv1: mean=-2.04e-15 std=1.80e-05 pos=0.31
[05/14 07:03:14] [GradMonitor step=9020] deep/task: enc_layer4: mean=2.32e-06 std=3.25e-06 | PAM: mean=4.93e-05 std=6.81e-05 | CIAM: mean=2.36e-06 std=3.26e-06
[05/14 07:03:14] [GradMonitor step=9020] param-grad: weight_base: mean=-1.65e-09 std=3.26e-07 | weight_base_open: mean=1.21e-05 std=1.11e-03 | enc_conv1_weight: mean=-1.97e-03 std=8.12e-03
[05/14 07:03:15] [GradMonitor step=9030] near-input: bn0: mean=-3.20e-08 std=1.16e-04 pos=0.50 | enc_conv1: mean=-1.69e-15 std=1.61e-05 pos=0.29
[05/14 07:03:15] [GradMonitor step=9030] deep/task: enc_layer4: mean=1.35e-06 std=2.60e-06 | PAM: mean=2.89e-05 std=5.45e-05 | CIAM: mean=1.38e-06 std=2.61e-06
[05/14 07:03:15] [GradMonitor step=9030] param-grad: weight_base: mean=-4.48e-09 std=2.38e-07 | weight_base_open: mean=-3.31e-05 std=1.06e-03 | enc_conv1_weight: mean=-1.73e-03 std=5.32e-03
[05/14 07:03:16] [GradMonitor step=9040] near-input: bn0: mean=-2.75e-08 std=1.18e-04 pos=0.50 | enc_conv1: mean=-9.63e-16 std=1.68e-05 pos=0.31
[05/14 07:03:16] [GradMonitor step=9040] deep/task: enc_layer4: mean=1.59e-06 std=2.96e-06 | PAM: mean=3.38e-05 std=6.21e-05 | CIAM: mean=1.63e-06 std=2.97e-06
[05/14 07:03:16] [GradMonitor step=9040] param-grad: weight_base: mean=1.15e-08 std=2.76e-07 | weight_base_open: mean=4.81e-05 std=9.97e-04 | enc_conv1_weight: mean=8.68e-04 std=4.72e-03
[05/14 07:03:17] [GradMonitor step=9050] near-input: bn0: mean=1.01e-08 std=1.25e-04 pos=0.50 | enc_conv1: mean=-1.59e-15 std=1.71e-05 pos=0.26
[05/14 07:03:17] [GradMonitor step=9050] deep/task: enc_layer4: mean=2.05e-06 std=2.95e-06 | PAM: mean=4.36e-05 std=6.19e-05 | CIAM: mean=2.09e-06 std=2.96e-06
[05/14 07:03:17] [GradMonitor step=9050] param-grad: weight_base: mean=-9.51e-09 std=2.18e-07 | weight_base_open: mean=3.86e-05 std=1.11e-03 | enc_conv1_weight: mean=-8.13e-04 std=5.61e-03
[05/14 07:03:17] [GradMonitor step=9060] near-input: bn0: mean=-7.66e-08 std=1.89e-04 pos=0.50 | enc_conv1: mean=5.49e-15 std=2.35e-05 pos=0.31
[05/14 07:03:17] [GradMonitor step=9060] deep/task: enc_layer4: mean=1.82e-06 std=3.81e-06 | PAM: mean=3.93e-05 std=8.07e-05 | CIAM: mean=1.87e-06 std=3.82e-06
[05/14 07:03:17] [GradMonitor step=9060] param-grad: weight_base: mean=-5.30e-09 std=3.29e-07 | weight_base_open: mean=1.30e-05 std=9.97e-04 | enc_conv1_weight: mean=-6.71e-05 std=7.92e-03
[05/14 07:03:18] [GradMonitor step=9070] near-input: bn0: mean=1.96e-08 std=1.28e-04 pos=0.50 | enc_conv1: mean=7.80e-15 std=1.63e-05 pos=0.28
[05/14 07:03:18] [GradMonitor step=9070] deep/task: enc_layer4: mean=2.85e-06 std=4.63e-06 | PAM: mean=6.05e-05 std=9.62e-05 | CIAM: mean=2.90e-06 std=4.65e-06
[05/14 07:03:18] [GradMonitor step=9070] param-grad: weight_base: mean=-2.78e-09 std=2.44e-07 | weight_base_open: mean=-8.26e-05 std=1.24e-03 | enc_conv1_weight: mean=-1.69e-03 std=8.38e-03
[05/14 07:03:19] [GradMonitor step=9080] near-input: bn0: mean=3.84e-08 std=1.26e-04 pos=0.50 | enc_conv1: mean=-3.15e-15 std=1.69e-05 pos=0.29
[05/14 07:03:19] [GradMonitor step=9080] deep/task: enc_layer4: mean=1.71e-06 std=3.14e-06 | PAM: mean=3.64e-05 std=6.60e-05 | CIAM: mean=1.74e-06 std=3.15e-06
[05/14 07:03:19] [GradMonitor step=9080] param-grad: weight_base: mean=7.37e-09 std=3.59e-07 | weight_base_open: mean=-3.93e-06 std=1.13e-03 | enc_conv1_weight: mean=-2.48e-04 std=5.61e-03
[05/14 07:03:20] [GradMonitor step=9090] near-input: bn0: mean=-3.92e-08 std=1.11e-04 pos=0.50 | enc_conv1: mean=1.70e-15 std=1.49e-05 pos=0.27
[05/14 07:03:20] [GradMonitor step=9090] deep/task: enc_layer4: mean=2.08e-06 std=2.71e-06 | PAM: mean=4.43e-05 std=5.75e-05 | CIAM: mean=2.13e-06 std=2.72e-06
[05/14 07:03:20] [GradMonitor step=9090] param-grad: weight_base: mean=-1.28e-08 std=3.74e-07 | weight_base_open: mean=-9.37e-05 std=1.03e-03 | enc_conv1_weight: mean=-4.35e-05 std=5.14e-03
[05/14 07:03:21] [GradMonitor step=9100] near-input: bn0: mean=-1.52e-08 std=1.26e-04 pos=0.50 | enc_conv1: mean=4.31e-15 std=1.74e-05 pos=0.31
[05/14 07:03:21] [GradMonitor step=9100] deep/task: enc_layer4: mean=3.22e-06 std=4.57e-06 | PAM: mean=6.90e-05 std=9.57e-05 | CIAM: mean=3.31e-06 std=4.60e-06
[05/14 07:03:21] [GradMonitor step=9100] param-grad: weight_base: mean=-1.76e-09 std=1.06e-07 | weight_base_open: mean=-6.22e-05 std=1.37e-03 | enc_conv1_weight: mean=-6.54e-04 std=1.28e-02
[05/14 07:03:22] [GradMonitor step=9110] near-input: bn0: mean=-5.95e-08 std=1.30e-04 pos=0.50 | enc_conv1: mean=5.77e-17 std=1.84e-05 pos=0.25
[05/14 07:03:22] [GradMonitor step=9110] deep/task: enc_layer4: mean=1.45e-06 std=2.91e-06 | PAM: mean=3.14e-05 std=6.13e-05 | CIAM: mean=1.48e-06 std=2.91e-06
[05/14 07:03:22] [GradMonitor step=9110] param-grad: weight_base: mean=6.99e-09 std=5.08e-07 | weight_base_open: mean=-5.49e-05 std=1.72e-03 | enc_conv1_weight: mean=5.30e-04 std=6.28e-03
[05/14 07:03:22] [GradMonitor step=9120] near-input: bn0: mean=-3.72e-08 std=1.16e-04 pos=0.50 | enc_conv1: mean=-1.75e-15 std=1.54e-05 pos=0.32
[05/14 07:03:22] [GradMonitor step=9120] deep/task: enc_layer4: mean=2.01e-06 std=3.21e-06 | PAM: mean=4.29e-05 std=6.77e-05 | CIAM: mean=2.04e-06 std=3.22e-06
[05/14 07:03:22] [GradMonitor step=9120] param-grad: weight_base: mean=6.22e-09 std=5.27e-07 | weight_base_open: mean=-1.28e-05 std=1.32e-03 | enc_conv1_weight: mean=1.57e-03 std=6.94e-03
[05/14 07:03:23] [GradMonitor step=9130] near-input: bn0: mean=-4.85e-08 std=1.41e-04 pos=0.50 | enc_conv1: mean=-3.97e-15 std=1.91e-05 pos=0.26
[05/14 07:03:23] [GradMonitor step=9130] deep/task: enc_layer4: mean=1.32e-06 std=4.05e-06 | PAM: mean=2.81e-05 std=8.45e-05 | CIAM: mean=1.35e-06 std=4.05e-06
[05/14 07:03:23] [GradMonitor step=9130] param-grad: weight_base: mean=-2.13e-09 std=1.67e-07 | weight_base_open: mean=-5.81e-05 std=8.48e-04 | enc_conv1_weight: mean=-1.00e-03 std=7.72e-03
[05/14 07:03:24] [GradMonitor step=9140] near-input: bn0: mean=2.96e-08 std=2.65e-04 pos=0.50 | enc_conv1: mean=1.38e-15 std=3.20e-05 pos=0.38
[05/14 07:03:24] [GradMonitor step=9140] deep/task: enc_layer4: mean=2.32e-06 std=3.93e-06 | PAM: mean=4.92e-05 std=8.25e-05 | CIAM: mean=2.35e-06 std=3.93e-06
[05/14 07:03:24] [GradMonitor step=9140] param-grad: weight_base: mean=-1.71e-08 std=2.71e-07 | weight_base_open: mean=2.75e-05 std=1.14e-03 | enc_conv1_weight: mean=4.89e-05 std=7.67e-03
[05/14 07:03:25] [GradMonitor step=9150] near-input: bn0: mean=1.11e-08 std=2.38e-04 pos=0.50 | enc_conv1: mean=-1.63e-15 std=3.51e-05 pos=0.33
[05/14 07:03:25] [GradMonitor step=9150] deep/task: enc_layer4: mean=2.91e-06 std=4.90e-06 | PAM: mean=6.24e-05 std=1.03e-04 | CIAM: mean=2.95e-06 std=4.91e-06
[05/14 07:03:25] [GradMonitor step=9150] param-grad: weight_base: mean=-3.31e-09 std=2.66e-07 | weight_base_open: mean=-5.51e-05 std=1.64e-03 | enc_conv1_weight: mean=-1.15e-03 std=1.15e-02
[05/14 07:03:26] [GradMonitor step=9160] near-input: bn0: mean=-7.94e-09 std=1.88e-04 pos=0.50 | enc_conv1: mean=7.87e-15 std=2.40e-05 pos=0.34
[05/14 07:03:26] [GradMonitor step=9160] deep/task: enc_layer4: mean=1.92e-06 std=3.72e-06 | PAM: mean=4.11e-05 std=7.81e-05 | CIAM: mean=1.98e-06 std=3.73e-06
[05/14 07:03:26] [GradMonitor step=9160] param-grad: weight_base: mean=1.02e-09 std=9.90e-08 | weight_base_open: mean=1.29e-05 std=9.17e-04 | enc_conv1_weight: mean=1.61e-03 std=6.74e-03
[05/14 07:03:26] [GradMonitor step=9170] near-input: bn0: mean=7.54e-09 std=3.02e-04 pos=0.50 | enc_conv1: mean=1.55e-14 std=4.56e-05 pos=0.39
[05/14 07:03:26] [GradMonitor step=9170] deep/task: enc_layer4: mean=3.15e-06 std=4.78e-06 | PAM: mean=6.73e-05 std=1.01e-04 | CIAM: mean=3.19e-06 std=4.80e-06
[05/14 07:03:26] [GradMonitor step=9170] param-grad: weight_base: mean=-5.37e-09 std=1.67e-07 | weight_base_open: mean=-8.91e-06 std=1.31e-03 | enc_conv1_weight: mean=-4.14e-04 std=1.16e-02
[05/14 07:03:27] [GradMonitor step=9180] near-input: bn0: mean=2.10e-08 std=1.63e-04 pos=0.50 | enc_conv1: mean=5.79e-15 std=2.11e-05 pos=0.33
[05/14 07:03:27] [GradMonitor step=9180] deep/task: enc_layer4: mean=2.78e-06 std=4.20e-06 | PAM: mean=5.88e-05 std=8.75e-05 | CIAM: mean=2.84e-06 std=4.22e-06
[05/14 07:03:27] [GradMonitor step=9180] param-grad: weight_base: mean=-8.84e-09 std=4.31e-07 | weight_base_open: mean=-3.25e-05 std=1.20e-03 | enc_conv1_weight: mean=9.69e-04 std=7.57e-03
[05/14 07:03:28] [GradMonitor step=9190] near-input: bn0: mean=2.55e-09 std=2.01e-04 pos=0.50 | enc_conv1: mean=-4.10e-15 std=2.51e-05 pos=0.29
[05/14 07:03:28] [GradMonitor step=9190] deep/task: enc_layer4: mean=2.56e-06 std=5.40e-06 | PAM: mean=5.52e-05 std=1.14e-04 | CIAM: mean=2.62e-06 std=5.40e-06
[05/14 07:03:28] [GradMonitor step=9190] param-grad: weight_base: mean=1.86e-08 std=2.59e-07 | weight_base_open: mean=-9.76e-05 std=1.33e-03 | enc_conv1_weight: mean=4.45e-04 std=7.53e-03
[05/14 07:03:29] [GradMonitor step=9200] near-input: bn0: mean=-2.03e-08 std=3.54e-04 pos=0.50 | enc_conv1: mean=-1.25e-14 std=4.78e-05 pos=0.39
[05/14 07:03:29] [GradMonitor step=9200] deep/task: enc_layer4: mean=3.10e-06 std=6.25e-06 | PAM: mean=6.55e-05 std=1.31e-04 | CIAM: mean=3.12e-06 std=6.26e-06
[05/14 07:03:29] [GradMonitor step=9200] param-grad: weight_base: mean=3.18e-09 std=3.01e-07 | weight_base_open: mean=5.57e-05 std=1.57e-03 | enc_conv1_weight: mean=-2.99e-03 std=1.11e-02
[05/14 07:03:29] 
[05/14 07:03:29] epoch 23/40, iter 9200:
[05/14 07:03:29] train_loss: 0.70259
[05/14 07:03:29] train_acc: 0.997
[05/14 07:03:29] train_auroc: 0.992
[05/14 07:03:35] Summary name val_6-way-5-shot_tpr@tnr95 is illegal; using val_6-way-5-shot_tpr_tnr95 instead.
[05/14 07:03:35] val_6-way-5-shot_acc: 63.989	0.686
[05/14 07:03:35] val_6-way-5-shot_auroc: 39.990	2.023
[05/14 07:03:35] val_6-way-5-shot_fscore: 19.667	0.279
[05/14 07:03:35] val_6-way-5-shot_tpr@tnr95: 2.700	0.946
[05/14 07:03:35] val_6-way-5-shot_osr: 48.069	0.479
[05/14 07:03:35] [GradMonitor step=9210] near-input: bn0: mean=-4.40e-08 std=1.02e-04 pos=0.50 | enc_conv1: mean=-2.32e-15 std=1.47e-05 pos=0.27
[05/14 07:03:35] [GradMonitor step=9210] deep/task: enc_layer4: mean=1.85e-06 std=3.05e-06 | PAM: mean=3.94e-05 std=6.35e-05 | CIAM: mean=1.89e-06 std=3.05e-06
[05/14 07:03:35] [GradMonitor step=9210] param-grad: weight_base: mean=-1.07e-08 std=2.92e-07 | weight_base_open: mean=-3.84e-05 std=1.23e-03 | enc_conv1_weight: mean=-1.94e-03 std=5.86e-03
[05/14 07:03:36] [GradMonitor step=9220] near-input: bn0: mean=-4.67e-08 std=3.62e-04 pos=0.50 | enc_conv1: mean=-1.21e-14 std=5.19e-05 pos=0.41
[05/14 07:03:36] [GradMonitor step=9220] deep/task: enc_layer4: mean=2.98e-06 std=5.89e-06 | PAM: mean=6.36e-05 std=1.25e-04 | CIAM: mean=2.99e-06 std=5.89e-06
[05/14 07:03:36] [GradMonitor step=9220] param-grad: weight_base: mean=-1.06e-08 std=2.77e-07 | weight_base_open: mean=3.93e-05 std=1.37e-03 | enc_conv1_weight: mean=-4.37e-04 std=1.63e-02
[05/14 07:03:37] [GradMonitor step=9230] near-input: bn0: mean=-6.42e-08 std=3.50e-04 pos=0.50 | enc_conv1: mean=-6.88e-15 std=4.58e-05 pos=0.40
[05/14 07:03:37] [GradMonitor step=9230] deep/task: enc_layer4: mean=2.90e-06 std=5.25e-06 | PAM: mean=6.15e-05 std=1.11e-04 | CIAM: mean=2.91e-06 std=5.25e-06
[05/14 07:03:37] [GradMonitor step=9230] param-grad: weight_base: mean=8.34e-09 std=3.57e-07 | weight_base_open: mean=-5.60e-05 std=1.58e-03 | enc_conv1_weight: mean=8.78e-04 std=1.04e-02
[05/14 07:03:38] [GradMonitor step=9240] near-input: bn0: mean=2.40e-09 std=2.11e-04 pos=0.50 | enc_conv1: mean=4.13e-15 std=2.81e-05 pos=0.30
[05/14 07:03:38] [GradMonitor step=9240] deep/task: enc_layer4: mean=1.82e-06 std=4.27e-06 | PAM: mean=3.89e-05 std=8.93e-05 | CIAM: mean=1.86e-06 std=4.28e-06
[05/14 07:03:38] [GradMonitor step=9240] param-grad: weight_base: mean=3.20e-09 std=1.42e-07 | weight_base_open: mean=-1.54e-05 std=1.06e-03 | enc_conv1_weight: mean=9.93e-04 std=6.13e-03
[05/14 07:03:39] [GradMonitor step=9250] near-input: bn0: mean=-2.30e-08 std=2.14e-04 pos=0.50 | enc_conv1: mean=-9.98e-15 std=2.96e-05 pos=0.31
[05/14 07:03:39] [GradMonitor step=9250] deep/task: enc_layer4: mean=3.08e-06 std=5.15e-06 | PAM: mean=6.56e-05 std=1.07e-04 | CIAM: mean=3.14e-06 std=5.16e-06
[05/14 07:03:39] [GradMonitor step=9250] param-grad: weight_base: mean=-1.26e-08 std=5.61e-07 | weight_base_open: mean=2.43e-05 std=1.17e-03 | enc_conv1_weight: mean=4.15e-04 std=7.13e-03
[05/14 07:03:40] [GradMonitor step=9260] near-input: bn0: mean=1.45e-08 std=1.42e-04 pos=0.50 | enc_conv1: mean=-4.48e-15 std=1.86e-05 pos=0.29
[05/14 07:03:40] [GradMonitor step=9260] deep/task: enc_layer4: mean=1.58e-06 std=3.01e-06 | PAM: mean=3.43e-05 std=6.33e-05 | CIAM: mean=1.62e-06 std=3.01e-06
[05/14 07:03:40] [GradMonitor step=9260] param-grad: weight_base: mean=1.25e-08 std=2.12e-07 | weight_base_open: mean=4.57e-05 std=1.38e-03 | enc_conv1_weight: mean=4.38e-04 std=5.27e-03
[05/14 07:03:40] [GradMonitor step=9270] near-input: bn0: mean=1.51e-08 std=1.03e-04 pos=0.50 | enc_conv1: mean=-3.17e-15 std=1.34e-05 pos=0.26
[05/14 07:03:40] [GradMonitor step=9270] deep/task: enc_layer4: mean=1.63e-06 std=3.07e-06 | PAM: mean=3.50e-05 std=6.45e-05 | CIAM: mean=1.68e-06 std=3.08e-06
[05/14 07:03:40] [GradMonitor step=9270] param-grad: weight_base: mean=-3.86e-09 std=1.83e-07 | weight_base_open: mean=8.87e-06 std=9.11e-04 | enc_conv1_weight: mean=-2.71e-04 std=5.59e-03
[05/14 07:03:41] [GradMonitor step=9280] near-input: bn0: mean=-3.64e-08 std=6.44e-04 pos=0.50 | enc_conv1: mean=-6.53e-16 std=1.10e-04 pos=0.36
[05/14 07:03:41] [GradMonitor step=9280] deep/task: enc_layer4: mean=3.48e-06 std=6.80e-06 | PAM: mean=7.42e-05 std=1.43e-04 | CIAM: mean=3.49e-06 std=6.80e-06
[05/14 07:03:41] [GradMonitor step=9280] param-grad: weight_base: mean=-1.44e-08 std=5.13e-07 | weight_base_open: mean=2.52e-05 std=1.30e-03 | enc_conv1_weight: mean=-1.38e-03 std=1.87e-02
[05/14 07:03:42] [GradMonitor step=9290] near-input: bn0: mean=2.01e-09 std=1.47e-04 pos=0.50 | enc_conv1: mean=-4.68e-15 std=2.03e-05 pos=0.34
[05/14 07:03:42] [GradMonitor step=9290] deep/task: enc_layer4: mean=2.45e-06 std=3.97e-06 | PAM: mean=5.23e-05 std=8.29e-05 | CIAM: mean=2.50e-06 std=3.98e-06
[05/14 07:03:42] [GradMonitor step=9290] param-grad: weight_base: mean=-1.09e-08 std=5.19e-07 | weight_base_open: mean=6.29e-05 std=1.38e-03 | enc_conv1_weight: mean=-1.04e-03 std=5.51e-03
[05/14 07:03:43] [GradMonitor step=9300] near-input: bn0: mean=-2.47e-08 std=1.51e-04 pos=0.50 | enc_conv1: mean=-7.17e-16 std=2.04e-05 pos=0.30
[05/14 07:03:43] [GradMonitor step=9300] deep/task: enc_layer4: mean=2.15e-06 std=2.90e-06 | PAM: mean=4.55e-05 std=6.03e-05 | CIAM: mean=2.18e-06 std=2.89e-06
[05/14 07:03:43] [GradMonitor step=9300] param-grad: weight_base: mean=-1.85e-09 std=3.28e-07 | weight_base_open: mean=4.64e-05 std=1.10e-03 | enc_conv1_weight: mean=4.33e-04 std=4.94e-03
[05/14 07:03:44] [GradMonitor step=9310] near-input: bn0: mean=1.09e-07 std=2.34e-04 pos=0.50 | enc_conv1: mean=5.83e-15 std=3.13e-05 pos=0.31
[05/14 07:03:44] [GradMonitor step=9310] deep/task: enc_layer4: mean=2.25e-06 std=4.57e-06 | PAM: mean=4.79e-05 std=9.66e-05 | CIAM: mean=2.27e-06 std=4.58e-06
[05/14 07:03:44] [GradMonitor step=9310] param-grad: weight_base: mean=-3.24e-09 std=7.31e-07 | weight_base_open: mean=-1.61e-04 std=2.67e-03 | enc_conv1_weight: mean=1.05e-04 std=1.26e-02
[05/14 07:03:44] [GradMonitor step=9320] near-input: bn0: mean=-8.28e-09 std=1.26e-04 pos=0.50 | enc_conv1: mean=-4.44e-15 std=1.77e-05 pos=0.27
[05/14 07:03:44] [GradMonitor step=9320] deep/task: enc_layer4: mean=2.25e-06 std=3.57e-06 | PAM: mean=4.85e-05 std=7.53e-05 | CIAM: mean=2.31e-06 std=3.58e-06
[05/14 07:03:44] [GradMonitor step=9320] param-grad: weight_base: mean=4.00e-09 std=3.90e-07 | weight_base_open: mean=-8.72e-06 std=9.70e-04 | enc_conv1_weight: mean=-5.91e-04 std=6.63e-03
[05/14 07:03:45] [GradMonitor step=9330] near-input: bn0: mean=2.45e-08 std=1.08e-04 pos=0.50 | enc_conv1: mean=-2.44e-16 std=1.43e-05 pos=0.25
[05/14 07:03:45] [GradMonitor step=9330] deep/task: enc_layer4: mean=2.25e-06 std=3.43e-06 | PAM: mean=4.81e-05 std=7.18e-05 | CIAM: mean=2.30e-06 std=3.45e-06
[05/14 07:03:45] [GradMonitor step=9330] param-grad: weight_base: mean=2.43e-09 std=3.29e-07 | weight_base_open: mean=-4.31e-05 std=1.49e-03 | enc_conv1_weight: mean=-1.44e-03 std=7.77e-03
[05/14 07:03:46] [GradMonitor step=9340] near-input: bn0: mean=1.75e-08 std=1.15e-04 pos=0.50 | enc_conv1: mean=-1.60e-15 std=1.53e-05 pos=0.27
[05/14 07:03:46] [GradMonitor step=9340] deep/task: enc_layer4: mean=1.94e-06 std=4.52e-06 | PAM: mean=4.14e-05 std=9.51e-05 | CIAM: mean=1.97e-06 std=4.53e-06
[05/14 07:03:46] [GradMonitor step=9340] param-grad: weight_base: mean=1.10e-08 std=1.71e-07 | weight_base_open: mean=-4.09e-05 std=8.97e-04 | enc_conv1_weight: mean=1.72e-03 std=6.18e-03
[05/14 07:03:47] [GradMonitor step=9350] near-input: bn0: mean=2.57e-07 std=4.29e-04 pos=0.50 | enc_conv1: mean=-4.89e-15 std=5.64e-05 pos=0.43
[05/14 07:03:47] [GradMonitor step=9350] deep/task: enc_layer4: mean=2.57e-06 std=6.26e-06 | PAM: mean=5.49e-05 std=1.29e-04 | CIAM: mean=2.61e-06 std=6.25e-06
[05/14 07:03:47] [GradMonitor step=9350] param-grad: weight_base: mean=2.36e-08 std=4.75e-07 | weight_base_open: mean=-1.46e-05 std=1.15e-03 | enc_conv1_weight: mean=2.44e-03 std=9.25e-03
[05/14 07:03:48] [GradMonitor step=9360] near-input: bn0: mean=7.50e-09 std=1.44e-04 pos=0.50 | enc_conv1: mean=-8.29e-15 std=1.84e-05 pos=0.27
[05/14 07:03:48] [GradMonitor step=9360] deep/task: enc_layer4: mean=1.55e-06 std=2.51e-06 | PAM: mean=3.31e-05 std=5.30e-05 | CIAM: mean=1.59e-06 std=2.52e-06
[05/14 07:03:48] [GradMonitor step=9360] param-grad: weight_base: mean=7.17e-10 std=1.74e-07 | weight_base_open: mean=1.10e-04 std=1.07e-03 | enc_conv1_weight: mean=3.10e-04 std=3.91e-03
[05/14 07:03:49] [GradMonitor step=9370] near-input: bn0: mean=8.94e-09 std=1.80e-04 pos=0.50 | enc_conv1: mean=5.57e-15 std=2.33e-05 pos=0.36
[05/14 07:03:49] [GradMonitor step=9370] deep/task: enc_layer4: mean=1.15e-06 std=4.06e-06 | PAM: mean=2.51e-05 std=8.50e-05 | CIAM: mean=1.20e-06 std=4.07e-06
[05/14 07:03:49] [GradMonitor step=9370] param-grad: weight_base: mean=-3.46e-09 std=2.21e-07 | weight_base_open: mean=9.89e-05 std=9.61e-04 | enc_conv1_weight: mean=6.57e-04 std=6.80e-03
[05/14 07:03:49] [GradMonitor step=9380] near-input: bn0: mean=-5.14e-08 std=1.69e-04 pos=0.50 | enc_conv1: mean=4.22e-15 std=2.07e-05 pos=0.32
[05/14 07:03:49] [GradMonitor step=9380] deep/task: enc_layer4: mean=1.99e-06 std=3.41e-06 | PAM: mean=4.24e-05 std=7.15e-05 | CIAM: mean=2.03e-06 std=3.41e-06
[05/14 07:03:49] [GradMonitor step=9380] param-grad: weight_base: mean=8.81e-09 std=2.34e-07 | weight_base_open: mean=1.57e-05 std=9.51e-04 | enc_conv1_weight: mean=-8.50e-04 std=6.79e-03
[05/14 07:03:50] [GradMonitor step=9390] near-input: bn0: mean=-4.37e-08 std=1.90e-04 pos=0.50 | enc_conv1: mean=1.78e-15 std=2.37e-05 pos=0.34
[05/14 07:03:50] [GradMonitor step=9390] deep/task: enc_layer4: mean=2.48e-06 std=3.56e-06 | PAM: mean=5.28e-05 std=7.46e-05 | CIAM: mean=2.52e-06 std=3.57e-06
[05/14 07:03:50] [GradMonitor step=9390] param-grad: weight_base: mean=-1.21e-08 std=2.41e-07 | weight_base_open: mean=1.12e-04 std=1.20e-03 | enc_conv1_weight: mean=4.62e-04 std=5.19e-03
[05/14 07:03:51] [GradMonitor step=9400] near-input: bn0: mean=-3.39e-08 std=1.27e-04 pos=0.50 | enc_conv1: mean=1.22e-15 std=1.78e-05 pos=0.31
[05/14 07:03:51] [GradMonitor step=9400] deep/task: enc_layer4: mean=2.13e-06 std=3.19e-06 | PAM: mean=4.54e-05 std=6.74e-05 | CIAM: mean=2.18e-06 std=3.20e-06
[05/14 07:03:51] [GradMonitor step=9400] param-grad: weight_base: mean=-5.08e-09 std=1.53e-07 | weight_base_open: mean=4.36e-05 std=9.39e-04 | enc_conv1_weight: mean=2.48e-04 std=5.90e-03
[05/14 07:03:52] [GradMonitor step=9410] near-input: bn0: mean=8.76e-08 std=2.71e-04 pos=0.50 | enc_conv1: mean=-6.21e-15 std=3.84e-05 pos=0.30
[05/14 07:03:52] [GradMonitor step=9410] deep/task: enc_layer4: mean=2.04e-06 std=4.97e-06 | PAM: mean=4.35e-05 std=1.05e-04 | CIAM: mean=2.07e-06 std=4.98e-06
[05/14 07:03:52] [GradMonitor step=9410] param-grad: weight_base: mean=8.38e-09 std=1.85e-07 | weight_base_open: mean=9.04e-06 std=1.06e-03 | enc_conv1_weight: mean=-4.48e-04 std=1.48e-02
[05/14 07:03:53] [GradMonitor step=9420] near-input: bn0: mean=9.49e-10 std=1.49e-04 pos=0.50 | enc_conv1: mean=4.72e-15 std=1.87e-05 pos=0.30
[05/14 07:03:53] [GradMonitor step=9420] deep/task: enc_layer4: mean=2.30e-06 std=3.24e-06 | PAM: mean=4.89e-05 std=6.79e-05 | CIAM: mean=2.34e-06 std=3.25e-06
[05/14 07:03:53] [GradMonitor step=9420] param-grad: weight_base: mean=-2.69e-09 std=3.29e-07 | weight_base_open: mean=-4.00e-05 std=1.30e-03 | enc_conv1_weight: mean=-1.97e-03 std=7.80e-03
[05/14 07:03:53] [GradMonitor step=9430] near-input: bn0: mean=-2.19e-08 std=1.19e-04 pos=0.50 | enc_conv1: mean=3.08e-15 std=1.65e-05 pos=0.28
[05/14 07:03:53] [GradMonitor step=9430] deep/task: enc_layer4: mean=1.32e-06 std=2.63e-06 | PAM: mean=2.83e-05 std=5.51e-05 | CIAM: mean=1.35e-06 std=2.64e-06
[05/14 07:03:53] [GradMonitor step=9430] param-grad: weight_base: mean=-1.13e-08 std=3.59e-07 | weight_base_open: mean=-5.25e-05 std=1.20e-03 | enc_conv1_weight: mean=-1.65e-03 std=5.41e-03
[05/14 07:03:54] [GradMonitor step=9440] near-input: bn0: mean=-2.80e-08 std=1.18e-04 pos=0.50 | enc_conv1: mean=3.55e-15 std=1.67e-05 pos=0.29
[05/14 07:03:54] [GradMonitor step=9440] deep/task: enc_layer4: mean=1.55e-06 std=3.00e-06 | PAM: mean=3.30e-05 std=6.28e-05 | CIAM: mean=1.59e-06 std=3.00e-06
[05/14 07:03:54] [GradMonitor step=9440] param-grad: weight_base: mean=6.15e-09 std=3.89e-07 | weight_base_open: mean=4.10e-05 std=1.08e-03 | enc_conv1_weight: mean=7.30e-04 std=4.43e-03
[05/14 07:03:55] [GradMonitor step=9450] near-input: bn0: mean=2.30e-09 std=1.30e-04 pos=0.50 | enc_conv1: mean=9.42e-15 std=1.78e-05 pos=0.26
[05/14 07:03:55] [GradMonitor step=9450] deep/task: enc_layer4: mean=2.00e-06 std=3.00e-06 | PAM: mean=4.25e-05 std=6.30e-05 | CIAM: mean=2.04e-06 std=3.01e-06
[05/14 07:03:55] [GradMonitor step=9450] param-grad: weight_base: mean=-3.50e-09 std=2.54e-07 | weight_base_open: mean=1.08e-05 std=1.26e-03 | enc_conv1_weight: mean=-1.07e-03 std=5.68e-03
[05/14 07:03:56] [GradMonitor step=9460] near-input: bn0: mean=-1.01e-07 std=1.84e-04 pos=0.50 | enc_conv1: mean=3.77e-15 std=2.30e-05 pos=0.31
[05/14 07:03:56] [GradMonitor step=9460] deep/task: enc_layer4: mean=1.80e-06 std=3.82e-06 | PAM: mean=3.87e-05 std=8.10e-05 | CIAM: mean=1.85e-06 std=3.83e-06
[05/14 07:03:56] [GradMonitor step=9460] param-grad: weight_base: mean=3.01e-10 std=3.36e-07 | weight_base_open: mean=3.81e-05 std=1.05e-03 | enc_conv1_weight: mean=-1.95e-04 std=8.12e-03
[05/14 07:03:57] [GradMonitor step=9470] near-input: bn0: mean=1.80e-08 std=1.23e-04 pos=0.50 | enc_conv1: mean=2.55e-15 std=1.58e-05 pos=0.29
[05/14 07:03:57] [GradMonitor step=9470] deep/task: enc_layer4: mean=2.75e-06 std=4.44e-06 | PAM: mean=5.86e-05 std=9.23e-05 | CIAM: mean=2.81e-06 std=4.47e-06
[05/14 07:03:57] [GradMonitor step=9470] param-grad: weight_base: mean=3.84e-09 std=2.74e-07 | weight_base_open: mean=2.02e-05 std=1.24e-03 | enc_conv1_weight: mean=-1.21e-03 std=7.92e-03
[05/14 07:03:58] [GradMonitor step=9480] near-input: bn0: mean=4.06e-08 std=1.24e-04 pos=0.50 | enc_conv1: mean=1.15e-15 std=1.67e-05 pos=0.29
[05/14 07:03:58] [GradMonitor step=9480] deep/task: enc_layer4: mean=1.68e-06 std=3.16e-06 | PAM: mean=3.60e-05 std=6.63e-05 | CIAM: mean=1.72e-06 std=3.16e-06
[05/14 07:03:58] [GradMonitor step=9480] param-grad: weight_base: mean=1.43e-09 std=2.79e-07 | weight_base_open: mean=5.81e-05 std=1.05e-03 | enc_conv1_weight: mean=-1.45e-04 std=5.81e-03
[05/14 07:03:58] [GradMonitor step=9490] near-input: bn0: mean=-3.81e-08 std=1.07e-04 pos=0.50 | enc_conv1: mean=-3.09e-16 std=1.44e-05 pos=0.26
[05/14 07:03:58] [GradMonitor step=9490] deep/task: enc_layer4: mean=2.00e-06 std=2.65e-06 | PAM: mean=4.27e-05 std=5.62e-05 | CIAM: mean=2.05e-06 std=2.66e-06
[05/14 07:03:58] [GradMonitor step=9490] param-grad: weight_base: mean=-7.83e-09 std=1.64e-07 | weight_base_open: mean=-2.00e-05 std=1.06e-03 | enc_conv1_weight: mean=8.02e-05 std=4.79e-03
[05/14 07:03:59] [GradMonitor step=9500] near-input: bn0: mean=-1.02e-08 std=1.23e-04 pos=0.50 | enc_conv1: mean=-8.99e-16 std=1.71e-05 pos=0.31
[05/14 07:03:59] [GradMonitor step=9500] deep/task: enc_layer4: mean=3.13e-06 std=4.45e-06 | PAM: mean=6.73e-05 std=9.31e-05 | CIAM: mean=3.22e-06 std=4.48e-06
[05/14 07:03:59] [GradMonitor step=9500] param-grad: weight_base: mean=2.23e-08 std=3.61e-07 | weight_base_open: mean=-1.13e-04 std=1.32e-03 | enc_conv1_weight: mean=-8.05e-04 std=1.36e-02
[05/14 07:04:00] [GradMonitor step=9510] near-input: bn0: mean=-6.21e-08 std=1.35e-04 pos=0.50 | enc_conv1: mean=3.76e-15 std=1.92e-05 pos=0.25
[05/14 07:04:00] [GradMonitor step=9510] deep/task: enc_layer4: mean=1.42e-06 std=2.99e-06 | PAM: mean=3.08e-05 std=6.29e-05 | CIAM: mean=1.45e-06 std=2.99e-06
[05/14 07:04:00] [GradMonitor step=9510] param-grad: weight_base: mean=1.84e-09 std=3.98e-07 | weight_base_open: mean=2.00e-05 std=1.66e-03 | enc_conv1_weight: mean=6.69e-04 std=6.43e-03
[05/14 07:04:01] [GradMonitor step=9520] near-input: bn0: mean=-3.48e-08 std=1.17e-04 pos=0.50 | enc_conv1: mean=3.16e-15 std=1.56e-05 pos=0.31
[05/14 07:04:01] [GradMonitor step=9520] deep/task: enc_layer4: mean=1.96e-06 std=3.25e-06 | PAM: mean=4.20e-05 std=6.84e-05 | CIAM: mean=2.00e-06 std=3.25e-06
[05/14 07:04:01] [GradMonitor step=9520] param-grad: weight_base: mean=3.16e-09 std=2.58e-07 | weight_base_open: mean=2.80e-05 std=1.43e-03 | enc_conv1_weight: mean=1.48e-03 std=6.61e-03
[05/14 07:04:02] [GradMonitor step=9530] near-input: bn0: mean=-3.78e-08 std=1.43e-04 pos=0.50 | enc_conv1: mean=6.02e-16 std=1.93e-05 pos=0.26
[05/14 07:04:02] [GradMonitor step=9530] deep/task: enc_layer4: mean=1.21e-06 std=4.12e-06 | PAM: mean=2.60e-05 std=8.60e-05 | CIAM: mean=1.25e-06 std=4.13e-06
[05/14 07:04:02] [GradMonitor step=9530] param-grad: weight_base: mean=-6.13e-09 std=3.69e-07 | weight_base_open: mean=-2.55e-05 std=1.12e-03 | enc_conv1_weight: mean=-9.96e-04 std=7.92e-03
[05/14 07:04:03] [GradMonitor step=9540] near-input: bn0: mean=2.13e-08 std=2.67e-04 pos=0.50 | enc_conv1: mean=-1.23e-14 std=3.19e-05 pos=0.37
[05/14 07:04:03] [GradMonitor step=9540] deep/task: enc_layer4: mean=2.35e-06 std=4.00e-06 | PAM: mean=4.97e-05 std=8.38e-05 | CIAM: mean=2.37e-06 std=4.00e-06
[05/14 07:04:03] [GradMonitor step=9540] param-grad: weight_base: mean=-7.69e-09 std=2.95e-07 | weight_base_open: mean=2.06e-05 std=1.13e-03 | enc_conv1_weight: mean=1.25e-04 std=7.74e-03
[05/14 07:04:04] [GradMonitor step=9550] near-input: bn0: mean=9.13e-09 std=2.33e-04 pos=0.50 | enc_conv1: mean=4.49e-15 std=3.45e-05 pos=0.33
[05/14 07:04:04] [GradMonitor step=9550] deep/task: enc_layer4: mean=2.93e-06 std=4.88e-06 | PAM: mean=6.28e-05 std=1.03e-04 | CIAM: mean=2.97e-06 std=4.89e-06
[05/14 07:04:04] [GradMonitor step=9550] param-grad: weight_base: mean=-3.22e-09 std=1.59e-07 | weight_base_open: mean=6.92e-05 std=1.83e-03 | enc_conv1_weight: mean=-1.25e-03 std=1.09e-02
[05/14 07:04:04] [GradMonitor step=9560] near-input: bn0: mean=-5.36e-09 std=1.82e-04 pos=0.50 | enc_conv1: mean=-5.38e-15 std=2.31e-05 pos=0.32
[05/14 07:04:04] [GradMonitor step=9560] deep/task: enc_layer4: mean=1.76e-06 std=3.65e-06 | PAM: mean=3.77e-05 std=7.64e-05 | CIAM: mean=1.82e-06 std=3.65e-06
[05/14 07:04:04] [GradMonitor step=9560] param-grad: weight_base: mean=9.35e-09 std=2.29e-07 | weight_base_open: mean=-1.73e-05 std=1.03e-03 | enc_conv1_weight: mean=1.18e-03 std=5.96e-03
[05/14 07:04:05] [GradMonitor step=9570] near-input: bn0: mean=-4.36e-08 std=2.82e-04 pos=0.50 | enc_conv1: mean=-9.83e-15 std=4.21e-05 pos=0.38
[05/14 07:04:05] [GradMonitor step=9570] deep/task: enc_layer4: mean=3.13e-06 std=4.64e-06 | PAM: mean=6.69e-05 std=9.84e-05 | CIAM: mean=3.17e-06 std=4.65e-06
[05/14 07:04:05] [GradMonitor step=9570] param-grad: weight_base: mean=-2.85e-09 std=2.09e-07 | weight_base_open: mean=-1.34e-04 std=1.38e-03 | enc_conv1_weight: mean=-4.43e-04 std=1.10e-02
[05/14 07:04:06] [GradMonitor step=9580] near-input: bn0: mean=1.31e-08 std=1.66e-04 pos=0.50 | enc_conv1: mean=-2.11e-15 std=2.13e-05 pos=0.33
[05/14 07:04:06] [GradMonitor step=9580] deep/task: enc_layer4: mean=2.71e-06 std=4.15e-06 | PAM: mean=5.74e-05 std=8.64e-05 | CIAM: mean=2.77e-06 std=4.17e-06
[05/14 07:04:06] [GradMonitor step=9580] param-grad: weight_base: mean=-2.50e-10 std=2.69e-07 | weight_base_open: mean=5.53e-05 std=1.40e-03 | enc_conv1_weight: mean=9.26e-04 std=7.50e-03
[05/14 07:04:07] [GradMonitor step=9590] near-input: bn0: mean=-6.25e-09 std=1.95e-04 pos=0.50 | enc_conv1: mean=3.37e-15 std=2.44e-05 pos=0.30
[05/14 07:04:07] [GradMonitor step=9590] deep/task: enc_layer4: mean=2.46e-06 std=5.21e-06 | PAM: mean=5.32e-05 std=1.10e-04 | CIAM: mean=2.52e-06 std=5.22e-06
[05/14 07:04:07] [GradMonitor step=9590] param-grad: weight_base: mean=-1.41e-09 std=4.20e-07 | weight_base_open: mean=-3.55e-05 std=1.33e-03 | enc_conv1_weight: mean=7.04e-04 std=7.26e-03
[05/14 07:04:07] [GradMonitor step=9600] near-input: bn0: mean=-3.65e-08 std=3.42e-04 pos=0.50 | enc_conv1: mean=1.33e-15 std=4.70e-05 pos=0.38
[05/14 07:04:07] [GradMonitor step=9600] deep/task: enc_layer4: mean=3.11e-06 std=6.23e-06 | PAM: mean=6.58e-05 std=1.31e-04 | CIAM: mean=3.13e-06 std=6.24e-06
[05/14 07:04:07] [GradMonitor step=9600] param-grad: weight_base: mean=6.97e-09 std=4.49e-07 | weight_base_open: mean=-7.88e-05 std=1.66e-03 | enc_conv1_weight: mean=-2.46e-03 std=1.06e-02
[05/14 07:04:07] 
[05/14 07:04:07] epoch 24/40, iter 9600:
[05/14 07:04:07] train_loss: 0.68742
[05/14 07:04:07] train_acc: 0.997
[05/14 07:04:07] train_auroc: 0.992
[05/14 07:04:13] Summary name val_6-way-5-shot_tpr@tnr95 is illegal; using val_6-way-5-shot_tpr_tnr95 instead.
[05/14 07:04:13] val_6-way-5-shot_acc: 63.817	0.711
[05/14 07:04:13] val_6-way-5-shot_auroc: 40.176	2.059
[05/14 07:04:13] val_6-way-5-shot_fscore: 19.591	0.282
[05/14 07:04:13] val_6-way-5-shot_tpr@tnr95: 2.925	0.970
[05/14 07:04:13] val_6-way-5-shot_osr: 48.180	0.489
[05/14 07:04:14] [GradMonitor step=9610] near-input: bn0: mean=-4.34e-08 std=1.01e-04 pos=0.50 | enc_conv1: mean=3.43e-15 std=1.46e-05 pos=0.26
[05/14 07:04:14] [GradMonitor step=9610] deep/task: enc_layer4: mean=1.78e-06 std=3.06e-06 | PAM: mean=3.81e-05 std=6.38e-05 | CIAM: mean=1.82e-06 std=3.07e-06
[05/14 07:04:14] [GradMonitor step=9610] param-grad: weight_base: mean=-4.41e-09 std=2.17e-07 | weight_base_open: mean=-1.01e-04 std=1.12e-03 | enc_conv1_weight: mean=-1.70e-03 std=5.63e-03
[05/14 07:04:15] [GradMonitor step=9620] near-input: bn0: mean=-5.49e-08 std=3.59e-04 pos=0.50 | enc_conv1: mean=-7.31e-15 std=5.19e-05 pos=0.40
[05/14 07:04:15] [GradMonitor step=9620] deep/task: enc_layer4: mean=3.01e-06 std=5.80e-06 | PAM: mean=6.43e-05 std=1.23e-04 | CIAM: mean=3.03e-06 std=5.81e-06
[05/14 07:04:15] [GradMonitor step=9620] param-grad: weight_base: mean=-3.54e-09 std=4.18e-07 | weight_base_open: mean=-4.40e-05 std=1.22e-03 | enc_conv1_weight: mean=-6.84e-04 std=1.64e-02
[05/14 07:04:16] [GradMonitor step=9630] near-input: bn0: mean=-9.19e-08 std=3.34e-04 pos=0.50 | enc_conv1: mean=1.02e-14 std=4.35e-05 pos=0.40
[05/14 07:04:16] [GradMonitor step=9630] deep/task: enc_layer4: mean=2.88e-06 std=5.23e-06 | PAM: mean=6.12e-05 std=1.10e-04 | CIAM: mean=2.89e-06 std=5.23e-06
[05/14 07:04:16] [GradMonitor step=9630] param-grad: weight_base: mean=1.48e-08 std=4.80e-07 | weight_base_open: mean=6.55e-06 std=1.62e-03 | enc_conv1_weight: mean=7.99e-04 std=1.05e-02
[05/14 07:04:17] [GradMonitor step=9640] near-input: bn0: mean=-4.44e-09 std=2.07e-04 pos=0.50 | enc_conv1: mean=1.76e-15 std=2.77e-05 pos=0.29
[05/14 07:04:17] [GradMonitor step=9640] deep/task: enc_layer4: mean=1.77e-06 std=4.16e-06 | PAM: mean=3.80e-05 std=8.70e-05 | CIAM: mean=1.82e-06 std=4.16e-06
[05/14 07:04:17] [GradMonitor step=9640] param-grad: weight_base: mean=8.20e-09 std=2.92e-07 | weight_base_open: mean=2.98e-05 std=1.22e-03 | enc_conv1_weight: mean=9.93e-04 std=6.20e-03
[05/14 07:04:18] [GradMonitor step=9650] near-input: bn0: mean=-2.00e-08 std=2.08e-04 pos=0.50 | enc_conv1: mean=-3.93e-15 std=2.87e-05 pos=0.32
[05/14 07:04:18] [GradMonitor step=9650] deep/task: enc_layer4: mean=3.03e-06 std=5.07e-06 | PAM: mean=6.45e-05 std=1.05e-04 | CIAM: mean=3.09e-06 std=5.07e-06
[05/14 07:04:18] [GradMonitor step=9650] param-grad: weight_base: mean=-4.32e-10 std=4.30e-07 | weight_base_open: mean=-4.28e-05 std=1.15e-03 | enc_conv1_weight: mean=6.06e-04 std=6.93e-03
[05/14 07:04:18] [GradMonitor step=9660] near-input: bn0: mean=2.22e-08 std=1.45e-04 pos=0.50 | enc_conv1: mean=5.54e-15 std=1.92e-05 pos=0.29
[05/14 07:04:18] [GradMonitor step=9660] deep/task: enc_layer4: mean=1.56e-06 std=3.08e-06 | PAM: mean=3.39e-05 std=6.48e-05 | CIAM: mean=1.61e-06 std=3.08e-06
[05/14 07:04:18] [GradMonitor step=9660] param-grad: weight_base: mean=-4.30e-09 std=4.82e-07 | weight_base_open: mean=5.75e-05 std=1.54e-03 | enc_conv1_weight: mean=3.87e-04 std=5.25e-03
[05/14 07:04:19] [GradMonitor step=9670] near-input: bn0: mean=4.02e-09 std=1.07e-04 pos=0.50 | enc_conv1: mean=3.12e-15 std=1.39e-05 pos=0.27
[05/14 07:04:19] [GradMonitor step=9670] deep/task: enc_layer4: mean=1.62e-06 std=3.14e-06 | PAM: mean=3.48e-05 std=6.59e-05 | CIAM: mean=1.67e-06 std=3.15e-06
[05/14 07:04:19] [GradMonitor step=9670] param-grad: weight_base: mean=2.24e-09 std=2.65e-07 | weight_base_open: mean=3.79e-05 std=1.21e-03 | enc_conv1_weight: mean=-1.53e-04 std=5.70e-03
[05/14 07:04:20] [GradMonitor step=9680] near-input: bn0: mean=-1.52e-07 std=7.52e-04 pos=0.50 | enc_conv1: mean=-1.77e-14 std=1.30e-04 pos=0.35
[05/14 07:04:20] [GradMonitor step=9680] deep/task: enc_layer4: mean=3.52e-06 std=6.75e-06 | PAM: mean=7.50e-05 std=1.42e-04 | CIAM: mean=3.53e-06 std=6.76e-06
[05/14 07:04:20] [GradMonitor step=9680] param-grad: weight_base: mean=-6.47e-09 std=5.88e-07 | weight_base_open: mean=4.86e-05 std=1.56e-03 | enc_conv1_weight: mean=-1.39e-03 std=2.04e-02
[05/14 07:04:21] [GradMonitor step=9690] near-input: bn0: mean=7.89e-09 std=1.49e-04 pos=0.50 | enc_conv1: mean=5.40e-15 std=2.08e-05 pos=0.34
[05/14 07:04:21] [GradMonitor step=9690] deep/task: enc_layer4: mean=2.39e-06 std=3.99e-06 | PAM: mean=5.10e-05 std=8.33e-05 | CIAM: mean=2.44e-06 std=4.00e-06
[05/14 07:04:21] [GradMonitor step=9690] param-grad: weight_base: mean=-1.42e-08 std=2.39e-07 | weight_base_open: mean=8.65e-05 std=1.51e-03 | enc_conv1_weight: mean=-8.14e-04 std=5.39e-03
[05/14 07:04:22] [GradMonitor step=9700] near-input: bn0: mean=-3.94e-08 std=1.56e-04 pos=0.50 | enc_conv1: mean=2.01e-15 std=2.13e-05 pos=0.30
[05/14 07:04:22] [GradMonitor step=9700] deep/task: enc_layer4: mean=2.12e-06 std=2.91e-06 | PAM: mean=4.49e-05 std=6.06e-05 | CIAM: mean=2.15e-06 std=2.91e-06
[05/14 07:04:22] [GradMonitor step=9700] param-grad: weight_base: mean=-1.23e-08 std=3.91e-07 | weight_base_open: mean=3.90e-05 std=1.39e-03 | enc_conv1_weight: mean=5.37e-04 std=4.89e-03
[05/14 07:04:23] [GradMonitor step=9710] near-input: bn0: mean=9.84e-08 std=2.35e-04 pos=0.50 | enc_conv1: mean=3.66e-15 std=3.13e-05 pos=0.32
[05/14 07:04:23] [GradMonitor step=9710] deep/task: enc_layer4: mean=2.24e-06 std=4.50e-06 | PAM: mean=4.77e-05 std=9.51e-05 | CIAM: mean=2.27e-06 std=4.50e-06
[05/14 07:04:23] [GradMonitor step=9710] param-grad: weight_base: mean=-1.42e-08 std=6.49e-07 | weight_base_open: mean=-1.06e-04 std=2.89e-03 | enc_conv1_weight: mean=2.69e-04 std=1.35e-02
[05/14 07:04:23] [GradMonitor step=9720] near-input: bn0: mean=3.00e-09 std=1.26e-04 pos=0.50 | enc_conv1: mean=-1.06e-14 std=1.78e-05 pos=0.25
[05/14 07:04:23] [GradMonitor step=9720] deep/task: enc_layer4: mean=2.21e-06 std=3.51e-06 | PAM: mean=4.77e-05 std=7.40e-05 | CIAM: mean=2.27e-06 std=3.52e-06
[05/14 07:04:23] [GradMonitor step=9720] param-grad: weight_base: mean=-1.21e-08 std=2.41e-07 | weight_base_open: mean=-1.76e-05 std=9.19e-04 | enc_conv1_weight: mean=-7.34e-04 std=6.48e-03
[05/14 07:04:24] [GradMonitor step=9730] near-input: bn0: mean=3.35e-08 std=1.10e-04 pos=0.50 | enc_conv1: mean=-2.72e-15 std=1.47e-05 pos=0.26
[05/14 07:04:24] [GradMonitor step=9730] deep/task: enc_layer4: mean=2.19e-06 std=3.47e-06 | PAM: mean=4.68e-05 std=7.25e-05 | CIAM: mean=2.24e-06 std=3.48e-06
[05/14 07:04:24] [GradMonitor step=9730] param-grad: weight_base: mean=1.67e-08 std=2.91e-07 | weight_base_open: mean=-3.59e-05 std=1.58e-03 | enc_conv1_weight: mean=-1.50e-03 std=7.88e-03
[05/14 07:04:25] [GradMonitor step=9740] near-input: bn0: mean=7.39e-09 std=1.11e-04 pos=0.50 | enc_conv1: mean=-8.67e-15 std=1.49e-05 pos=0.26
[05/14 07:04:25] [GradMonitor step=9740] deep/task: enc_layer4: mean=1.85e-06 std=4.31e-06 | PAM: mean=3.97e-05 std=9.06e-05 | CIAM: mean=1.89e-06 std=4.32e-06
[05/14 07:04:25] [GradMonitor step=9740] param-grad: weight_base: mean=6.75e-09 std=1.94e-07 | weight_base_open: mean=-1.15e-05 std=9.92e-04 | enc_conv1_weight: mean=1.46e-03 std=5.93e-03
[05/14 07:04:26] [GradMonitor step=9750] near-input: bn0: mean=2.53e-07 std=4.48e-04 pos=0.50 | enc_conv1: mean=1.99e-15 std=5.95e-05 pos=0.42
[05/14 07:04:26] [GradMonitor step=9750] deep/task: enc_layer4: mean=2.59e-06 std=6.40e-06 | PAM: mean=5.52e-05 std=1.32e-04 | CIAM: mean=2.63e-06 std=6.39e-06
[05/14 07:04:26] [GradMonitor step=9750] param-grad: weight_base: mean=7.47e-09 std=2.07e-07 | weight_base_open: mean=-7.95e-06 std=1.16e-03 | enc_conv1_weight: mean=2.09e-03 std=9.62e-03
[05/14 07:04:27] [GradMonitor step=9760] near-input: bn0: mean=9.67e-09 std=1.46e-04 pos=0.50 | enc_conv1: mean=1.54e-15 std=1.89e-05 pos=0.29
[05/14 07:04:27] [GradMonitor step=9760] deep/task: enc_layer4: mean=1.53e-06 std=2.58e-06 | PAM: mean=3.27e-05 std=5.44e-05 | CIAM: mean=1.57e-06 std=2.59e-06
[05/14 07:04:27] [GradMonitor step=9760] param-grad: weight_base: mean=-5.37e-09 std=1.45e-07 | weight_base_open: mean=9.09e-05 std=9.79e-04 | enc_conv1_weight: mean=4.76e-04 std=3.94e-03
[05/14 07:04:27] [GradMonitor step=9770] near-input: bn0: mean=8.61e-09 std=1.82e-04 pos=0.50 | enc_conv1: mean=1.25e-14 std=2.34e-05 pos=0.37
[05/14 07:04:27] [GradMonitor step=9770] deep/task: enc_layer4: mean=1.06e-06 std=4.11e-06 | PAM: mean=2.33e-05 std=8.61e-05 | CIAM: mean=1.11e-06 std=4.13e-06
[05/14 07:04:27] [GradMonitor step=9770] param-grad: weight_base: mean=1.18e-08 std=3.04e-07 | weight_base_open: mean=1.55e-05 std=1.00e-03 | enc_conv1_weight: mean=5.48e-04 std=6.84e-03
[05/14 07:04:28] [GradMonitor step=9780] near-input: bn0: mean=-5.65e-08 std=1.72e-04 pos=0.50 | enc_conv1: mean=2.85e-15 std=2.12e-05 pos=0.33
[05/14 07:04:28] [GradMonitor step=9780] deep/task: enc_layer4: mean=1.95e-06 std=3.45e-06 | PAM: mean=4.18e-05 std=7.22e-05 | CIAM: mean=1.99e-06 std=3.45e-06
[05/14 07:04:28] [GradMonitor step=9780] param-grad: weight_base: mean=1.07e-08 std=3.64e-07 | weight_base_open: mean=-1.04e-05 std=1.10e-03 | enc_conv1_weight: mean=-1.17e-03 std=7.01e-03
[05/14 07:04:29] [GradMonitor step=9790] near-input: bn0: mean=-3.06e-08 std=1.87e-04 pos=0.50 | enc_conv1: mean=2.46e-15 std=2.33e-05 pos=0.31
[05/14 07:04:29] [GradMonitor step=9790] deep/task: enc_layer4: mean=2.41e-06 std=3.53e-06 | PAM: mean=5.16e-05 std=7.39e-05 | CIAM: mean=2.46e-06 std=3.53e-06
[05/14 07:04:29] [GradMonitor step=9790] param-grad: weight_base: mean=3.80e-09 std=3.10e-07 | weight_base_open: mean=-1.19e-05 std=1.12e-03 | enc_conv1_weight: mean=2.37e-04 std=5.03e-03
[05/14 07:04:30] [GradMonitor step=9800] near-input: bn0: mean=-2.90e-08 std=1.25e-04 pos=0.50 | enc_conv1: mean=2.00e-15 std=1.75e-05 pos=0.30
[05/14 07:04:30] [GradMonitor step=9800] deep/task: enc_layer4: mean=2.08e-06 std=3.22e-06 | PAM: mean=4.43e-05 std=6.78e-05 | CIAM: mean=2.12e-06 std=3.22e-06
[05/14 07:04:30] [GradMonitor step=9800] param-grad: weight_base: mean=-1.18e-08 std=2.72e-07 | weight_base_open: mean=-4.76e-05 std=9.65e-04 | enc_conv1_weight: mean=4.42e-04 std=5.73e-03
[05/14 07:04:31] [GradMonitor step=9810] near-input: bn0: mean=7.86e-08 std=2.71e-04 pos=0.50 | enc_conv1: mean=-4.05e-15 std=3.84e-05 pos=0.31
[05/14 07:04:31] [GradMonitor step=9810] deep/task: enc_layer4: mean=2.12e-06 std=4.88e-06 | PAM: mean=4.51e-05 std=1.03e-04 | CIAM: mean=2.15e-06 std=4.88e-06
[05/14 07:04:31] [GradMonitor step=9810] param-grad: weight_base: mean=-1.07e-08 std=1.64e-07 | weight_base_open: mean=-3.93e-05 std=1.15e-03 | enc_conv1_weight: mean=-1.08e-03 std=1.44e-02
[05/14 07:04:32] [GradMonitor step=9820] near-input: bn0: mean=4.35e-09 std=1.53e-04 pos=0.50 | enc_conv1: mean=8.24e-15 std=1.93e-05 pos=0.31
[05/14 07:04:32] [GradMonitor step=9820] deep/task: enc_layer4: mean=2.28e-06 std=3.26e-06 | PAM: mean=4.86e-05 std=6.83e-05 | CIAM: mean=2.32e-06 std=3.27e-06
[05/14 07:04:32] [GradMonitor step=9820] param-grad: weight_base: mean=1.27e-08 std=2.94e-07 | weight_base_open: mean=9.74e-05 std=1.27e-03 | enc_conv1_weight: mean=-1.96e-03 std=7.37e-03
[05/14 07:04:32] [GradMonitor step=9830] near-input: bn0: mean=-1.63e-08 std=1.24e-04 pos=0.50 | enc_conv1: mean=-4.97e-16 std=1.73e-05 pos=0.28
[05/14 07:04:32] [GradMonitor step=9830] deep/task: enc_layer4: mean=1.29e-06 std=2.67e-06 | PAM: mean=2.77e-05 std=5.60e-05 | CIAM: mean=1.32e-06 std=2.68e-06
[05/14 07:04:32] [GradMonitor step=9830] param-grad: weight_base: mean=-1.43e-08 std=3.79e-07 | weight_base_open: mean=-5.39e-05 std=1.08e-03 | enc_conv1_weight: mean=-1.58e-03 std=5.20e-03
[05/14 07:04:33] [GradMonitor step=9840] near-input: bn0: mean=-1.63e-08 std=1.18e-04 pos=0.50 | enc_conv1: mean=1.48e-15 std=1.67e-05 pos=0.29
[05/14 07:04:33] [GradMonitor step=9840] deep/task: enc_layer4: mean=1.52e-06 std=3.03e-06 | PAM: mean=3.25e-05 std=6.35e-05 | CIAM: mean=1.56e-06 std=3.03e-06
[05/14 07:04:33] [GradMonitor step=9840] param-grad: weight_base: mean=5.49e-09 std=1.86e-07 | weight_base_open: mean=1.41e-04 std=1.12e-03 | enc_conv1_weight: mean=6.72e-04 std=4.35e-03
[05/14 07:04:34] [GradMonitor step=9850] near-input: bn0: mean=-3.15e-09 std=1.32e-04 pos=0.50 | enc_conv1: mean=-3.14e-15 std=1.82e-05 pos=0.25
[05/14 07:04:34] [GradMonitor step=9850] deep/task: enc_layer4: mean=1.93e-06 std=3.02e-06 | PAM: mean=4.11e-05 std=6.33e-05 | CIAM: mean=1.97e-06 std=3.02e-06
[05/14 07:04:34] [GradMonitor step=9850] param-grad: weight_base: mean=4.35e-09 std=4.27e-07 | weight_base_open: mean=-1.17e-05 std=1.38e-03 | enc_conv1_weight: mean=-1.27e-03 std=5.68e-03
[05/14 07:04:35] [GradMonitor step=9860] near-input: bn0: mean=-8.90e-08 std=1.86e-04 pos=0.50 | enc_conv1: mean=-6.04e-16 std=2.33e-05 pos=0.31
[05/14 07:04:35] [GradMonitor step=9860] deep/task: enc_layer4: mean=1.74e-06 std=3.84e-06 | PAM: mean=3.76e-05 std=8.13e-05 | CIAM: mean=1.79e-06 std=3.85e-06
[05/14 07:04:35] [GradMonitor step=9860] param-grad: weight_base: mean=5.79e-10 std=2.21e-07 | weight_base_open: mean=-3.85e-05 std=1.05e-03 | enc_conv1_weight: mean=2.85e-04 std=8.07e-03
[05/14 07:04:36] [GradMonitor step=9870] near-input: bn0: mean=1.58e-08 std=1.22e-04 pos=0.50 | enc_conv1: mean=-2.00e-15 std=1.55e-05 pos=0.27
[05/14 07:04:36] [GradMonitor step=9870] deep/task: enc_layer4: mean=2.64e-06 std=4.19e-06 | PAM: mean=5.62e-05 std=8.70e-05 | CIAM: mean=2.69e-06 std=4.21e-06
[05/14 07:04:36] [GradMonitor step=9870] param-grad: weight_base: mean=-8.44e-10 std=4.13e-07 | weight_base_open: mean=5.22e-06 std=1.36e-03 | enc_conv1_weight: mean=-1.01e-03 std=7.09e-03
[05/14 07:04:36] [GradMonitor step=9880] near-input: bn0: mean=3.98e-08 std=1.22e-04 pos=0.50 | enc_conv1: mean=-5.80e-15 std=1.65e-05 pos=0.30
[05/14 07:04:36] [GradMonitor step=9880] deep/task: enc_layer4: mean=1.66e-06 std=3.14e-06 | PAM: mean=3.55e-05 std=6.59e-05 | CIAM: mean=1.70e-06 std=3.14e-06
[05/14 07:04:36] [GradMonitor step=9880] param-grad: weight_base: mean=4.50e-09 std=3.12e-07 | weight_base_open: mean=5.46e-05 std=1.13e-03 | enc_conv1_weight: mean=-2.28e-04 std=5.65e-03
[05/14 07:04:37] [GradMonitor step=9890] near-input: bn0: mean=-4.88e-08 std=1.04e-04 pos=0.50 | enc_conv1: mean=-1.90e-15 std=1.40e-05 pos=0.26
[05/14 07:04:37] [GradMonitor step=9890] deep/task: enc_layer4: mean=1.94e-06 std=2.63e-06 | PAM: mean=4.14e-05 std=5.57e-05 | CIAM: mean=1.99e-06 std=2.63e-06
[05/14 07:04:37] [GradMonitor step=9890] param-grad: weight_base: mean=-1.57e-08 std=3.54e-07 | weight_base_open: mean=-6.41e-05 std=9.44e-04 | enc_conv1_weight: mean=-4.08e-05 std=4.45e-03
[05/14 07:04:38] [GradMonitor step=9900] near-input: bn0: mean=-1.19e-08 std=1.21e-04 pos=0.50 | enc_conv1: mean=5.68e-16 std=1.70e-05 pos=0.33
[05/14 07:04:38] [GradMonitor step=9900] deep/task: enc_layer4: mean=3.02e-06 std=4.30e-06 | PAM: mean=6.49e-05 std=8.99e-05 | CIAM: mean=3.11e-06 std=4.33e-06
[05/14 07:04:38] [GradMonitor step=9900] param-grad: weight_base: mean=5.09e-09 std=3.29e-07 | weight_base_open: mean=1.71e-05 std=1.38e-03 | enc_conv1_weight: mean=-8.27e-04 std=1.46e-02
[05/14 07:04:39] [GradMonitor step=9910] near-input: bn0: mean=-5.49e-08 std=1.38e-04 pos=0.50 | enc_conv1: mean=5.40e-15 std=1.99e-05 pos=0.26
[05/14 07:04:39] [GradMonitor step=9910] deep/task: enc_layer4: mean=1.40e-06 std=3.08e-06 | PAM: mean=3.05e-05 std=6.46e-05 | CIAM: mean=1.43e-06 std=3.07e-06
[05/14 07:04:39] [GradMonitor step=9910] param-grad: weight_base: mean=-7.44e-09 std=4.06e-07 | weight_base_open: mean=-1.31e-04 std=1.82e-03 | enc_conv1_weight: mean=9.31e-04 std=6.42e-03
[05/14 07:04:40] [GradMonitor step=9920] near-input: bn0: mean=-3.54e-08 std=1.16e-04 pos=0.50 | enc_conv1: mean=1.69e-16 std=1.55e-05 pos=0.31
[05/14 07:04:40] [GradMonitor step=9920] deep/task: enc_layer4: mean=1.93e-06 std=3.28e-06 | PAM: mean=4.13e-05 std=6.90e-05 | CIAM: mean=1.96e-06 std=3.28e-06
[05/14 07:04:40] [GradMonitor step=9920] param-grad: weight_base: mean=1.58e-08 std=4.53e-07 | weight_base_open: mean=2.99e-05 std=1.39e-03 | enc_conv1_weight: mean=1.54e-03 std=6.50e-03
[05/14 07:04:40] [GradMonitor step=9930] near-input: bn0: mean=-4.08e-08 std=1.45e-04 pos=0.50 | enc_conv1: mean=6.94e-15 std=1.96e-05 pos=0.27
[05/14 07:04:40] [GradMonitor step=9930] deep/task: enc_layer4: mean=1.13e-06 std=4.20e-06 | PAM: mean=2.43e-05 std=8.77e-05 | CIAM: mean=1.16e-06 std=4.21e-06
[05/14 07:04:40] [GradMonitor step=9930] param-grad: weight_base: mean=-5.69e-09 std=1.75e-07 | weight_base_open: mean=1.85e-05 std=1.08e-03 | enc_conv1_weight: mean=-7.93e-04 std=7.93e-03
[05/14 07:04:41] [GradMonitor step=9940] near-input: bn0: mean=3.30e-08 std=2.77e-04 pos=0.50 | enc_conv1: mean=-1.08e-14 std=3.28e-05 pos=0.38
[05/14 07:04:41] [GradMonitor step=9940] deep/task: enc_layer4: mean=2.37e-06 std=4.09e-06 | PAM: mean=5.02e-05 std=8.56e-05 | CIAM: mean=2.40e-06 std=4.08e-06
[05/14 07:04:41] [GradMonitor step=9940] param-grad: weight_base: mean=-1.76e-08 std=2.86e-07 | weight_base_open: mean=8.78e-05 std=1.17e-03 | enc_conv1_weight: mean=1.49e-05 std=7.77e-03
[05/14 07:04:42] [GradMonitor step=9950] near-input: bn0: mean=3.36e-09 std=2.32e-04 pos=0.50 | enc_conv1: mean=-1.97e-15 std=3.47e-05 pos=0.34
[05/14 07:04:42] [GradMonitor step=9950] deep/task: enc_layer4: mean=2.93e-06 std=4.89e-06 | PAM: mean=6.29e-05 std=1.03e-04 | CIAM: mean=2.97e-06 std=4.89e-06
[05/14 07:04:42] [GradMonitor step=9950] param-grad: weight_base: mean=1.51e-08 std=4.05e-07 | weight_base_open: mean=5.42e-05 std=2.01e-03 | enc_conv1_weight: mean=-1.36e-03 std=1.07e-02
[05/14 07:04:43] [GradMonitor step=9960] near-input: bn0: mean=4.34e-09 std=1.77e-04 pos=0.50 | enc_conv1: mean=6.96e-15 std=2.26e-05 pos=0.33
[05/14 07:04:43] [GradMonitor step=9960] deep/task: enc_layer4: mean=1.63e-06 std=3.58e-06 | PAM: mean=3.49e-05 std=7.49e-05 | CIAM: mean=1.68e-06 std=3.58e-06
[05/14 07:04:43] [GradMonitor step=9960] param-grad: weight_base: mean=1.11e-08 std=3.19e-07 | weight_base_open: mean=-5.23e-05 std=9.58e-04 | enc_conv1_weight: mean=1.43e-03 std=5.63e-03
[05/14 07:04:44] [GradMonitor step=9970] near-input: bn0: mean=-1.64e-08 std=2.81e-04 pos=0.50 | enc_conv1: mean=5.88e-15 std=4.20e-05 pos=0.38
[05/14 07:04:44] [GradMonitor step=9970] deep/task: enc_layer4: mean=3.10e-06 std=4.56e-06 | PAM: mean=6.65e-05 std=9.66e-05 | CIAM: mean=3.15e-06 std=4.57e-06
[05/14 07:04:44] [GradMonitor step=9970] param-grad: weight_base: mean=-2.55e-09 std=3.36e-07 | weight_base_open: mean=7.79e-06 std=1.33e-03 | enc_conv1_weight: mean=-8.19e-04 std=1.09e-02
[05/14 07:04:44] [GradMonitor step=9980] near-input: bn0: mean=4.63e-10 std=1.67e-04 pos=0.50 | enc_conv1: mean=2.65e-15 std=2.15e-05 pos=0.32
[05/14 07:04:44] [GradMonitor step=9980] deep/task: enc_layer4: mean=2.64e-06 std=4.07e-06 | PAM: mean=5.58e-05 std=8.48e-05 | CIAM: mean=2.70e-06 std=4.09e-06
[05/14 07:04:44] [GradMonitor step=9980] param-grad: weight_base: mean=-1.95e-08 std=4.51e-07 | weight_base_open: mean=-1.01e-04 std=1.43e-03 | enc_conv1_weight: mean=5.64e-04 std=7.47e-03
[05/14 07:04:45] [GradMonitor step=9990] near-input: bn0: mean=-3.26e-09 std=1.91e-04 pos=0.50 | enc_conv1: mean=2.49e-15 std=2.40e-05 pos=0.30
[05/14 07:04:45] [GradMonitor step=9990] deep/task: enc_layer4: mean=2.37e-06 std=5.06e-06 | PAM: mean=5.11e-05 std=1.06e-04 | CIAM: mean=2.43e-06 std=5.06e-06
[05/14 07:04:45] [GradMonitor step=9990] param-grad: weight_base: mean=9.73e-09 std=3.14e-07 | weight_base_open: mean=4.01e-05 std=1.27e-03 | enc_conv1_weight: mean=1.09e-03 std=6.39e-03
[05/14 07:04:46] [GradMonitor step=10000] near-input: bn0: mean=-5.41e-08 std=3.45e-04 pos=0.50 | enc_conv1: mean=1.70e-14 std=4.79e-05 pos=0.39
[05/14 07:04:46] [GradMonitor step=10000] deep/task: enc_layer4: mean=3.12e-06 std=6.27e-06 | PAM: mean=6.60e-05 std=1.32e-04 | CIAM: mean=3.14e-06 std=6.28e-06
[05/14 07:04:46] [GradMonitor step=10000] param-grad: weight_base: mean=3.48e-09 std=3.24e-07 | weight_base_open: mean=5.67e-05 std=1.84e-03 | enc_conv1_weight: mean=-2.22e-03 std=1.07e-02
[05/14 07:04:46] 
[05/14 07:04:46] epoch 25/40, iter 10000:
[05/14 07:04:46] train_loss: 0.67382
[05/14 07:04:46] train_acc: 0.997
[05/14 07:04:46] train_auroc: 0.992
[05/14 07:04:52] Summary name val_6-way-5-shot_tpr@tnr95 is illegal; using val_6-way-5-shot_tpr_tnr95 instead.
[05/14 07:04:52] val_6-way-5-shot_acc: 63.661	0.710
[05/14 07:04:52] val_6-way-5-shot_auroc: 40.142	2.079
[05/14 07:04:52] val_6-way-5-shot_fscore: 19.525	0.285
[05/14 07:04:52] val_6-way-5-shot_tpr@tnr95: 3.350	1.055
[05/14 07:04:52] val_6-way-5-shot_osr: 48.414	0.527
[05/14 07:04:53] [GradMonitor step=10010] near-input: bn0: mean=-4.33e-08 std=1.04e-04 pos=0.50 | enc_conv1: mean=-4.83e-15 std=1.49e-05 pos=0.27
[05/14 07:04:53] [GradMonitor step=10010] deep/task: enc_layer4: mean=1.74e-06 std=3.10e-06 | PAM: mean=3.72e-05 std=6.46e-05 | CIAM: mean=1.78e-06 std=3.11e-06
[05/14 07:04:53] [GradMonitor step=10010] param-grad: weight_base: mean=-8.49e-09 std=3.70e-07 | weight_base_open: mean=3.60e-05 std=1.15e-03 | enc_conv1_weight: mean=-1.40e-03 std=5.40e-03
[05/14 07:04:54] [GradMonitor step=10020] near-input: bn0: mean=-5.25e-08 std=3.57e-04 pos=0.50 | enc_conv1: mean=-8.94e-15 std=5.17e-05 pos=0.40
[05/14 07:04:54] [GradMonitor step=10020] deep/task: enc_layer4: mean=3.03e-06 std=5.72e-06 | PAM: mean=6.46e-05 std=1.21e-04 | CIAM: mean=3.04e-06 std=5.73e-06
[05/14 07:04:54] [GradMonitor step=10020] param-grad: weight_base: mean=8.40e-09 std=3.62e-07 | weight_base_open: mean=5.88e-05 std=1.38e-03 | enc_conv1_weight: mean=-8.02e-04 std=1.61e-02
[05/14 07:04:54] [GradMonitor step=10030] near-input: bn0: mean=-8.48e-08 std=3.31e-04 pos=0.50 | enc_conv1: mean=-1.87e-14 std=4.31e-05 pos=0.38
[05/14 07:04:54] [GradMonitor step=10030] deep/task: enc_layer4: mean=2.86e-06 std=5.22e-06 | PAM: mean=6.09e-05 std=1.10e-04 | CIAM: mean=2.88e-06 std=5.22e-06
[05/14 07:04:54] [GradMonitor step=10030] param-grad: weight_base: mean=-1.36e-08 std=5.47e-07 | weight_base_open: mean=-1.04e-05 std=1.68e-03 | enc_conv1_weight: mean=5.24e-04 std=1.04e-02
[05/14 07:04:55] [GradMonitor step=10040] near-input: bn0: mean=7.93e-09 std=2.04e-04 pos=0.50 | enc_conv1: mean=-1.10e-15 std=2.73e-05 pos=0.28
[05/14 07:04:55] [GradMonitor step=10040] deep/task: enc_layer4: mean=1.74e-06 std=4.09e-06 | PAM: mean=3.74e-05 std=8.55e-05 | CIAM: mean=1.79e-06 std=4.10e-06
[05/14 07:04:55] [GradMonitor step=10040] param-grad: weight_base: mean=-1.09e-08 std=2.69e-07 | weight_base_open: mean=4.57e-05 std=1.35e-03 | enc_conv1_weight: mean=8.30e-04 std=5.87e-03
[05/14 07:04:56] [GradMonitor step=10050] near-input: bn0: mean=-9.33e-09 std=2.04e-04 pos=0.50 | enc_conv1: mean=-7.04e-15 std=2.81e-05 pos=0.33
[05/14 07:04:56] [GradMonitor step=10050] deep/task: enc_layer4: mean=2.98e-06 std=5.02e-06 | PAM: mean=6.35e-05 std=1.04e-04 | CIAM: mean=3.04e-06 std=5.03e-06
[05/14 07:04:56] [GradMonitor step=10050] param-grad: weight_base: mean=3.03e-09 std=3.84e-07 | weight_base_open: mean=-6.40e-05 std=1.24e-03 | enc_conv1_weight: mean=5.62e-04 std=6.64e-03
[05/14 07:04:57] [GradMonitor step=10060] near-input: bn0: mean=1.97e-08 std=1.48e-04 pos=0.50 | enc_conv1: mean=1.81e-15 std=1.99e-05 pos=0.30
[05/14 07:04:57] [GradMonitor step=10060] deep/task: enc_layer4: mean=1.55e-06 std=3.14e-06 | PAM: mean=3.37e-05 std=6.61e-05 | CIAM: mean=1.60e-06 std=3.14e-06
[05/14 07:04:57] [GradMonitor step=10060] param-grad: weight_base: mean=-2.88e-09 std=3.08e-07 | weight_base_open: mean=8.23e-06 std=1.56e-03 | enc_conv1_weight: mean=3.85e-04 std=5.12e-03
[05/14 07:04:58] [GradMonitor step=10070] near-input: bn0: mean=-1.27e-09 std=1.12e-04 pos=0.50 | enc_conv1: mean=2.00e-16 std=1.48e-05 pos=0.29
[05/14 07:04:58] [GradMonitor step=10070] deep/task: enc_layer4: mean=1.61e-06 std=3.21e-06 | PAM: mean=3.47e-05 std=6.73e-05 | CIAM: mean=1.66e-06 std=3.22e-06
[05/14 07:04:58] [GradMonitor step=10070] param-grad: weight_base: mean=-7.06e-10 std=1.67e-07 | weight_base_open: mean=-7.69e-05 std=1.22e-03 | enc_conv1_weight: mean=5.04e-05 std=5.77e-03
[05/14 07:04:58] [GradMonitor step=10080] near-input: bn0: mean=-1.26e-07 std=7.70e-04 pos=0.50 | enc_conv1: mean=1.21e-15 std=1.36e-04 pos=0.35
[05/14 07:04:58] [GradMonitor step=10080] deep/task: enc_layer4: mean=3.56e-06 std=6.66e-06 | PAM: mean=7.58e-05 std=1.40e-04 | CIAM: mean=3.57e-06 std=6.66e-06
[05/14 07:04:58] [GradMonitor step=10080] param-grad: weight_base: mean=-1.91e-08 std=5.50e-07 | weight_base_open: mean=-8.48e-05 std=1.47e-03 | enc_conv1_weight: mean=-1.47e-03 std=2.01e-02
[05/14 07:04:59] [GradMonitor step=10090] near-input: bn0: mean=7.35e-09 std=1.54e-04 pos=0.50 | enc_conv1: mean=2.07e-15 std=2.16e-05 pos=0.35
[05/14 07:04:59] [GradMonitor step=10090] deep/task: enc_layer4: mean=2.35e-06 std=4.01e-06 | PAM: mean=5.02e-05 std=8.35e-05 | CIAM: mean=2.40e-06 std=4.01e-06
[05/14 07:04:59] [GradMonitor step=10090] param-grad: weight_base: mean=-7.35e-10 std=3.43e-07 | weight_base_open: mean=1.36e-05 std=1.57e-03 | enc_conv1_weight: mean=-6.84e-04 std=5.30e-03
[05/14 07:05:00] [GradMonitor step=10100] near-input: bn0: mean=-3.13e-08 std=1.63e-04 pos=0.50 | enc_conv1: mean=-2.13e-15 std=2.23e-05 pos=0.30
[05/14 07:05:00] [GradMonitor step=10100] deep/task: enc_layer4: mean=2.09e-06 std=2.93e-06 | PAM: mean=4.43e-05 std=6.09e-05 | CIAM: mean=2.12e-06 std=2.93e-06
[05/14 07:05:00] [GradMonitor step=10100] param-grad: weight_base: mean=-8.86e-09 std=1.48e-07 | weight_base_open: mean=-3.33e-05 std=1.32e-03 | enc_conv1_weight: mean=6.13e-04 std=4.81e-03
[05/14 07:05:01] [GradMonitor step=10110] near-input: bn0: mean=9.90e-08 std=2.36e-04 pos=0.50 | enc_conv1: mean=2.66e-17 std=3.12e-05 pos=0.31
[05/14 07:05:01] [GradMonitor step=10110] deep/task: enc_layer4: mean=2.24e-06 std=4.44e-06 | PAM: mean=4.77e-05 std=9.38e-05 | CIAM: mean=2.26e-06 std=4.44e-06
[05/14 07:05:01] [GradMonitor step=10110] param-grad: weight_base: mean=1.80e-08 std=7.27e-07 | weight_base_open: mean=-2.99e-05 std=2.87e-03 | enc_conv1_weight: mean=-2.81e-04 std=1.41e-02
[05/14 07:05:02] [GradMonitor step=10120] near-input: bn0: mean=2.86e-09 std=1.29e-04 pos=0.50 | enc_conv1: mean=-1.63e-15 std=1.81e-05 pos=0.26
[05/14 07:05:02] [GradMonitor step=10120] deep/task: enc_layer4: mean=2.18e-06 std=3.48e-06 | PAM: mean=4.71e-05 std=7.34e-05 | CIAM: mean=2.24e-06 std=3.49e-06
[05/14 07:05:02] [GradMonitor step=10120] param-grad: weight_base: mean=-1.17e-08 std=2.74e-07 | weight_base_open: mean=-3.60e-05 std=9.70e-04 | enc_conv1_weight: mean=-5.54e-04 std=6.43e-03
[05/14 07:05:02] [GradMonitor step=10130] near-input: bn0: mean=3.79e-08 std=1.14e-04 pos=0.50 | enc_conv1: mean=2.15e-15 std=1.55e-05 pos=0.26
[05/14 07:05:02] [GradMonitor step=10130] deep/task: enc_layer4: mean=2.12e-06 std=3.51e-06 | PAM: mean=4.54e-05 std=7.33e-05 | CIAM: mean=2.17e-06 std=3.52e-06
[05/14 07:05:02] [GradMonitor step=10130] param-grad: weight_base: mean=-1.92e-08 std=4.10e-07 | weight_base_open: mean=1.51e-05 std=1.42e-03 | enc_conv1_weight: mean=-1.89e-03 std=7.94e-03
[05/14 07:05:03] [GradMonitor step=10140] near-input: bn0: mean=7.67e-09 std=1.09e-04 pos=0.50 | enc_conv1: mean=2.46e-15 std=1.47e-05 pos=0.27
[05/14 07:05:03] [GradMonitor step=10140] deep/task: enc_layer4: mean=1.78e-06 std=4.14e-06 | PAM: mean=3.82e-05 std=8.71e-05 | CIAM: mean=1.82e-06 std=4.16e-06
[05/14 07:05:03] [GradMonitor step=10140] param-grad: weight_base: mean=1.02e-08 std=1.48e-07 | weight_base_open: mean=-2.78e-05 std=9.77e-04 | enc_conv1_weight: mean=1.68e-03 std=5.90e-03
[05/14 07:05:04] [GradMonitor step=10150] near-input: bn0: mean=2.44e-07 std=4.68e-04 pos=0.50 | enc_conv1: mean=-2.82e-16 std=6.17e-05 pos=0.42
[05/14 07:05:04] [GradMonitor step=10150] deep/task: enc_layer4: mean=2.60e-06 std=6.50e-06 | PAM: mean=5.56e-05 std=1.34e-04 | CIAM: mean=2.65e-06 std=6.49e-06
[05/14 07:05:04] [GradMonitor step=10150] param-grad: weight_base: mean=-2.68e-09 std=2.45e-07 | weight_base_open: mean=-4.60e-05 std=1.10e-03 | enc_conv1_weight: mean=2.20e-03 std=9.80e-03
[05/14 07:05:05] [GradMonitor step=10160] near-input: bn0: mean=1.48e-08 std=1.47e-04 pos=0.50 | enc_conv1: mean=1.31e-14 std=1.92e-05 pos=0.29
[05/14 07:05:05] [GradMonitor step=10160] deep/task: enc_layer4: mean=1.50e-06 std=2.63e-06 | PAM: mean=3.21e-05 std=5.53e-05 | CIAM: mean=1.54e-06 std=2.64e-06
[05/14 07:05:05] [GradMonitor step=10160] param-grad: weight_base: mean=1.21e-08 std=2.31e-07 | weight_base_open: mean=1.31e-05 std=1.02e-03 | enc_conv1_weight: mean=3.24e-04 std=3.66e-03
[05/14 07:05:06] [GradMonitor step=10170] near-input: bn0: mean=-7.23e-09 std=1.82e-04 pos=0.50 | enc_conv1: mean=-2.22e-15 std=2.34e-05 pos=0.37
[05/14 07:05:06] [GradMonitor step=10170] deep/task: enc_layer4: mean=1.01e-06 std=4.17e-06 | PAM: mean=2.21e-05 std=8.72e-05 | CIAM: mean=1.05e-06 std=4.19e-06
[05/14 07:05:06] [GradMonitor step=10170] param-grad: weight_base: mean=-3.45e-10 std=2.67e-07 | weight_base_open: mean=3.23e-05 std=1.13e-03 | enc_conv1_weight: mean=6.34e-04 std=6.68e-03
[05/14 07:05:07] [GradMonitor step=10180] near-input: bn0: mean=-5.44e-08 std=1.73e-04 pos=0.50 | enc_conv1: mean=-1.22e-14 std=2.14e-05 pos=0.33
[05/14 07:05:07] [GradMonitor step=10180] deep/task: enc_layer4: mean=1.93e-06 std=3.50e-06 | PAM: mean=4.15e-05 std=7.33e-05 | CIAM: mean=1.98e-06 std=3.50e-06
[05/14 07:05:07] [GradMonitor step=10180] param-grad: weight_base: mean=9.17e-09 std=2.72e-07 | weight_base_open: mean=-1.43e-05 std=1.20e-03 | enc_conv1_weight: mean=-1.18e-03 std=6.75e-03
[05/14 07:05:07] [GradMonitor step=10190] near-input: bn0: mean=-3.26e-08 std=1.88e-04 pos=0.50 | enc_conv1: mean=2.87e-15 std=2.35e-05 pos=0.31
[05/14 07:05:07] [GradMonitor step=10190] deep/task: enc_layer4: mean=2.37e-06 std=3.52e-06 | PAM: mean=5.07e-05 std=7.37e-05 | CIAM: mean=2.42e-06 std=3.52e-06
[05/14 07:05:07] [GradMonitor step=10190] param-grad: weight_base: mean=-1.67e-08 std=2.76e-07 | weight_base_open: mean=2.74e-05 std=1.16e-03 | enc_conv1_weight: mean=1.46e-04 std=4.87e-03
[05/14 07:05:08] [GradMonitor step=10200] near-input: bn0: mean=-2.31e-08 std=1.24e-04 pos=0.50 | enc_conv1: mean=-3.24e-16 std=1.75e-05 pos=0.29
[05/14 07:05:08] [GradMonitor step=10200] deep/task: enc_layer4: mean=2.03e-06 std=3.25e-06 | PAM: mean=4.33e-05 std=6.85e-05 | CIAM: mean=2.07e-06 std=3.26e-06
[05/14 07:05:08] [GradMonitor step=10200] param-grad: weight_base: mean=-1.95e-11 std=1.31e-07 | weight_base_open: mean=-4.24e-05 std=9.83e-04 | enc_conv1_weight: mean=7.17e-05 std=5.61e-03
[05/14 07:05:09] [GradMonitor step=10210] near-input: bn0: mean=6.95e-08 std=2.72e-04 pos=0.50 | enc_conv1: mean=-1.60e-14 std=3.86e-05 pos=0.31
[05/14 07:05:09] [GradMonitor step=10210] deep/task: enc_layer4: mean=2.17e-06 std=4.85e-06 | PAM: mean=4.61e-05 std=1.02e-04 | CIAM: mean=2.20e-06 std=4.86e-06
[05/14 07:05:09] [GradMonitor step=10210] param-grad: weight_base: mean=-1.48e-08 std=3.58e-07 | weight_base_open: mean=6.90e-05 std=1.27e-03 | enc_conv1_weight: mean=-7.54e-04 std=1.37e-02
[05/14 07:05:10] [GradMonitor step=10220] near-input: bn0: mean=2.43e-09 std=1.59e-04 pos=0.50 | enc_conv1: mean=1.30e-15 std=2.00e-05 pos=0.32
[05/14 07:05:10] [GradMonitor step=10220] deep/task: enc_layer4: mean=2.26e-06 std=3.28e-06 | PAM: mean=4.82e-05 std=6.86e-05 | CIAM: mean=2.31e-06 std=3.29e-06
[05/14 07:05:10] [GradMonitor step=10220] param-grad: weight_base: mean=4.07e-09 std=1.14e-07 | weight_base_open: mean=7.95e-05 std=1.33e-03 | enc_conv1_weight: mean=-1.77e-03 std=7.10e-03
[05/14 07:05:11] [GradMonitor step=10230] near-input: bn0: mean=-1.16e-08 std=1.26e-04 pos=0.50 | enc_conv1: mean=-2.14e-15 std=1.77e-05 pos=0.28
[05/14 07:05:11] [GradMonitor step=10230] deep/task: enc_layer4: mean=1.26e-06 std=2.72e-06 | PAM: mean=2.72e-05 std=5.70e-05 | CIAM: mean=1.30e-06 std=2.73e-06
[05/14 07:05:11] [GradMonitor step=10230] param-grad: weight_base: mean=-3.41e-09 std=4.70e-07 | weight_base_open: mean=7.62e-06 std=1.13e-03 | enc_conv1_weight: mean=-1.57e-03 std=5.03e-03
[05/14 07:05:11] [GradMonitor step=10240] near-input: bn0: mean=-1.60e-08 std=1.19e-04 pos=0.50 | enc_conv1: mean=8.55e-16 std=1.68e-05 pos=0.27
[05/14 07:05:11] [GradMonitor step=10240] deep/task: enc_layer4: mean=1.50e-06 std=3.07e-06 | PAM: mean=3.22e-05 std=6.43e-05 | CIAM: mean=1.55e-06 std=3.07e-06
[05/14 07:05:11] [GradMonitor step=10240] param-grad: weight_base: mean=-5.53e-09 std=2.05e-07 | weight_base_open: mean=8.97e-05 std=1.04e-03 | enc_conv1_weight: mean=6.80e-04 std=4.22e-03
[05/14 07:05:12] [GradMonitor step=10250] near-input: bn0: mean=-1.62e-08 std=1.37e-04 pos=0.50 | enc_conv1: mean=6.88e-15 std=1.89e-05 pos=0.27
[05/14 07:05:12] [GradMonitor step=10250] deep/task: enc_layer4: mean=1.89e-06 std=3.09e-06 | PAM: mean=4.04e-05 std=6.48e-05 | CIAM: mean=1.93e-06 std=3.09e-06
[05/14 07:05:12] [GradMonitor step=10250] param-grad: weight_base: mean=-2.07e-08 std=3.54e-07 | weight_base_open: mean=6.44e-06 std=1.34e-03 | enc_conv1_weight: mean=-1.28e-03 std=5.65e-03
[05/14 07:05:13] [GradMonitor step=10260] near-input: bn0: mean=-8.91e-08 std=1.85e-04 pos=0.50 | enc_conv1: mean=9.28e-15 std=2.31e-05 pos=0.31
[05/14 07:05:13] [GradMonitor step=10260] deep/task: enc_layer4: mean=1.73e-06 std=3.84e-06 | PAM: mean=3.75e-05 std=8.12e-05 | CIAM: mean=1.79e-06 std=3.85e-06
[05/14 07:05:13] [GradMonitor step=10260] param-grad: weight_base: mean=-8.53e-09 std=4.55e-07 | weight_base_open: mean=-1.56e-05 std=1.08e-03 | enc_conv1_weight: mean=2.06e-04 std=8.27e-03
[05/14 07:05:14] [GradMonitor step=10270] near-input: bn0: mean=2.45e-08 std=1.21e-04 pos=0.50 | enc_conv1: mean=6.13e-15 std=1.53e-05 pos=0.26
[05/14 07:05:14] [GradMonitor step=10270] deep/task: enc_layer4: mean=2.51e-06 std=3.96e-06 | PAM: mean=5.36e-05 std=8.22e-05 | CIAM: mean=2.56e-06 std=3.98e-06
[05/14 07:05:14] [GradMonitor step=10270] param-grad: weight_base: mean=8.67e-10 std=2.92e-07 | weight_base_open: mean=-6.88e-05 std=1.24e-03 | enc_conv1_weight: mean=-7.79e-04 std=6.96e-03
[05/14 07:05:15] [GradMonitor step=10280] near-input: bn0: mean=4.16e-08 std=1.23e-04 pos=0.50 | enc_conv1: mean=-7.13e-15 std=1.66e-05 pos=0.31
[05/14 07:05:15] [GradMonitor step=10280] deep/task: enc_layer4: mean=1.64e-06 std=3.16e-06 | PAM: mean=3.53e-05 std=6.64e-05 | CIAM: mean=1.69e-06 std=3.17e-06
[05/14 07:05:15] [GradMonitor step=10280] param-grad: weight_base: mean=1.15e-08 std=3.43e-07 | weight_base_open: mean=8.04e-05 std=1.12e-03 | enc_conv1_weight: mean=-3.37e-04 std=5.91e-03
[05/14 07:05:16] [GradMonitor step=10290] near-input: bn0: mean=-4.30e-08 std=1.01e-04 pos=0.50 | enc_conv1: mean=3.31e-15 std=1.37e-05 pos=0.26
[05/14 07:05:16] [GradMonitor step=10290] deep/task: enc_layer4: mean=1.88e-06 std=2.61e-06 | PAM: mean=4.03e-05 std=5.54e-05 | CIAM: mean=1.93e-06 std=2.62e-06
[05/14 07:05:16] [GradMonitor step=10290] param-grad: weight_base: mean=-1.48e-08 std=3.99e-07 | weight_base_open: mean=-4.78e-06 std=1.10e-03 | enc_conv1_weight: mean=-1.66e-04 std=4.31e-03
[05/14 07:05:16] [GradMonitor step=10300] near-input: bn0: mean=-1.74e-08 std=1.20e-04 pos=0.50 | enc_conv1: mean=2.13e-15 std=1.69e-05 pos=0.31
[05/14 07:05:16] [GradMonitor step=10300] deep/task: enc_layer4: mean=2.90e-06 std=4.15e-06 | PAM: mean=6.25e-05 std=8.69e-05 | CIAM: mean=2.99e-06 std=4.19e-06
[05/14 07:05:16] [GradMonitor step=10300] param-grad: weight_base: mean=4.97e-09 std=3.14e-07 | weight_base_open: mean=-3.05e-05 std=1.48e-03 | enc_conv1_weight: mean=-3.48e-04 std=1.39e-02
[05/14 07:05:17] [GradMonitor step=10310] near-input: bn0: mean=-4.72e-08 std=1.45e-04 pos=0.50 | enc_conv1: mean=-3.33e-15 std=2.14e-05 pos=0.27
[05/14 07:05:17] [GradMonitor step=10310] deep/task: enc_layer4: mean=1.39e-06 std=3.16e-06 | PAM: mean=3.03e-05 std=6.64e-05 | CIAM: mean=1.42e-06 std=3.15e-06
[05/14 07:05:17] [GradMonitor step=10310] param-grad: weight_base: mean=-5.24e-09 std=4.45e-07 | weight_base_open: mean=-6.66e-05 std=1.63e-03 | enc_conv1_weight: mean=8.05e-04 std=6.40e-03
[05/14 07:05:18] [GradMonitor step=10320] near-input: bn0: mean=-2.81e-08 std=1.18e-04 pos=0.50 | enc_conv1: mean=2.90e-15 std=1.58e-05 pos=0.31
[05/14 07:05:18] [GradMonitor step=10320] deep/task: enc_layer4: mean=1.90e-06 std=3.33e-06 | PAM: mean=4.07e-05 std=7.00e-05 | CIAM: mean=1.94e-06 std=3.33e-06
[05/14 07:05:18] [GradMonitor step=10320] param-grad: weight_base: mean=-1.18e-08 std=2.13e-07 | weight_base_open: mean=-2.42e-05 std=1.46e-03 | enc_conv1_weight: mean=1.50e-03 std=6.37e-03
[05/14 07:05:19] [GradMonitor step=10330] near-input: bn0: mean=-4.51e-08 std=1.48e-04 pos=0.50 | enc_conv1: mean=8.53e-16 std=1.99e-05 pos=0.27
[05/14 07:05:19] [GradMonitor step=10330] deep/task: enc_layer4: mean=1.06e-06 std=4.29e-06 | PAM: mean=2.28e-05 std=8.94e-05 | CIAM: mean=1.09e-06 std=4.29e-06
[05/14 07:05:19] [GradMonitor step=10330] param-grad: weight_base: mean=-6.30e-09 std=1.83e-07 | weight_base_open: mean=1.75e-05 std=9.92e-04 | enc_conv1_weight: mean=-7.43e-04 std=7.92e-03
[05/14 07:05:20] [GradMonitor step=10340] near-input: bn0: mean=4.30e-08 std=2.87e-04 pos=0.50 | enc_conv1: mean=2.35e-15 std=3.39e-05 pos=0.38
[05/14 07:05:20] [GradMonitor step=10340] deep/task: enc_layer4: mean=2.40e-06 std=4.17e-06 | PAM: mean=5.08e-05 std=8.75e-05 | CIAM: mean=2.43e-06 std=4.17e-06
[05/14 07:05:20] [GradMonitor step=10340] param-grad: weight_base: mean=-1.58e-08 std=3.93e-07 | weight_base_open: mean=-7.65e-05 std=1.29e-03 | enc_conv1_weight: mean=-6.01e-05 std=7.97e-03
[05/14 07:05:20] [GradMonitor step=10350] near-input: bn0: mean=-6.68e-09 std=2.36e-04 pos=0.50 | enc_conv1: mean=-6.86e-16 std=3.56e-05 pos=0.36
[05/14 07:05:20] [GradMonitor step=10350] deep/task: enc_layer4: mean=2.92e-06 std=4.90e-06 | PAM: mean=6.28e-05 std=1.03e-04 | CIAM: mean=2.96e-06 std=4.91e-06
[05/14 07:05:20] [GradMonitor step=10350] param-grad: weight_base: mean=-1.04e-08 std=4.87e-07 | weight_base_open: mean=7.27e-05 std=2.17e-03 | enc_conv1_weight: mean=-1.17e-03 std=1.06e-02
[05/14 07:05:21] [GradMonitor step=10360] near-input: bn0: mean=-1.09e-08 std=1.76e-04 pos=0.50 | enc_conv1: mean=-3.89e-15 std=2.24e-05 pos=0.33
[05/14 07:05:21] [GradMonitor step=10360] deep/task: enc_layer4: mean=1.51e-06 std=3.54e-06 | PAM: mean=3.27e-05 std=7.41e-05 | CIAM: mean=1.57e-06 std=3.54e-06
[05/14 07:05:21] [GradMonitor step=10360] param-grad: weight_base: mean=1.22e-08 std=3.10e-07 | weight_base_open: mean=6.01e-05 std=1.05e-03 | enc_conv1_weight: mean=1.50e-03 std=5.37e-03
[05/14 07:05:22] [GradMonitor step=10370] near-input: bn0: mean=-8.94e-09 std=2.78e-04 pos=0.50 | enc_conv1: mean=7.50e-15 std=4.18e-05 pos=0.38
[05/14 07:05:22] [GradMonitor step=10370] deep/task: enc_layer4: mean=3.08e-06 std=4.48e-06 | PAM: mean=6.60e-05 std=9.49e-05 | CIAM: mean=3.13e-06 std=4.49e-06
[05/14 07:05:22] [GradMonitor step=10370] param-grad: weight_base: mean=1.16e-08 std=2.89e-07 | weight_base_open: mean=-1.23e-05 std=1.29e-03 | enc_conv1_weight: mean=-7.66e-04 std=1.08e-02
[05/14 07:05:23] [GradMonitor step=10380] near-input: bn0: mean=-7.72e-09 std=1.72e-04 pos=0.50 | enc_conv1: mean=-1.61e-15 std=2.22e-05 pos=0.31
[05/14 07:05:23] [GradMonitor step=10380] deep/task: enc_layer4: mean=2.58e-06 std=4.02e-06 | PAM: mean=5.47e-05 std=8.37e-05 | CIAM: mean=2.64e-06 std=4.03e-06
[05/14 07:05:23] [GradMonitor step=10380] param-grad: weight_base: mean=-1.51e-08 std=4.31e-07 | weight_base_open: mean=3.32e-05 std=1.42e-03 | enc_conv1_weight: mean=4.92e-04 std=7.37e-03
[05/14 07:05:24] [GradMonitor step=10390] near-input: bn0: mean=-4.32e-09 std=1.87e-04 pos=0.50 | enc_conv1: mean=-1.43e-15 std=2.36e-05 pos=0.30
[05/14 07:05:24] [GradMonitor step=10390] deep/task: enc_layer4: mean=2.30e-06 std=4.97e-06 | PAM: mean=4.98e-05 std=1.04e-04 | CIAM: mean=2.36e-06 std=4.96e-06
[05/14 07:05:24] [GradMonitor step=10390] param-grad: weight_base: mean=-4.38e-09 std=1.39e-07 | weight_base_open: mean=3.51e-05 std=1.37e-03 | enc_conv1_weight: mean=9.43e-04 std=6.20e-03
[05/14 07:05:24] [GradMonitor step=10400] near-input: bn0: mean=-5.33e-08 std=3.53e-04 pos=0.50 | enc_conv1: mean=3.29e-15 std=4.94e-05 pos=0.40
[05/14 07:05:24] [GradMonitor step=10400] deep/task: enc_layer4: mean=3.13e-06 std=6.30e-06 | PAM: mean=6.61e-05 std=1.32e-04 | CIAM: mean=3.15e-06 std=6.31e-06
[05/14 07:05:24] [GradMonitor step=10400] param-grad: weight_base: mean=1.73e-08 std=2.57e-07 | weight_base_open: mean=-3.26e-06 std=1.66e-03 | enc_conv1_weight: mean=-2.17e-03 std=1.13e-02
[05/14 07:05:24] 
[05/14 07:05:24] epoch 26/40, iter 10400:
[05/14 07:05:24] train_loss: 0.66173
[05/14 07:05:24] train_acc: 0.997
[05/14 07:05:24] train_auroc: 0.993
[05/14 07:05:30] Summary name val_6-way-5-shot_tpr@tnr95 is illegal; using val_6-way-5-shot_tpr_tnr95 instead.
[05/14 07:05:30] val_6-way-5-shot_acc: 63.572	0.706
[05/14 07:05:30] val_6-way-5-shot_auroc: 40.031	2.109
[05/14 07:05:30] val_6-way-5-shot_fscore: 19.460	0.288
[05/14 07:05:30] val_6-way-5-shot_tpr@tnr95: 4.000	1.137
[05/14 07:05:30] val_6-way-5-shot_osr: 48.742	0.573
[05/14 07:05:31] [GradMonitor step=10410] near-input: bn0: mean=-4.47e-08 std=1.08e-04 pos=0.50 | enc_conv1: mean=-1.24e-15 std=1.56e-05 pos=0.27
[05/14 07:05:31] [GradMonitor step=10410] deep/task: enc_layer4: mean=1.70e-06 std=3.14e-06 | PAM: mean=3.66e-05 std=6.53e-05 | CIAM: mean=1.75e-06 std=3.14e-06
[05/14 07:05:31] [GradMonitor step=10410] param-grad: weight_base: mean=3.85e-09 std=2.37e-07 | weight_base_open: mean=-4.58e-05 std=1.09e-03 | enc_conv1_weight: mean=-1.27e-03 std=5.33e-03
[05/14 07:05:32] [GradMonitor step=10420] near-input: bn0: mean=-8.87e-08 std=3.51e-04 pos=0.50 | enc_conv1: mean=-1.09e-14 std=5.11e-05 pos=0.39
[05/14 07:05:32] [GradMonitor step=10420] deep/task: enc_layer4: mean=3.04e-06 std=5.66e-06 | PAM: mean=6.50e-05 std=1.20e-04 | CIAM: mean=3.06e-06 std=5.66e-06
[05/14 07:05:32] [GradMonitor step=10420] param-grad: weight_base: mean=1.96e-08 std=2.99e-07 | weight_base_open: mean=1.22e-04 std=1.41e-03 | enc_conv1_weight: mean=-8.64e-04 std=1.58e-02
